id,order_id,product_id,quantity,unit_price,discount_pct,created_at
1,1,116,1,61.84,0.0,2025-06-16 13:26:00
2,2,18,1,186.27,0.0,2024-03-29 12:18:00
3,3,36,1,70.95,0.0,2024-11-23 16:15:00
4,3,23,1,307.17,0.0,2024-11-23 16:15:00
5,4,93,1,130.27,0.0,2025-01-31 03:08:00
6,5,111,2,75.81,5.0,2025-02-25 09:54:00
7,6,39,2,187.44,0.0,2024-10-16 23:08:00
8,7,53,2,43.07,5.0,2024-02-26 07:36:00
9,7,86,1,292.16,0.0,2024-02-26 07:36:00
10,7,12,1,118.89,0.0,2024-02-26 07:36:00
11,8,108,1,100.18,0.0,2024-09-18 09:38:00
12,8,15,1,7.91,0.0,2024-09-18 09:38:00
13,8,65,3,135.3,0.0,2024-09-18 09:38:00
14,9,107,1,108.67,0.0,2024-04-03 09:50:00
15,9,100,3,300.7,5.0,2024-04-03 09:50:00
16,10,114,1,312.07,10.0,2024-05-12 14:19:00
17,11,99,2,396.99,5.0,2024-07-01 10:28:00
18,11,43,2,155.5,15.0,2024-07-01 10:28:00
19,12,104,2,266.36,10.0,2024-10-16 02:34:00
20,12,31,3,116.15,0.0,2024-10-16 02:34:00
21,13,14,1,83.96,0.0,2024-12-25 16:32:00
22,14,57,1,74.83,10.0,2025-01-30 14:18:00
23,14,111,1,75.81,10.0,2025-01-30 14:18:00
24,14,63,1,169.24,15.0,2025-01-30 14:18:00
25,14,90,3,224.17,5.0,2025-01-30 14:18:00
26,15,55,1,84.93,0.0,2024-07-28 13:11:00
27,16,36,2,70.95,10.0,2024-09-20 12:21:00
28,17,47,1,384.95,10.0,2025-05-08 17:33:00
29,17,48,2,281.38,0.0,2025-05-08 17:33:00
30,17,3,1,151.33,10.0,2025-05-08 17:33:00
31,18,5,2,56.32,0.0,2025-06-24 20:30:00
32,18,85,2,116.09,10.0,2025-06-24 20:30:00
33,18,7,1,269.58,0.0,2025-06-24 20:30:00
34,19,31,1,116.15,10.0,2024-06-12 19:14:00
35,19,50,1,312.61,0.0,2024-06-12 19:14:00
36,20,47,3,384.95,0.0,2024-07-10 09:29:00
37,20,88,1,366.82,0.0,2024-07-10 09:29:00
38,20,111,1,75.81,0.0,2024-07-10 09:29:00
39,20,57,1,74.83,0.0,2024-07-10 09:29:00
40,21,51,3,288.17,15.0,2024-02-04 01:52:00
41,21,118,1,57.07,0.0,2024-02-04 01:52:00
42,21,12,3,118.89,10.0,2024-02-04 01:52:00
43,22,39,1,187.44,0.0,2025-05-28 01:16:00
44,22,114,1,312.07,0.0,2025-05-28 01:16:00
45,23,41,2,65.16,5.0,2024-10-24 04:43:00
46,24,53,2,43.07,0.0,2024-07-10 21:00:00
47,24,36,2,70.95,0.0,2024-07-10 21:00:00
48,25,63,1,169.24,5.0,2025-03-06 20:24:00
49,25,53,3,43.07,5.0,2025-03-06 20:24:00
50,25,43,2,155.5,0.0,2025-03-06 20:24:00
51,26,105,1,152.59,15.0,2024-08-15 05:36:00
52,26,21,1,269.02,0.0,2024-08-15 05:36:00
53,26,65,1,135.3,0.0,2024-08-15 05:36:00
54,27,94,2,119.91,0.0,2024-11-06 08:30:00
55,28,59,1,289.19,0.0,2025-08-07 10:46:00
56,28,98,1,176.86,0.0,2025-08-07 10:46:00
57,29,81,1,331.39,5.0,2025-04-15 16:08:00
58,29,83,1,223.84,0.0,2025-04-15 16:08:00
59,30,81,1,331.39,0.0,2025-03-06 22:38:00
60,31,15,1,7.91,0.0,2025-02-15 05:45:00
61,31,67,2,237.12,0.0,2025-02-15 05:45:00
62,32,84,2,270.53,0.0,2024-11-16 17:09:00
63,32,109,1,53.49,10.0,2024-11-16 17:09:00
64,33,41,1,65.16,0.0,2025-07-15 23:57:00
65,34,18,1,186.27,0.0,2024-12-05 19:59:00
66,34,88,1,366.82,0.0,2024-12-05 19:59:00
67,34,42,2,181.23,0.0,2024-12-05 19:59:00
68,35,54,1,185.03,0.0,2024-11-02 10:50:00
69,36,49,3,110.02,15.0,2024-08-27 20:45:00
70,37,29,1,342.09,0.0,2024-10-19 11:55:00
71,37,3,3,151.33,0.0,2024-10-19 11:55:00
72,37,83,1,223.84,0.0,2024-10-19 11:55:00
73,38,12,3,118.89,0.0,2024-04-01 05:54:00
74,39,90,2,224.17,0.0,2025-01-20 05:11:00
75,40,80,1,13.54,0.0,2024-06-27 23:35:00
76,41,12,3,118.89,10.0,2024-01-09 02:16:00
77,42,73,1,314.18,0.0,2024-05-28 20:38:00
78,43,56,2,233.79,0.0,2024-09-05 16:47:00
79,43,119,1,272.68,0.0,2024-09-05 16:47:00
80,44,16,1,267.62,5.0,2025-04-10 17:21:00
81,44,27,1,177.5,0.0,2025-04-10 17:21:00
82,45,101,1,356.86,0.0,2025-06-21 08:55:00
83,45,96,1,374.74,5.0,2025-06-21 08:55:00
84,45,17,1,283.54,0.0,2025-06-21 08:55:00
85,46,28,3,166.37,10.0,2025-05-30 12:46:00
86,47,87,1,308.62,0.0,2024-08-13 12:25:00
87,48,102,1,209.95,0.0,2025-07-08 02:51:00
88,49,34,1,267.4,15.0,2024-12-21 11:50:00
89,50,32,1,266.46,0.0,2024-11-20 00:23:00
90,51,59,1,289.19,0.0,2025-01-18 15:23:00
91,51,61,1,235.72,0.0,2025-01-18 15:23:00
92,52,89,1,95.93,5.0,2024-04-18 07:11:00
93,53,50,2,312.61,10.0,2025-01-05 22:41:00
94,54,33,1,225.03,0.0,2024-09-30 03:35:00
95,54,72,1,195.51,10.0,2024-09-30 03:35:00
96,55,31,1,116.15,0.0,2024-09-10 06:10:00
97,56,78,3,135.97,0.0,2025-03-04 17:58:00
98,57,77,2,192.03,0.0,2025-06-20 11:59:00
99,57,104,1,266.36,0.0,2025-06-20 11:59:00
100,57,33,1,225.03,10.0,2025-06-20 11:59:00
101,57,49,1,110.02,0.0,2025-06-20 11:59:00
102,58,48,1,281.38,0.0,2025-04-09 12:43:00
103,59,6,1,94.63,0.0,2025-01-15 18:27:00
104,59,34,1,267.4,5.0,2025-01-15 18:27:00
105,59,64,3,200.13,10.0,2025-01-15 18:27:00
106,60,17,1,283.54,0.0,2025-06-12 12:43:00
107,60,91,1,151.51,0.0,2025-06-12 12:43:00
108,60,19,1,229.65,0.0,2025-06-12 12:43:00
109,61,17,1,283.54,0.0,2025-01-31 13:57:00
110,62,36,2,70.95,15.0,2025-02-03 02:59:00
111,62,119,1,272.68,0.0,2025-02-03 02:59:00
112,62,116,2,61.84,0.0,2025-02-03 02:59:00
113,62,79,2,210.67,0.0,2025-02-03 02:59:00
114,63,67,1,237.12,0.0,2025-05-16 17:58:00
115,63,115,1,388.87,15.0,2025-05-16 17:58:00
116,63,95,3,208.45,0.0,2025-05-16 17:58:00
117,64,20,1,50.24,0.0,2025-04-02 00:07:00
118,64,119,1,272.68,0.0,2025-04-02 00:07:00
119,65,7,1,269.58,15.0,2024-11-05 18:57:00
120,65,7,1,269.58,15.0,2024-11-05 18:57:00
121,66,34,1,267.4,0.0,2024-10-25 20:27:00
122,67,15,3,7.91,0.0,2024-05-27 09:04:00
123,68,6,1,94.63,0.0,2025-04-29 05:33:00
124,68,91,1,151.51,0.0,2025-04-29 05:33:00
125,68,59,1,289.19,0.0,2025-04-29 05:33:00
126,69,111,1,75.81,5.0,2024-06-11 22:26:00
127,69,45,1,147.92,10.0,2024-06-11 22:26:00
128,69,112,1,350.45,0.0,2024-06-11 22:26:00
129,70,96,1,374.74,0.0,2025-05-16 01:22:00
130,70,35,1,165.52,0.0,2025-05-16 01:22:00
131,70,85,1,116.09,0.0,2025-05-16 01:22:00
132,71,1,1,299.18,0.0,2024-08-13 02:55:00
133,71,74,1,197.23,0.0,2024-08-13 02:55:00
134,72,32,2,266.46,15.0,2025-02-15 15:46:00
135,72,87,1,308.62,0.0,2025-02-15 15:46:00
136,72,43,1,155.5,10.0,2025-02-15 15:46:00
137,73,88,1,366.82,0.0,2025-03-27 17:23:00
138,73,48,1,281.38,0.0,2025-03-27 17:23:00
139,74,108,1,100.18,0.0,2025-05-03 21:14:00
140,74,4,1,79.84,10.0,2025-05-03 21:14:00
141,74,107,2,108.67,0.0,2025-05-03 21:14:00
142,74,62,1,38.36,0.0,2025-05-03 21:14:00
143,75,77,1,192.03,0.0,2024-05-22 20:26:00
144,75,43,3,155.5,0.0,2024-05-22 20:26:00
145,75,84,1,270.53,0.0,2024-05-22 20:26:00
146,75,58,1,304.62,0.0,2024-05-22 20:26:00
147,76,94,3,119.91,0.0,2024-01-03 06:40:00
148,76,103,1,129.79,5.0,2024-01-03 06:40:00
149,77,7,2,269.58,0.0,2025-04-08 09:41:00
150,78,103,1,129.79,0.0,2025-06-30 06:14:00
151,79,78,1,135.97,0.0,2024-11-15 08:46:00
152,80,23,1,307.17,0.0,2025-06-04 17:35:00
153,81,52,1,112.54,10.0,2024-03-10 06:32:00
154,81,110,1,65.55,0.0,2024-03-10 06:32:00
155,82,52,1,112.54,0.0,2025-06-24 16:05:00
156,83,84,1,270.53,10.0,2024-10-01 17:25:00
157,83,39,1,187.44,0.0,2024-10-01 17:25:00
158,84,104,3,266.36,0.0,2025-05-07 15:17:00
159,85,78,1,135.97,0.0,2024-11-21 03:07:00
160,85,86,1,292.16,0.0,2024-11-21 03:07:00
161,85,48,1,281.38,0.0,2024-11-21 03:07:00
162,86,114,1,312.07,0.0,2024-12-16 20:42:00
163,87,77,1,192.03,0.0,2024-02-06 09:29:00
164,88,104,1,266.36,0.0,2025-07-12 08:08:00
165,88,24,1,223.66,10.0,2025-07-12 08:08:00
166,89,6,1,94.63,0.0,2024-02-20 01:21:00
167,90,87,1,308.62,0.0,2024-05-03 07:27:00
168,90,88,2,366.82,0.0,2024-05-03 07:27:00
169,90,120,1,205.0,0.0,2024-05-03 07:27:00
170,90,81,1,331.39,0.0,2024-05-03 07:27:00
171,91,60,1,252.79,0.0,2025-06-21 08:26:00
172,92,62,1,38.36,10.0,2024-09-13 23:45:00
173,92,17,1,283.54,5.0,2024-09-13 23:45:00
174,92,39,2,187.44,5.0,2024-09-13 23:45:00
175,93,38,1,290.33,0.0,2025-08-21 06:20:00
176,93,71,1,14.01,0.0,2025-08-21 06:20:00
177,94,14,1,83.96,0.0,2025-07-01 13:19:00
178,95,60,1,252.79,0.0,2024-07-05 12:59:00
179,96,33,1,225.03,5.0,2025-03-28 14:39:00
180,96,75,1,198.83,0.0,2025-03-28 14:39:00
181,97,15,2,7.91,0.0,2025-06-05 05:17:00
182,97,60,1,252.79,0.0,2025-06-05 05:17:00
183,98,51,1,288.17,0.0,2024-07-15 08:52:00
184,99,91,1,151.51,0.0,2024-02-06 13:15:00
185,100,59,2,289.19,0.0,2025-04-28 15:26:00
186,100,58,1,304.62,0.0,2025-04-28 15:26:00
187,101,118,2,57.07,0.0,2025-08-02 23:35:00
188,102,24,1,223.66,0.0,2025-02-15 16:54:00
189,103,34,2,267.4,5.0,2024-10-13 04:10:00
190,103,14,1,83.96,0.0,2024-10-13 04:10:00
191,103,3,1,151.33,0.0,2024-10-13 04:10:00
192,103,15,1,7.91,0.0,2024-10-13 04:10:00
193,104,59,1,289.19,0.0,2024-12-08 10:39:00
194,104,112,1,350.45,10.0,2024-12-08 10:39:00
195,105,93,1,130.27,0.0,2025-04-20 12:56:00
196,105,80,2,13.54,15.0,2025-04-20 12:56:00
197,106,89,1,95.93,10.0,2024-09-21 22:57:00
198,106,89,1,95.93,0.0,2024-09-21 22:57:00
199,107,12,1,118.89,0.0,2024-06-28 00:03:00
200,107,2,1,133.7,0.0,2024-06-28 00:03:00
201,107,105,1,152.59,0.0,2024-06-28 00:03:00
202,108,110,1,65.55,0.0,2024-05-30 23:27:00
203,108,62,1,38.36,0.0,2024-05-30 23:27:00
204,108,84,1,270.53,0.0,2024-05-30 23:27:00
205,108,108,1,100.18,0.0,2024-05-30 23:27:00
206,109,25,1,225.89,0.0,2025-04-26 07:02:00
207,109,99,1,396.99,0.0,2025-04-26 07:02:00
208,110,3,1,151.33,15.0,2024-02-01 15:23:00
209,111,95,2,208.45,0.0,2025-07-01 16:26:00
210,111,63,1,169.24,0.0,2025-07-01 16:26:00
211,111,111,1,75.81,15.0,2025-07-01 16:26:00
212,112,38,1,290.33,0.0,2024-05-06 11:23:00
213,113,7,1,269.58,0.0,2024-04-02 00:17:00
214,113,14,1,83.96,0.0,2024-04-02 00:17:00
215,113,92,1,324.26,0.0,2024-04-02 00:17:00
216,114,64,2,200.13,10.0,2024-03-09 03:00:00
217,115,71,3,14.01,0.0,2024-06-16 11:01:00
218,115,5,1,56.32,0.0,2024-06-16 11:01:00
219,116,76,2,230.83,0.0,2024-07-22 13:46:00
220,117,116,2,61.84,0.0,2024-11-19 06:13:00
221,117,63,1,169.24,0.0,2024-11-19 06:13:00
222,117,8,1,333.91,5.0,2024-11-19 06:13:00
223,118,41,1,65.16,0.0,2024-07-15 21:28:00
224,119,83,1,223.84,0.0,2024-07-22 05:44:00
225,120,64,1,200.13,0.0,2024-07-20 11:02:00
226,121,58,1,304.62,10.0,2025-06-11 17:11:00
227,121,3,1,151.33,0.0,2025-06-11 17:11:00
228,122,61,1,235.72,0.0,2024-04-01 07:08:00
229,122,30,1,28.03,0.0,2024-04-01 07:08:00
230,123,88,1,366.82,5.0,2024-02-24 00:55:00
231,123,78,2,135.97,0.0,2024-02-24 00:55:00
232,124,60,1,252.79,10.0,2024-04-24 03:06:00
233,124,38,2,290.33,0.0,2024-04-24 03:06:00
234,125,54,2,185.03,10.0,2024-10-17 05:05:00
235,126,95,1,208.45,10.0,2024-12-13 16:50:00
236,126,61,2,235.72,0.0,2024-12-13 16:50:00
237,127,80,1,13.54,0.0,2024-06-20 20:31:00
238,127,89,2,95.93,0.0,2024-06-20 20:31:00
239,127,86,1,292.16,0.0,2024-06-20 20:31:00
240,128,21,1,269.02,0.0,2025-01-12 21:46:00
241,129,54,3,185.03,0.0,2024-06-26 06:14:00
242,130,31,1,116.15,15.0,2025-07-14 23:36:00
243,131,3,1,151.33,0.0,2024-02-18 08:44:00
244,132,87,1,308.62,0.0,2025-05-11 13:47:00
245,133,115,1,388.87,0.0,2024-06-29 05:30:00
246,133,104,1,266.36,0.0,2024-06-29 05:30:00
247,133,56,1,233.79,0.0,2024-06-29 05:30:00
248,134,72,1,195.51,0.0,2024-09-09 19:04:00
249,135,44,2,253.96,0.0,2025-03-24 08:23:00
250,136,99,2,396.99,15.0,2024-01-12 15:43:00
251,136,35,2,165.52,0.0,2024-01-12 15:43:00
252,137,112,1,350.45,15.0,2024-07-02 17:49:00
253,137,86,1,292.16,0.0,2024-07-02 17:49:00
254,137,7,3,269.58,0.0,2024-07-02 17:49:00
255,138,59,3,289.19,0.0,2024-07-12 03:35:00
256,139,14,2,83.96,0.0,2025-04-18 03:40:00
257,139,79,2,210.67,10.0,2025-04-18 03:40:00
258,140,106,1,299.98,0.0,2025-02-26 19:30:00
259,140,65,1,135.3,0.0,2025-02-26 19:30:00
260,140,81,1,331.39,5.0,2025-02-26 19:30:00
261,141,47,1,384.95,0.0,2024-06-10 00:55:00
262,142,57,2,74.83,5.0,2024-01-11 13:35:00
263,143,112,1,350.45,0.0,2024-12-15 21:05:00
264,144,43,2,155.5,10.0,2025-06-21 03:37:00
265,144,16,2,267.62,0.0,2025-06-21 03:37:00
266,145,54,2,185.03,0.0,2025-03-16 01:26:00
267,146,107,2,108.67,0.0,2024-12-28 08:39:00
268,147,65,1,135.3,0.0,2024-04-25 00:03:00
269,148,92,2,324.26,10.0,2024-12-29 20:52:00
270,149,86,1,292.16,0.0,2025-01-13 14:11:00
271,150,68,1,370.42,0.0,2024-12-03 18:40:00
272,150,30,1,28.03,0.0,2024-12-03 18:40:00
273,151,118,1,57.07,10.0,2025-04-10 13:16:00
274,152,110,1,65.55,0.0,2025-04-07 03:25:00
275,153,4,1,79.84,10.0,2025-07-28 00:02:00
276,153,99,1,396.99,0.0,2025-07-28 00:02:00
277,154,9,1,281.6,10.0,2025-04-30 10:24:00
278,154,41,1,65.16,0.0,2025-04-30 10:24:00
279,154,99,1,396.99,0.0,2025-04-30 10:24:00
280,155,98,1,176.86,0.0,2025-04-16 21:39:00
281,156,20,3,50.24,0.0,2024-08-28 11:08:00
282,156,8,3,333.91,15.0,2024-08-28 11:08:00
283,156,92,2,324.26,15.0,2024-08-28 11:08:00
284,157,38,1,290.33,0.0,2024-06-10 04:40:00
285,157,114,1,312.07,10.0,2024-06-10 04:40:00
286,157,71,2,14.01,0.0,2024-06-10 04:40:00
287,158,41,3,65.16,0.0,2024-05-01 23:54:00
288,158,2,2,133.7,0.0,2024-05-01 23:54:00
289,159,79,3,210.67,0.0,2024-07-28 11:52:00
290,159,90,1,224.17,0.0,2024-07-28 11:52:00
291,159,83,1,223.84,0.0,2024-07-28 11:52:00
292,160,101,1,356.86,0.0,2025-03-23 15:22:00
293,160,57,1,74.83,0.0,2025-03-23 15:22:00
294,161,101,1,356.86,5.0,2024-02-24 17:39:00
295,161,100,1,300.7,0.0,2024-02-24 17:39:00
296,161,39,1,187.44,0.0,2024-02-24 17:39:00
297,162,50,2,312.61,5.0,2025-03-21 22:34:00
298,162,95,2,208.45,0.0,2025-03-21 22:34:00
299,163,70,1,238.41,5.0,2025-04-19 21:41:00
300,163,12,1,118.89,0.0,2025-04-19 21:41:00
301,164,44,2,253.96,0.0,2025-06-11 12:05:00
302,165,4,2,79.84,0.0,2024-09-19 17:27:00
303,166,34,1,267.4,5.0,2024-01-15 23:22:00
304,166,100,1,300.7,10.0,2024-01-15 23:22:00
305,167,65,1,135.3,0.0,2025-07-22 21:37:00
306,168,48,1,281.38,15.0,2024-08-28 08:36:00
307,169,16,1,267.62,10.0,2024-08-22 09:00:00
308,169,84,3,270.53,0.0,2024-08-22 09:00:00
309,170,74,2,197.23,0.0,2025-01-02 12:28:00
310,171,31,2,116.15,0.0,2024-07-25 09:21:00
311,172,73,2,314.18,0.0,2024-08-28 07:09:00
312,172,81,1,331.39,0.0,2024-08-28 07:09:00
313,172,109,1,53.49,15.0,2024-08-28 07:09:00
314,172,45,1,147.92,0.0,2024-08-28 07:09:00
315,173,105,2,152.59,0.0,2024-01-29 08:01:00
316,173,87,1,308.62,0.0,2024-01-29 08:01:00
317,174,95,1,208.45,0.0,2025-08-05 04:05:00
318,175,75,1,198.83,0.0,2024-12-22 21:20:00
319,176,59,1,289.19,10.0,2024-06-18 23:11:00
320,176,92,1,324.26,0.0,2024-06-18 23:11:00
321,177,12,1,118.89,0.0,2024-02-04 11:27:00
322,178,61,1,235.72,0.0,2024-06-07 00:28:00
323,178,10,1,333.74,0.0,2024-06-07 00:28:00
324,178,68,1,370.42,0.0,2024-06-07 00:28:00
325,179,100,1,300.7,0.0,2024-05-29 15:40:00
326,179,34,1,267.4,0.0,2024-05-29 15:40:00
327,180,57,1,74.83,0.0,2024-10-29 05:15:00
328,180,63,2,169.24,10.0,2024-10-29 05:15:00
329,181,21,1,269.02,0.0,2024-07-09 18:18:00
330,182,92,1,324.26,0.0,2025-06-18 02:59:00
331,183,66,2,45.84,0.0,2024-08-04 22:35:00
332,183,16,1,267.62,10.0,2024-08-04 22:35:00
333,183,59,1,289.19,0.0,2024-08-04 22:35:00
334,183,96,1,374.74,0.0,2024-08-04 22:35:00
335,184,118,3,57.07,0.0,2024-02-13 22:18:00
336,184,78,2,135.97,0.0,2024-02-13 22:18:00
337,185,48,1,281.38,0.0,2024-09-16 02:48:00
338,186,20,1,50.24,0.0,2025-05-30 09:32:00
339,187,48,1,281.38,0.0,2024-02-19 06:27:00
340,188,102,1,209.95,0.0,2024-04-07 08:35:00
341,189,54,1,185.03,0.0,2025-03-27 07:50:00
342,189,115,1,388.87,0.0,2025-03-27 07:50:00
343,190,24,2,223.66,0.0,2024-08-14 02:45:00
344,191,16,1,267.62,0.0,2024-01-27 04:36:00
345,192,6,1,94.63,5.0,2025-07-28 05:53:00
346,193,73,1,314.18,0.0,2024-08-22 06:10:00
347,193,44,2,253.96,0.0,2024-08-22 06:10:00
348,194,93,2,130.27,0.0,2025-05-31 15:24:00
349,195,18,1,186.27,0.0,2024-04-22 05:52:00
350,196,58,1,304.62,15.0,2025-03-09 13:52:00
351,197,94,1,119.91,10.0,2024-11-22 12:43:00
352,198,86,1,292.16,0.0,2024-05-31 07:09:00
353,198,50,1,312.61,0.0,2024-05-31 07:09:00
354,199,70,1,238.41,0.0,2024-02-15 21:00:00
355,200,57,2,74.83,0.0,2025-04-19 06:29:00
356,200,83,1,223.84,0.0,2025-04-19 06:29:00
357,201,4,1,79.84,10.0,2024-08-27 12:49:00
358,202,91,1,151.51,10.0,2024-09-22 08:07:00
359,202,83,1,223.84,0.0,2024-09-22 08:07:00
360,203,25,3,225.89,0.0,2024-02-24 11:50:00
361,203,70,1,238.41,0.0,2024-02-24 11:50:00
362,204,73,1,314.18,0.0,2025-08-04 08:33:00
363,205,65,2,135.3,0.0,2024-04-10 06:52:00
364,205,16,1,267.62,10.0,2024-04-10 06:52:00
365,206,3,1,151.33,10.0,2024-01-19 03:55:00
366,206,27,1,177.5,0.0,2024-01-19 03:55:00
367,207,114,1,312.07,0.0,2025-07-12 14:04:00
368,207,11,2,322.88,0.0,2025-07-12 14:04:00
369,208,52,1,112.54,5.0,2024-10-10 12:31:00
370,208,63,2,169.24,0.0,2024-10-10 12:31:00
371,209,56,1,233.79,0.0,2025-05-27 23:08:00
372,210,68,1,370.42,0.0,2025-05-14 08:28:00
373,211,15,3,7.91,0.0,2025-05-20 22:40:00
374,212,37,1,13.97,0.0,2024-07-27 22:20:00
375,212,33,2,225.03,0.0,2024-07-27 22:20:00
376,213,53,1,43.07,0.0,2025-02-05 14:03:00
377,214,42,1,181.23,5.0,2025-04-03 19:12:00
378,215,39,1,187.44,0.0,2024-11-19 10:17:00
379,215,41,1,65.16,0.0,2024-11-19 10:17:00
380,216,34,1,267.4,0.0,2025-01-24 13:59:00
381,216,106,2,299.98,0.0,2025-01-24 13:59:00
382,216,7,1,269.58,0.0,2025-01-24 13:59:00
383,217,76,1,230.83,0.0,2025-06-19 01:23:00
384,217,66,2,45.84,0.0,2025-06-19 01:23:00
385,218,15,1,7.91,5.0,2024-10-06 10:09:00
386,219,71,1,14.01,0.0,2024-10-30 09:09:00
387,220,53,1,43.07,0.0,2025-07-16 09:43:00
388,221,3,1,151.33,0.0,2024-07-03 15:39:00
389,221,76,1,230.83,0.0,2024-07-03 15:39:00
390,221,32,2,266.46,0.0,2024-07-03 15:39:00
391,222,17,1,283.54,10.0,2024-12-31 14:57:00
392,222,53,1,43.07,10.0,2024-12-31 14:57:00
393,223,65,1,135.3,5.0,2024-12-05 04:05:00
394,223,19,1,229.65,0.0,2024-12-05 04:05:00
395,223,22,2,228.27,0.0,2024-12-05 04:05:00
396,224,55,3,84.93,5.0,2025-02-17 14:02:00
397,224,72,1,195.51,0.0,2025-02-17 14:02:00
398,225,60,3,252.79,0.0,2024-06-25 21:44:00
399,226,84,3,270.53,10.0,2025-04-02 10:31:00
400,226,1,1,299.18,0.0,2025-04-02 10:31:00
401,227,35,1,165.52,0.0,2024-04-15 07:21:00
402,227,108,1,100.18,10.0,2024-04-15 07:21:00
403,227,45,2,147.92,0.0,2024-04-15 07:21:00
404,228,108,1,100.18,0.0,2025-07-31 17:44:00
405,229,95,1,208.45,0.0,2025-06-29 13:08:00
406,230,12,1,118.89,15.0,2025-03-15 17:54:00
407,231,18,2,186.27,0.0,2024-04-25 15:24:00
408,232,113,1,82.59,5.0,2024-07-27 11:26:00
409,232,79,1,210.67,0.0,2024-07-27 11:26:00
410,232,103,1,129.79,0.0,2024-07-27 11:26:00
411,232,88,3,366.82,0.0,2024-07-27 11:26:00
412,233,97,2,70.02,0.0,2025-05-19 02:19:00
413,233,35,1,165.52,0.0,2025-05-19 02:19:00
414,234,44,1,253.96,0.0,2025-02-11 17:39:00
415,234,77,1,192.03,0.0,2025-02-11 17:39:00
416,234,117,1,10.5,0.0,2025-02-11 17:39:00
417,234,83,3,223.84,0.0,2025-02-11 17:39:00
418,235,1,3,299.18,5.0,2025-06-25 07:48:00
419,235,87,1,308.62,0.0,2025-06-25 07:48:00
420,236,90,2,224.17,0.0,2024-04-30 22:51:00
421,236,98,1,176.86,0.0,2024-04-30 22:51:00
422,237,113,1,82.59,0.0,2025-07-11 16:10:00
423,238,4,2,79.84,0.0,2024-03-19 18:08:00
424,239,57,1,74.83,0.0,2024-06-20 16:54:00
425,239,46,3,51.61,0.0,2024-06-20 16:54:00
426,239,49,2,110.02,0.0,2024-06-20 16:54:00
427,240,23,2,307.17,15.0,2025-07-09 23:32:00
428,241,2,1,133.7,0.0,2025-04-14 22:34:00
429,241,48,3,281.38,0.0,2025-04-14 22:34:00
430,241,57,1,74.83,0.0,2025-04-14 22:34:00
431,242,98,1,176.86,0.0,2025-01-07 07:37:00
432,242,118,2,57.07,0.0,2025-01-07 07:37:00
433,243,105,1,152.59,0.0,2025-03-13 23:31:00
434,244,92,1,324.26,0.0,2024-08-31 13:01:00
435,245,47,1,384.95,0.0,2025-03-03 21:57:00
436,245,64,3,200.13,0.0,2025-03-03 21:57:00
437,245,91,1,151.51,0.0,2025-03-03 21:57:00
438,245,1,1,299.18,5.0,2025-03-03 21:57:00
439,246,51,1,288.17,15.0,2025-01-07 04:56:00
440,246,36,1,70.95,5.0,2025-01-07 04:56:00
441,246,64,1,200.13,0.0,2025-01-07 04:56:00
442,247,95,1,208.45,0.0,2024-07-19 07:51:00
443,248,73,1,314.18,0.0,2024-11-28 10:37:00
444,248,76,1,230.83,5.0,2024-11-28 10:37:00
445,249,34,3,267.4,10.0,2025-05-08 05:24:00
446,250,113,1,82.59,5.0,2025-07-10 07:50:00
447,250,101,1,356.86,0.0,2025-07-10 07:50:00
448,250,109,1,53.49,0.0,2025-07-10 07:50:00
449,251,89,1,95.93,10.0,2024-01-13 17:59:00
450,251,79,1,210.67,0.0,2024-01-13 17:59:00
451,251,72,2,195.51,0.0,2024-01-13 17:59:00
452,251,1,3,299.18,0.0,2024-01-13 17:59:00
453,252,84,1,270.53,0.0,2025-04-11 02:28:00
454,252,42,1,181.23,0.0,2025-04-11 02:28:00
455,253,36,1,70.95,0.0,2025-03-02 05:36:00
456,253,67,1,237.12,5.0,2025-03-02 05:36:00
457,253,47,1,384.95,10.0,2025-03-02 05:36:00
458,253,6,2,94.63,10.0,2025-03-02 05:36:00
459,254,36,3,70.95,0.0,2025-01-28 07:15:00
460,255,41,1,65.16,0.0,2024-08-09 09:17:00
461,255,25,1,225.89,0.0,2024-08-09 09:17:00
462,256,104,1,266.36,5.0,2024-05-13 06:51:00
463,256,95,1,208.45,0.0,2024-05-13 06:51:00
464,256,89,1,95.93,15.0,2024-05-13 06:51:00
465,257,32,1,266.46,0.0,2024-08-11 00:02:00
466,258,9,1,281.6,0.0,2024-07-24 03:50:00
467,259,62,1,38.36,5.0,2025-03-02 18:36:00
468,260,103,1,129.79,0.0,2024-03-11 10:59:00
469,261,33,1,225.03,15.0,2025-07-30 03:01:00
470,262,44,2,253.96,0.0,2024-09-14 21:55:00
471,263,67,2,237.12,0.0,2025-01-20 01:56:00
472,263,10,2,333.74,0.0,2025-01-20 01:56:00
473,263,80,1,13.54,10.0,2025-01-20 01:56:00
474,264,58,1,304.62,0.0,2024-03-25 05:16:00
475,265,8,3,333.91,5.0,2024-05-16 15:27:00
476,266,114,2,312.07,5.0,2024-03-09 13:10:00
477,267,17,1,283.54,0.0,2024-11-04 13:14:00
478,268,8,1,333.91,5.0,2024-11-01 19:39:00
479,268,81,1,331.39,10.0,2024-11-01 19:39:00
480,268,14,1,83.96,0.0,2024-11-01 19:39:00
481,269,38,2,290.33,5.0,2024-01-15 23:01:00
482,269,52,1,112.54,0.0,2024-01-15 23:01:00
483,270,30,2,28.03,0.0,2024-11-11 16:43:00
484,270,101,1,356.86,0.0,2024-11-11 16:43:00
485,271,50,1,312.61,10.0,2024-07-14 07:17:00
486,272,80,1,13.54,0.0,2024-10-08 05:03:00
487,273,87,2,308.62,0.0,2025-04-10 08:19:00
488,274,43,1,155.5,0.0,2025-04-25 21:49:00
489,275,2,1,133.7,0.0,2024-08-28 07:14:00
490,276,102,2,209.95,5.0,2025-04-01 04:29:00
491,277,17,1,283.54,10.0,2024-06-12 03:34:00
492,277,33,1,225.03,0.0,2024-06-12 03:34:00
493,277,62,2,38.36,0.0,2024-06-12 03:34:00
494,278,32,1,266.46,15.0,2025-06-20 07:09:00
495,279,17,1,283.54,0.0,2024-06-20 01:30:00
496,280,84,2,270.53,0.0,2024-02-02 02:26:00
497,281,114,1,312.07,15.0,2024-03-01 00:20:00
498,282,61,1,235.72,10.0,2025-02-01 08:10:00
499,283,48,3,281.38,0.0,2024-02-09 20:16:00
500,284,85,1,116.09,0.0,2025-05-17 10:49:00
501,284,8,1,333.91,10.0,2025-05-17 10:49:00
502,285,72,2,195.51,0.0,2024-09-15 09:32:00
503,285,55,1,84.93,0.0,2024-09-15 09:32:00
504,285,26,1,17.17,5.0,2024-09-15 09:32:00
505,286,9,1,281.6,0.0,2025-03-26 07:45:00
506,287,89,1,95.93,0.0,2024-11-24 18:42:00
507,287,60,1,252.79,0.0,2024-11-24 18:42:00
508,288,75,1,198.83,0.0,2024-10-10 09:13:00
509,289,39,1,187.44,0.0,2025-01-30 18:57:00
510,290,59,2,289.19,0.0,2024-03-13 08:10:00
511,291,64,1,200.13,0.0,2024-01-27 19:03:00
512,291,1,1,299.18,5.0,2024-01-27 19:03:00
513,291,89,1,95.93,0.0,2024-01-27 19:03:00
514,292,31,1,116.15,0.0,2024-08-31 20:08:00
515,292,99,3,396.99,0.0,2024-08-31 20:08:00
516,293,95,1,208.45,0.0,2024-04-19 10:55:00
517,294,106,3,299.98,5.0,2024-08-27 22:58:00
518,295,10,1,333.74,0.0,2024-10-04 04:37:00
519,296,19,1,229.65,0.0,2024-05-14 22:17:00
520,296,25,1,225.89,5.0,2024-05-14 22:17:00
521,297,47,1,384.95,0.0,2024-01-04 13:44:00
522,297,4,1,79.84,0.0,2024-01-04 13:44:00
523,297,37,1,13.97,5.0,2024-01-04 13:44:00
524,298,93,1,130.27,0.0,2024-12-02 08:42:00
525,298,109,1,53.49,5.0,2024-12-02 08:42:00
526,298,23,1,307.17,5.0,2024-12-02 08:42:00
527,299,34,3,267.4,10.0,2024-11-19 01:55:00
528,300,87,1,308.62,0.0,2025-01-01 14:15:00
529,301,114,1,312.07,5.0,2024-06-06 18:06:00
530,301,120,1,205.0,0.0,2024-06-06 18:06:00
531,302,48,2,281.38,0.0,2025-05-19 03:23:00
532,303,68,3,370.42,10.0,2024-03-21 12:09:00
533,303,80,2,13.54,0.0,2024-03-21 12:09:00
534,304,9,1,281.6,10.0,2024-07-10 15:40:00
535,304,113,3,82.59,0.0,2024-07-10 15:40:00
536,304,102,1,209.95,0.0,2024-07-10 15:40:00
537,305,89,1,95.93,0.0,2024-08-09 00:00:00
538,305,77,1,192.03,10.0,2024-08-09 00:00:00
539,306,118,1,57.07,0.0,2024-05-09 18:38:00
540,306,79,1,210.67,0.0,2024-05-09 18:38:00
541,307,38,2,290.33,0.0,2025-05-27 21:05:00
542,307,42,1,181.23,5.0,2025-05-27 21:05:00
543,307,81,2,331.39,0.0,2025-05-27 21:05:00
544,308,109,1,53.49,0.0,2024-10-13 20:56:00
545,308,75,2,198.83,0.0,2024-10-13 20:56:00
546,308,27,2,177.5,0.0,2024-10-13 20:56:00
547,309,102,1,209.95,0.0,2024-07-26 05:28:00
548,309,9,1,281.6,0.0,2024-07-26 05:28:00
549,310,113,1,82.59,10.0,2024-12-23 07:40:00
550,311,64,1,200.13,10.0,2025-06-28 02:24:00
551,311,23,1,307.17,0.0,2025-06-28 02:24:00
552,312,89,1,95.93,0.0,2024-05-06 12:10:00
553,313,61,1,235.72,0.0,2025-02-01 20:10:00
554,313,52,1,112.54,15.0,2025-02-01 20:10:00
555,313,102,1,209.95,0.0,2025-02-01 20:10:00
556,313,5,1,56.32,0.0,2025-02-01 20:10:00
557,314,58,2,304.62,10.0,2024-07-14 05:03:00
558,314,51,1,288.17,0.0,2024-07-14 05:03:00
559,314,55,2,84.93,0.0,2024-07-14 05:03:00
560,315,120,2,205.0,0.0,2024-07-27 06:55:00
561,315,33,1,225.03,0.0,2024-07-27 06:55:00
562,316,11,1,322.88,0.0,2025-01-07 19:53:00
563,317,30,1,28.03,15.0,2025-03-02 02:45:00
564,317,60,1,252.79,0.0,2025-03-02 02:45:00
565,318,58,1,304.62,0.0,2024-03-06 11:37:00
566,319,103,1,129.79,5.0,2024-05-01 20:57:00
567,320,4,1,79.84,5.0,2025-04-05 16:31:00
568,321,83,1,223.84,0.0,2024-09-26 01:12:00
569,322,38,2,290.33,0.0,2024-09-01 11:56:00
570,322,66,1,45.84,0.0,2024-09-01 11:56:00
571,322,11,2,322.88,0.0,2024-09-01 11:56:00
572,323,13,1,274.59,0.0,2025-07-12 19:55:00
573,323,47,1,384.95,0.0,2025-07-12 19:55:00
574,323,26,1,17.17,10.0,2025-07-12 19:55:00
575,324,33,1,225.03,0.0,2024-04-13 07:29:00
576,324,105,2,152.59,0.0,2024-04-13 07:29:00
577,325,25,2,225.89,0.0,2024-06-25 23:57:00
578,325,18,3,186.27,10.0,2024-06-25 23:57:00
579,325,97,2,70.02,0.0,2024-06-25 23:57:00
580,326,34,1,267.4,0.0,2024-08-20 19:35:00
581,326,39,1,187.44,0.0,2024-08-20 19:35:00
582,327,52,3,112.54,0.0,2025-02-03 07:13:00
583,328,97,1,70.02,0.0,2024-04-27 19:51:00
584,328,61,1,235.72,15.0,2024-04-27 19:51:00
585,328,98,3,176.86,0.0,2024-04-27 19:51:00
586,329,30,1,28.03,0.0,2024-12-18 08:40:00
587,329,96,1,374.74,0.0,2024-12-18 08:40:00
588,329,30,1,28.03,0.0,2024-12-18 08:40:00
589,330,97,1,70.02,0.0,2024-09-06 19:37:00
590,330,105,1,152.59,0.0,2024-09-06 19:37:00
591,331,41,2,65.16,0.0,2025-05-04 22:43:00
592,331,55,2,84.93,0.0,2025-05-04 22:43:00
593,332,27,1,177.5,5.0,2024-08-26 06:27:00
594,332,110,1,65.55,0.0,2024-08-26 06:27:00
595,333,74,2,197.23,5.0,2024-08-22 11:17:00
596,334,95,1,208.45,0.0,2025-02-05 08:19:00
597,335,107,1,108.67,0.0,2024-02-13 09:31:00
598,335,29,1,342.09,0.0,2024-02-13 09:31:00
599,335,88,2,366.82,0.0,2024-02-13 09:31:00
600,336,89,1,95.93,10.0,2024-02-27 12:43:00
601,336,42,1,181.23,0.0,2024-02-27 12:43:00
602,337,5,3,56.32,0.0,2025-06-10 05:46:00
603,337,20,3,50.24,10.0,2025-06-10 05:46:00
604,338,73,1,314.18,0.0,2024-12-09 12:15:00
605,338,78,3,135.97,0.0,2024-12-09 12:15:00
606,338,74,2,197.23,0.0,2024-12-09 12:15:00
607,338,49,1,110.02,10.0,2024-12-09 12:15:00
608,339,69,1,234.52,0.0,2025-08-15 22:10:00
609,340,43,1,155.5,0.0,2024-12-30 23:03:00
610,341,115,1,388.87,5.0,2025-05-31 09:06:00
611,342,87,1,308.62,0.0,2025-07-17 23:00:00
612,343,89,1,95.93,10.0,2025-07-24 16:54:00
613,344,26,1,17.17,5.0,2024-12-09 08:44:00
614,345,37,1,13.97,0.0,2024-05-26 11:12:00
615,345,38,1,290.33,15.0,2024-05-26 11:12:00
616,345,9,1,281.6,0.0,2024-05-26 11:12:00
617,345,48,1,281.38,0.0,2024-05-26 11:12:00
618,346,111,3,75.81,0.0,2024-10-11 13:47:00
619,347,15,1,7.91,0.0,2025-06-21 21:59:00
620,348,96,1,374.74,0.0,2024-08-15 01:16:00
621,349,111,1,75.81,0.0,2024-09-22 18:08:00
622,349,112,1,350.45,0.0,2024-09-22 18:08:00
623,349,56,2,233.79,0.0,2024-09-22 18:08:00
624,349,86,1,292.16,0.0,2024-09-22 18:08:00
625,350,40,1,202.91,5.0,2024-10-29 05:57:00
626,350,65,2,135.3,0.0,2024-10-29 05:57:00
627,351,26,1,17.17,0.0,2025-04-28 20:51:00
628,352,9,2,281.6,0.0,2024-04-24 23:52:00
629,353,32,1,266.46,0.0,2024-03-12 02:23:00
630,353,117,1,10.5,0.0,2024-03-12 02:23:00
631,354,60,1,252.79,0.0,2025-05-09 05:33:00
632,355,37,1,13.97,0.0,2025-03-20 14:54:00
633,355,118,1,57.07,10.0,2025-03-20 14:54:00
634,356,92,2,324.26,0.0,2024-09-16 03:25:00
635,356,51,1,288.17,0.0,2024-09-16 03:25:00
636,357,23,1,307.17,5.0,2025-06-21 19:13:00
637,357,23,2,307.17,0.0,2025-06-21 19:13:00
638,357,94,1,119.91,0.0,2025-06-21 19:13:00
639,358,85,1,116.09,0.0,2025-05-26 16:18:00
640,359,51,1,288.17,0.0,2024-02-10 00:56:00
641,359,6,1,94.63,0.0,2024-02-10 00:56:00
642,360,36,2,70.95,0.0,2024-11-13 10:41:00
643,360,69,1,234.52,0.0,2024-11-13 10:41:00
644,360,118,1,57.07,15.0,2024-11-13 10:41:00
645,361,116,1,61.84,0.0,2025-01-17 16:06:00
646,361,64,1,200.13,0.0,2025-01-17 16:06:00
647,362,16,3,267.62,0.0,2024-08-17 03:02:00
648,362,10,2,333.74,0.0,2024-08-17 03:02:00
649,363,100,1,300.7,0.0,2025-08-09 12:55:00
650,363,58,1,304.62,0.0,2025-08-09 12:55:00
651,364,6,1,94.63,0.0,2024-05-10 13:11:00
652,365,89,1,95.93,0.0,2024-04-23 02:30:00
653,366,44,2,253.96,0.0,2025-07-31 05:48:00
654,367,51,1,288.17,0.0,2024-05-29 01:34:00
655,367,33,1,225.03,0.0,2024-05-29 01:34:00
656,367,118,1,57.07,0.0,2024-05-29 01:34:00
657,368,60,1,252.79,0.0,2025-02-01 21:38:00
658,368,9,1,281.6,0.0,2025-02-01 21:38:00
659,369,92,3,324.26,0.0,2024-03-22 10:21:00
660,369,18,1,186.27,0.0,2024-03-22 10:21:00
661,370,21,1,269.02,10.0,2024-01-22 08:59:00
662,371,13,1,274.59,0.0,2025-02-07 00:12:00
663,372,95,1,208.45,0.0,2025-03-06 12:54:00
664,373,98,1,176.86,0.0,2024-07-08 22:45:00
665,374,57,1,74.83,0.0,2025-05-25 06:03:00
666,375,5,2,56.32,0.0,2025-07-25 03:43:00
667,376,57,1,74.83,0.0,2024-11-22 20:34:00
668,376,108,1,100.18,10.0,2024-11-22 20:34:00
669,377,85,2,116.09,0.0,2025-04-28 10:59:00
670,377,115,1,388.87,10.0,2025-04-28 10:59:00
671,378,57,1,74.83,0.0,2024-02-08 06:18:00
672,378,1,1,299.18,0.0,2024-02-08 06:18:00
673,379,26,3,17.17,0.0,2024-11-09 06:11:00
674,380,31,1,116.15,0.0,2025-08-11 16:52:00
675,381,4,3,79.84,0.0,2024-11-25 19:07:00
676,382,25,1,225.89,0.0,2025-08-18 08:56:00
677,383,113,1,82.59,0.0,2025-07-16 19:18:00
678,384,86,1,292.16,0.0,2024-11-28 23:53:00
679,384,22,1,228.27,0.0,2024-11-28 23:53:00
680,384,66,1,45.84,0.0,2024-11-28 23:53:00
681,385,72,1,195.51,0.0,2024-09-24 16:45:00
682,386,120,1,205.0,15.0,2024-10-21 20:23:00
683,386,55,1,84.93,0.0,2024-10-21 20:23:00
684,387,46,1,51.61,0.0,2024-04-28 09:06:00
685,388,84,1,270.53,0.0,2024-02-24 13:46:00
686,389,59,1,289.19,0.0,2024-04-28 22:50:00
687,390,36,1,70.95,0.0,2025-01-08 07:09:00
688,390,48,1,281.38,0.0,2025-01-08 07:09:00
689,391,53,1,43.07,0.0,2024-06-21 23:49:00
690,391,77,1,192.03,0.0,2024-06-21 23:49:00
691,391,14,2,83.96,0.0,2024-06-21 23:49:00
692,392,119,2,272.68,10.0,2024-05-13 15:56:00
693,392,22,1,228.27,15.0,2024-05-13 15:56:00
694,393,42,3,181.23,0.0,2024-01-25 05:33:00
695,394,87,3,308.62,0.0,2024-01-30 22:03:00
696,394,99,1,396.99,0.0,2024-01-30 22:03:00
697,395,82,2,60.4,0.0,2024-03-31 13:21:00
698,396,109,1,53.49,0.0,2025-07-10 15:37:00
699,396,9,1,281.6,0.0,2025-07-10 15:37:00
700,397,75,1,198.83,0.0,2024-11-05 19:51:00
701,397,66,1,45.84,0.0,2024-11-05 19:51:00
702,398,76,2,230.83,0.0,2025-01-11 14:56:00
703,399,3,1,151.33,15.0,2024-03-09 02:28:00
704,400,40,1,202.91,10.0,2024-05-17 14:56:00
705,400,55,2,84.93,0.0,2024-05-17 14:56:00
706,400,80,1,13.54,0.0,2024-05-17 14:56:00
707,401,64,1,200.13,0.0,2024-07-17 18:07:00
708,402,27,1,177.5,0.0,2024-11-25 14:19:00
709,403,93,1,130.27,0.0,2024-04-16 16:09:00
710,404,95,2,208.45,10.0,2024-09-22 18:43:00
711,404,18,1,186.27,0.0,2024-09-22 18:43:00
712,404,83,2,223.84,0.0,2024-09-22 18:43:00
713,405,102,3,209.95,15.0,2025-03-12 22:45:00
714,406,37,2,13.97,0.0,2024-04-24 14:29:00
715,406,30,2,28.03,0.0,2024-04-24 14:29:00
716,407,32,1,266.46,0.0,2024-01-20 12:56:00
717,408,118,1,57.07,5.0,2024-09-23 02:29:00
718,409,88,1,366.82,0.0,2025-07-16 10:58:00
719,410,112,1,350.45,5.0,2024-02-10 05:13:00
720,411,57,1,74.83,0.0,2025-01-07 01:35:00
721,412,63,1,169.24,0.0,2025-08-21 11:53:00
722,413,82,3,60.4,0.0,2025-03-13 01:48:00
723,414,17,1,283.54,5.0,2025-05-16 17:46:00
724,414,76,1,230.83,10.0,2025-05-16 17:46:00
725,414,102,3,209.95,0.0,2025-05-16 17:46:00
726,415,11,1,322.88,0.0,2024-10-05 15:11:00
727,416,22,2,228.27,5.0,2025-06-06 07:20:00
728,417,23,1,307.17,0.0,2025-04-19 16:55:00
729,418,74,1,197.23,0.0,2025-08-08 14:25:00
730,419,35,2,165.52,5.0,2024-08-13 12:02:00
731,419,62,1,38.36,0.0,2024-08-13 12:02:00
732,420,51,1,288.17,0.0,2025-03-25 12:12:00
733,420,61,1,235.72,0.0,2025-03-25 12:12:00
734,420,65,1,135.3,0.0,2025-03-25 12:12:00
735,420,56,2,233.79,5.0,2025-03-25 12:12:00
736,421,102,1,209.95,0.0,2024-08-01 03:23:00
737,421,98,1,176.86,0.0,2024-08-01 03:23:00
738,421,110,1,65.55,0.0,2024-08-01 03:23:00
739,422,39,1,187.44,0.0,2024-05-01 02:44:00
740,422,20,1,50.24,0.0,2024-05-01 02:44:00
741,422,23,1,307.17,0.0,2024-05-01 02:44:00
742,423,59,1,289.19,0.0,2025-03-22 06:33:00
743,424,62,1,38.36,0.0,2024-03-08 19:09:00
744,424,18,2,186.27,0.0,2024-03-08 19:09:00
745,425,118,1,57.07,0.0,2024-08-29 06:19:00
746,426,65,2,135.3,0.0,2024-11-18 17:45:00
747,427,52,3,112.54,0.0,2025-05-25 04:45:00
748,428,96,1,374.74,0.0,2024-08-06 19:08:00
749,428,63,1,169.24,0.0,2024-08-06 19:08:00
750,428,76,1,230.83,0.0,2024-08-06 19:08:00
751,429,118,1,57.07,0.0,2024-05-31 07:22:00
752,429,120,1,205.0,0.0,2024-05-31 07:22:00
753,429,25,2,225.89,5.0,2024-05-31 07:22:00
754,430,99,3,396.99,0.0,2024-03-18 19:42:00
755,430,93,1,130.27,0.0,2024-03-18 19:42:00
756,430,91,1,151.51,0.0,2024-03-18 19:42:00
757,430,89,1,95.93,0.0,2024-03-18 19:42:00
758,431,50,3,312.61,0.0,2024-09-14 11:14:00
759,432,32,1,266.46,0.0,2025-04-22 02:48:00
760,432,118,2,57.07,0.0,2025-04-22 02:48:00
761,433,87,1,308.62,5.0,2024-09-25 19:16:00
762,433,86,1,292.16,0.0,2024-09-25 19:16:00
763,434,59,3,289.19,0.0,2024-05-26 04:10:00
764,435,32,1,266.46,5.0,2024-07-28 09:43:00
765,436,108,1,100.18,0.0,2024-05-26 04:18:00
766,436,15,2,7.91,10.0,2024-05-26 04:18:00
767,436,83,2,223.84,15.0,2024-05-26 04:18:00
768,436,50,1,312.61,0.0,2024-05-26 04:18:00
769,437,116,1,61.84,0.0,2024-08-10 03:00:00
770,437,117,1,10.5,0.0,2024-08-10 03:00:00
771,438,107,1,108.67,0.0,2024-09-24 20:22:00
772,439,65,3,135.3,0.0,2024-11-24 18:03:00
773,439,85,2,116.09,0.0,2024-11-24 18:03:00
774,440,94,1,119.91,0.0,2025-07-21 15:38:00
775,440,113,3,82.59,5.0,2025-07-21 15:38:00
776,441,14,1,83.96,0.0,2025-01-15 23:28:00
777,441,100,2,300.7,0.0,2025-01-15 23:28:00
778,441,105,1,152.59,0.0,2025-01-15 23:28:00
779,442,120,2,205.0,5.0,2025-01-09 19:54:00
780,442,90,1,224.17,0.0,2025-01-09 19:54:00
781,443,105,1,152.59,0.0,2024-08-06 11:45:00
782,443,13,1,274.59,0.0,2024-08-06 11:45:00
783,443,90,1,224.17,0.0,2024-08-06 11:45:00
784,443,54,1,185.03,0.0,2024-08-06 11:45:00
785,444,22,1,228.27,0.0,2024-02-19 13:28:00
786,444,24,2,223.66,0.0,2024-02-19 13:28:00
787,445,24,1,223.66,0.0,2024-10-27 09:27:00
788,446,73,2,314.18,10.0,2024-12-12 15:50:00
789,447,8,2,333.91,5.0,2025-03-10 05:11:00
790,448,25,1,225.89,0.0,2025-04-28 18:59:00
791,448,116,2,61.84,0.0,2025-04-28 18:59:00
792,448,57,1,74.83,0.0,2025-04-28 18:59:00
793,449,112,1,350.45,5.0,2024-03-13 21:09:00
794,449,11,1,322.88,5.0,2024-03-13 21:09:00
795,450,36,1,70.95,0.0,2024-07-10 17:16:00
796,451,31,1,116.15,0.0,2025-01-18 22:25:00
797,452,13,1,274.59,0.0,2024-07-29 14:17:00
798,452,35,2,165.52,0.0,2024-07-29 14:17:00
799,453,75,2,198.83,0.0,2024-05-16 04:44:00
800,454,28,1,166.37,0.0,2024-02-05 18:24:00
801,455,78,1,135.97,0.0,2024-01-02 16:40:00
802,456,35,3,165.52,0.0,2024-04-27 05:48:00
803,456,61,2,235.72,0.0,2024-04-27 05:48:00
804,456,78,1,135.97,0.0,2024-04-27 05:48:00
805,456,48,1,281.38,0.0,2024-04-27 05:48:00
806,457,41,2,65.16,0.0,2025-07-16 21:46:00
807,458,86,1,292.16,5.0,2024-03-26 23:48:00
808,458,79,1,210.67,15.0,2024-03-26 23:48:00
809,458,46,2,51.61,0.0,2024-03-26 23:48:00
810,459,1,1,299.18,0.0,2025-08-08 06:20:00
811,459,90,1,224.17,0.0,2025-08-08 06:20:00
812,459,107,2,108.67,15.0,2025-08-08 06:20:00
813,460,78,1,135.97,0.0,2025-08-11 00:25:00
814,461,90,2,224.17,5.0,2025-03-02 06:46:00
815,461,32,1,266.46,0.0,2025-03-02 06:46:00
816,462,85,2,116.09,0.0,2025-04-18 13:22:00
817,462,66,1,45.84,0.0,2025-04-18 13:22:00
818,463,82,3,60.4,5.0,2025-05-28 05:40:00
819,464,3,1,151.33,10.0,2024-01-03 08:59:00
820,464,112,1,350.45,0.0,2024-01-03 08:59:00
821,464,104,2,266.36,0.0,2024-01-03 08:59:00
822,465,30,1,28.03,0.0,2024-05-07 04:53:00
823,465,52,2,112.54,15.0,2024-05-07 04:53:00
824,466,45,1,147.92,0.0,2024-11-12 18:05:00
825,466,120,3,205.0,0.0,2024-11-12 18:05:00
826,467,85,2,116.09,0.0,2024-07-25 17:09:00
827,468,94,1,119.91,0.0,2024-08-14 04:11:00
828,468,78,1,135.97,0.0,2024-08-14 04:11:00
829,468,19,2,229.65,0.0,2024-08-14 04:11:00
830,469,101,2,356.86,5.0,2024-09-22 11:44:00
831,469,65,1,135.3,10.0,2024-09-22 11:44:00
832,469,64,2,200.13,10.0,2024-09-22 11:44:00
833,470,87,3,308.62,0.0,2025-06-09 17:41:00
834,471,60,1,252.79,0.0,2024-04-10 09:39:00
835,471,58,3,304.62,0.0,2024-04-10 09:39:00
836,471,62,1,38.36,0.0,2024-04-10 09:39:00
837,471,31,1,116.15,0.0,2024-04-10 09:39:00
838,472,85,1,116.09,0.0,2024-09-03 01:14:00
839,473,92,1,324.26,0.0,2024-02-23 18:58:00
840,474,42,3,181.23,0.0,2024-02-29 03:12:00
841,474,99,1,396.99,0.0,2024-02-29 03:12:00
842,474,93,1,130.27,0.0,2024-02-29 03:12:00
843,475,115,1,388.87,0.0,2024-09-03 11:14:00
844,476,119,1,272.68,0.0,2024-06-25 05:54:00
845,476,93,1,130.27,5.0,2024-06-25 05:54:00
846,477,43,2,155.5,0.0,2025-01-23 06:36:00
847,477,120,1,205.0,0.0,2025-01-23 06:36:00
848,478,9,1,281.6,5.0,2024-06-16 06:08:00
849,478,49,3,110.02,10.0,2024-06-16 06:08:00
850,478,96,2,374.74,10.0,2024-06-16 06:08:00
851,479,83,2,223.84,5.0,2024-11-09 09:55:00
852,480,56,2,233.79,15.0,2024-05-17 15:23:00
853,480,29,1,342.09,0.0,2024-05-17 15:23:00
854,480,38,1,290.33,15.0,2024-05-17 15:23:00
855,480,12,1,118.89,10.0,2024-05-17 15:23:00
856,481,25,2,225.89,0.0,2024-02-21 03:47:00
857,481,15,1,7.91,10.0,2024-02-21 03:47:00
858,482,41,3,65.16,5.0,2025-01-24 03:12:00
859,483,1,1,299.18,5.0,2025-01-09 20:14:00
860,483,76,1,230.83,10.0,2025-01-09 20:14:00
861,484,55,1,84.93,0.0,2025-06-01 12:03:00
862,484,47,2,384.95,0.0,2025-06-01 12:03:00
863,484,120,2,205.0,0.0,2025-06-01 12:03:00
864,485,78,1,135.97,0.0,2024-11-26 07:05:00
865,485,14,1,83.96,10.0,2024-11-26 07:05:00
866,486,59,1,289.19,10.0,2025-01-12 14:07:00
867,486,105,3,152.59,0.0,2025-01-12 14:07:00
868,487,64,1,200.13,15.0,2024-04-07 22:06:00
869,487,19,1,229.65,0.0,2024-04-07 22:06:00
870,487,19,2,229.65,15.0,2024-04-07 22:06:00
871,488,106,2,299.98,0.0,2025-03-20 01:52:00
872,488,77,1,192.03,0.0,2025-03-20 01:52:00
873,488,65,3,135.3,0.0,2025-03-20 01:52:00
874,489,109,2,53.49,0.0,2025-08-23 17:02:00
875,490,107,1,108.67,0.0,2025-05-15 14:17:00
876,491,49,1,110.02,0.0,2025-08-24 05:18:00
877,492,20,2,50.24,0.0,2024-11-02 12:34:00
878,492,27,2,177.5,0.0,2024-11-02 12:34:00
879,492,120,2,205.0,0.0,2024-11-02 12:34:00
880,493,7,3,269.58,0.0,2025-05-22 18:57:00
881,493,100,1,300.7,0.0,2025-05-22 18:57:00
882,494,51,1,288.17,0.0,2025-07-11 18:44:00
883,495,117,2,10.5,0.0,2024-06-03 12:47:00
884,495,3,1,151.33,0.0,2024-06-03 12:47:00
885,495,44,1,253.96,5.0,2024-06-03 12:47:00
886,496,45,2,147.92,0.0,2024-04-25 10:57:00
887,497,68,2,370.42,5.0,2025-05-11 22:09:00
888,498,119,1,272.68,0.0,2025-08-23 08:38:00
889,499,51,1,288.17,5.0,2024-02-13 23:13:00
890,499,42,2,181.23,15.0,2024-02-13 23:13:00
891,499,75,2,198.83,0.0,2024-02-13 23:13:00
892,500,120,2,205.0,0.0,2024-02-27 14:52:00
893,501,21,1,269.02,0.0,2024-11-11 18:36:00
894,502,62,1,38.36,0.0,2024-08-21 11:53:00
895,503,28,2,166.37,0.0,2024-06-01 18:12:00
896,504,84,1,270.53,0.0,2024-07-24 07:39:00
897,505,74,1,197.23,10.0,2025-08-01 00:27:00
898,505,101,3,356.86,15.0,2025-08-01 00:27:00
899,506,55,1,84.93,0.0,2024-05-14 07:33:00
900,507,8,1,333.91,0.0,2024-10-16 01:27:00
901,508,23,3,307.17,0.0,2024-07-31 18:01:00
902,508,16,3,267.62,0.0,2024-07-31 18:01:00
903,508,84,1,270.53,10.0,2024-07-31 18:01:00
904,508,56,3,233.79,0.0,2024-07-31 18:01:00
905,509,52,1,112.54,0.0,2024-09-10 22:52:00
906,509,16,1,267.62,0.0,2024-09-10 22:52:00
907,510,89,1,95.93,0.0,2024-02-01 12:15:00
908,511,96,1,374.74,0.0,2024-05-16 17:44:00
909,512,102,1,209.95,0.0,2025-06-24 13:31:00
910,512,12,2,118.89,0.0,2025-06-24 13:31:00
911,513,84,1,270.53,0.0,2025-05-02 05:47:00
912,513,81,1,331.39,10.0,2025-05-02 05:47:00
913,513,48,1,281.38,0.0,2025-05-02 05:47:00
914,514,16,1,267.62,5.0,2024-05-20 08:57:00
915,515,66,1,45.84,0.0,2024-03-06 15:22:00
916,515,76,1,230.83,0.0,2024-03-06 15:22:00
917,516,36,1,70.95,10.0,2025-03-29 02:28:00
918,516,13,2,274.59,0.0,2025-03-29 02:28:00
919,517,62,3,38.36,0.0,2024-02-07 15:18:00
920,518,39,1,187.44,0.0,2024-05-02 20:48:00
921,518,13,1,274.59,0.0,2024-05-02 20:48:00
922,519,111,2,75.81,10.0,2025-08-15 13:07:00
923,519,24,1,223.66,0.0,2025-08-15 13:07:00
924,520,51,1,288.17,0.0,2024-03-27 04:54:00
925,520,69,2,234.52,0.0,2024-03-27 04:54:00
926,521,9,1,281.6,0.0,2025-05-18 07:49:00
927,521,75,1,198.83,0.0,2025-05-18 07:49:00
928,522,84,1,270.53,0.0,2024-04-13 03:05:00
929,522,97,1,70.02,5.0,2024-04-13 03:05:00
930,522,85,2,116.09,0.0,2024-04-13 03:05:00
931,523,77,1,192.03,5.0,2024-08-20 01:03:00
932,524,58,2,304.62,0.0,2025-08-26 00:07:00
933,525,17,1,283.54,5.0,2025-03-24 13:05:00
934,526,12,1,118.89,0.0,2025-04-17 09:52:00
935,526,109,2,53.49,0.0,2025-04-17 09:52:00
936,527,16,1,267.62,0.0,2024-09-25 12:56:00
937,528,70,1,238.41,0.0,2025-03-10 16:20:00
938,529,85,1,116.09,0.0,2024-02-11 04:25:00
939,529,39,1,187.44,0.0,2024-02-11 04:25:00
940,529,67,3,237.12,0.0,2024-02-11 04:25:00
941,529,38,1,290.33,0.0,2024-02-11 04:25:00
942,530,74,1,197.23,10.0,2025-04-30 10:09:00
943,531,117,3,10.5,5.0,2025-05-02 20:41:00
944,532,69,1,234.52,0.0,2024-07-20 15:51:00
945,533,85,2,116.09,10.0,2025-06-21 18:12:00
946,533,31,1,116.15,0.0,2025-06-21 18:12:00
947,534,110,2,65.55,0.0,2024-07-06 10:41:00
948,535,78,1,135.97,5.0,2024-03-09 07:59:00
949,535,76,1,230.83,0.0,2024-03-09 07:59:00
950,535,17,2,283.54,0.0,2024-03-09 07:59:00
951,535,55,1,84.93,0.0,2024-03-09 07:59:00
952,536,49,1,110.02,0.0,2024-12-12 08:33:00
953,537,59,1,289.19,0.0,2024-09-28 14:09:00
954,538,55,3,84.93,0.0,2025-01-15 07:41:00
955,539,27,1,177.5,0.0,2024-12-07 16:36:00
956,540,82,1,60.4,0.0,2024-02-15 01:24:00
957,540,25,2,225.89,0.0,2024-02-15 01:24:00
958,541,83,2,223.84,0.0,2025-08-30 05:19:00
959,541,78,1,135.97,10.0,2025-08-30 05:19:00
960,542,41,3,65.16,0.0,2024-09-25 18:14:00
961,542,56,1,233.79,0.0,2024-09-25 18:14:00
962,542,78,1,135.97,0.0,2024-09-25 18:14:00
963,543,69,1,234.52,0.0,2024-10-09 13:02:00
964,544,9,1,281.6,0.0,2025-04-08 12:29:00
965,544,12,1,118.89,0.0,2025-04-08 12:29:00
966,545,35,1,165.52,0.0,2025-03-16 22:55:00
967,546,36,1,70.95,0.0,2024-10-27 15:36:00
968,546,49,3,110.02,15.0,2024-10-27 15:36:00
969,547,14,2,83.96,0.0,2024-03-14 01:24:00
970,548,68,2,370.42,0.0,2024-11-10 12:55:00
971,549,106,2,299.98,0.0,2024-12-06 11:58:00
972,550,45,2,147.92,0.0,2025-08-09 14:10:00
973,551,71,1,14.01,0.0,2024-03-28 02:35:00
974,551,13,2,274.59,15.0,2024-03-28 02:35:00
975,551,22,1,228.27,5.0,2024-03-28 02:35:00
976,552,24,1,223.66,15.0,2024-01-01 08:46:00
977,552,95,1,208.45,0.0,2024-01-01 08:46:00
978,553,71,1,14.01,0.0,2025-03-08 00:12:00
979,553,109,1,53.49,0.0,2025-03-08 00:12:00
980,554,34,1,267.4,10.0,2024-12-13 02:56:00
981,554,66,2,45.84,0.0,2024-12-13 02:56:00
982,555,19,1,229.65,0.0,2024-09-02 15:11:00
983,555,95,1,208.45,0.0,2024-09-02 15:11:00
984,556,82,3,60.4,5.0,2024-07-18 07:24:00
985,556,91,2,151.51,5.0,2024-07-18 07:24:00
986,556,87,1,308.62,0.0,2024-07-18 07:24:00
987,557,24,1,223.66,0.0,2024-04-03 05:14:00
988,557,46,2,51.61,0.0,2024-04-03 05:14:00
989,558,36,3,70.95,0.0,2025-07-06 03:45:00
990,558,67,3,237.12,0.0,2025-07-06 03:45:00
991,559,105,1,152.59,0.0,2024-08-07 23:48:00
992,559,82,2,60.4,0.0,2024-08-07 23:48:00
993,559,40,1,202.91,0.0,2024-08-07 23:48:00
994,560,12,1,118.89,15.0,2024-05-16 08:15:00
995,561,31,3,116.15,0.0,2025-01-24 13:45:00
996,562,8,1,333.91,0.0,2025-08-29 02:31:00
997,563,119,1,272.68,0.0,2025-03-16 20:24:00
998,564,55,1,84.93,0.0,2025-07-23 09:31:00
999,564,120,2,205.0,0.0,2025-07-23 09:31:00
1000,564,62,1,38.36,0.0,2025-07-23 09:31:00
1001,565,87,2,308.62,0.0,2024-05-17 07:56:00
1002,565,90,1,224.17,0.0,2024-05-17 07:56:00
1003,566,25,3,225.89,0.0,2024-09-25 10:59:00
1004,567,92,1,324.26,0.0,2024-12-20 19:57:00
1005,567,69,2,234.52,0.0,2024-12-20 19:57:00
1006,568,95,1,208.45,0.0,2024-06-13 15:32:00
1007,569,113,3,82.59,0.0,2024-04-16 12:34:00
1008,569,88,1,366.82,0.0,2024-04-16 12:34:00
1009,569,78,1,135.97,10.0,2024-04-16 12:34:00
1010,570,120,2,205.0,0.0,2025-01-23 16:44:00
1011,571,29,1,342.09,10.0,2024-09-15 07:31:00
1012,571,47,2,384.95,0.0,2024-09-15 07:31:00
1013,572,7,1,269.58,5.0,2024-03-18 12:51:00
1014,572,49,1,110.02,0.0,2024-03-18 12:51:00
1015,573,44,3,253.96,0.0,2024-02-04 05:06:00
1016,573,32,2,266.46,0.0,2024-02-04 05:06:00
1017,573,109,2,53.49,0.0,2024-02-04 05:06:00
1018,573,16,1,267.62,10.0,2024-02-04 05:06:00
1019,574,34,1,267.4,0.0,2025-04-08 04:01:00
1020,575,73,1,314.18,0.0,2024-03-09 04:15:00
1021,575,119,1,272.68,0.0,2024-03-09 04:15:00
1022,576,83,1,223.84,0.0,2025-02-04 16:03:00
1023,576,115,1,388.87,0.0,2025-02-04 16:03:00
1024,576,60,2,252.79,5.0,2025-02-04 16:03:00
1025,577,8,1,333.91,0.0,2025-07-17 13:48:00
1026,577,79,1,210.67,0.0,2025-07-17 13:48:00
1027,577,39,1,187.44,0.0,2025-07-17 13:48:00
1028,578,114,2,312.07,15.0,2024-01-14 02:09:00
1029,579,2,1,133.7,0.0,2024-05-19 10:40:00
1030,580,11,1,322.88,0.0,2024-09-27 10:48:00
1031,581,53,1,43.07,10.0,2024-03-17 00:32:00
1032,581,63,1,169.24,0.0,2024-03-17 00:32:00
1033,581,99,1,396.99,0.0,2024-03-17 00:32:00
1034,582,51,1,288.17,0.0,2024-04-18 08:32:00
1035,583,115,1,388.87,0.0,2025-07-01 04:48:00
1036,584,14,3,83.96,10.0,2025-02-06 04:35:00
1037,584,85,2,116.09,5.0,2025-02-06 04:35:00
1038,584,21,1,269.02,0.0,2025-02-06 04:35:00
1039,585,1,1,299.18,15.0,2025-06-15 11:33:00
1040,585,112,2,350.45,0.0,2025-06-15 11:33:00
1041,586,37,1,13.97,10.0,2024-07-02 18:21:00
1042,587,96,1,374.74,0.0,2025-03-23 01:06:00
1043,588,86,1,292.16,0.0,2024-08-02 08:01:00
1044,589,86,3,292.16,0.0,2024-11-27 15:14:00
1045,590,63,1,169.24,0.0,2025-01-07 12:48:00
1046,591,92,1,324.26,0.0,2024-01-28 02:51:00
1047,591,97,2,70.02,0.0,2024-01-28 02:51:00
1048,592,65,2,135.3,0.0,2024-10-16 16:14:00
1049,592,95,2,208.45,0.0,2024-10-16 16:14:00
1050,592,50,1,312.61,0.0,2024-10-16 16:14:00
1051,593,102,1,209.95,0.0,2025-06-11 05:34:00
1052,593,20,1,50.24,0.0,2025-06-11 05:34:00
1053,593,2,2,133.7,10.0,2025-06-11 05:34:00
1054,593,31,1,116.15,0.0,2025-06-11 05:34:00
1055,594,55,3,84.93,15.0,2024-10-04 01:10:00
1056,594,95,1,208.45,5.0,2024-10-04 01:10:00
1057,594,62,1,38.36,0.0,2024-10-04 01:10:00
1058,595,98,1,176.86,0.0,2024-12-12 22:26:00
1059,596,94,1,119.91,0.0,2024-05-02 12:01:00
1060,596,32,1,266.46,5.0,2024-05-02 12:01:00
1061,597,34,3,267.4,0.0,2024-11-12 22:30:00
1062,598,106,1,299.98,15.0,2024-01-08 17:58:00
1063,599,101,2,356.86,10.0,2024-05-21 23:11:00
1064,600,65,1,135.3,0.0,2024-12-01 01:50:00
1065,600,25,3,225.89,0.0,2024-12-01 01:50:00
1066,601,82,1,60.4,0.0,2025-07-26 14:28:00
1067,601,16,1,267.62,5.0,2025-07-26 14:28:00
1068,602,25,3,225.89,5.0,2024-09-11 12:09:00
1069,603,79,1,210.67,0.0,2025-03-08 01:42:00
1070,604,49,1,110.02,0.0,2025-03-21 12:28:00
1071,604,40,2,202.91,0.0,2025-03-21 12:28:00
1072,604,30,1,28.03,10.0,2025-03-21 12:28:00
1073,605,8,1,333.91,0.0,2024-11-28 07:55:00
1074,606,39,1,187.44,10.0,2025-08-14 00:22:00
1075,606,47,1,384.95,0.0,2025-08-14 00:22:00
1076,607,54,1,185.03,0.0,2024-08-17 05:43:00
1077,608,24,1,223.66,10.0,2024-10-09 12:44:00
1078,608,7,1,269.58,0.0,2024-10-09 12:44:00
1079,608,42,1,181.23,0.0,2024-10-09 12:44:00
1080,609,117,1,10.5,0.0,2025-07-31 20:39:00
1081,610,33,3,225.03,0.0,2024-08-18 18:14:00
1082,611,39,1,187.44,0.0,2024-10-18 22:07:00
1083,612,88,1,366.82,0.0,2024-06-06 15:59:00
1084,612,111,1,75.81,0.0,2024-06-06 15:59:00
1085,613,104,1,266.36,0.0,2024-10-02 02:40:00
1086,614,68,1,370.42,0.0,2025-02-15 07:04:00
1087,614,31,1,116.15,0.0,2025-02-15 07:04:00
1088,615,50,1,312.61,0.0,2025-04-05 18:08:00
1089,616,81,2,331.39,15.0,2024-06-22 00:50:00
1090,617,76,3,230.83,0.0,2024-07-12 20:02:00
1091,618,105,1,152.59,0.0,2024-09-29 06:39:00
1092,618,91,1,151.51,0.0,2024-09-29 06:39:00
1093,618,13,1,274.59,10.0,2024-09-29 06:39:00
1094,619,44,1,253.96,5.0,2024-08-03 21:41:00
1095,619,61,3,235.72,5.0,2024-08-03 21:41:00
1096,620,93,1,130.27,10.0,2024-10-25 06:09:00
1097,621,54,1,185.03,0.0,2024-03-21 01:32:00
1098,622,113,2,82.59,15.0,2024-06-23 05:26:00
1099,623,72,3,195.51,0.0,2024-11-26 12:16:00
1100,623,115,1,388.87,5.0,2024-11-26 12:16:00
1101,623,81,2,331.39,10.0,2024-11-26 12:16:00
1102,624,9,1,281.6,10.0,2024-06-19 16:36:00
1103,624,68,3,370.42,0.0,2024-06-19 16:36:00
1104,624,65,2,135.3,5.0,2024-06-19 16:36:00
1105,625,36,1,70.95,0.0,2024-07-19 15:45:00
1106,626,6,3,94.63,0.0,2024-03-07 10:14:00
1107,627,89,1,95.93,0.0,2024-07-16 09:45:00
1108,628,64,1,200.13,0.0,2025-05-09 20:31:00
1109,628,112,1,350.45,0.0,2025-05-09 20:31:00
1110,628,10,1,333.74,0.0,2025-05-09 20:31:00
1111,629,50,1,312.61,0.0,2024-03-29 00:37:00
1112,629,50,1,312.61,0.0,2024-03-29 00:37:00
1113,630,24,1,223.66,0.0,2024-11-10 20:25:00
1114,631,76,1,230.83,0.0,2024-02-29 18:50:00
1115,631,113,3,82.59,0.0,2024-02-29 18:50:00
1116,632,65,2,135.3,0.0,2025-07-28 23:36:00
1117,632,68,1,370.42,5.0,2025-07-28 23:36:00
1118,633,38,2,290.33,0.0,2025-07-05 06:46:00
1119,633,71,1,14.01,0.0,2025-07-05 06:46:00
1120,633,29,1,342.09,0.0,2025-07-05 06:46:00
1121,634,6,1,94.63,0.0,2025-04-25 06:55:00
1122,635,36,3,70.95,0.0,2025-03-25 01:21:00
1123,635,35,2,165.52,0.0,2025-03-25 01:21:00
1124,635,7,1,269.58,0.0,2025-03-25 01:21:00
1125,636,106,1,299.98,0.0,2024-09-28 12:08:00
1126,637,84,1,270.53,0.0,2024-02-26 23:11:00
1127,638,48,1,281.38,0.0,2024-01-10 02:50:00
1128,638,91,2,151.51,5.0,2024-01-10 02:50:00
1129,639,18,1,186.27,0.0,2024-01-02 11:09:00
1130,640,42,3,181.23,0.0,2025-08-19 00:07:00
1131,640,81,2,331.39,0.0,2025-08-19 00:07:00
1132,641,29,2,342.09,0.0,2025-03-18 22:59:00
1133,641,36,1,70.95,0.0,2025-03-18 22:59:00
1134,641,3,1,151.33,0.0,2025-03-18 22:59:00
1135,642,100,3,300.7,0.0,2024-06-11 01:05:00
1136,642,75,1,198.83,0.0,2024-06-11 01:05:00
1137,642,96,1,374.74,0.0,2024-06-11 01:05:00
1138,642,84,1,270.53,0.0,2024-06-11 01:05:00
1139,643,78,1,135.97,0.0,2024-01-06 22:43:00
1140,643,105,1,152.59,15.0,2024-01-06 22:43:00
1141,644,27,1,177.5,0.0,2024-11-02 23:15:00
1142,645,97,1,70.02,0.0,2025-03-18 20:09:00
1143,645,58,1,304.62,0.0,2025-03-18 20:09:00
1144,645,93,1,130.27,0.0,2025-03-18 20:09:00
1145,646,62,1,38.36,0.0,2024-09-30 09:51:00
1146,647,24,2,223.66,0.0,2024-07-19 12:54:00
1147,648,73,1,314.18,0.0,2025-08-18 16:18:00
1148,649,83,1,223.84,0.0,2024-09-02 09:33:00
1149,649,40,1,202.91,5.0,2024-09-02 09:33:00
1150,650,51,1,288.17,0.0,2024-05-02 11:10:00
1151,651,19,1,229.65,15.0,2024-08-15 06:30:00
1152,652,117,1,10.5,0.0,2024-08-04 07:43:00
1153,653,93,1,130.27,0.0,2025-02-02 08:06:00
1154,654,104,1,266.36,0.0,2025-06-04 06:12:00
1155,654,13,1,274.59,0.0,2025-06-04 06:12:00
1156,655,106,1,299.98,5.0,2024-09-18 08:44:00
1157,656,120,1,205.0,0.0,2024-01-24 13:07:00
1158,656,32,2,266.46,0.0,2024-01-24 13:07:00
1159,656,35,1,165.52,0.0,2024-01-24 13:07:00
1160,657,2,2,133.7,10.0,2025-02-17 17:20:00
1161,657,2,3,133.7,0.0,2025-02-17 17:20:00
1162,658,95,2,208.45,15.0,2024-03-20 21:56:00
1163,659,11,1,322.88,10.0,2024-04-02 17:24:00
1164,659,62,2,38.36,0.0,2024-04-02 17:24:00
1165,659,115,1,388.87,10.0,2024-04-02 17:24:00
1166,660,43,1,155.5,15.0,2025-03-11 11:20:00
1167,661,70,1,238.41,0.0,2024-03-09 12:49:00
1168,662,16,1,267.62,0.0,2024-11-21 10:36:00
1169,662,6,1,94.63,0.0,2024-11-21 10:36:00
1170,663,66,2,45.84,0.0,2024-02-14 22:36:00
1171,664,1,3,299.18,0.0,2024-06-10 22:06:00
1172,665,55,1,84.93,0.0,2024-07-23 06:49:00
1173,666,37,1,13.97,0.0,2024-01-21 06:11:00
1174,667,50,1,312.61,0.0,2024-09-12 09:58:00
1175,667,92,2,324.26,0.0,2024-09-12 09:58:00
1176,667,15,1,7.91,0.0,2024-09-12 09:58:00
1177,668,29,1,342.09,0.0,2024-07-25 07:05:00
1178,668,37,1,13.97,0.0,2024-07-25 07:05:00
1179,668,79,1,210.67,0.0,2024-07-25 07:05:00
1180,668,47,3,384.95,0.0,2024-07-25 07:05:00
1181,669,115,1,388.87,0.0,2024-05-17 04:17:00
1182,669,20,1,50.24,10.0,2024-05-17 04:17:00
1183,669,68,1,370.42,0.0,2024-05-17 04:17:00
1184,670,55,1,84.93,0.0,2025-04-06 08:55:00
1185,671,39,1,187.44,0.0,2025-05-02 12:55:00
1186,671,37,1,13.97,0.0,2025-05-02 12:55:00
1187,672,118,1,57.07,0.0,2024-07-10 01:45:00
1188,673,34,2,267.4,0.0,2024-10-19 21:10:00
1189,674,10,2,333.74,0.0,2024-09-21 17:48:00
1190,674,111,3,75.81,0.0,2024-09-21 17:48:00
1191,675,84,1,270.53,0.0,2024-02-11 22:29:00
1192,676,58,2,304.62,0.0,2024-02-27 10:46:00
1193,677,62,2,38.36,0.0,2024-06-17 15:08:00
1194,677,15,1,7.91,15.0,2024-06-17 15:08:00
1195,678,36,1,70.95,0.0,2024-01-21 17:47:00
1196,678,42,3,181.23,10.0,2024-01-21 17:47:00
1197,678,24,2,223.66,0.0,2024-01-21 17:47:00
1198,678,46,1,51.61,0.0,2024-01-21 17:47:00
1199,679,89,3,95.93,0.0,2024-11-12 20:20:00
1200,680,82,1,60.4,0.0,2024-02-29 23:24:00
1201,680,103,3,129.79,0.0,2024-02-29 23:24:00
1202,681,50,1,312.61,10.0,2025-02-06 10:27:00
1203,681,64,1,200.13,0.0,2025-02-06 10:27:00
1204,681,64,1,200.13,0.0,2025-02-06 10:27:00
1205,682,50,1,312.61,0.0,2024-06-10 20:25:00
1206,682,92,1,324.26,0.0,2024-06-10 20:25:00
1207,682,74,2,197.23,0.0,2024-06-10 20:25:00
1208,683,29,2,342.09,0.0,2024-04-22 06:51:00
1209,683,31,1,116.15,0.0,2024-04-22 06:51:00
1210,683,27,3,177.5,0.0,2024-04-22 06:51:00
1211,684,72,1,195.51,0.0,2025-06-29 18:19:00
1212,685,15,1,7.91,0.0,2024-02-01 10:28:00
1213,686,109,2,53.49,0.0,2024-06-05 01:09:00
1214,687,18,1,186.27,0.0,2025-01-06 13:33:00
1215,687,19,2,229.65,10.0,2025-01-06 13:33:00
1216,688,120,3,205.0,15.0,2024-09-09 23:15:00
1217,688,32,1,266.46,0.0,2024-09-09 23:15:00
1218,689,96,1,374.74,0.0,2024-01-05 18:29:00
1219,690,91,1,151.51,5.0,2025-08-13 03:08:00
1220,690,94,1,119.91,0.0,2025-08-13 03:08:00
1221,690,55,1,84.93,0.0,2025-08-13 03:08:00
1222,690,90,1,224.17,0.0,2025-08-13 03:08:00
1223,691,62,2,38.36,0.0,2024-12-06 04:13:00
1224,691,112,1,350.45,15.0,2024-12-06 04:13:00
1225,692,19,1,229.65,5.0,2025-05-14 07:15:00
1226,693,73,2,314.18,15.0,2025-07-27 02:21:00
1227,694,98,1,176.86,0.0,2024-12-09 06:03:00
1228,695,96,1,374.74,0.0,2024-04-20 19:00:00
1229,695,39,1,187.44,5.0,2024-04-20 19:00:00
1230,696,57,2,74.83,0.0,2024-02-11 07:15:00
1231,696,89,1,95.93,0.0,2024-02-11 07:15:00
1232,697,8,2,333.91,0.0,2024-08-19 02:23:00
1233,698,97,1,70.02,0.0,2025-07-25 06:11:00
1234,699,51,2,288.17,0.0,2024-03-14 14:20:00
1235,700,113,1,82.59,0.0,2025-03-14 11:09:00
1236,700,92,2,324.26,0.0,2025-03-14 11:09:00
1237,701,65,1,135.3,0.0,2025-03-16 23:45:00
1238,701,30,1,28.03,0.0,2025-03-16 23:45:00
1239,701,21,1,269.02,0.0,2025-03-16 23:45:00
1240,702,49,3,110.02,0.0,2024-10-04 06:28:00
1241,703,28,1,166.37,0.0,2025-07-15 02:53:00
1242,704,51,1,288.17,15.0,2024-03-10 15:56:00
1243,705,72,1,195.51,0.0,2024-07-17 08:40:00
1244,705,10,2,333.74,0.0,2024-07-17 08:40:00
1245,706,41,1,65.16,0.0,2024-10-02 07:11:00
1246,707,49,1,110.02,5.0,2025-06-07 06:28:00
1247,708,83,1,223.84,0.0,2025-03-06 14:02:00
1248,708,35,1,165.52,0.0,2025-03-06 14:02:00
1249,708,10,1,333.74,0.0,2025-03-06 14:02:00
1250,709,43,1,155.5,0.0,2024-03-03 08:35:00
1251,709,37,1,13.97,10.0,2024-03-03 08:35:00
1252,710,28,1,166.37,0.0,2025-02-03 19:56:00
1253,711,40,1,202.91,0.0,2024-09-02 21:29:00
1254,711,26,1,17.17,0.0,2024-09-02 21:29:00
1255,712,35,1,165.52,0.0,2024-03-24 22:22:00
1256,713,6,1,94.63,0.0,2024-10-12 07:50:00
1257,713,102,1,209.95,15.0,2024-10-12 07:50:00
1258,714,12,3,118.89,15.0,2024-02-06 13:15:00
1259,715,46,2,51.61,5.0,2024-04-24 04:41:00
1260,716,65,1,135.3,0.0,2024-06-08 07:23:00
1261,716,97,1,70.02,15.0,2024-06-08 07:23:00
1262,716,46,3,51.61,0.0,2024-06-08 07:23:00
1263,716,90,1,224.17,0.0,2024-06-08 07:23:00
1264,717,115,2,388.87,0.0,2025-02-26 12:59:00
1265,718,104,2,266.36,0.0,2025-04-15 06:35:00
1266,719,102,1,209.95,5.0,2024-07-01 12:07:00
1267,720,110,1,65.55,15.0,2025-07-08 08:03:00
1268,720,21,1,269.02,5.0,2025-07-08 08:03:00
1269,721,114,1,312.07,5.0,2025-08-27 16:32:00
1270,722,30,2,28.03,0.0,2025-08-24 00:05:00
1271,722,104,1,266.36,0.0,2025-08-24 00:05:00
1272,722,19,2,229.65,5.0,2025-08-24 00:05:00
1273,722,21,3,269.02,0.0,2025-08-24 00:05:00
1274,723,94,1,119.91,10.0,2024-01-19 03:42:00
1275,723,67,3,237.12,0.0,2024-01-19 03:42:00
1276,724,101,1,356.86,0.0,2025-04-03 01:43:00
1277,725,80,2,13.54,0.0,2024-12-30 15:55:00
1278,726,115,2,388.87,0.0,2025-01-08 14:50:00
1279,727,31,1,116.15,5.0,2024-01-28 00:05:00
1280,727,79,1,210.67,15.0,2024-01-28 00:05:00
1281,728,73,1,314.18,0.0,2024-12-05 03:51:00
1282,728,64,1,200.13,0.0,2024-12-05 03:51:00
1283,728,2,1,133.7,0.0,2024-12-05 03:51:00
1284,728,112,1,350.45,0.0,2024-12-05 03:51:00
1285,729,103,2,129.79,0.0,2024-10-24 10:01:00
1286,729,12,1,118.89,0.0,2024-10-24 10:01:00
1287,729,59,1,289.19,0.0,2024-10-24 10:01:00
1288,730,21,1,269.02,0.0,2024-04-24 16:42:00
1289,730,74,1,197.23,0.0,2024-04-24 16:42:00
1290,730,12,1,118.89,5.0,2024-04-24 16:42:00
1291,731,59,1,289.19,0.0,2025-02-25 02:29:00
1292,731,61,3,235.72,0.0,2025-02-25 02:29:00
1293,732,57,1,74.83,0.0,2025-06-25 01:11:00
1294,732,18,3,186.27,5.0,2025-06-25 01:11:00
1295,733,63,1,169.24,5.0,2024-04-28 23:09:00
1296,733,110,1,65.55,0.0,2024-04-28 23:09:00
1297,733,53,2,43.07,0.0,2024-04-28 23:09:00
1298,733,118,1,57.07,10.0,2024-04-28 23:09:00
1299,734,66,2,45.84,0.0,2025-03-07 05:18:00
1300,735,48,1,281.38,0.0,2025-02-27 00:04:00
1301,735,53,1,43.07,15.0,2025-02-27 00:04:00
1302,735,34,2,267.4,0.0,2025-02-27 00:04:00
1303,735,88,1,366.82,0.0,2025-02-27 00:04:00
1304,736,8,2,333.91,10.0,2025-03-20 21:00:00
1305,736,32,1,266.46,0.0,2025-03-20 21:00:00
1306,736,72,1,195.51,0.0,2025-03-20 21:00:00
1307,736,110,1,65.55,0.0,2025-03-20 21:00:00
1308,737,73,1,314.18,10.0,2025-08-25 22:18:00
1309,738,50,2,312.61,10.0,2025-04-06 05:29:00
1310,739,45,1,147.92,10.0,2024-02-26 07:47:00
1311,739,83,1,223.84,0.0,2024-02-26 07:47:00
1312,740,14,1,83.96,5.0,2024-11-14 07:35:00
1313,740,94,1,119.91,10.0,2024-11-14 07:35:00
1314,740,119,1,272.68,0.0,2024-11-14 07:35:00
1315,741,52,1,112.54,0.0,2025-01-11 23:49:00
1316,742,78,1,135.97,0.0,2024-02-18 00:10:00
1317,743,61,1,235.72,10.0,2024-03-31 06:16:00
1318,743,59,1,289.19,0.0,2024-03-31 06:16:00
1319,744,61,1,235.72,0.0,2024-04-16 19:29:00
1320,745,73,1,314.18,10.0,2025-05-29 00:57:00
1321,746,49,1,110.02,10.0,2024-02-10 17:04:00
1322,746,104,1,266.36,15.0,2024-02-10 17:04:00
1323,747,61,1,235.72,0.0,2024-08-30 23:19:00
1324,748,3,3,151.33,0.0,2024-05-07 03:34:00
1325,749,35,1,165.52,0.0,2025-05-22 13:09:00
1326,749,23,1,307.17,0.0,2025-05-22 13:09:00
1327,750,52,1,112.54,10.0,2024-08-17 07:08:00
1328,751,58,2,304.62,0.0,2024-02-28 16:12:00
1329,751,68,1,370.42,0.0,2024-02-28 16:12:00
1330,751,115,1,388.87,0.0,2024-02-28 16:12:00
1331,752,12,2,118.89,0.0,2025-06-13 13:34:00
1332,752,55,1,84.93,10.0,2025-06-13 13:34:00
1333,752,97,1,70.02,0.0,2025-06-13 13:34:00
1334,753,54,1,185.03,0.0,2024-07-17 04:41:00
1335,754,101,1,356.86,0.0,2024-02-12 22:17:00
1336,754,90,1,224.17,0.0,2024-02-12 22:17:00
1337,755,74,1,197.23,0.0,2024-01-01 01:59:00
1338,755,2,1,133.7,10.0,2024-01-01 01:59:00
1339,755,115,1,388.87,0.0,2024-01-01 01:59:00
1340,756,86,1,292.16,0.0,2025-06-10 01:05:00
1341,757,86,3,292.16,5.0,2025-06-25 01:32:00
1342,758,96,2,374.74,0.0,2025-06-04 11:32:00
1343,758,94,1,119.91,0.0,2025-06-04 11:32:00
1344,758,20,2,50.24,0.0,2025-06-04 11:32:00
1345,759,64,2,200.13,0.0,2024-06-22 19:53:00
1346,759,15,2,7.91,0.0,2024-06-22 19:53:00
1347,759,87,1,308.62,5.0,2024-06-22 19:53:00
1348,760,1,3,299.18,10.0,2024-10-25 21:59:00
1349,760,107,2,108.67,0.0,2024-10-25 21:59:00
1350,761,82,3,60.4,0.0,2024-12-15 19:56:00
1351,761,13,1,274.59,0.0,2024-12-15 19:56:00
1352,762,25,1,225.89,0.0,2024-02-01 02:53:00
1353,762,70,2,238.41,0.0,2024-02-01 02:53:00
1354,763,28,1,166.37,0.0,2025-07-14 16:45:00
1355,763,25,3,225.89,0.0,2025-07-14 16:45:00
1356,764,2,1,133.7,10.0,2024-06-09 01:21:00
1357,764,47,1,384.95,10.0,2024-06-09 01:21:00
1358,765,65,2,135.3,0.0,2024-06-10 11:25:00
1359,765,16,1,267.62,5.0,2024-06-10 11:25:00
1360,765,84,3,270.53,0.0,2024-06-10 11:25:00
1361,766,46,1,51.61,0.0,2024-07-18 18:15:00
1362,767,67,3,237.12,0.0,2024-01-25 03:48:00
1363,767,43,1,155.5,0.0,2024-01-25 03:48:00
1364,768,55,1,84.93,0.0,2025-06-15 13:08:00
1365,769,21,1,269.02,0.0,2025-08-12 20:05:00
1366,769,49,1,110.02,0.0,2025-08-12 20:05:00
1367,770,88,1,366.82,0.0,2024-05-24 13:00:00
1368,770,37,2,13.97,0.0,2024-05-24 13:00:00
1369,771,116,2,61.84,0.0,2024-06-29 18:10:00
1370,771,12,2,118.89,0.0,2024-06-29 18:10:00
1371,771,14,1,83.96,0.0,2024-06-29 18:10:00
1372,772,120,1,205.0,0.0,2025-08-25 08:44:00
1373,773,97,1,70.02,0.0,2025-06-02 14:20:00
1374,774,82,1,60.4,0.0,2025-04-06 13:00:00
1375,774,75,2,198.83,0.0,2025-04-06 13:00:00
1376,775,110,1,65.55,5.0,2024-04-30 23:58:00
1377,775,29,2,342.09,0.0,2024-04-30 23:58:00
1378,776,15,1,7.91,0.0,2024-06-06 12:07:00
1379,776,61,3,235.72,0.0,2024-06-06 12:07:00
1380,777,102,3,209.95,0.0,2025-01-08 14:13:00
1381,778,106,1,299.98,0.0,2025-04-28 11:53:00
1382,779,51,1,288.17,0.0,2024-05-04 05:31:00
1383,779,48,2,281.38,5.0,2024-05-04 05:31:00
1384,780,35,2,165.52,0.0,2024-12-05 20:19:00
1385,780,34,1,267.4,0.0,2024-12-05 20:19:00
1386,781,117,1,10.5,0.0,2024-11-25 16:54:00
1387,781,31,1,116.15,0.0,2024-11-25 16:54:00
1388,781,117,1,10.5,5.0,2024-11-25 16:54:00
1389,782,20,2,50.24,0.0,2025-08-17 04:32:00
1390,783,67,2,237.12,0.0,2024-07-31 02:23:00
1391,783,77,1,192.03,5.0,2024-07-31 02:23:00
1392,783,22,3,228.27,0.0,2024-07-31 02:23:00
1393,784,31,1,116.15,0.0,2024-05-24 03:04:00
1394,784,51,1,288.17,0.0,2024-05-24 03:04:00
1395,784,83,1,223.84,0.0,2024-05-24 03:04:00
1396,784,7,2,269.58,0.0,2024-05-24 03:04:00
1397,785,17,3,283.54,15.0,2025-04-10 02:05:00
1398,785,50,3,312.61,0.0,2025-04-10 02:05:00
1399,786,116,1,61.84,0.0,2024-04-30 20:05:00
1400,787,30,1,28.03,0.0,2025-07-20 17:06:00
1401,788,65,1,135.3,0.0,2024-02-11 20:37:00
1402,788,74,2,197.23,0.0,2024-02-11 20:37:00
1403,788,108,2,100.18,0.0,2024-02-11 20:37:00
1404,789,108,1,100.18,0.0,2024-02-06 19:53:00
1405,789,42,1,181.23,5.0,2024-02-06 19:53:00
1406,789,12,1,118.89,0.0,2024-02-06 19:53:00
1407,790,99,1,396.99,0.0,2025-03-14 11:19:00
1408,791,91,1,151.51,5.0,2024-04-26 22:03:00
1409,792,74,1,197.23,5.0,2024-12-24 09:26:00
1410,792,96,2,374.74,5.0,2024-12-24 09:26:00
1411,792,59,1,289.19,10.0,2024-12-24 09:26:00
1412,792,100,1,300.7,0.0,2024-12-24 09:26:00
1413,793,115,1,388.87,0.0,2024-08-19 23:29:00
1414,794,108,1,100.18,15.0,2024-04-07 16:32:00
1415,795,101,1,356.86,0.0,2025-05-26 13:03:00
1416,795,34,1,267.4,0.0,2025-05-26 13:03:00
1417,796,120,1,205.0,15.0,2024-01-30 20:34:00
1418,797,75,2,198.83,0.0,2024-07-29 15:37:00
1419,798,119,1,272.68,0.0,2025-03-15 06:47:00
1420,799,37,1,13.97,0.0,2025-07-31 12:01:00
1421,800,10,1,333.74,0.0,2025-01-04 02:16:00
1422,801,108,1,100.18,0.0,2025-08-18 20:33:00
1423,802,102,1,209.95,0.0,2025-02-18 09:35:00
1424,803,81,1,331.39,10.0,2024-01-10 17:53:00
1425,804,49,2,110.02,0.0,2025-05-19 23:35:00
1426,804,82,3,60.4,0.0,2025-05-19 23:35:00
1427,805,24,1,223.66,10.0,2025-03-19 10:50:00
1428,805,116,1,61.84,5.0,2025-03-19 10:50:00
1429,805,73,1,314.18,0.0,2025-03-19 10:50:00
1430,806,16,3,267.62,0.0,2025-06-11 08:31:00
1431,806,45,1,147.92,0.0,2025-06-11 08:31:00
1432,806,79,1,210.67,5.0,2025-06-11 08:31:00
1433,807,67,2,237.12,0.0,2024-07-20 01:46:00
1434,808,25,1,225.89,0.0,2024-03-28 03:22:00
1435,808,69,1,234.52,0.0,2024-03-28 03:22:00
1436,808,66,2,45.84,0.0,2024-03-28 03:22:00
1437,809,47,1,384.95,0.0,2024-08-20 12:59:00
1438,810,42,1,181.23,10.0,2024-05-23 05:20:00
1439,811,89,3,95.93,5.0,2025-06-05 09:50:00
1440,812,62,1,38.36,0.0,2025-04-16 13:06:00
1441,813,91,1,151.51,0.0,2025-07-03 23:11:00
1442,814,96,2,374.74,0.0,2024-09-02 23:55:00
1443,815,52,3,112.54,0.0,2025-01-30 12:59:00
1444,816,26,1,17.17,0.0,2024-12-02 17:49:00
1445,817,36,3,70.95,0.0,2024-04-30 00:37:00
1446,817,14,1,83.96,0.0,2024-04-30 00:37:00
1447,817,99,1,396.99,0.0,2024-04-30 00:37:00
1448,818,27,3,177.5,0.0,2025-02-20 11:49:00
1449,819,114,1,312.07,0.0,2025-05-30 01:35:00
1450,820,35,2,165.52,0.0,2025-07-27 01:31:00
1451,820,80,1,13.54,0.0,2025-07-27 01:31:00
1452,821,26,1,17.17,0.0,2025-06-21 11:40:00
1453,822,81,2,331.39,0.0,2024-09-13 06:05:00
1454,823,114,1,312.07,15.0,2024-07-12 20:21:00
1455,824,76,1,230.83,10.0,2024-03-29 21:32:00
1456,824,78,2,135.97,0.0,2024-03-29 21:32:00
1457,825,68,1,370.42,0.0,2024-08-02 03:23:00
1458,825,4,1,79.84,0.0,2024-08-02 03:23:00
1459,826,55,2,84.93,0.0,2024-12-09 18:37:00
1460,826,46,1,51.61,15.0,2024-12-09 18:37:00
1461,826,28,1,166.37,0.0,2024-12-09 18:37:00
1462,827,100,1,300.7,0.0,2024-09-21 03:57:00
1463,828,89,1,95.93,0.0,2025-07-11 22:49:00
1464,829,60,1,252.79,0.0,2024-11-24 14:36:00
1465,830,30,1,28.03,0.0,2025-01-24 12:00:00
1466,831,78,1,135.97,5.0,2025-07-08 14:10:00
1467,832,72,1,195.51,0.0,2025-04-21 07:00:00
1468,833,114,2,312.07,0.0,2024-07-11 12:00:00
1469,833,86,1,292.16,0.0,2024-07-11 12:00:00
1470,834,54,1,185.03,5.0,2024-09-23 19:14:00
1471,834,56,1,233.79,0.0,2024-09-23 19:14:00
1472,834,41,1,65.16,0.0,2024-09-23 19:14:00
1473,835,64,1,200.13,0.0,2025-06-25 09:02:00
1474,836,54,1,185.03,0.0,2025-08-14 14:19:00
1475,836,58,1,304.62,5.0,2025-08-14 14:19:00
1476,836,42,1,181.23,0.0,2025-08-14 14:19:00
1477,836,31,1,116.15,0.0,2025-08-14 14:19:00
1478,837,83,2,223.84,5.0,2024-12-01 13:14:00
1479,838,1,3,299.18,0.0,2024-10-31 18:57:00
1480,838,37,1,13.97,0.0,2024-10-31 18:57:00
1481,839,5,2,56.32,0.0,2024-11-30 16:59:00
1482,839,118,1,57.07,10.0,2024-11-30 16:59:00
1483,839,44,1,253.96,0.0,2024-11-30 16:59:00
1484,839,9,1,281.6,0.0,2024-11-30 16:59:00
1485,840,54,2,185.03,0.0,2024-01-16 06:27:00
1486,840,36,1,70.95,0.0,2024-01-16 06:27:00
1487,840,45,1,147.92,0.0,2024-01-16 06:27:00
1488,841,41,1,65.16,0.0,2025-05-12 14:36:00
1489,841,7,1,269.58,0.0,2025-05-12 14:36:00
1490,842,59,1,289.19,0.0,2025-02-17 05:30:00
1491,842,83,3,223.84,10.0,2025-02-17 05:30:00
1492,843,48,3,281.38,0.0,2024-07-16 09:28:00
1493,844,29,1,342.09,5.0,2024-01-26 11:39:00
1494,845,14,3,83.96,0.0,2024-08-18 00:39:00
1495,846,93,1,130.27,0.0,2024-12-06 11:49:00
1496,846,22,1,228.27,0.0,2024-12-06 11:49:00
1497,846,93,3,130.27,0.0,2024-12-06 11:49:00
1498,847,116,1,61.84,0.0,2024-04-06 14:15:00
1499,848,89,2,95.93,0.0,2025-03-01 22:07:00
1500,849,101,1,356.86,15.0,2024-08-20 00:17:00
1501,850,39,1,187.44,10.0,2025-05-25 17:11:00
1502,851,79,2,210.67,0.0,2025-01-02 10:52:00
1503,852,90,1,224.17,0.0,2024-07-22 04:27:00
1504,853,59,1,289.19,0.0,2025-06-05 18:38:00
1505,854,19,2,229.65,15.0,2025-06-28 20:07:00
1506,855,115,1,388.87,0.0,2025-03-23 21:29:00
1507,855,58,1,304.62,0.0,2025-03-23 21:29:00
1508,855,67,1,237.12,0.0,2025-03-23 21:29:00
1509,856,85,1,116.09,0.0,2024-02-24 22:56:00
1510,856,36,1,70.95,0.0,2024-02-24 22:56:00
1511,857,29,1,342.09,0.0,2024-09-23 09:50:00
1512,857,99,1,396.99,0.0,2024-09-23 09:50:00
1513,858,72,2,195.51,0.0,2025-02-11 16:45:00
1514,859,83,2,223.84,0.0,2024-03-03 03:27:00
1515,860,10,1,333.74,0.0,2025-01-09 18:39:00
1516,861,28,1,166.37,15.0,2024-07-03 21:55:00
1517,862,105,1,152.59,0.0,2025-05-14 07:46:00
1518,863,44,1,253.96,5.0,2024-03-23 11:17:00
1519,864,68,1,370.42,0.0,2024-04-30 13:49:00
1520,864,41,2,65.16,0.0,2024-04-30 13:49:00
1521,865,59,1,289.19,15.0,2024-08-02 21:54:00
1522,866,14,3,83.96,0.0,2025-08-08 14:55:00
1523,866,29,3,342.09,15.0,2025-08-08 14:55:00
1524,866,50,3,312.61,0.0,2025-08-08 14:55:00
1525,867,66,1,45.84,0.0,2024-04-01 10:42:00
1526,867,52,1,112.54,0.0,2024-04-01 10:42:00
1527,867,36,1,70.95,0.0,2024-04-01 10:42:00
1528,868,112,1,350.45,0.0,2024-12-07 01:17:00
1529,868,14,1,83.96,15.0,2024-12-07 01:17:00
1530,869,96,1,374.74,10.0,2025-08-28 01:35:00
1531,869,3,2,151.33,0.0,2025-08-28 01:35:00
1532,869,24,1,223.66,10.0,2025-08-28 01:35:00
1533,870,68,1,370.42,10.0,2024-10-29 13:37:00
1534,871,119,1,272.68,0.0,2024-04-22 10:14:00
1535,872,28,1,166.37,0.0,2024-10-10 05:49:00
1536,873,66,1,45.84,0.0,2025-03-11 17:49:00
1537,873,57,1,74.83,0.0,2025-03-11 17:49:00
1538,874,84,1,270.53,0.0,2025-04-08 06:51:00
1539,875,25,1,225.89,15.0,2025-05-20 21:20:00
1540,875,52,1,112.54,0.0,2025-05-20 21:20:00
1541,875,36,1,70.95,0.0,2025-05-20 21:20:00
1542,876,56,1,233.79,0.0,2025-03-20 00:39:00
1543,877,32,3,266.46,0.0,2024-02-10 23:10:00
1544,878,7,2,269.58,0.0,2024-09-13 09:44:00
1545,879,31,1,116.15,0.0,2025-07-09 22:12:00
1546,879,13,1,274.59,0.0,2025-07-09 22:12:00
1547,880,90,2,224.17,0.0,2024-08-28 12:06:00
1548,880,51,1,288.17,0.0,2024-08-28 12:06:00
1549,880,29,2,342.09,0.0,2024-08-28 12:06:00
1550,881,35,1,165.52,0.0,2024-07-11 20:41:00
1551,881,22,2,228.27,0.0,2024-07-11 20:41:00
1552,881,45,1,147.92,0.0,2024-07-11 20:41:00
1553,882,37,2,13.97,0.0,2024-08-29 13:14:00
1554,882,13,1,274.59,5.0,2024-08-29 13:14:00
1555,883,80,1,13.54,0.0,2024-12-09 19:23:00
1556,883,40,2,202.91,10.0,2024-12-09 19:23:00
1557,883,89,1,95.93,10.0,2024-12-09 19:23:00
1558,884,9,1,281.6,0.0,2025-06-30 17:34:00
1559,885,59,1,289.19,0.0,2024-07-03 14:34:00
1560,886,61,1,235.72,0.0,2024-09-29 11:28:00
1561,887,34,2,267.4,10.0,2024-05-18 12:07:00
1562,888,98,2,176.86,0.0,2024-10-15 16:44:00
1563,889,61,1,235.72,0.0,2025-02-03 19:34:00
1564,889,63,2,169.24,0.0,2025-02-03 19:34:00
1565,890,6,2,94.63,0.0,2025-06-04 02:34:00
1566,891,38,2,290.33,0.0,2025-04-23 17:21:00
1567,891,68,1,370.42,0.0,2025-04-23 17:21:00
1568,892,100,1,300.7,0.0,2024-05-25 04:15:00
1569,892,39,2,187.44,5.0,2024-05-25 04:15:00
1570,893,63,2,169.24,0.0,2024-04-11 22:23:00
1571,894,33,1,225.03,0.0,2024-08-20 05:59:00
1572,894,33,1,225.03,0.0,2024-08-20 05:59:00
1573,894,2,2,133.7,15.0,2024-08-20 05:59:00
1574,894,39,2,187.44,0.0,2024-08-20 05:59:00
1575,895,100,1,300.7,10.0,2024-04-19 03:48:00
1576,895,111,3,75.81,0.0,2024-04-19 03:48:00
1577,895,77,1,192.03,10.0,2024-04-19 03:48:00
1578,896,67,2,237.12,0.0,2025-05-14 22:23:00
1579,897,53,2,43.07,0.0,2025-06-03 16:40:00
1580,898,19,1,229.65,0.0,2024-11-20 17:48:00
1581,898,4,1,79.84,15.0,2024-11-20 17:48:00
1582,899,56,1,233.79,15.0,2024-01-14 11:30:00
1583,899,96,1,374.74,0.0,2024-01-14 11:30:00
1584,900,49,1,110.02,0.0,2025-06-28 08:10:00
1585,900,36,2,70.95,0.0,2025-06-28 08:10:00
1586,900,87,1,308.62,0.0,2025-06-28 08:10:00
1587,901,113,1,82.59,0.0,2025-05-03 23:04:00
1588,901,34,3,267.4,0.0,2025-05-03 23:04:00
1589,901,45,2,147.92,0.0,2025-05-03 23:04:00
1590,902,54,3,185.03,0.0,2024-05-30 19:08:00
1591,903,25,1,225.89,10.0,2025-08-09 05:19:00
1592,904,44,2,253.96,0.0,2024-11-02 09:00:00
1593,904,16,1,267.62,0.0,2024-11-02 09:00:00
1594,905,102,2,209.95,0.0,2024-11-11 12:55:00
1595,906,2,1,133.7,0.0,2025-05-07 16:24:00
1596,907,60,1,252.79,0.0,2024-06-04 17:50:00
1597,907,67,3,237.12,0.0,2024-06-04 17:50:00
1598,908,86,1,292.16,0.0,2025-04-23 03:23:00
1599,908,63,1,169.24,0.0,2025-04-23 03:23:00
1600,909,2,1,133.7,0.0,2025-07-02 00:42:00
1601,909,28,1,166.37,0.0,2025-07-02 00:42:00
1602,910,7,1,269.58,0.0,2024-07-01 00:20:00
1603,910,1,1,299.18,0.0,2024-07-01 00:20:00
1604,911,1,1,299.18,0.0,2024-12-27 11:47:00
1605,911,18,1,186.27,0.0,2024-12-27 11:47:00
1606,912,110,1,65.55,0.0,2024-04-20 06:42:00
1607,913,72,1,195.51,0.0,2025-08-26 02:18:00
1608,913,12,2,118.89,5.0,2025-08-26 02:18:00
1609,913,19,3,229.65,0.0,2025-08-26 02:18:00
1610,913,26,1,17.17,0.0,2025-08-26 02:18:00
1611,914,38,1,290.33,0.0,2025-05-30 05:45:00
1612,914,61,3,235.72,0.0,2025-05-30 05:45:00
1613,914,32,2,266.46,0.0,2025-05-30 05:45:00
1614,915,55,1,84.93,0.0,2024-10-16 18:10:00
1615,915,116,1,61.84,0.0,2024-10-16 18:10:00
1616,916,39,1,187.44,0.0,2024-05-05 18:29:00
1617,917,56,1,233.79,0.0,2025-07-31 05:02:00
1618,918,75,1,198.83,0.0,2025-03-17 02:04:00
1619,919,33,1,225.03,0.0,2024-09-04 19:54:00
1620,919,71,1,14.01,0.0,2024-09-04 19:54:00
1621,920,39,1,187.44,0.0,2025-06-14 12:40:00
1622,921,70,1,238.41,0.0,2024-09-23 15:45:00
1623,921,101,2,356.86,0.0,2024-09-23 15:45:00
1624,922,18,1,186.27,5.0,2025-07-14 14:18:00
1625,923,65,3,135.3,5.0,2024-12-26 22:30:00
1626,923,92,1,324.26,10.0,2024-12-26 22:30:00
1627,924,60,1,252.79,0.0,2024-09-28 01:50:00
1628,925,4,3,79.84,0.0,2024-06-22 03:17:00
1629,926,99,1,396.99,5.0,2025-05-02 03:02:00
1630,927,79,3,210.67,0.0,2025-01-02 08:39:00
1631,927,101,1,356.86,0.0,2025-01-02 08:39:00
1632,928,17,1,283.54,0.0,2025-01-30 02:15:00
1633,928,116,1,61.84,10.0,2025-01-30 02:15:00
1634,929,97,2,70.02,0.0,2024-10-17 02:47:00
1635,930,86,1,292.16,0.0,2024-03-04 05:21:00
1636,931,112,1,350.45,0.0,2025-04-09 16:14:00
1637,931,108,1,100.18,0.0,2025-04-09 16:14:00
1638,931,8,1,333.91,0.0,2025-04-09 16:14:00
1639,932,14,1,83.96,0.0,2025-02-22 13:56:00
1640,932,13,2,274.59,0.0,2025-02-22 13:56:00
1641,932,73,1,314.18,0.0,2025-02-22 13:56:00
1642,932,43,2,155.5,0.0,2025-02-22 13:56:00
1643,933,75,1,198.83,0.0,2024-11-24 20:42:00
1644,934,7,2,269.58,0.0,2024-02-15 05:59:00
1645,934,67,1,237.12,0.0,2024-02-15 05:59:00
1646,935,64,1,200.13,10.0,2024-02-19 13:31:00
1647,935,115,1,388.87,0.0,2024-02-19 13:31:00
1648,936,39,1,187.44,0.0,2025-01-17 12:40:00
1649,936,93,3,130.27,15.0,2025-01-17 12:40:00
1650,936,1,2,299.18,0.0,2025-01-17 12:40:00
1651,937,26,1,17.17,10.0,2024-07-24 23:00:00
1652,937,1,1,299.18,0.0,2024-07-24 23:00:00
1653,938,67,1,237.12,0.0,2024-10-27 10:35:00
1654,938,27,1,177.5,0.0,2024-10-27 10:35:00
1655,938,4,2,79.84,0.0,2024-10-27 10:35:00
1656,939,8,3,333.91,0.0,2024-06-18 05:38:00
1657,940,62,3,38.36,0.0,2024-07-19 19:11:00
1658,941,108,2,100.18,0.0,2024-01-14 01:12:00
1659,941,34,2,267.4,0.0,2024-01-14 01:12:00
1660,941,88,1,366.82,0.0,2024-01-14 01:12:00
1661,942,16,1,267.62,0.0,2025-06-16 10:02:00
1662,942,82,1,60.4,0.0,2025-06-16 10:02:00
1663,943,96,1,374.74,10.0,2024-10-17 13:31:00
1664,944,95,1,208.45,0.0,2024-06-21 06:26:00
1665,945,62,1,38.36,5.0,2025-04-04 06:40:00
1666,946,76,1,230.83,0.0,2025-02-18 21:57:00
1667,946,86,1,292.16,0.0,2025-02-18 21:57:00
1668,947,103,1,129.79,0.0,2025-07-20 17:03:00
1669,948,55,1,84.93,10.0,2024-10-10 19:48:00
1670,949,16,1,267.62,0.0,2024-03-19 05:51:00
1671,950,39,1,187.44,5.0,2024-10-02 04:49:00
1672,951,85,1,116.09,15.0,2024-08-03 15:57:00
1673,951,6,3,94.63,0.0,2024-08-03 15:57:00
1674,952,18,1,186.27,0.0,2025-01-31 12:22:00
1675,953,36,1,70.95,0.0,2024-04-26 18:22:00
1676,953,21,1,269.02,0.0,2024-04-26 18:22:00
1677,954,65,1,135.3,0.0,2024-09-21 18:14:00
1678,954,116,2,61.84,5.0,2024-09-21 18:14:00
1679,954,50,1,312.61,0.0,2024-09-21 18:14:00
1680,955,20,1,50.24,0.0,2024-08-14 14:53:00
1681,956,44,1,253.96,0.0,2024-05-21 01:46:00
1682,956,110,2,65.55,0.0,2024-05-21 01:46:00
1683,957,98,1,176.86,10.0,2025-01-15 09:16:00
1684,958,9,3,281.6,0.0,2024-09-20 09:19:00
1685,958,83,1,223.84,10.0,2024-09-20 09:19:00
1686,958,61,1,235.72,0.0,2024-09-20 09:19:00
1687,959,91,3,151.51,0.0,2024-06-15 22:27:00
1688,960,68,1,370.42,0.0,2025-02-07 04:44:00
1689,960,90,1,224.17,0.0,2025-02-07 04:44:00
1690,961,45,1,147.92,0.0,2025-08-20 09:41:00
1691,961,107,1,108.67,5.0,2025-08-20 09:41:00
1692,961,6,1,94.63,5.0,2025-08-20 09:41:00
1693,961,94,1,119.91,0.0,2025-08-20 09:41:00
1694,962,14,1,83.96,0.0,2024-11-16 12:06:00
1695,963,42,2,181.23,10.0,2025-05-24 02:50:00
1696,963,99,2,396.99,5.0,2025-05-24 02:50:00
1697,964,31,1,116.15,0.0,2024-09-07 07:55:00
1698,964,113,1,82.59,0.0,2024-09-07 07:55:00
1699,965,97,3,70.02,10.0,2025-04-02 14:53:00
1700,965,119,1,272.68,0.0,2025-04-02 14:53:00
1701,965,79,1,210.67,0.0,2025-04-02 14:53:00
1702,966,96,1,374.74,5.0,2024-10-06 10:14:00
1703,967,78,1,135.97,0.0,2025-06-21 05:07:00
1704,967,4,3,79.84,5.0,2025-06-21 05:07:00
1705,968,90,1,224.17,0.0,2024-06-16 07:31:00
1706,969,82,1,60.4,0.0,2024-03-17 03:11:00
1707,970,33,1,225.03,15.0,2024-02-27 07:19:00
1708,971,29,1,342.09,15.0,2024-07-20 05:24:00
1709,971,21,1,269.02,10.0,2024-07-20 05:24:00
1710,972,102,1,209.95,10.0,2024-01-15 09:06:00
1711,972,75,1,198.83,0.0,2024-01-15 09:06:00
1712,973,13,1,274.59,15.0,2024-04-28 03:53:00
1713,973,104,1,266.36,10.0,2024-04-28 03:53:00
1714,973,1,1,299.18,0.0,2024-04-28 03:53:00
1715,973,53,1,43.07,0.0,2024-04-28 03:53:00
1716,974,44,1,253.96,0.0,2025-08-21 15:36:00
1717,974,94,3,119.91,0.0,2025-08-21 15:36:00
1718,974,94,1,119.91,0.0,2025-08-21 15:36:00
1719,975,107,1,108.67,0.0,2025-03-23 02:23:00
1720,976,65,1,135.3,0.0,2025-08-17 20:37:00
1721,976,80,2,13.54,0.0,2025-08-17 20:37:00
1722,976,110,1,65.55,0.0,2025-08-17 20:37:00
1723,977,55,1,84.93,15.0,2024-03-16 09:26:00
1724,978,73,1,314.18,0.0,2025-07-22 10:59:00
1725,978,101,1,356.86,0.0,2025-07-22 10:59:00
1726,978,13,1,274.59,0.0,2025-07-22 10:59:00
1727,979,77,1,192.03,10.0,2025-02-10 15:17:00
1728,980,106,3,299.98,10.0,2025-08-13 09:55:00
1729,981,33,1,225.03,0.0,2025-01-08 16:52:00
1730,981,46,1,51.61,0.0,2025-01-08 16:52:00
1731,981,112,1,350.45,0.0,2025-01-08 16:52:00
1732,982,69,1,234.52,0.0,2024-04-01 03:40:00
1733,983,120,1,205.0,0.0,2024-07-20 03:49:00
1734,983,40,1,202.91,0.0,2024-07-20 03:49:00
1735,983,8,1,333.91,0.0,2024-07-20 03:49:00
1736,984,75,1,198.83,0.0,2024-05-28 21:02:00
1737,984,118,3,57.07,0.0,2024-05-28 21:02:00
1738,984,84,1,270.53,0.0,2024-05-28 21:02:00
1739,985,34,1,267.4,0.0,2025-04-19 23:33:00
1740,986,8,1,333.91,0.0,2024-01-05 02:40:00
1741,986,71,2,14.01,0.0,2024-01-05 02:40:00
1742,986,43,3,155.5,0.0,2024-01-05 02:40:00
1743,987,113,1,82.59,15.0,2024-04-13 14:15:00
1744,987,64,1,200.13,0.0,2024-04-13 14:15:00
1745,988,116,1,61.84,0.0,2025-02-21 11:21:00
1746,988,107,2,108.67,0.0,2025-02-21 11:21:00
1747,988,5,1,56.32,5.0,2025-02-21 11:21:00
1748,989,54,1,185.03,10.0,2024-11-09 14:34:00
1749,990,11,2,322.88,5.0,2024-05-06 17:52:00
1750,990,62,3,38.36,0.0,2024-05-06 17:52:00
1751,991,6,1,94.63,5.0,2025-04-25 11:44:00
1752,992,29,1,342.09,0.0,2024-07-15 21:14:00
1753,993,39,2,187.44,10.0,2024-04-04 23:50:00
1754,994,30,1,28.03,5.0,2024-05-15 23:10:00
1755,994,8,1,333.91,0.0,2024-05-15 23:10:00
1756,994,101,2,356.86,0.0,2024-05-15 23:10:00
1757,995,111,1,75.81,0.0,2025-03-30 10:07:00
1758,995,88,2,366.82,0.0,2025-03-30 10:07:00
1759,996,7,1,269.58,5.0,2024-07-16 00:57:00
1760,996,49,1,110.02,0.0,2024-07-16 00:57:00
1761,997,55,1,84.93,0.0,2025-07-21 03:05:00
1762,998,16,2,267.62,15.0,2025-04-18 11:54:00
1763,999,48,1,281.38,0.0,2024-04-29 08:41:00
1764,999,44,1,253.96,0.0,2024-04-29 08:41:00
1765,999,8,1,333.91,0.0,2024-04-29 08:41:00
1766,999,12,1,118.89,5.0,2024-04-29 08:41:00
1767,1000,96,2,374.74,0.0,2024-04-05 07:14:00
1768,1001,69,1,234.52,0.0,2024-03-30 19:39:00
1769,1001,103,1,129.79,0.0,2024-03-30 19:39:00
1770,1001,93,1,130.27,10.0,2024-03-30 19:39:00
1771,1002,8,1,333.91,0.0,2025-08-14 17:35:00
1772,1003,6,1,94.63,0.0,2025-07-19 13:20:00
1773,1004,114,1,312.07,15.0,2024-07-14 03:34:00
1774,1004,38,1,290.33,0.0,2024-07-14 03:34:00
1775,1005,85,1,116.09,0.0,2024-06-04 11:11:00
1776,1006,33,3,225.03,0.0,2025-01-31 06:55:00
1777,1007,91,2,151.51,0.0,2024-09-01 19:11:00
1778,1008,118,2,57.07,0.0,2025-02-02 05:42:00
1779,1009,39,3,187.44,0.0,2024-04-16 14:49:00
1780,1010,38,2,290.33,0.0,2024-06-18 17:36:00
1781,1010,32,1,266.46,0.0,2024-06-18 17:36:00
1782,1011,90,1,224.17,0.0,2025-03-30 05:29:00
1783,1012,45,3,147.92,0.0,2024-02-07 22:09:00
1784,1013,80,1,13.54,0.0,2025-01-03 18:55:00
1785,1013,11,1,322.88,5.0,2025-01-03 18:55:00
1786,1014,67,1,237.12,5.0,2025-05-16 21:32:00
1787,1015,27,1,177.5,0.0,2024-01-31 11:49:00
1788,1015,93,2,130.27,10.0,2024-01-31 11:49:00
1789,1016,31,1,116.15,5.0,2025-02-03 20:58:00
1790,1017,59,3,289.19,0.0,2025-01-12 19:38:00
1791,1017,3,1,151.33,15.0,2025-01-12 19:38:00
1792,1018,36,1,70.95,10.0,2024-12-28 06:44:00
1793,1019,11,1,322.88,0.0,2024-08-29 18:39:00
1794,1020,50,1,312.61,0.0,2024-12-25 07:04:00
1795,1020,111,1,75.81,0.0,2024-12-25 07:04:00
1796,1020,57,1,74.83,0.0,2024-12-25 07:04:00
1797,1021,24,1,223.66,0.0,2024-06-06 07:19:00
1798,1022,85,1,116.09,0.0,2025-06-26 10:41:00
1799,1022,70,2,238.41,0.0,2025-06-26 10:41:00
1800,1023,117,1,10.5,0.0,2025-06-18 17:46:00
1801,1023,115,1,388.87,10.0,2025-06-18 17:46:00
1802,1023,107,3,108.67,0.0,2025-06-18 17:46:00
1803,1024,76,1,230.83,0.0,2025-08-01 13:19:00
1804,1024,4,1,79.84,0.0,2025-08-01 13:19:00
1805,1024,107,1,108.67,0.0,2025-08-01 13:19:00
1806,1025,101,2,356.86,0.0,2024-08-31 09:21:00
1807,1025,95,2,208.45,0.0,2024-08-31 09:21:00
1808,1025,104,1,266.36,0.0,2024-08-31 09:21:00
1809,1026,93,3,130.27,0.0,2025-03-28 02:34:00
1810,1027,69,1,234.52,0.0,2024-09-10 03:23:00
1811,1028,73,2,314.18,0.0,2024-06-11 00:36:00
1812,1028,34,1,267.4,0.0,2024-06-11 00:36:00
1813,1029,96,3,374.74,0.0,2024-10-13 18:22:00
1814,1030,117,1,10.5,0.0,2024-02-09 09:13:00
1815,1031,36,1,70.95,5.0,2024-03-19 16:43:00
1816,1031,32,2,266.46,0.0,2024-03-19 16:43:00
1817,1032,74,1,197.23,0.0,2025-01-11 07:11:00
1818,1033,47,1,384.95,0.0,2025-07-01 09:14:00
1819,1033,33,2,225.03,0.0,2025-07-01 09:14:00
1820,1034,78,1,135.97,5.0,2025-07-17 10:26:00
1821,1034,40,1,202.91,0.0,2025-07-17 10:26:00
1822,1034,42,2,181.23,0.0,2025-07-17 10:26:00
1823,1035,57,1,74.83,0.0,2024-05-08 23:10:00
1824,1035,57,1,74.83,0.0,2024-05-08 23:10:00
1825,1035,5,3,56.32,0.0,2024-05-08 23:10:00
1826,1036,109,1,53.49,0.0,2024-10-08 16:55:00
1827,1037,75,3,198.83,0.0,2024-05-06 21:29:00
1828,1038,79,1,210.67,0.0,2024-02-29 00:46:00
1829,1039,57,1,74.83,0.0,2025-06-11 11:27:00
1830,1039,99,2,396.99,10.0,2025-06-11 11:27:00
1831,1039,34,2,267.4,0.0,2025-06-11 11:27:00
1832,1039,17,1,283.54,0.0,2025-06-11 11:27:00
1833,1040,112,1,350.45,0.0,2025-01-11 20:12:00
1834,1041,15,1,7.91,0.0,2024-05-20 14:48:00
1835,1042,65,2,135.3,0.0,2024-09-26 03:52:00
1836,1043,6,1,94.63,0.0,2024-02-13 10:54:00
1837,1043,30,1,28.03,0.0,2024-02-13 10:54:00
1838,1044,34,3,267.4,0.0,2024-09-06 03:43:00
1839,1044,3,1,151.33,0.0,2024-09-06 03:43:00
1840,1045,46,1,51.61,0.0,2024-07-12 00:31:00
1841,1045,6,1,94.63,0.0,2024-07-12 00:31:00
1842,1045,45,1,147.92,0.0,2024-07-12 00:31:00
1843,1046,15,1,7.91,0.0,2025-08-11 12:43:00
1844,1046,31,1,116.15,0.0,2025-08-11 12:43:00
1845,1047,107,2,108.67,0.0,2024-01-07 21:39:00
1846,1047,54,1,185.03,10.0,2024-01-07 21:39:00
1847,1048,37,1,13.97,0.0,2024-07-24 02:36:00
1848,1049,101,1,356.86,0.0,2024-05-25 05:13:00
1849,1050,115,1,388.87,0.0,2024-03-10 07:46:00
1850,1050,61,3,235.72,5.0,2024-03-10 07:46:00
1851,1050,38,1,290.33,0.0,2024-03-10 07:46:00
1852,1050,21,1,269.02,0.0,2024-03-10 07:46:00
1853,1051,20,3,50.24,0.0,2024-11-25 07:55:00
1854,1052,78,1,135.97,0.0,2024-05-05 17:32:00
1855,1053,92,2,324.26,15.0,2024-08-26 20:10:00
1856,1054,75,2,198.83,0.0,2025-07-12 09:57:00
1857,1054,28,1,166.37,0.0,2025-07-12 09:57:00
1858,1055,85,2,116.09,0.0,2025-07-04 01:15:00
1859,1055,49,2,110.02,0.0,2025-07-04 01:15:00
1860,1056,10,3,333.74,10.0,2024-02-20 14:15:00
1861,1056,29,1,342.09,5.0,2024-02-20 14:15:00
1862,1057,81,1,331.39,10.0,2025-07-26 22:13:00
1863,1057,54,1,185.03,0.0,2025-07-26 22:13:00
1864,1057,16,2,267.62,0.0,2025-07-26 22:13:00
1865,1057,68,2,370.42,0.0,2025-07-26 22:13:00
1866,1058,85,1,116.09,0.0,2024-04-29 16:45:00
1867,1058,57,1,74.83,10.0,2024-04-29 16:45:00
1868,1059,74,1,197.23,0.0,2024-02-06 16:34:00
1869,1060,32,2,266.46,0.0,2024-07-21 10:11:00
1870,1061,30,1,28.03,0.0,2024-06-20 07:40:00
1871,1061,96,3,374.74,5.0,2024-06-20 07:40:00
1872,1061,89,1,95.93,0.0,2024-06-20 07:40:00
1873,1061,94,3,119.91,0.0,2024-06-20 07:40:00
1874,1062,11,1,322.88,0.0,2024-06-04 14:39:00
1875,1063,118,1,57.07,5.0,2024-10-16 15:09:00
1876,1063,62,1,38.36,0.0,2024-10-16 15:09:00
1877,1064,54,1,185.03,0.0,2024-04-07 19:16:00
1878,1065,17,3,283.54,0.0,2025-02-01 03:55:00
1879,1065,32,2,266.46,10.0,2025-02-01 03:55:00
1880,1065,53,1,43.07,15.0,2025-02-01 03:55:00
1881,1066,78,1,135.97,0.0,2024-07-21 18:27:00
1882,1066,37,1,13.97,0.0,2024-07-21 18:27:00
1883,1067,53,1,43.07,0.0,2025-02-20 04:16:00
1884,1068,74,1,197.23,0.0,2024-11-26 14:41:00
1885,1068,113,2,82.59,0.0,2024-11-26 14:41:00
1886,1068,116,1,61.84,0.0,2024-11-26 14:41:00
1887,1068,59,1,289.19,5.0,2024-11-26 14:41:00
1888,1069,34,2,267.4,0.0,2024-03-16 10:14:00
1889,1070,61,2,235.72,0.0,2025-07-03 16:02:00
1890,1070,17,2,283.54,0.0,2025-07-03 16:02:00
1891,1071,4,1,79.84,0.0,2024-11-04 18:34:00
1892,1071,10,1,333.74,0.0,2024-11-04 18:34:00
1893,1071,111,1,75.81,0.0,2024-11-04 18:34:00
1894,1072,55,1,84.93,0.0,2025-05-29 01:46:00
1895,1073,72,1,195.51,0.0,2024-01-10 07:35:00
1896,1074,44,2,253.96,0.0,2024-04-15 01:03:00
1897,1075,76,1,230.83,0.0,2024-09-04 15:02:00
1898,1075,14,3,83.96,0.0,2024-09-04 15:02:00
1899,1075,6,1,94.63,0.0,2024-09-04 15:02:00
1900,1076,58,3,304.62,0.0,2025-03-24 03:51:00
1901,1076,81,1,331.39,0.0,2025-03-24 03:51:00
1902,1076,107,1,108.67,0.0,2025-03-24 03:51:00
1903,1077,90,1,224.17,0.0,2024-07-24 00:09:00
1904,1077,24,2,223.66,10.0,2024-07-24 00:09:00
1905,1078,105,3,152.59,0.0,2024-12-31 19:07:00
1906,1078,11,1,322.88,0.0,2024-12-31 19:07:00
1907,1079,76,1,230.83,0.0,2024-10-21 07:02:00
1908,1080,49,1,110.02,5.0,2024-02-12 18:54:00
1909,1080,23,1,307.17,0.0,2024-02-12 18:54:00
1910,1081,99,1,396.99,10.0,2025-04-18 23:07:00
1911,1081,39,1,187.44,0.0,2025-04-18 23:07:00
1912,1082,67,2,237.12,5.0,2025-08-11 01:42:00
1913,1083,109,3,53.49,0.0,2024-02-09 16:13:00
1914,1083,37,1,13.97,0.0,2024-02-09 16:13:00
1915,1084,23,3,307.17,0.0,2024-02-28 12:04:00
1916,1085,95,2,208.45,0.0,2024-06-30 23:39:00
1917,1086,56,1,233.79,5.0,2025-02-13 13:59:00
1918,1086,74,2,197.23,10.0,2025-02-13 13:59:00
1919,1087,45,1,147.92,0.0,2024-07-27 00:07:00
1920,1088,36,1,70.95,0.0,2025-06-12 16:00:00
1921,1089,22,1,228.27,0.0,2025-01-16 22:45:00
1922,1090,78,2,135.97,0.0,2024-06-05 19:10:00
1923,1090,119,1,272.68,0.0,2024-06-05 19:10:00
1924,1090,36,1,70.95,0.0,2024-06-05 19:10:00
1925,1091,108,1,100.18,0.0,2025-08-27 01:56:00
1926,1092,77,3,192.03,10.0,2025-03-19 03:08:00
1927,1093,70,1,238.41,0.0,2024-06-26 04:36:00
1928,1093,25,1,225.89,5.0,2024-06-26 04:36:00
1929,1093,107,2,108.67,0.0,2024-06-26 04:36:00
1930,1093,48,1,281.38,10.0,2024-06-26 04:36:00
1931,1094,74,1,197.23,0.0,2024-01-17 11:41:00
1932,1094,57,1,74.83,0.0,2024-01-17 11:41:00
1933,1094,107,1,108.67,0.0,2024-01-17 11:41:00
1934,1095,92,2,324.26,10.0,2025-04-08 09:15:00
1935,1095,109,1,53.49,0.0,2025-04-08 09:15:00
1936,1095,114,1,312.07,5.0,2025-04-08 09:15:00
1937,1096,111,1,75.81,0.0,2024-12-04 13:09:00
1938,1097,86,1,292.16,5.0,2024-11-23 18:18:00
1939,1098,11,2,322.88,0.0,2025-07-16 17:38:00
1940,1099,10,1,333.74,10.0,2025-06-01 10:05:00
1941,1100,36,1,70.95,0.0,2024-01-03 05:06:00
1942,1100,95,1,208.45,0.0,2024-01-03 05:06:00
1943,1101,91,1,151.51,0.0,2025-01-17 08:10:00
1944,1101,115,3,388.87,0.0,2025-01-17 08:10:00
1945,1102,120,2,205.0,0.0,2025-03-03 23:35:00
1946,1103,25,2,225.89,0.0,2025-06-03 17:15:00
1947,1103,85,2,116.09,0.0,2025-06-03 17:15:00
1948,1104,82,1,60.4,5.0,2024-08-04 19:16:00
1949,1104,32,1,266.46,0.0,2024-08-04 19:16:00
1950,1105,29,1,342.09,10.0,2025-05-24 06:32:00
1951,1106,20,1,50.24,0.0,2025-05-10 06:41:00
1952,1107,64,1,200.13,0.0,2025-04-25 19:58:00
1953,1108,113,1,82.59,10.0,2025-02-17 07:38:00
1954,1109,93,2,130.27,0.0,2024-04-12 10:14:00
1955,1109,1,1,299.18,0.0,2024-04-12 10:14:00
1956,1110,79,1,210.67,0.0,2024-03-09 08:05:00
1957,1111,54,1,185.03,0.0,2024-01-10 03:26:00
1958,1112,81,1,331.39,0.0,2025-08-05 05:21:00
1959,1112,82,1,60.4,0.0,2025-08-05 05:21:00
1960,1113,24,2,223.66,10.0,2025-02-05 21:56:00
1961,1113,108,1,100.18,0.0,2025-02-05 21:56:00
1962,1114,63,1,169.24,0.0,2024-12-09 18:17:00
1963,1115,77,1,192.03,0.0,2025-06-22 13:17:00
1964,1115,62,1,38.36,0.0,2025-06-22 13:17:00
1965,1116,113,2,82.59,0.0,2024-07-29 14:52:00
1966,1117,54,3,185.03,15.0,2024-03-15 23:30:00
1967,1117,42,1,181.23,0.0,2024-03-15 23:30:00
1968,1118,23,1,307.17,0.0,2024-12-03 22:29:00
1969,1119,15,1,7.91,5.0,2024-06-17 19:05:00
1970,1120,17,2,283.54,0.0,2024-03-02 06:33:00
1971,1121,104,2,266.36,0.0,2024-01-03 01:09:00
1972,1122,88,1,366.82,0.0,2025-02-28 00:28:00
1973,1122,38,1,290.33,0.0,2025-02-28 00:28:00
1974,1123,109,2,53.49,0.0,2024-02-08 05:29:00
1975,1124,99,1,396.99,10.0,2024-04-25 08:57:00
1976,1125,53,1,43.07,0.0,2025-07-26 23:18:00
1977,1125,57,1,74.83,0.0,2025-07-26 23:18:00
1978,1126,7,1,269.58,0.0,2024-12-28 16:42:00
1979,1127,44,1,253.96,5.0,2024-12-04 19:10:00
1980,1127,6,1,94.63,0.0,2024-12-04 19:10:00
1981,1128,74,2,197.23,10.0,2024-10-21 03:19:00
1982,1129,100,1,300.7,0.0,2025-01-22 15:28:00
1983,1129,79,1,210.67,5.0,2025-01-22 15:28:00
1984,1130,70,1,238.41,0.0,2024-01-21 02:05:00
1985,1131,103,1,129.79,0.0,2025-05-26 15:01:00
1986,1131,100,2,300.7,0.0,2025-05-26 15:01:00
1987,1132,99,2,396.99,5.0,2025-01-18 00:05:00
1988,1132,9,1,281.6,0.0,2025-01-18 00:05:00
1989,1132,67,1,237.12,0.0,2025-01-18 00:05:00
1990,1133,21,2,269.02,0.0,2024-10-09 08:37:00
1991,1133,51,2,288.17,0.0,2024-10-09 08:37:00
1992,1134,103,1,129.79,15.0,2025-03-15 13:29:00
1993,1135,53,1,43.07,5.0,2024-01-07 23:22:00
1994,1136,2,1,133.7,0.0,2025-04-06 20:28:00
1995,1136,3,2,151.33,0.0,2025-04-06 20:28:00
1996,1137,65,1,135.3,0.0,2024-03-23 22:28:00
1997,1137,63,1,169.24,0.0,2024-03-23 22:28:00
1998,1138,4,1,79.84,0.0,2024-07-13 20:59:00
1999,1139,32,1,266.46,0.0,2024-07-23 01:55:00
2000,1139,96,1,374.74,0.0,2024-07-23 01:55:00
2001,1140,84,1,270.53,0.0,2024-02-07 11:35:00
2002,1140,105,2,152.59,0.0,2024-02-07 11:35:00
2003,1141,11,1,322.88,0.0,2024-03-11 22:48:00
2004,1142,91,2,151.51,15.0,2025-07-25 18:36:00
2005,1142,54,1,185.03,0.0,2025-07-25 18:36:00
2006,1143,70,1,238.41,0.0,2024-10-23 01:11:00
2007,1143,20,1,50.24,0.0,2024-10-23 01:11:00
2008,1144,51,1,288.17,0.0,2025-03-25 02:05:00
2009,1144,78,2,135.97,0.0,2025-03-25 02:05:00
2010,1145,55,1,84.93,0.0,2024-07-18 00:58:00
2011,1145,3,1,151.33,0.0,2024-07-18 00:58:00
2012,1146,13,1,274.59,0.0,2024-09-21 03:48:00
2013,1147,61,1,235.72,15.0,2024-05-02 20:55:00
2014,1147,55,1,84.93,0.0,2024-05-02 20:55:00
2015,1148,72,1,195.51,0.0,2024-09-04 21:30:00
2016,1148,37,3,13.97,0.0,2024-09-04 21:30:00
2017,1148,69,1,234.52,0.0,2024-09-04 21:30:00
2018,1148,49,1,110.02,5.0,2024-09-04 21:30:00
2019,1149,51,3,288.17,0.0,2024-02-11 22:28:00
2020,1150,92,1,324.26,0.0,2024-06-16 01:14:00
2021,1150,29,1,342.09,0.0,2024-06-16 01:14:00
2022,1151,99,1,396.99,0.0,2024-04-24 08:20:00
2023,1152,73,1,314.18,15.0,2024-11-16 19:17:00
2024,1153,19,2,229.65,0.0,2024-04-24 08:44:00
2025,1154,13,1,274.59,0.0,2025-05-16 04:06:00
2026,1154,27,2,177.5,15.0,2025-05-16 04:06:00
2027,1154,63,1,169.24,5.0,2025-05-16 04:06:00
2028,1154,11,1,322.88,5.0,2025-05-16 04:06:00
2029,1155,61,1,235.72,0.0,2024-10-02 16:49:00
2030,1155,108,1,100.18,0.0,2024-10-02 16:49:00
2031,1156,99,1,396.99,0.0,2025-04-30 21:46:00
2032,1157,95,1,208.45,0.0,2025-06-27 00:31:00
2033,1158,42,1,181.23,0.0,2024-03-11 00:19:00
2034,1159,112,1,350.45,0.0,2024-07-01 08:33:00
2035,1159,89,1,95.93,0.0,2024-07-01 08:33:00
2036,1160,63,1,169.24,0.0,2024-12-07 13:40:00
2037,1160,41,3,65.16,0.0,2024-12-07 13:40:00
2038,1161,60,2,252.79,0.0,2025-06-09 07:10:00
2039,1162,110,2,65.55,0.0,2024-07-30 20:35:00
2040,1162,94,1,119.91,0.0,2024-07-30 20:35:00
2041,1163,90,1,224.17,0.0,2025-02-24 07:35:00
2042,1164,2,1,133.7,0.0,2025-02-27 09:08:00
2043,1165,22,1,228.27,0.0,2024-01-02 21:31:00
2044,1165,112,3,350.45,0.0,2024-01-02 21:31:00
2045,1166,55,1,84.93,0.0,2024-01-23 00:09:00
2046,1167,68,1,370.42,0.0,2025-03-18 10:36:00
2047,1167,96,2,374.74,0.0,2025-03-18 10:36:00
2048,1168,2,1,133.7,15.0,2024-01-07 12:27:00
2049,1169,38,2,290.33,0.0,2024-01-21 06:08:00
2050,1170,35,1,165.52,0.0,2025-06-12 15:33:00
2051,1170,79,2,210.67,0.0,2025-06-12 15:33:00
2052,1170,73,1,314.18,0.0,2025-06-12 15:33:00
2053,1171,67,1,237.12,0.0,2024-12-08 16:57:00
2054,1172,92,1,324.26,0.0,2024-11-30 12:26:00
2055,1172,78,1,135.97,10.0,2024-11-30 12:26:00
2056,1172,60,1,252.79,0.0,2024-11-30 12:26:00
2057,1173,96,2,374.74,0.0,2025-06-20 03:23:00
2058,1174,18,1,186.27,5.0,2025-03-02 15:01:00
2059,1174,92,2,324.26,0.0,2025-03-02 15:01:00
2060,1174,2,1,133.7,0.0,2025-03-02 15:01:00
2061,1175,61,1,235.72,0.0,2025-06-10 22:51:00
2062,1176,40,2,202.91,0.0,2024-02-15 01:41:00
2063,1176,26,1,17.17,0.0,2024-02-15 01:41:00
2064,1176,69,1,234.52,15.0,2024-02-15 01:41:00
2065,1176,13,1,274.59,0.0,2024-02-15 01:41:00
2066,1177,21,1,269.02,0.0,2025-06-03 01:31:00
2067,1178,114,1,312.07,10.0,2025-05-23 11:54:00
2068,1178,81,1,331.39,0.0,2025-05-23 11:54:00
2069,1179,37,2,13.97,10.0,2025-05-12 19:24:00
2070,1180,75,2,198.83,0.0,2024-11-10 21:30:00
2071,1180,48,1,281.38,0.0,2024-11-10 21:30:00
2072,1180,52,3,112.54,5.0,2024-11-10 21:30:00
2073,1181,83,1,223.84,0.0,2025-04-26 15:59:00
2074,1181,10,1,333.74,0.0,2025-04-26 15:59:00
2075,1182,28,1,166.37,15.0,2024-03-22 12:03:00
2076,1183,14,1,83.96,10.0,2025-01-11 05:26:00
2077,1184,83,2,223.84,10.0,2025-01-13 17:03:00
2078,1184,43,1,155.5,0.0,2025-01-13 17:03:00
2079,1185,78,1,135.97,0.0,2024-06-21 20:29:00
2080,1185,104,2,266.36,0.0,2024-06-21 20:29:00
2081,1185,79,1,210.67,0.0,2024-06-21 20:29:00
2082,1186,22,1,228.27,0.0,2024-07-27 02:24:00
2083,1187,28,1,166.37,0.0,2024-08-03 12:40:00
2084,1188,19,1,229.65,0.0,2024-02-22 16:55:00
2085,1188,61,2,235.72,0.0,2024-02-22 16:55:00
2086,1188,42,1,181.23,0.0,2024-02-22 16:55:00
2087,1189,18,1,186.27,0.0,2025-03-19 13:10:00
2088,1189,57,1,74.83,0.0,2025-03-19 13:10:00
2089,1189,61,1,235.72,15.0,2025-03-19 13:10:00
2090,1189,65,2,135.3,0.0,2025-03-19 13:10:00
2091,1190,51,1,288.17,0.0,2024-12-06 10:14:00
2092,1191,61,1,235.72,0.0,2024-04-02 13:59:00
2093,1192,41,1,65.16,0.0,2024-07-19 10:00:00
2094,1192,114,1,312.07,0.0,2024-07-19 10:00:00
2095,1192,28,3,166.37,5.0,2024-07-19 10:00:00
2096,1193,107,1,108.67,0.0,2024-07-11 06:45:00
2097,1193,19,2,229.65,0.0,2024-07-11 06:45:00
2098,1193,72,1,195.51,0.0,2024-07-11 06:45:00
2099,1194,33,1,225.03,0.0,2024-04-24 21:21:00
2100,1194,72,2,195.51,15.0,2024-04-24 21:21:00
2101,1195,23,1,307.17,10.0,2024-03-31 08:01:00
2102,1195,47,2,384.95,0.0,2024-03-31 08:01:00
2103,1196,45,2,147.92,5.0,2025-02-18 06:19:00
2104,1196,28,1,166.37,0.0,2025-02-18 06:19:00
2105,1197,118,3,57.07,0.0,2024-01-23 16:48:00
2106,1197,49,1,110.02,10.0,2024-01-23 16:48:00
2107,1197,120,2,205.0,0.0,2024-01-23 16:48:00
2108,1198,57,1,74.83,15.0,2024-12-07 00:02:00
2109,1199,76,1,230.83,0.0,2025-01-21 18:17:00
2110,1200,48,3,281.38,0.0,2025-07-25 00:01:00
2111,1201,2,1,133.7,0.0,2024-06-06 10:28:00
2112,1201,5,1,56.32,10.0,2024-06-06 10:28:00
2113,1202,51,1,288.17,0.0,2025-04-26 09:17:00
2114,1202,90,2,224.17,5.0,2025-04-26 09:17:00
2115,1203,8,3,333.91,0.0,2024-02-26 19:04:00
2116,1204,111,2,75.81,0.0,2025-01-13 11:18:00
2117,1204,61,3,235.72,0.0,2025-01-13 11:18:00
2118,1204,81,1,331.39,0.0,2025-01-13 11:18:00
2119,1205,96,2,374.74,0.0,2025-05-12 10:30:00
2120,1206,104,1,266.36,0.0,2024-09-29 11:24:00
2121,1206,48,1,281.38,0.0,2024-09-29 11:24:00
2122,1207,20,2,50.24,0.0,2025-02-24 10:48:00
2123,1207,23,2,307.17,0.0,2025-02-24 10:48:00
2124,1207,17,1,283.54,15.0,2025-02-24 10:48:00
2125,1208,16,1,267.62,0.0,2025-05-19 04:55:00
2126,1208,82,2,60.4,5.0,2025-05-19 04:55:00
2127,1208,41,1,65.16,0.0,2025-05-19 04:55:00
2128,1209,110,1,65.55,5.0,2024-06-21 10:20:00
2129,1209,79,2,210.67,0.0,2024-06-21 10:20:00
2130,1210,87,2,308.62,0.0,2025-03-06 21:33:00
2131,1211,91,1,151.51,0.0,2024-05-01 17:13:00
2132,1212,93,3,130.27,0.0,2025-02-16 18:12:00
2133,1212,67,1,237.12,0.0,2025-02-16 18:12:00
2134,1212,86,1,292.16,0.0,2025-02-16 18:12:00
2135,1212,108,1,100.18,10.0,2025-02-16 18:12:00
2136,1213,25,2,225.89,0.0,2024-06-28 14:59:00
2137,1214,94,1,119.91,0.0,2024-01-02 12:36:00
2138,1214,23,1,307.17,15.0,2024-01-02 12:36:00
2139,1215,26,1,17.17,0.0,2024-12-14 19:13:00
2140,1216,82,2,60.4,0.0,2025-03-13 08:23:00
2141,1217,1,1,299.18,15.0,2025-07-03 09:58:00
2142,1217,72,1,195.51,5.0,2025-07-03 09:58:00
2143,1217,44,1,253.96,10.0,2025-07-03 09:58:00
2144,1218,12,1,118.89,5.0,2024-12-14 14:38:00
2145,1218,60,1,252.79,0.0,2024-12-14 14:38:00
2146,1218,118,1,57.07,0.0,2024-12-14 14:38:00
2147,1219,24,1,223.66,0.0,2024-01-19 13:44:00
2148,1219,81,3,331.39,10.0,2024-01-19 13:44:00
2149,1220,101,1,356.86,10.0,2024-10-29 14:40:00
2150,1220,82,1,60.4,0.0,2024-10-29 14:40:00
2151,1221,93,3,130.27,0.0,2024-11-12 23:36:00
2152,1222,88,1,366.82,0.0,2025-03-07 05:58:00
2153,1223,25,2,225.89,0.0,2025-06-28 18:54:00
2154,1223,95,1,208.45,10.0,2025-06-28 18:54:00
2155,1223,7,1,269.58,0.0,2025-06-28 18:54:00
2156,1224,36,1,70.95,0.0,2025-01-06 01:32:00
2157,1225,29,2,342.09,10.0,2024-11-18 12:36:00
2158,1226,26,1,17.17,0.0,2025-06-13 14:22:00
2159,1227,90,1,224.17,0.0,2025-08-27 10:40:00
2160,1228,46,1,51.61,0.0,2024-03-07 09:50:00
2161,1229,83,1,223.84,0.0,2024-10-22 01:58:00
2162,1230,88,2,366.82,0.0,2024-01-11 00:09:00
2163,1230,5,3,56.32,0.0,2024-01-11 00:09:00
2164,1230,75,1,198.83,0.0,2024-01-11 00:09:00
2165,1231,27,3,177.5,0.0,2024-06-30 19:36:00
2166,1231,56,1,233.79,0.0,2024-06-30 19:36:00
2167,1232,102,1,209.95,0.0,2024-05-19 19:09:00
2168,1232,44,1,253.96,15.0,2024-05-19 19:09:00
2169,1232,65,1,135.3,0.0,2024-05-19 19:09:00
2170,1233,35,1,165.52,0.0,2024-07-27 21:43:00
2171,1233,99,1,396.99,10.0,2024-07-27 21:43:00
2172,1234,34,1,267.4,0.0,2024-11-27 10:13:00
2173,1235,85,1,116.09,0.0,2025-02-02 11:25:00
2174,1236,60,1,252.79,5.0,2024-10-19 03:06:00
2175,1237,49,1,110.02,0.0,2024-10-07 20:38:00
2176,1238,42,2,181.23,0.0,2024-12-03 03:31:00
2177,1238,81,1,331.39,0.0,2024-12-03 03:31:00
2178,1238,116,1,61.84,0.0,2024-12-03 03:31:00
2179,1239,43,1,155.5,0.0,2024-01-25 19:56:00
2180,1240,24,3,223.66,0.0,2024-10-30 12:37:00
2181,1240,40,1,202.91,0.0,2024-10-30 12:37:00
2182,1240,70,1,238.41,5.0,2024-10-30 12:37:00
2183,1241,104,1,266.36,0.0,2024-11-14 17:36:00
2184,1242,89,1,95.93,0.0,2024-11-03 21:11:00
2185,1242,52,1,112.54,0.0,2024-11-03 21:11:00
2186,1243,93,1,130.27,10.0,2024-07-14 19:47:00
2187,1244,87,1,308.62,0.0,2025-06-09 13:50:00
2188,1245,119,2,272.68,0.0,2024-04-19 18:59:00
2189,1246,116,3,61.84,0.0,2024-03-26 21:26:00
2190,1246,14,1,83.96,0.0,2024-03-26 21:26:00
2191,1247,74,1,197.23,0.0,2024-12-30 09:08:00
2192,1247,4,1,79.84,10.0,2024-12-30 09:08:00
2193,1248,39,2,187.44,0.0,2025-05-15 17:44:00
2194,1249,68,1,370.42,0.0,2024-01-28 18:37:00
2195,1249,73,2,314.18,0.0,2024-01-28 18:37:00
2196,1249,17,1,283.54,0.0,2024-01-28 18:37:00
2197,1249,101,3,356.86,0.0,2024-01-28 18:37:00
2198,1250,40,2,202.91,5.0,2025-04-28 14:43:00
2199,1250,19,2,229.65,0.0,2025-04-28 14:43:00
2200,1250,59,1,289.19,0.0,2025-04-28 14:43:00
2201,1250,59,1,289.19,0.0,2025-04-28 14:43:00
2202,1251,114,1,312.07,0.0,2025-07-02 19:59:00
2203,1252,24,1,223.66,0.0,2024-08-26 17:46:00
2204,1253,12,2,118.89,0.0,2024-09-28 19:03:00
2205,1254,72,2,195.51,0.0,2024-07-19 11:05:00
2206,1255,62,1,38.36,15.0,2024-10-17 23:34:00
2207,1256,71,1,14.01,10.0,2025-06-14 07:57:00
2208,1257,117,1,10.5,5.0,2025-02-19 06:15:00
2209,1257,49,2,110.02,10.0,2025-02-19 06:15:00
2210,1258,98,3,176.86,0.0,2024-03-20 23:13:00
2211,1258,50,1,312.61,0.0,2024-03-20 23:13:00
2212,1259,18,1,186.27,0.0,2025-04-16 00:30:00
2213,1259,42,2,181.23,10.0,2025-04-16 00:30:00
2214,1260,94,2,119.91,0.0,2024-03-28 14:11:00
2215,1260,77,1,192.03,0.0,2024-03-28 14:11:00
2216,1260,10,1,333.74,0.0,2024-03-28 14:11:00
2217,1261,76,1,230.83,0.0,2024-08-05 15:23:00
2218,1261,114,1,312.07,0.0,2024-08-05 15:23:00
2219,1262,48,1,281.38,0.0,2024-07-18 00:53:00
2220,1262,65,2,135.3,0.0,2024-07-18 00:53:00
2221,1263,97,1,70.02,10.0,2024-12-16 16:26:00
2222,1263,10,1,333.74,0.0,2024-12-16 16:26:00
2223,1264,25,1,225.89,0.0,2024-08-10 20:19:00
2224,1265,12,1,118.89,0.0,2024-11-05 14:14:00
2225,1266,55,1,84.93,0.0,2024-06-18 03:50:00
2226,1266,40,1,202.91,0.0,2024-06-18 03:50:00
2227,1267,5,1,56.32,0.0,2024-07-27 13:46:00
2228,1267,54,1,185.03,0.0,2024-07-27 13:46:00
2229,1267,51,1,288.17,0.0,2024-07-27 13:46:00
2230,1268,60,2,252.79,0.0,2025-06-23 21:38:00
2231,1268,45,1,147.92,10.0,2025-06-23 21:38:00
2232,1268,13,1,274.59,0.0,2025-06-23 21:38:00
2233,1269,104,1,266.36,0.0,2024-05-03 02:45:00
2234,1270,74,1,197.23,0.0,2025-08-11 18:24:00
2235,1271,2,1,133.7,0.0,2024-07-04 01:34:00
2236,1271,86,1,292.16,10.0,2024-07-04 01:34:00
2237,1272,39,1,187.44,0.0,2025-05-16 06:48:00
2238,1272,95,1,208.45,0.0,2025-05-16 06:48:00
2239,1273,103,3,129.79,0.0,2025-01-28 06:42:00
2240,1273,65,1,135.3,5.0,2025-01-28 06:42:00
2241,1274,43,2,155.5,0.0,2024-01-19 15:10:00
2242,1275,15,2,7.91,5.0,2025-02-13 18:16:00
2243,1275,55,1,84.93,0.0,2025-02-13 18:16:00
2244,1275,50,2,312.61,0.0,2025-02-13 18:16:00
2245,1275,11,1,322.88,0.0,2025-02-13 18:16:00
2246,1276,120,2,205.0,0.0,2024-08-01 06:14:00
2247,1277,66,2,45.84,0.0,2025-04-10 07:56:00
2248,1278,59,1,289.19,0.0,2024-05-08 12:12:00
2249,1278,60,1,252.79,0.0,2024-05-08 12:12:00
2250,1279,63,1,169.24,0.0,2025-06-16 01:30:00
2251,1280,77,1,192.03,0.0,2024-04-06 16:52:00
2252,1281,44,1,253.96,0.0,2024-05-14 05:54:00
2253,1282,4,1,79.84,0.0,2025-07-08 05:40:00
2254,1282,23,1,307.17,0.0,2025-07-08 05:40:00
2255,1283,58,1,304.62,0.0,2024-06-01 10:20:00
2256,1284,77,1,192.03,0.0,2024-05-08 23:22:00
2257,1284,94,1,119.91,0.0,2024-05-08 23:22:00
2258,1285,32,1,266.46,0.0,2025-06-22 08:50:00
2259,1285,69,1,234.52,0.0,2025-06-22 08:50:00
2260,1286,82,1,60.4,0.0,2025-01-07 00:20:00
2261,1286,115,1,388.87,5.0,2025-01-07 00:20:00
2262,1287,89,1,95.93,0.0,2025-04-23 21:22:00
2263,1287,118,2,57.07,0.0,2025-04-23 21:22:00
2264,1287,107,3,108.67,0.0,2025-04-23 21:22:00
2265,1287,106,1,299.98,0.0,2025-04-23 21:22:00
2266,1288,10,1,333.74,0.0,2024-07-15 07:16:00
2267,1289,78,3,135.97,0.0,2024-02-07 17:00:00
2268,1290,113,1,82.59,0.0,2024-04-14 17:29:00
2269,1290,66,3,45.84,0.0,2024-04-14 17:29:00
2270,1291,119,1,272.68,0.0,2025-04-09 02:35:00
2271,1292,52,1,112.54,0.0,2024-07-31 14:36:00
2272,1293,33,2,225.03,5.0,2025-02-22 00:14:00
2273,1293,96,2,374.74,0.0,2025-02-22 00:14:00
2274,1293,108,3,100.18,0.0,2025-02-22 00:14:00
2275,1293,15,2,7.91,5.0,2025-02-22 00:14:00
2276,1294,39,1,187.44,0.0,2025-01-01 18:32:00
2277,1294,70,2,238.41,5.0,2025-01-01 18:32:00
2278,1295,103,1,129.79,0.0,2025-08-27 10:17:00
2279,1296,28,2,166.37,0.0,2024-07-01 11:01:00
2280,1296,56,1,233.79,0.0,2024-07-01 11:01:00
2281,1297,24,1,223.66,0.0,2025-03-30 21:05:00
2282,1297,86,1,292.16,0.0,2025-03-30 21:05:00
2283,1298,24,1,223.66,0.0,2024-05-28 23:41:00
2284,1299,53,1,43.07,0.0,2024-02-19 03:39:00
2285,1300,85,1,116.09,0.0,2024-07-21 19:26:00
2286,1300,35,1,165.52,5.0,2024-07-21 19:26:00
2287,1301,82,1,60.4,0.0,2025-03-12 20:11:00
2288,1301,29,1,342.09,0.0,2025-03-12 20:11:00
2289,1302,29,1,342.09,0.0,2025-04-07 13:45:00
2290,1302,37,2,13.97,10.0,2025-04-07 13:45:00
2291,1303,59,1,289.19,5.0,2025-07-01 19:22:00
2292,1303,82,1,60.4,15.0,2025-07-01 19:22:00
2293,1304,61,3,235.72,10.0,2025-03-21 19:56:00
2294,1304,2,1,133.7,0.0,2025-03-21 19:56:00
2295,1305,106,1,299.98,0.0,2024-04-10 15:33:00
2296,1306,96,1,374.74,0.0,2024-11-10 03:25:00
2297,1307,22,1,228.27,10.0,2025-04-19 19:51:00
2298,1307,33,1,225.03,0.0,2025-04-19 19:51:00
2299,1308,74,3,197.23,0.0,2025-08-09 13:42:00
2300,1308,81,1,331.39,10.0,2025-08-09 13:42:00
2301,1309,11,1,322.88,5.0,2024-11-27 22:12:00
2302,1309,68,1,370.42,15.0,2024-11-27 22:12:00
2303,1309,38,2,290.33,0.0,2024-11-27 22:12:00
2304,1309,58,1,304.62,0.0,2024-11-27 22:12:00
2305,1310,80,1,13.54,0.0,2025-07-07 15:34:00
2306,1311,73,1,314.18,0.0,2025-03-21 23:13:00
2307,1311,98,1,176.86,0.0,2025-03-21 23:13:00
2308,1312,72,2,195.51,0.0,2024-06-04 23:47:00
2309,1312,31,1,116.15,5.0,2024-06-04 23:47:00
2310,1312,69,1,234.52,0.0,2024-06-04 23:47:00
2311,1312,78,3,135.97,0.0,2024-06-04 23:47:00
2312,1313,51,1,288.17,10.0,2025-01-28 05:27:00
2313,1314,74,1,197.23,0.0,2024-04-25 19:30:00
2314,1314,111,1,75.81,0.0,2024-04-25 19:30:00
2315,1314,100,3,300.7,0.0,2024-04-25 19:30:00
2316,1314,52,1,112.54,0.0,2024-04-25 19:30:00
2317,1315,28,1,166.37,0.0,2024-03-09 17:12:00
2318,1316,41,2,65.16,0.0,2024-06-01 18:18:00
2319,1316,81,1,331.39,0.0,2024-06-01 18:18:00
2320,1317,82,2,60.4,15.0,2025-06-07 02:44:00
2321,1317,41,1,65.16,0.0,2025-06-07 02:44:00
2322,1317,69,1,234.52,5.0,2025-06-07 02:44:00
2323,1318,64,2,200.13,0.0,2024-11-08 03:45:00
2324,1318,37,2,13.97,15.0,2024-11-08 03:45:00
2325,1318,58,1,304.62,0.0,2024-11-08 03:45:00
2326,1319,52,1,112.54,0.0,2024-08-15 08:28:00
2327,1319,69,2,234.52,10.0,2024-08-15 08:28:00
2328,1319,98,1,176.86,10.0,2024-08-15 08:28:00
2329,1320,117,1,10.5,0.0,2024-06-08 00:55:00
2330,1321,54,3,185.03,0.0,2024-04-02 23:28:00
2331,1321,53,1,43.07,0.0,2024-04-02 23:28:00
2332,1322,29,1,342.09,5.0,2024-07-18 07:14:00
2333,1323,11,1,322.88,5.0,2024-09-16 18:50:00
2334,1323,94,1,119.91,0.0,2024-09-16 18:50:00
2335,1324,79,1,210.67,0.0,2024-11-08 05:39:00
2336,1325,61,1,235.72,0.0,2025-02-03 22:22:00
2337,1325,48,1,281.38,0.0,2025-02-03 22:22:00
2338,1326,102,1,209.95,0.0,2025-08-09 15:49:00
2339,1326,71,1,14.01,0.0,2025-08-09 15:49:00
2340,1327,117,1,10.5,15.0,2024-08-04 11:29:00
2341,1328,112,1,350.45,0.0,2025-03-05 19:45:00
2342,1329,92,3,324.26,0.0,2025-02-07 02:29:00
2343,1330,38,1,290.33,0.0,2025-05-25 10:13:00
2344,1331,74,1,197.23,0.0,2025-02-23 22:11:00
2345,1332,78,1,135.97,10.0,2025-08-08 22:20:00
2346,1333,23,3,307.17,0.0,2024-01-09 05:41:00
2347,1334,15,2,7.91,0.0,2024-07-17 19:09:00
2348,1334,108,1,100.18,0.0,2024-07-17 19:09:00
2349,1335,21,1,269.02,0.0,2024-03-13 15:32:00
2350,1335,93,3,130.27,0.0,2024-03-13 15:32:00
2351,1335,1,2,299.18,0.0,2024-03-13 15:32:00
2352,1336,53,2,43.07,0.0,2025-01-30 15:24:00
2353,1336,61,2,235.72,0.0,2025-01-30 15:24:00
2354,1337,54,3,185.03,15.0,2024-03-21 00:16:00
2355,1338,69,1,234.52,0.0,2024-05-06 12:10:00
2356,1338,100,1,300.7,5.0,2024-05-06 12:10:00
2357,1338,69,2,234.52,0.0,2024-05-06 12:10:00
2358,1339,106,2,299.98,0.0,2024-01-31 03:27:00
2359,1340,51,2,288.17,15.0,2025-02-10 14:56:00
2360,1341,6,1,94.63,0.0,2025-07-25 13:50:00
2361,1341,92,3,324.26,5.0,2025-07-25 13:50:00
2362,1342,57,1,74.83,0.0,2024-03-24 05:03:00
2363,1342,16,1,267.62,0.0,2024-03-24 05:03:00
2364,1343,98,2,176.86,0.0,2024-07-08 09:59:00
2365,1343,97,2,70.02,0.0,2024-07-08 09:59:00
2366,1343,93,1,130.27,0.0,2024-07-08 09:59:00
2367,1344,44,1,253.96,0.0,2024-09-17 03:41:00
2368,1345,62,1,38.36,0.0,2025-01-21 18:25:00
2369,1346,83,1,223.84,0.0,2025-01-17 13:01:00
2370,1347,91,1,151.51,10.0,2024-08-12 13:17:00
2371,1348,34,1,267.4,0.0,2024-06-14 19:56:00
2372,1349,43,2,155.5,5.0,2025-01-09 11:25:00
2373,1349,90,1,224.17,0.0,2025-01-09 11:25:00
2374,1350,5,2,56.32,0.0,2025-01-13 13:28:00
2375,1351,37,1,13.97,0.0,2024-02-18 10:42:00
2376,1352,73,1,314.18,10.0,2025-02-22 18:47:00
2377,1352,38,1,290.33,0.0,2025-02-22 18:47:00
2378,1352,92,1,324.26,10.0,2025-02-22 18:47:00
2379,1353,61,2,235.72,0.0,2024-08-05 16:51:00
2380,1353,87,1,308.62,0.0,2024-08-05 16:51:00
2381,1354,89,1,95.93,5.0,2025-01-27 01:36:00
2382,1354,78,1,135.97,15.0,2025-01-27 01:36:00
2383,1355,82,1,60.4,0.0,2025-06-26 12:22:00
2384,1356,75,1,198.83,15.0,2025-03-22 12:14:00
2385,1356,75,1,198.83,0.0,2025-03-22 12:14:00
2386,1356,47,2,384.95,5.0,2025-03-22 12:14:00
2387,1357,67,1,237.12,0.0,2024-11-18 10:30:00
2388,1357,80,3,13.54,0.0,2024-11-18 10:30:00
2389,1358,83,1,223.84,0.0,2024-06-18 20:23:00
2390,1358,110,1,65.55,5.0,2024-06-18 20:23:00
2391,1358,67,1,237.12,0.0,2024-06-18 20:23:00
2392,1358,111,3,75.81,0.0,2024-06-18 20:23:00
2393,1359,112,1,350.45,0.0,2024-06-09 05:22:00
2394,1359,23,1,307.17,0.0,2024-06-09 05:22:00
2395,1360,86,3,292.16,0.0,2025-05-05 16:42:00
2396,1361,40,1,202.91,0.0,2024-01-10 11:48:00
2397,1362,78,2,135.97,0.0,2024-01-18 00:20:00
2398,1363,84,1,270.53,0.0,2024-12-04 07:16:00
2399,1363,64,1,200.13,0.0,2024-12-04 07:16:00
2400,1364,117,1,10.5,0.0,2024-12-09 03:37:00
2401,1364,96,2,374.74,5.0,2024-12-09 03:37:00
2402,1364,101,2,356.86,0.0,2024-12-09 03:37:00
2403,1365,95,1,208.45,0.0,2024-03-26 08:50:00
2404,1365,86,1,292.16,0.0,2024-03-26 08:50:00
2405,1365,81,1,331.39,0.0,2024-03-26 08:50:00
2406,1366,9,1,281.6,0.0,2024-05-04 19:07:00
2407,1367,109,2,53.49,5.0,2025-01-26 09:12:00
2408,1367,112,1,350.45,0.0,2025-01-26 09:12:00
2409,1367,103,1,129.79,0.0,2025-01-26 09:12:00
2410,1367,73,1,314.18,15.0,2025-01-26 09:12:00
2411,1368,103,2,129.79,0.0,2024-01-02 03:01:00
2412,1369,84,2,270.53,0.0,2024-08-05 17:31:00
2413,1369,30,1,28.03,0.0,2024-08-05 17:31:00
2414,1370,6,3,94.63,0.0,2025-07-11 21:27:00
2415,1371,36,1,70.95,0.0,2024-05-18 00:34:00
2416,1372,107,3,108.67,5.0,2025-08-25 19:55:00
2417,1373,17,1,283.54,0.0,2024-11-08 03:50:00
2418,1373,8,1,333.91,0.0,2024-11-08 03:50:00
2419,1373,32,1,266.46,0.0,2024-11-08 03:50:00
2420,1374,60,1,252.79,0.0,2025-02-08 17:31:00
2421,1374,113,2,82.59,0.0,2025-02-08 17:31:00
2422,1375,82,1,60.4,0.0,2025-08-02 14:44:00
2423,1376,57,1,74.83,0.0,2024-07-08 20:08:00
2424,1377,70,1,238.41,5.0,2024-09-18 03:44:00
2425,1378,39,1,187.44,5.0,2025-05-09 05:31:00
2426,1378,75,1,198.83,0.0,2025-05-09 05:31:00
2427,1379,93,2,130.27,0.0,2024-11-04 16:05:00
2428,1379,100,1,300.7,0.0,2024-11-04 16:05:00
2429,1379,76,2,230.83,0.0,2024-11-04 16:05:00
2430,1380,59,3,289.19,0.0,2025-05-10 12:32:00
2431,1380,33,2,225.03,0.0,2025-05-10 12:32:00
2432,1381,64,1,200.13,10.0,2024-04-06 12:01:00
2433,1381,43,1,155.5,0.0,2024-04-06 12:01:00
2434,1382,83,1,223.84,0.0,2024-10-16 06:23:00
2435,1382,112,1,350.45,0.0,2024-10-16 06:23:00
2436,1383,87,1,308.62,0.0,2024-04-18 07:24:00
2437,1384,57,1,74.83,0.0,2024-11-12 09:39:00
2438,1385,24,1,223.66,0.0,2024-10-25 05:51:00
2439,1385,41,2,65.16,10.0,2024-10-25 05:51:00
2440,1386,64,1,200.13,5.0,2025-06-12 06:55:00
2441,1386,9,2,281.6,10.0,2025-06-12 06:55:00
2442,1387,13,3,274.59,0.0,2024-07-11 13:14:00
2443,1387,57,1,74.83,0.0,2024-07-11 13:14:00
2444,1388,106,1,299.98,0.0,2024-11-23 02:08:00
2445,1388,100,1,300.7,0.0,2024-11-23 02:08:00
2446,1389,40,1,202.91,0.0,2025-02-01 12:47:00
2447,1390,68,1,370.42,5.0,2024-12-23 16:02:00
2448,1391,119,1,272.68,0.0,2024-02-12 06:26:00
2449,1391,74,1,197.23,0.0,2024-02-12 06:26:00
2450,1392,25,2,225.89,0.0,2024-07-28 09:29:00
2451,1393,110,1,65.55,0.0,2024-08-07 01:55:00
2452,1393,85,1,116.09,0.0,2024-08-07 01:55:00
2453,1394,61,1,235.72,0.0,2024-04-23 07:36:00
2454,1394,101,1,356.86,0.0,2024-04-23 07:36:00
2455,1394,93,1,130.27,0.0,2024-04-23 07:36:00
2456,1394,120,1,205.0,15.0,2024-04-23 07:36:00
2457,1395,107,1,108.67,0.0,2024-05-10 21:19:00
2458,1395,19,1,229.65,0.0,2024-05-10 21:19:00
2459,1395,94,1,119.91,0.0,2024-05-10 21:19:00
2460,1396,58,1,304.62,0.0,2024-05-07 20:52:00
2461,1396,73,1,314.18,0.0,2024-05-07 20:52:00
2462,1397,98,3,176.86,0.0,2024-03-10 10:20:00
2463,1398,53,1,43.07,0.0,2025-08-08 18:42:00
2464,1399,59,2,289.19,0.0,2024-01-29 14:12:00
2465,1399,3,2,151.33,0.0,2024-01-29 14:12:00
2466,1399,26,1,17.17,0.0,2024-01-29 14:12:00
2467,1400,38,2,290.33,0.0,2025-08-26 16:06:00
2468,1400,4,1,79.84,5.0,2025-08-26 16:06:00
2469,1401,42,1,181.23,0.0,2024-07-25 07:31:00
2470,1401,95,1,208.45,0.0,2024-07-25 07:31:00
2471,1402,65,1,135.3,0.0,2024-03-20 23:16:00
2472,1403,10,1,333.74,0.0,2024-07-23 02:25:00
2473,1404,62,3,38.36,0.0,2024-10-30 04:25:00
2474,1405,6,2,94.63,0.0,2025-01-18 22:34:00
2475,1405,50,1,312.61,0.0,2025-01-18 22:34:00
2476,1406,63,1,169.24,15.0,2024-03-29 17:11:00
2477,1406,78,1,135.97,0.0,2024-03-29 17:11:00
2478,1406,8,1,333.91,10.0,2024-03-29 17:11:00
2479,1407,36,1,70.95,10.0,2025-01-16 04:54:00
2480,1407,57,3,74.83,0.0,2025-01-16 04:54:00
2481,1408,18,2,186.27,0.0,2024-02-03 16:29:00
2482,1409,100,2,300.7,0.0,2024-08-14 02:35:00
2483,1410,112,1,350.45,15.0,2024-09-26 05:14:00
2484,1410,39,1,187.44,0.0,2024-09-26 05:14:00
2485,1410,72,1,195.51,0.0,2024-09-26 05:14:00
2486,1411,74,1,197.23,0.0,2024-05-13 01:26:00
2487,1412,72,1,195.51,5.0,2024-05-14 01:59:00
2488,1412,38,1,290.33,0.0,2024-05-14 01:59:00
2489,1413,99,1,396.99,0.0,2025-06-21 23:32:00
2490,1414,92,2,324.26,0.0,2024-09-15 20:19:00
2491,1414,110,1,65.55,0.0,2024-09-15 20:19:00
2492,1415,96,2,374.74,10.0,2024-05-27 00:40:00
2493,1415,24,1,223.66,5.0,2024-05-27 00:40:00
2494,1416,47,1,384.95,0.0,2024-02-28 17:20:00
2495,1417,91,1,151.51,0.0,2025-01-28 17:16:00
2496,1417,78,2,135.97,5.0,2025-01-28 17:16:00
2497,1418,16,1,267.62,0.0,2024-08-05 09:14:00
2498,1419,104,1,266.36,0.0,2024-12-11 04:03:00
2499,1420,68,1,370.42,0.0,2024-10-29 09:09:00
2500,1421,48,1,281.38,0.0,2024-06-23 06:59:00
2501,1421,56,3,233.79,15.0,2024-06-23 06:59:00
2502,1421,65,2,135.3,0.0,2024-06-23 06:59:00
2503,1421,42,2,181.23,0.0,2024-06-23 06:59:00
2504,1422,74,1,197.23,0.0,2024-04-15 13:02:00
2505,1423,10,1,333.74,0.0,2024-06-03 13:38:00
2506,1424,100,1,300.7,10.0,2024-06-01 23:05:00
2507,1424,21,2,269.02,0.0,2024-06-01 23:05:00
2508,1424,109,2,53.49,0.0,2024-06-01 23:05:00
2509,1424,74,3,197.23,0.0,2024-06-01 23:05:00
2510,1425,25,2,225.89,0.0,2025-06-29 05:58:00
2511,1425,99,1,396.99,0.0,2025-06-29 05:58:00
2512,1426,60,1,252.79,0.0,2024-04-27 10:54:00
2513,1426,113,3,82.59,5.0,2024-04-27 10:54:00
2514,1426,20,1,50.24,5.0,2024-04-27 10:54:00
2515,1427,83,1,223.84,0.0,2024-06-03 22:26:00
2516,1428,100,1,300.7,0.0,2025-02-01 14:28:00
2517,1429,56,2,233.79,0.0,2024-08-25 12:10:00
2518,1429,52,1,112.54,0.0,2024-08-25 12:10:00
2519,1429,1,1,299.18,0.0,2024-08-25 12:10:00
2520,1430,2,1,133.7,10.0,2024-08-04 05:32:00
2521,1431,34,2,267.4,15.0,2024-02-07 09:39:00
2522,1432,99,1,396.99,0.0,2024-07-10 12:22:00
2523,1432,59,1,289.19,5.0,2024-07-10 12:22:00
2524,1433,106,1,299.98,0.0,2025-06-30 10:30:00
2525,1434,113,2,82.59,0.0,2025-04-04 16:55:00
2526,1435,25,2,225.89,0.0,2024-11-15 06:39:00
2527,1435,27,1,177.5,0.0,2024-11-15 06:39:00
2528,1436,69,1,234.52,0.0,2024-05-27 08:22:00
2529,1437,100,1,300.7,15.0,2024-09-26 22:10:00
2530,1437,45,3,147.92,0.0,2024-09-26 22:10:00
2531,1437,42,2,181.23,0.0,2024-09-26 22:10:00
2532,1438,85,1,116.09,0.0,2025-02-12 11:26:00
2533,1438,39,1,187.44,15.0,2025-02-12 11:26:00
2534,1438,35,1,165.52,0.0,2025-02-12 11:26:00
2535,1439,99,1,396.99,10.0,2024-07-12 20:11:00
2536,1439,18,2,186.27,10.0,2024-07-12 20:11:00
2537,1439,57,1,74.83,0.0,2024-07-12 20:11:00
2538,1440,4,1,79.84,0.0,2024-06-27 02:23:00
2539,1440,96,2,374.74,0.0,2024-06-27 02:23:00
2540,1440,27,1,177.5,5.0,2024-06-27 02:23:00
2541,1441,52,1,112.54,0.0,2024-10-23 23:44:00
2542,1442,76,2,230.83,0.0,2025-03-05 10:35:00
2543,1442,12,3,118.89,0.0,2025-03-05 10:35:00
2544,1443,75,2,198.83,0.0,2024-03-23 18:39:00
2545,1443,16,1,267.62,5.0,2024-03-23 18:39:00
2546,1444,63,2,169.24,5.0,2024-06-20 19:54:00
2547,1445,41,1,65.16,0.0,2025-04-14 09:24:00
2548,1446,12,2,118.89,0.0,2025-01-29 23:10:00
2549,1447,33,1,225.03,0.0,2025-05-11 09:26:00
2550,1448,3,1,151.33,5.0,2025-01-31 01:09:00
2551,1448,103,1,129.79,0.0,2025-01-31 01:09:00
2552,1448,110,1,65.55,5.0,2025-01-31 01:09:00
2553,1449,40,2,202.91,0.0,2024-04-12 08:20:00
2554,1450,109,1,53.49,0.0,2024-06-16 02:18:00
2555,1451,90,1,224.17,10.0,2025-06-21 22:17:00
2556,1452,50,2,312.61,0.0,2024-11-24 03:04:00
2557,1452,3,3,151.33,0.0,2024-11-24 03:04:00
2558,1453,83,2,223.84,0.0,2024-10-18 02:44:00
2559,1454,109,1,53.49,0.0,2025-04-11 10:11:00
2560,1455,17,1,283.54,15.0,2024-05-02 07:12:00
2561,1455,18,1,186.27,10.0,2024-05-02 07:12:00
2562,1456,8,1,333.91,0.0,2024-12-26 08:41:00
2563,1456,27,2,177.5,0.0,2024-12-26 08:41:00
2564,1457,48,1,281.38,0.0,2024-09-25 07:35:00
2565,1457,106,1,299.98,10.0,2024-09-25 07:35:00
2566,1458,120,1,205.0,0.0,2025-02-05 11:18:00
2567,1459,104,2,266.36,15.0,2025-02-15 02:57:00
2568,1460,113,3,82.59,0.0,2025-03-10 14:54:00
2569,1461,4,1,79.84,0.0,2024-07-10 07:37:00
2570,1461,40,1,202.91,0.0,2024-07-10 07:37:00
2571,1462,108,1,100.18,0.0,2025-05-19 14:30:00
2572,1463,101,1,356.86,0.0,2024-07-13 06:52:00
2573,1464,61,1,235.72,0.0,2024-12-25 23:19:00
2574,1465,117,1,10.5,0.0,2025-03-04 22:32:00
2575,1465,70,1,238.41,0.0,2025-03-04 22:32:00
2576,1465,77,2,192.03,0.0,2025-03-04 22:32:00
2577,1466,13,1,274.59,0.0,2025-05-01 09:23:00
2578,1467,12,1,118.89,5.0,2025-01-07 03:02:00
2579,1467,9,1,281.6,0.0,2025-01-07 03:02:00
2580,1467,61,1,235.72,15.0,2025-01-07 03:02:00
2581,1468,115,1,388.87,10.0,2024-11-12 13:47:00
2582,1469,78,2,135.97,0.0,2025-01-24 17:46:00
2583,1470,61,1,235.72,0.0,2025-01-17 03:30:00
2584,1471,17,1,283.54,5.0,2024-07-28 00:07:00
2585,1471,70,1,238.41,0.0,2024-07-28 00:07:00
2586,1471,79,1,210.67,5.0,2024-07-28 00:07:00
2587,1472,64,2,200.13,0.0,2024-11-02 18:42:00
2588,1473,26,1,17.17,0.0,2025-01-22 09:00:00
2589,1473,66,1,45.84,0.0,2025-01-22 09:00:00
2590,1473,19,1,229.65,0.0,2025-01-22 09:00:00
2591,1474,13,2,274.59,10.0,2024-11-18 01:22:00
2592,1475,79,1,210.67,0.0,2024-09-16 06:03:00
2593,1476,24,2,223.66,10.0,2024-01-20 18:26:00
2594,1477,91,3,151.51,0.0,2025-08-24 05:29:00
2595,1478,67,1,237.12,5.0,2024-11-24 11:28:00
2596,1478,114,1,312.07,10.0,2024-11-24 11:28:00
2597,1479,42,1,181.23,0.0,2024-02-02 00:24:00
2598,1479,85,1,116.09,0.0,2024-02-02 00:24:00
2599,1479,95,3,208.45,5.0,2024-02-02 00:24:00
2600,1480,116,2,61.84,5.0,2025-07-07 16:27:00
2601,1481,102,1,209.95,0.0,2025-02-09 12:38:00
2602,1481,24,1,223.66,0.0,2025-02-09 12:38:00
2603,1482,107,2,108.67,5.0,2024-06-19 07:23:00
2604,1482,21,1,269.02,0.0,2024-06-19 07:23:00
2605,1483,62,1,38.36,0.0,2024-01-20 05:42:00
2606,1484,81,2,331.39,0.0,2024-01-12 09:32:00
2607,1485,52,1,112.54,0.0,2025-06-23 23:12:00
2608,1485,28,1,166.37,5.0,2025-06-23 23:12:00
2609,1485,34,1,267.4,0.0,2025-06-23 23:12:00
2610,1485,16,2,267.62,10.0,2025-06-23 23:12:00
2611,1486,66,3,45.84,0.0,2025-03-07 06:17:00
2612,1486,44,3,253.96,0.0,2025-03-07 06:17:00
2613,1487,44,2,253.96,0.0,2024-03-19 13:20:00
2614,1488,71,1,14.01,0.0,2025-01-08 22:39:00
2615,1489,110,1,65.55,5.0,2024-04-21 17:46:00
2616,1490,9,2,281.6,0.0,2024-03-18 08:29:00
2617,1490,55,1,84.93,5.0,2024-03-18 08:29:00
2618,1491,17,1,283.54,0.0,2025-08-14 19:39:00
2619,1491,59,2,289.19,0.0,2025-08-14 19:39:00
2620,1491,16,1,267.62,0.0,2025-08-14 19:39:00
2621,1491,38,1,290.33,5.0,2025-08-14 19:39:00
2622,1492,58,1,304.62,0.0,2024-03-04 04:04:00
2623,1493,11,3,322.88,0.0,2024-05-23 01:24:00
2624,1493,65,1,135.3,0.0,2024-05-23 01:24:00
2625,1493,105,3,152.59,0.0,2024-05-23 01:24:00
2626,1493,66,1,45.84,0.0,2024-05-23 01:24:00
2627,1494,29,2,342.09,0.0,2025-03-17 14:50:00
2628,1494,26,2,17.17,15.0,2025-03-17 14:50:00
2629,1494,46,1,51.61,0.0,2025-03-17 14:50:00
2630,1495,73,2,314.18,0.0,2025-08-28 12:55:00
2631,1495,68,1,370.42,0.0,2025-08-28 12:55:00
2632,1496,70,1,238.41,5.0,2024-03-12 16:10:00
2633,1496,68,1,370.42,0.0,2024-03-12 16:10:00
2634,1497,88,1,366.82,0.0,2025-02-20 04:04:00
2635,1498,80,1,13.54,5.0,2025-05-06 02:36:00
2636,1498,120,2,205.0,0.0,2025-05-06 02:36:00
2637,1499,79,1,210.67,0.0,2025-07-12 18:13:00
2638,1500,7,3,269.58,0.0,2024-04-25 12:26:00
2639,1501,38,1,290.33,0.0,2025-04-10 16:14:00
2640,1501,67,3,237.12,10.0,2025-04-10 16:14:00
2641,1501,115,1,388.87,0.0,2025-04-10 16:14:00
2642,1502,93,3,130.27,5.0,2024-08-05 06:06:00
2643,1503,33,2,225.03,10.0,2024-02-22 04:04:00
2644,1504,27,3,177.5,5.0,2025-02-18 04:58:00
2645,1504,79,1,210.67,0.0,2025-02-18 04:58:00
2646,1505,97,1,70.02,0.0,2024-10-12 04:18:00
2647,1506,106,1,299.98,0.0,2024-01-09 11:09:00
2648,1507,32,1,266.46,10.0,2024-12-11 20:42:00
2649,1507,21,1,269.02,10.0,2024-12-11 20:42:00
2650,1507,51,1,288.17,5.0,2024-12-11 20:42:00
2651,1507,32,2,266.46,0.0,2024-12-11 20:42:00
2652,1508,36,1,70.95,0.0,2025-01-02 23:33:00
2653,1509,93,2,130.27,10.0,2025-03-30 23:41:00
2654,1510,20,1,50.24,0.0,2024-01-20 09:46:00
2655,1510,19,1,229.65,0.0,2024-01-20 09:46:00
2656,1510,98,1,176.86,0.0,2024-01-20 09:46:00
2657,1511,67,1,237.12,0.0,2024-12-06 04:29:00
2658,1511,14,2,83.96,0.0,2024-12-06 04:29:00
2659,1512,30,1,28.03,15.0,2024-08-22 11:32:00
2660,1512,39,2,187.44,5.0,2024-08-22 11:32:00
2661,1513,79,1,210.67,0.0,2025-01-22 18:58:00
2662,1513,10,2,333.74,0.0,2025-01-22 18:58:00
2663,1514,93,1,130.27,10.0,2025-05-20 11:30:00
2664,1514,35,3,165.52,0.0,2025-05-20 11:30:00
2665,1515,108,2,100.18,0.0,2024-09-13 06:27:00
2666,1516,60,1,252.79,0.0,2025-06-05 23:11:00
2667,1517,91,1,151.51,0.0,2024-06-16 08:16:00
2668,1518,98,1,176.86,0.0,2024-04-01 10:31:00
2669,1518,67,1,237.12,10.0,2024-04-01 10:31:00
2670,1519,78,3,135.97,0.0,2025-02-16 01:50:00
2671,1519,111,1,75.81,0.0,2025-02-16 01:50:00
2672,1519,112,2,350.45,0.0,2025-02-16 01:50:00
2673,1519,64,2,200.13,15.0,2025-02-16 01:50:00
2674,1520,54,1,185.03,0.0,2024-01-19 12:57:00
2675,1520,14,2,83.96,0.0,2024-01-19 12:57:00
2676,1520,36,2,70.95,0.0,2024-01-19 12:57:00
2677,1520,94,1,119.91,15.0,2024-01-19 12:57:00
2678,1521,66,1,45.84,10.0,2024-12-19 23:43:00
2679,1522,33,3,225.03,0.0,2025-06-25 12:49:00
2680,1522,11,1,322.88,0.0,2025-06-25 12:49:00
2681,1523,63,1,169.24,0.0,2025-03-06 12:19:00
2682,1523,64,1,200.13,5.0,2025-03-06 12:19:00
2683,1524,35,1,165.52,5.0,2024-09-14 13:47:00
2684,1525,91,1,151.51,15.0,2024-11-05 23:28:00
2685,1525,78,2,135.97,0.0,2024-11-05 23:28:00
2686,1526,67,2,237.12,0.0,2024-10-18 16:51:00
2687,1527,6,1,94.63,0.0,2025-06-18 01:30:00
2688,1527,76,2,230.83,5.0,2025-06-18 01:30:00
2689,1528,13,1,274.59,0.0,2024-09-03 21:17:00
2690,1528,16,3,267.62,0.0,2024-09-03 21:17:00
2691,1529,75,1,198.83,0.0,2025-08-13 00:58:00
2692,1530,54,2,185.03,0.0,2024-08-04 18:07:00
2693,1530,92,2,324.26,5.0,2024-08-04 18:07:00
2694,1530,45,1,147.92,0.0,2024-08-04 18:07:00
2695,1531,59,1,289.19,0.0,2025-07-23 03:54:00
2696,1532,52,2,112.54,0.0,2025-07-08 13:59:00
2697,1532,81,2,331.39,0.0,2025-07-08 13:59:00
2698,1533,117,1,10.5,5.0,2024-04-30 02:15:00
2699,1534,4,1,79.84,0.0,2024-02-09 18:35:00
2700,1534,43,1,155.5,0.0,2024-02-09 18:35:00
2701,1535,103,1,129.79,0.0,2024-09-07 09:12:00
2702,1535,59,2,289.19,0.0,2024-09-07 09:12:00
2703,1535,33,1,225.03,15.0,2024-09-07 09:12:00
2704,1536,46,3,51.61,5.0,2024-09-28 23:31:00
2705,1536,32,1,266.46,0.0,2024-09-28 23:31:00
2706,1537,42,1,181.23,0.0,2025-05-15 11:15:00
2707,1537,82,1,60.4,0.0,2025-05-15 11:15:00
2708,1538,27,1,177.5,0.0,2025-03-11 07:21:00
2709,1538,111,1,75.81,0.0,2025-03-11 07:21:00
2710,1539,52,2,112.54,0.0,2024-05-03 03:23:00
2711,1540,23,2,307.17,0.0,2024-12-03 18:56:00
2712,1540,110,1,65.55,5.0,2024-12-03 18:56:00
2713,1541,69,2,234.52,0.0,2024-01-16 12:52:00
2714,1542,30,1,28.03,5.0,2025-05-01 18:49:00
2715,1542,40,1,202.91,10.0,2025-05-01 18:49:00
2716,1542,93,1,130.27,0.0,2025-05-01 18:49:00
2717,1543,80,1,13.54,0.0,2024-09-28 14:26:00
2718,1544,49,1,110.02,5.0,2025-07-24 00:51:00
2719,1545,63,1,169.24,0.0,2024-12-25 19:54:00
2720,1545,104,1,266.36,0.0,2024-12-25 19:54:00
2721,1545,47,2,384.95,0.0,2024-12-25 19:54:00
2722,1546,42,1,181.23,5.0,2024-12-02 16:03:00
2723,1546,25,1,225.89,5.0,2024-12-02 16:03:00
2724,1546,117,1,10.5,5.0,2024-12-02 16:03:00
2725,1546,83,1,223.84,0.0,2024-12-02 16:03:00
2726,1547,69,1,234.52,0.0,2025-06-27 13:19:00
2727,1547,80,1,13.54,5.0,2025-06-27 13:19:00
2728,1548,12,2,118.89,10.0,2024-02-05 09:50:00
2729,1549,85,1,116.09,0.0,2025-07-28 02:38:00
2730,1549,34,1,267.4,15.0,2025-07-28 02:38:00
2731,1549,44,1,253.96,10.0,2025-07-28 02:38:00
2732,1550,118,1,57.07,0.0,2025-07-27 21:28:00
2733,1551,95,2,208.45,0.0,2025-02-18 01:15:00
2734,1551,114,2,312.07,0.0,2025-02-18 01:15:00
2735,1551,79,1,210.67,5.0,2025-02-18 01:15:00
2736,1552,29,1,342.09,0.0,2024-01-12 19:30:00
2737,1553,71,1,14.01,0.0,2025-06-29 03:01:00
2738,1554,4,1,79.84,0.0,2024-03-17 02:14:00
2739,1554,107,1,108.67,10.0,2024-03-17 02:14:00
2740,1554,29,1,342.09,5.0,2024-03-17 02:14:00
2741,1554,29,1,342.09,5.0,2024-03-17 02:14:00
2742,1555,19,1,229.65,0.0,2024-07-28 22:59:00
2743,1555,32,3,266.46,0.0,2024-07-28 22:59:00
2744,1555,110,1,65.55,0.0,2024-07-28 22:59:00
2745,1556,54,1,185.03,0.0,2025-04-12 17:31:00
2746,1556,73,1,314.18,0.0,2025-04-12 17:31:00
2747,1556,24,2,223.66,15.0,2025-04-12 17:31:00
2748,1557,81,1,331.39,0.0,2024-12-05 04:59:00
2749,1557,116,3,61.84,0.0,2024-12-05 04:59:00
2750,1558,91,2,151.51,0.0,2024-02-11 14:03:00
2751,1558,47,2,384.95,5.0,2024-02-11 14:03:00
2752,1559,48,1,281.38,0.0,2024-05-26 16:51:00
2753,1560,31,1,116.15,0.0,2025-08-03 16:29:00
2754,1560,46,1,51.61,0.0,2025-08-03 16:29:00
2755,1560,89,1,95.93,0.0,2025-08-03 16:29:00
2756,1561,90,1,224.17,0.0,2025-03-09 05:45:00
2757,1561,69,1,234.52,0.0,2025-03-09 05:45:00
2758,1561,13,3,274.59,5.0,2025-03-09 05:45:00
2759,1562,65,2,135.3,0.0,2024-11-26 21:58:00
2760,1562,69,1,234.52,0.0,2024-11-26 21:58:00
2761,1563,78,1,135.97,0.0,2024-12-30 02:23:00
2762,1563,45,2,147.92,0.0,2024-12-30 02:23:00
2763,1563,83,3,223.84,0.0,2024-12-30 02:23:00
2764,1564,29,1,342.09,0.0,2024-10-16 10:08:00
2765,1564,74,2,197.23,15.0,2024-10-16 10:08:00
2766,1564,59,1,289.19,15.0,2024-10-16 10:08:00
2767,1565,56,1,233.79,0.0,2024-01-23 06:52:00
2768,1566,3,1,151.33,0.0,2024-03-13 02:09:00
2769,1566,72,1,195.51,5.0,2024-03-13 02:09:00
2770,1566,115,1,388.87,10.0,2024-03-13 02:09:00
2771,1566,112,2,350.45,0.0,2024-03-13 02:09:00
2772,1567,46,1,51.61,0.0,2024-05-08 04:25:00
2773,1568,73,1,314.18,0.0,2025-03-17 17:53:00
2774,1568,115,2,388.87,15.0,2025-03-17 17:53:00
2775,1569,63,1,169.24,0.0,2025-08-07 12:46:00
2776,1569,98,3,176.86,0.0,2025-08-07 12:46:00
2777,1570,28,1,166.37,0.0,2024-07-14 05:28:00
2778,1570,40,1,202.91,0.0,2024-07-14 05:28:00
2779,1570,87,1,308.62,0.0,2024-07-14 05:28:00
2780,1570,30,1,28.03,0.0,2024-07-14 05:28:00
2781,1571,53,1,43.07,10.0,2024-11-07 21:30:00
2782,1571,70,3,238.41,5.0,2024-11-07 21:30:00
2783,1571,76,1,230.83,0.0,2024-11-07 21:30:00
2784,1572,79,1,210.67,5.0,2024-07-03 19:43:00
2785,1573,76,1,230.83,5.0,2024-11-24 04:07:00
2786,1573,10,1,333.74,0.0,2024-11-24 04:07:00
2787,1574,94,1,119.91,0.0,2025-04-08 05:39:00
2788,1574,25,1,225.89,5.0,2025-04-08 05:39:00
2789,1575,98,3,176.86,0.0,2024-11-29 10:36:00
2790,1575,107,1,108.67,0.0,2024-11-29 10:36:00
2791,1576,64,2,200.13,0.0,2024-04-20 08:09:00
2792,1576,43,1,155.5,0.0,2024-04-20 08:09:00
2793,1577,74,2,197.23,0.0,2025-02-19 19:46:00
2794,1577,88,1,366.82,0.0,2025-02-19 19:46:00
2795,1577,53,1,43.07,0.0,2025-02-19 19:46:00
2796,1578,109,1,53.49,0.0,2025-03-31 14:16:00
2797,1579,46,1,51.61,5.0,2025-07-06 14:33:00
2798,1580,33,1,225.03,0.0,2025-07-14 08:52:00
2799,1581,52,1,112.54,10.0,2024-10-27 08:38:00
2800,1582,83,1,223.84,10.0,2024-02-01 05:09:00
2801,1583,97,1,70.02,0.0,2025-07-28 18:57:00
2802,1584,113,1,82.59,0.0,2024-11-22 06:00:00
2803,1585,8,1,333.91,0.0,2024-06-24 07:38:00
2804,1585,13,1,274.59,5.0,2024-06-24 07:38:00
2805,1585,68,1,370.42,0.0,2024-06-24 07:38:00
2806,1585,42,1,181.23,0.0,2024-06-24 07:38:00
2807,1586,116,1,61.84,0.0,2024-04-19 05:13:00
2808,1587,9,3,281.6,0.0,2024-06-04 09:32:00
2809,1588,80,1,13.54,5.0,2024-04-23 03:14:00
2810,1589,45,1,147.92,5.0,2025-08-09 07:48:00
2811,1589,88,3,366.82,0.0,2025-08-09 07:48:00
2812,1590,74,1,197.23,0.0,2025-07-04 02:22:00
2813,1590,57,2,74.83,0.0,2025-07-04 02:22:00
2814,1591,23,1,307.17,0.0,2024-01-04 13:48:00
2815,1591,105,2,152.59,0.0,2024-01-04 13:48:00
2816,1591,4,1,79.84,0.0,2024-01-04 13:48:00
2817,1592,114,3,312.07,10.0,2025-05-20 07:17:00
2818,1592,16,2,267.62,0.0,2025-05-20 07:17:00
2819,1592,40,3,202.91,0.0,2025-05-20 07:17:00
2820,1593,88,1,366.82,0.0,2024-10-05 00:16:00
2821,1594,116,1,61.84,0.0,2024-07-10 16:54:00
2822,1594,25,1,225.89,0.0,2024-07-10 16:54:00
2823,1595,118,1,57.07,0.0,2025-07-05 10:41:00
2824,1595,59,3,289.19,0.0,2025-07-05 10:41:00
2825,1595,71,2,14.01,15.0,2025-07-05 10:41:00
2826,1595,101,1,356.86,10.0,2025-07-05 10:41:00
2827,1596,71,1,14.01,0.0,2024-08-20 06:33:00
2828,1597,19,1,229.65,0.0,2024-03-20 20:34:00
2829,1598,25,2,225.89,0.0,2025-08-16 21:39:00
2830,1598,6,1,94.63,0.0,2025-08-16 21:39:00
2831,1598,118,3,57.07,10.0,2025-08-16 21:39:00
2832,1599,108,3,100.18,5.0,2024-05-23 08:40:00
2833,1600,108,1,100.18,0.0,2024-03-31 07:02:00
2834,1600,109,1,53.49,15.0,2024-03-31 07:02:00
2835,1601,42,3,181.23,0.0,2025-03-21 10:39:00
2836,1601,73,1,314.18,0.0,2025-03-21 10:39:00
2837,1602,51,2,288.17,0.0,2024-09-10 05:58:00
2838,1602,83,1,223.84,0.0,2024-09-10 05:58:00
2839,1603,58,2,304.62,10.0,2025-06-11 03:35:00
2840,1604,81,1,331.39,10.0,2024-04-10 23:59:00
2841,1605,11,1,322.88,0.0,2024-02-27 21:55:00
2842,1606,42,1,181.23,0.0,2024-06-18 01:02:00
2843,1607,40,1,202.91,0.0,2024-03-09 15:22:00
2844,1607,101,2,356.86,0.0,2024-03-09 15:22:00
2845,1608,90,1,224.17,0.0,2024-11-23 15:49:00
2846,1608,107,1,108.67,0.0,2024-11-23 15:49:00
2847,1609,40,2,202.91,0.0,2024-09-30 11:53:00
2848,1609,96,3,374.74,0.0,2024-09-30 11:53:00
2849,1609,70,1,238.41,0.0,2024-09-30 11:53:00
2850,1610,7,1,269.58,10.0,2025-01-22 17:14:00
2851,1611,39,1,187.44,0.0,2025-01-10 06:19:00
2852,1612,69,1,234.52,0.0,2025-04-18 18:17:00
2853,1613,112,1,350.45,0.0,2025-08-31 12:52:00
2854,1613,66,1,45.84,0.0,2025-08-31 12:52:00
2855,1613,23,1,307.17,0.0,2025-08-31 12:52:00
2856,1614,6,3,94.63,0.0,2025-06-02 17:06:00
2857,1614,13,1,274.59,0.0,2025-06-02 17:06:00
2858,1615,29,2,342.09,0.0,2024-01-10 08:59:00
2859,1616,27,1,177.5,0.0,2024-10-19 05:51:00
2860,1617,79,1,210.67,0.0,2024-09-29 00:40:00
2861,1617,119,1,272.68,15.0,2024-09-29 00:40:00
2862,1618,15,3,7.91,0.0,2024-10-04 18:27:00
2863,1618,1,3,299.18,0.0,2024-10-04 18:27:00
2864,1618,85,2,116.09,0.0,2024-10-04 18:27:00
2865,1619,23,3,307.17,0.0,2024-10-06 09:47:00
2866,1619,106,1,299.98,0.0,2024-10-06 09:47:00
2867,1619,118,2,57.07,0.0,2024-10-06 09:47:00
2868,1620,19,1,229.65,0.0,2024-09-08 09:45:00
2869,1621,34,2,267.4,0.0,2025-04-03 14:46:00
2870,1621,55,1,84.93,0.0,2025-04-03 14:46:00
2871,1622,116,1,61.84,5.0,2024-11-10 23:07:00
2872,1622,27,3,177.5,0.0,2024-11-10 23:07:00
2873,1623,117,1,10.5,0.0,2024-05-19 07:38:00
2874,1623,89,1,95.93,0.0,2024-05-19 07:38:00
2875,1624,49,1,110.02,0.0,2024-09-20 14:45:00
2876,1624,116,1,61.84,0.0,2024-09-20 14:45:00
2877,1624,100,1,300.7,0.0,2024-09-20 14:45:00
2878,1625,81,1,331.39,0.0,2025-03-23 02:32:00
2879,1625,6,1,94.63,0.0,2025-03-23 02:32:00
2880,1626,85,1,116.09,0.0,2024-09-09 22:51:00
2881,1627,15,1,7.91,5.0,2024-01-19 13:02:00
2882,1628,63,1,169.24,0.0,2025-03-17 20:14:00
2883,1628,69,1,234.52,0.0,2025-03-17 20:14:00
2884,1628,95,1,208.45,5.0,2025-03-17 20:14:00
2885,1629,120,1,205.0,0.0,2025-02-15 18:38:00
2886,1629,37,1,13.97,10.0,2025-02-15 18:38:00
2887,1630,73,1,314.18,0.0,2024-07-12 20:28:00
2888,1631,51,2,288.17,0.0,2024-03-10 02:01:00
2889,1631,114,1,312.07,5.0,2024-03-10 02:01:00
2890,1632,109,1,53.49,0.0,2025-02-10 16:08:00
2891,1633,5,1,56.32,0.0,2025-07-15 01:11:00
2892,1634,30,1,28.03,0.0,2024-01-19 16:29:00
2893,1635,11,2,322.88,0.0,2024-11-15 06:42:00
2894,1636,31,1,116.15,0.0,2025-08-20 03:43:00
2895,1636,48,1,281.38,10.0,2025-08-20 03:43:00
2896,1636,19,1,229.65,0.0,2025-08-20 03:43:00
2897,1637,85,3,116.09,0.0,2024-05-13 01:28:00
2898,1637,99,3,396.99,0.0,2024-05-13 01:28:00
2899,1638,93,1,130.27,0.0,2025-02-20 11:40:00
2900,1638,73,1,314.18,0.0,2025-02-20 11:40:00
2901,1639,111,3,75.81,0.0,2024-04-04 17:51:00
2902,1640,45,1,147.92,5.0,2025-04-14 09:01:00
2903,1640,116,1,61.84,0.0,2025-04-14 09:01:00
2904,1640,51,1,288.17,0.0,2025-04-14 09:01:00
2905,1641,65,1,135.3,0.0,2025-01-29 23:59:00
2906,1641,24,1,223.66,0.0,2025-01-29 23:59:00
2907,1641,43,1,155.5,0.0,2025-01-29 23:59:00
2908,1642,112,1,350.45,0.0,2024-05-28 21:48:00
2909,1643,78,1,135.97,0.0,2024-12-09 15:58:00
2910,1643,72,1,195.51,15.0,2024-12-09 15:58:00
2911,1643,71,3,14.01,0.0,2024-12-09 15:58:00
2912,1644,88,1,366.82,0.0,2025-04-05 15:33:00
2913,1645,3,1,151.33,5.0,2024-11-01 07:05:00
2914,1645,22,2,228.27,0.0,2024-11-01 07:05:00
2915,1646,5,1,56.32,15.0,2025-06-18 16:21:00
2916,1647,30,1,28.03,0.0,2025-05-28 04:18:00
2917,1648,8,2,333.91,0.0,2025-05-16 20:29:00
2918,1649,16,2,267.62,0.0,2025-02-19 16:39:00
2919,1649,98,1,176.86,0.0,2025-02-19 16:39:00
2920,1650,10,1,333.74,5.0,2025-04-27 17:58:00
2921,1650,106,3,299.98,0.0,2025-04-27 17:58:00
2922,1651,83,1,223.84,10.0,2024-11-26 18:04:00
2923,1651,88,1,366.82,5.0,2024-11-26 18:04:00
2924,1651,58,3,304.62,10.0,2024-11-26 18:04:00
2925,1652,63,1,169.24,10.0,2024-11-04 01:38:00
2926,1653,82,1,60.4,0.0,2025-06-03 05:52:00
2927,1654,20,1,50.24,0.0,2024-10-30 00:12:00
2928,1654,113,1,82.59,5.0,2024-10-30 00:12:00
2929,1654,19,1,229.65,0.0,2024-10-30 00:12:00
2930,1655,50,3,312.61,0.0,2024-03-21 23:52:00
2931,1655,113,1,82.59,0.0,2024-03-21 23:52:00
2932,1656,56,2,233.79,0.0,2024-09-22 21:19:00
2933,1656,19,1,229.65,10.0,2024-09-22 21:19:00
2934,1657,113,1,82.59,0.0,2024-10-04 14:20:00
2935,1658,52,1,112.54,0.0,2025-07-17 08:39:00
2936,1659,27,3,177.5,15.0,2025-03-30 07:56:00
2937,1659,54,2,185.03,0.0,2025-03-30 07:56:00
2938,1660,58,1,304.62,5.0,2025-06-06 17:06:00
2939,1661,47,1,384.95,0.0,2024-04-03 20:25:00
2940,1662,18,2,186.27,0.0,2024-07-04 17:28:00
2941,1662,27,1,177.5,0.0,2024-07-04 17:28:00
2942,1663,73,1,314.18,0.0,2024-12-02 06:34:00
2943,1663,112,2,350.45,0.0,2024-12-02 06:34:00
2944,1664,47,3,384.95,0.0,2024-03-23 13:26:00
2945,1664,71,2,14.01,0.0,2024-03-23 13:26:00
2946,1665,48,1,281.38,0.0,2024-06-21 05:38:00
2947,1665,28,1,166.37,0.0,2024-06-21 05:38:00
2948,1666,70,1,238.41,0.0,2025-07-26 22:53:00
2949,1667,107,3,108.67,5.0,2025-01-21 14:16:00
2950,1668,53,1,43.07,10.0,2025-06-02 11:11:00
2951,1668,28,1,166.37,0.0,2025-06-02 11:11:00
2952,1668,114,1,312.07,0.0,2025-06-02 11:11:00
2953,1669,67,1,237.12,0.0,2024-08-11 06:09:00
2954,1670,4,1,79.84,0.0,2024-09-29 12:16:00
2955,1670,50,1,312.61,10.0,2024-09-29 12:16:00
2956,1670,23,1,307.17,15.0,2024-09-29 12:16:00
2957,1671,73,2,314.18,0.0,2025-08-08 01:51:00
2958,1671,83,1,223.84,0.0,2025-08-08 01:51:00
2959,1672,26,1,17.17,5.0,2024-07-26 04:10:00
2960,1672,41,1,65.16,0.0,2024-07-26 04:10:00
2961,1673,17,2,283.54,0.0,2024-11-29 04:07:00
2962,1673,63,1,169.24,0.0,2024-11-29 04:07:00
2963,1673,120,2,205.0,0.0,2024-11-29 04:07:00
2964,1674,81,2,331.39,0.0,2024-01-01 10:02:00
2965,1674,87,1,308.62,0.0,2024-01-01 10:02:00
2966,1675,3,1,151.33,0.0,2024-12-14 23:41:00
2967,1676,7,1,269.58,0.0,2025-07-14 18:18:00
2968,1676,12,1,118.89,10.0,2025-07-14 18:18:00
2969,1676,116,1,61.84,10.0,2025-07-14 18:18:00
2970,1677,28,1,166.37,0.0,2024-05-02 20:33:00
2971,1677,9,1,281.6,0.0,2024-05-02 20:33:00
2972,1678,75,3,198.83,5.0,2025-05-04 16:07:00
2973,1678,58,1,304.62,0.0,2025-05-04 16:07:00
2974,1678,91,1,151.51,0.0,2025-05-04 16:07:00
2975,1679,103,1,129.79,0.0,2025-04-27 20:24:00
2976,1680,20,1,50.24,0.0,2025-06-22 23:34:00
2977,1680,16,1,267.62,5.0,2025-06-22 23:34:00
2978,1680,80,1,13.54,0.0,2025-06-22 23:34:00
2979,1681,81,1,331.39,0.0,2024-06-25 16:49:00
2980,1681,36,1,70.95,10.0,2024-06-25 16:49:00
2981,1682,15,1,7.91,0.0,2025-07-13 03:04:00
2982,1682,19,3,229.65,10.0,2025-07-13 03:04:00
2983,1682,13,2,274.59,0.0,2025-07-13 03:04:00
2984,1683,49,1,110.02,0.0,2024-03-04 09:38:00
2985,1684,99,1,396.99,10.0,2025-05-09 09:52:00
2986,1685,105,1,152.59,15.0,2025-02-21 03:26:00
2987,1685,57,1,74.83,15.0,2025-02-21 03:26:00
2988,1686,115,1,388.87,5.0,2024-07-05 20:16:00
2989,1687,86,1,292.16,0.0,2025-02-17 03:02:00
2990,1688,11,2,322.88,0.0,2024-03-08 16:04:00
2991,1688,9,1,281.6,0.0,2024-03-08 16:04:00
2992,1688,80,1,13.54,10.0,2024-03-08 16:04:00
2993,1689,20,1,50.24,0.0,2025-03-13 22:56:00
2994,1690,86,1,292.16,5.0,2024-01-29 08:44:00
2995,1690,82,1,60.4,10.0,2024-01-29 08:44:00
2996,1690,92,2,324.26,15.0,2024-01-29 08:44:00
2997,1691,46,1,51.61,10.0,2024-07-20 08:01:00
2998,1691,103,1,129.79,0.0,2024-07-20 08:01:00
2999,1692,76,1,230.83,0.0,2024-06-23 10:51:00
3000,1692,22,1,228.27,15.0,2024-06-23 10:51:00
3001,1693,66,1,45.84,0.0,2024-01-04 11:43:00
3002,1694,118,1,57.07,0.0,2024-05-29 19:51:00
3003,1694,41,3,65.16,15.0,2024-05-29 19:51:00
3004,1695,31,2,116.15,0.0,2024-08-21 16:25:00
3005,1696,56,1,233.79,0.0,2024-09-01 05:31:00
3006,1697,98,1,176.86,0.0,2024-10-18 23:58:00
3007,1698,43,1,155.5,0.0,2024-09-28 21:22:00
3008,1698,17,2,283.54,10.0,2024-09-28 21:22:00
3009,1699,2,2,133.7,0.0,2025-05-29 07:48:00
3010,1699,3,1,151.33,0.0,2025-05-29 07:48:00
3011,1699,26,3,17.17,0.0,2025-05-29 07:48:00
3012,1700,5,1,56.32,10.0,2024-02-22 10:10:00
3013,1701,49,1,110.02,10.0,2024-10-13 19:27:00
3014,1702,110,3,65.55,0.0,2024-05-30 10:54:00
3015,1702,55,1,84.93,0.0,2024-05-30 10:54:00
3016,1702,44,1,253.96,0.0,2024-05-30 10:54:00
3017,1703,34,1,267.4,0.0,2024-02-08 04:51:00
3018,1704,35,1,165.52,0.0,2024-07-29 01:30:00
3019,1705,86,1,292.16,0.0,2024-09-12 10:11:00
3020,1706,41,2,65.16,0.0,2024-11-27 23:36:00
3021,1706,115,1,388.87,0.0,2024-11-27 23:36:00
3022,1707,104,2,266.36,0.0,2025-04-13 08:42:00
3023,1707,32,1,266.46,0.0,2025-04-13 08:42:00
3024,1707,48,1,281.38,0.0,2025-04-13 08:42:00
3025,1708,31,2,116.15,0.0,2025-05-05 01:36:00
3026,1708,111,1,75.81,0.0,2025-05-05 01:36:00
3027,1709,95,2,208.45,0.0,2024-04-08 07:24:00
3028,1709,112,3,350.45,15.0,2024-04-08 07:24:00
3029,1710,75,1,198.83,0.0,2025-07-12 15:14:00
3030,1711,59,1,289.19,10.0,2024-08-19 17:45:00
3031,1711,43,2,155.5,0.0,2024-08-19 17:45:00
3032,1711,14,1,83.96,0.0,2024-08-19 17:45:00
3033,1712,18,1,186.27,0.0,2025-02-19 08:07:00
3034,1713,11,1,322.88,0.0,2024-12-25 05:01:00
3035,1713,92,3,324.26,5.0,2024-12-25 05:01:00
3036,1714,102,1,209.95,5.0,2024-05-17 08:17:00
3037,1715,92,1,324.26,0.0,2024-05-17 00:31:00
3038,1716,68,1,370.42,5.0,2024-09-27 09:52:00
3039,1717,91,3,151.51,0.0,2025-07-15 04:14:00
3040,1717,78,2,135.97,10.0,2025-07-15 04:14:00
3041,1717,61,1,235.72,5.0,2025-07-15 04:14:00
3042,1718,111,2,75.81,0.0,2024-11-19 04:28:00
3043,1718,57,1,74.83,10.0,2024-11-19 04:28:00
3044,1719,23,3,307.17,15.0,2024-05-09 13:28:00
3045,1720,113,1,82.59,0.0,2024-09-10 09:03:00
3046,1721,90,1,224.17,0.0,2024-07-15 12:51:00
3047,1721,98,1,176.86,5.0,2024-07-15 12:51:00
3048,1721,24,2,223.66,0.0,2024-07-15 12:51:00
3049,1721,97,3,70.02,0.0,2024-07-15 12:51:00
3050,1722,82,2,60.4,10.0,2024-11-03 19:30:00
3051,1723,53,1,43.07,0.0,2025-02-16 06:32:00
3052,1724,55,1,84.93,10.0,2025-02-05 17:12:00
3053,1725,31,1,116.15,0.0,2024-01-28 15:15:00
3054,1726,88,1,366.82,0.0,2024-08-30 00:26:00
3055,1726,97,1,70.02,15.0,2024-08-30 00:26:00
3056,1727,64,1,200.13,0.0,2025-04-26 01:29:00
3057,1728,80,2,13.54,0.0,2024-09-19 18:16:00
3058,1728,56,1,233.79,0.0,2024-09-19 18:16:00
3059,1729,92,1,324.26,0.0,2024-12-02 07:39:00
3060,1729,96,1,374.74,0.0,2024-12-02 07:39:00
3061,1730,99,3,396.99,0.0,2025-08-31 05:35:00
3062,1731,88,1,366.82,10.0,2025-08-02 20:09:00
3063,1732,73,1,314.18,15.0,2024-07-13 08:08:00
3064,1732,108,1,100.18,5.0,2024-07-13 08:08:00
3065,1732,46,2,51.61,0.0,2024-07-13 08:08:00
3066,1732,62,1,38.36,0.0,2024-07-13 08:08:00
3067,1733,63,1,169.24,0.0,2024-10-04 11:48:00
3068,1734,25,1,225.89,5.0,2024-01-11 22:57:00
3069,1734,22,1,228.27,0.0,2024-01-11 22:57:00
3070,1734,46,1,51.61,10.0,2024-01-11 22:57:00
3071,1734,113,1,82.59,0.0,2024-01-11 22:57:00
3072,1735,109,3,53.49,0.0,2024-05-22 04:59:00
3073,1735,52,1,112.54,15.0,2024-05-22 04:59:00
3074,1735,116,1,61.84,0.0,2024-05-22 04:59:00
3075,1736,95,2,208.45,10.0,2024-04-24 16:50:00
3076,1737,4,2,79.84,10.0,2024-12-11 10:09:00
3077,1738,49,3,110.02,0.0,2024-05-07 07:27:00
3078,1738,81,1,331.39,0.0,2024-05-07 07:27:00
3079,1739,56,2,233.79,0.0,2025-08-13 17:04:00
3080,1740,23,1,307.17,5.0,2024-09-06 10:26:00
3081,1740,24,1,223.66,15.0,2024-09-06 10:26:00
3082,1741,61,1,235.72,0.0,2024-04-19 12:12:00
3083,1742,3,1,151.33,0.0,2025-02-19 09:56:00
3084,1743,107,3,108.67,0.0,2024-01-18 00:13:00
3085,1744,30,1,28.03,0.0,2024-05-24 23:32:00
3086,1744,78,2,135.97,5.0,2024-05-24 23:32:00
3087,1745,110,1,65.55,10.0,2024-08-06 17:26:00
3088,1746,8,1,333.91,0.0,2024-06-16 09:42:00
3089,1746,14,1,83.96,0.0,2024-06-16 09:42:00
3090,1746,42,2,181.23,0.0,2024-06-16 09:42:00
3091,1746,78,1,135.97,0.0,2024-06-16 09:42:00
3092,1747,64,2,200.13,0.0,2024-06-29 09:50:00
3093,1748,2,3,133.7,10.0,2024-04-19 20:47:00
3094,1749,44,1,253.96,0.0,2024-04-22 14:05:00
3095,1749,88,1,366.82,0.0,2024-04-22 14:05:00
3096,1750,77,1,192.03,0.0,2024-07-01 14:44:00
3097,1750,37,1,13.97,0.0,2024-07-01 14:44:00
3098,1751,89,2,95.93,0.0,2025-02-16 19:53:00
3099,1752,61,1,235.72,10.0,2024-02-14 19:07:00
3100,1753,54,1,185.03,0.0,2024-01-10 21:26:00
3101,1754,89,1,95.93,0.0,2024-09-16 16:25:00
3102,1754,112,3,350.45,0.0,2024-09-16 16:25:00
3103,1754,82,3,60.4,0.0,2024-09-16 16:25:00
3104,1755,101,1,356.86,0.0,2024-01-04 07:35:00
3105,1755,44,1,253.96,0.0,2024-01-04 07:35:00
3106,1755,43,1,155.5,0.0,2024-01-04 07:35:00
3107,1755,116,1,61.84,10.0,2024-01-04 07:35:00
3108,1756,81,1,331.39,0.0,2024-03-25 10:08:00
3109,1757,91,1,151.51,0.0,2024-01-22 04:22:00
3110,1757,31,2,116.15,0.0,2024-01-22 04:22:00
3111,1757,32,1,266.46,15.0,2024-01-22 04:22:00
3112,1758,3,1,151.33,0.0,2025-03-22 07:07:00
3113,1759,50,2,312.61,10.0,2024-03-20 22:31:00
3114,1759,80,1,13.54,0.0,2024-03-20 22:31:00
3115,1759,68,1,370.42,15.0,2024-03-20 22:31:00
3116,1760,115,3,388.87,0.0,2024-10-09 14:01:00
3117,1760,94,1,119.91,0.0,2024-10-09 14:01:00
3118,1761,100,1,300.7,0.0,2025-05-07 12:07:00
3119,1762,92,1,324.26,0.0,2025-06-24 22:46:00
3120,1762,109,2,53.49,5.0,2025-06-24 22:46:00
3121,1763,29,1,342.09,0.0,2025-07-09 02:35:00
3122,1764,106,1,299.98,0.0,2024-06-27 04:26:00
3123,1765,101,1,356.86,0.0,2024-08-01 10:31:00
3124,1765,41,1,65.16,0.0,2024-08-01 10:31:00
3125,1766,114,1,312.07,0.0,2024-05-29 05:35:00
3126,1767,83,1,223.84,15.0,2024-06-27 13:47:00
3127,1767,119,1,272.68,0.0,2024-06-27 13:47:00
3128,1767,16,1,267.62,0.0,2024-06-27 13:47:00
3129,1768,114,1,312.07,10.0,2024-05-15 07:23:00
3130,1769,37,1,13.97,0.0,2024-12-30 03:55:00
3131,1769,49,1,110.02,0.0,2024-12-30 03:55:00
3132,1770,2,1,133.7,0.0,2024-12-30 08:20:00
3133,1770,27,1,177.5,0.0,2024-12-30 08:20:00
3134,1770,4,1,79.84,0.0,2024-12-30 08:20:00
3135,1771,54,1,185.03,0.0,2024-03-18 20:49:00
3136,1771,60,2,252.79,5.0,2024-03-18 20:49:00
3137,1772,58,1,304.62,0.0,2024-03-07 20:23:00
3138,1772,72,1,195.51,0.0,2024-03-07 20:23:00
3139,1772,57,2,74.83,0.0,2024-03-07 20:23:00
3140,1772,14,3,83.96,0.0,2024-03-07 20:23:00
3141,1773,26,2,17.17,10.0,2024-07-15 05:59:00
3142,1774,21,1,269.02,0.0,2024-06-20 12:16:00
3143,1775,3,1,151.33,0.0,2024-05-02 11:03:00
3144,1776,71,1,14.01,0.0,2024-05-14 14:53:00
3145,1776,19,1,229.65,10.0,2024-05-14 14:53:00
3146,1776,93,1,130.27,0.0,2024-05-14 14:53:00
3147,1777,56,1,233.79,5.0,2025-03-10 11:37:00
3148,1778,42,1,181.23,0.0,2024-06-24 21:52:00
3149,1779,83,1,223.84,0.0,2025-08-26 13:20:00
3150,1779,73,2,314.18,0.0,2025-08-26 13:20:00
3151,1780,66,1,45.84,0.0,2025-06-20 05:40:00
3152,1781,17,1,283.54,0.0,2025-05-02 02:13:00
3153,1781,119,1,272.68,0.0,2025-05-02 02:13:00
3154,1782,67,1,237.12,0.0,2024-10-11 21:56:00
3155,1783,12,2,118.89,0.0,2024-02-09 19:22:00
3156,1783,46,1,51.61,0.0,2024-02-09 19:22:00
3157,1784,97,1,70.02,0.0,2025-04-01 14:55:00
3158,1785,8,1,333.91,0.0,2025-08-26 09:39:00
3159,1786,51,1,288.17,0.0,2024-04-08 13:52:00
3160,1786,71,2,14.01,0.0,2024-04-08 13:52:00
3161,1787,58,1,304.62,10.0,2024-04-25 08:50:00
3162,1787,98,3,176.86,0.0,2024-04-25 08:50:00
3163,1787,34,1,267.4,0.0,2024-04-25 08:50:00
3164,1788,88,1,366.82,0.0,2024-05-11 07:42:00
3165,1789,108,1,100.18,15.0,2024-11-18 18:51:00
3166,1790,6,1,94.63,0.0,2025-01-19 06:15:00
3167,1791,20,3,50.24,0.0,2025-01-29 03:46:00
3168,1792,41,1,65.16,0.0,2024-08-09 23:37:00
3169,1793,86,1,292.16,0.0,2024-08-31 20:22:00
3170,1793,66,2,45.84,5.0,2024-08-31 20:22:00
3171,1794,86,2,292.16,0.0,2024-02-02 15:59:00
3172,1795,9,1,281.6,0.0,2024-12-04 19:02:00
3173,1796,27,1,177.5,0.0,2024-12-29 19:39:00
3174,1796,63,1,169.24,15.0,2024-12-29 19:39:00
3175,1797,75,2,198.83,5.0,2024-12-19 05:17:00
3176,1797,66,2,45.84,10.0,2024-12-19 05:17:00
3177,1798,28,1,166.37,10.0,2025-03-28 21:58:00
3178,1799,81,2,331.39,10.0,2025-07-26 05:25:00
3179,1800,72,1,195.51,0.0,2025-06-07 01:21:00
3180,1801,107,1,108.67,0.0,2024-05-15 03:42:00
3181,1802,43,1,155.5,0.0,2024-04-07 13:14:00
3182,1802,115,1,388.87,0.0,2024-04-07 13:14:00
3183,1803,37,1,13.97,0.0,2024-07-28 00:00:00
3184,1804,84,1,270.53,0.0,2024-08-13 13:01:00
3185,1805,27,1,177.5,0.0,2024-12-15 15:48:00
3186,1805,6,1,94.63,0.0,2024-12-15 15:48:00
3187,1806,120,2,205.0,0.0,2024-02-13 16:52:00
3188,1807,73,2,314.18,0.0,2024-09-07 09:03:00
3189,1808,89,1,95.93,0.0,2024-10-10 18:48:00
3190,1809,105,1,152.59,0.0,2024-03-06 21:46:00
3191,1809,60,1,252.79,0.0,2024-03-06 21:46:00
3192,1809,81,1,331.39,0.0,2024-03-06 21:46:00
3193,1810,108,1,100.18,0.0,2024-05-16 19:09:00
3194,1810,66,1,45.84,5.0,2024-05-16 19:09:00
3195,1810,2,1,133.7,0.0,2024-05-16 19:09:00
3196,1811,43,1,155.5,0.0,2024-05-01 07:36:00
3197,1812,50,2,312.61,10.0,2025-01-21 04:55:00
3198,1812,59,3,289.19,10.0,2025-01-21 04:55:00
3199,1812,78,2,135.97,0.0,2025-01-21 04:55:00
3200,1813,62,1,38.36,0.0,2024-10-03 00:20:00
3201,1813,37,2,13.97,0.0,2024-10-03 00:20:00
3202,1813,86,2,292.16,0.0,2024-10-03 00:20:00
3203,1814,79,1,210.67,0.0,2025-06-05 11:21:00
3204,1815,4,1,79.84,10.0,2024-07-13 05:55:00
3205,1816,36,3,70.95,5.0,2024-04-12 23:21:00
3206,1816,39,1,187.44,0.0,2024-04-12 23:21:00
3207,1816,94,1,119.91,0.0,2024-04-12 23:21:00
3208,1817,7,1,269.58,10.0,2024-07-25 05:31:00
3209,1818,55,2,84.93,0.0,2025-02-08 15:09:00
3210,1818,48,1,281.38,5.0,2025-02-08 15:09:00
3211,1819,3,1,151.33,0.0,2025-02-02 10:39:00
3212,1820,16,1,267.62,0.0,2025-04-17 20:42:00
3213,1821,120,3,205.0,5.0,2024-05-03 05:36:00
3214,1822,118,1,57.07,15.0,2024-11-20 23:43:00
3215,1822,118,1,57.07,0.0,2024-11-20 23:43:00
3216,1822,88,2,366.82,0.0,2024-11-20 23:43:00
3217,1822,113,3,82.59,0.0,2024-11-20 23:43:00
3218,1823,2,1,133.7,0.0,2024-02-09 06:51:00
3219,1824,59,2,289.19,10.0,2024-11-04 11:36:00
3220,1824,75,1,198.83,0.0,2024-11-04 11:36:00
3221,1825,3,2,151.33,0.0,2024-12-29 22:22:00
3222,1826,94,1,119.91,0.0,2025-05-27 11:37:00
3223,1827,51,1,288.17,0.0,2024-07-18 14:47:00
3224,1828,64,1,200.13,10.0,2024-09-22 17:35:00
3225,1829,23,3,307.17,0.0,2024-03-08 00:51:00
3226,1830,6,1,94.63,0.0,2025-06-03 18:31:00
3227,1830,99,2,396.99,10.0,2025-06-03 18:31:00
3228,1831,93,1,130.27,0.0,2024-05-24 04:22:00
3229,1831,103,1,129.79,0.0,2024-05-24 04:22:00
3230,1832,112,1,350.45,0.0,2025-06-30 13:53:00
3231,1832,89,1,95.93,0.0,2025-06-30 13:53:00
3232,1833,84,1,270.53,0.0,2024-03-19 05:13:00
3233,1834,110,1,65.55,0.0,2024-04-01 13:23:00
3234,1834,90,1,224.17,0.0,2024-04-01 13:23:00
3235,1835,109,2,53.49,0.0,2024-04-02 23:35:00
3236,1836,12,1,118.89,0.0,2024-05-20 23:09:00
3237,1837,61,1,235.72,0.0,2025-05-07 05:53:00
3238,1838,116,1,61.84,0.0,2024-09-14 18:07:00
3239,1839,19,1,229.65,0.0,2024-11-30 06:03:00
3240,1839,82,1,60.4,0.0,2024-11-30 06:03:00
3241,1840,52,1,112.54,0.0,2024-12-01 23:36:00
3242,1841,99,1,396.99,0.0,2024-12-06 04:43:00
3243,1841,105,1,152.59,0.0,2024-12-06 04:43:00
3244,1841,114,1,312.07,0.0,2024-12-06 04:43:00
3245,1841,70,1,238.41,0.0,2024-12-06 04:43:00
3246,1842,12,1,118.89,0.0,2024-04-08 10:08:00
3247,1842,114,1,312.07,0.0,2024-04-08 10:08:00
3248,1842,119,1,272.68,0.0,2024-04-08 10:08:00
3249,1842,60,1,252.79,5.0,2024-04-08 10:08:00
3250,1843,88,1,366.82,0.0,2024-06-22 12:58:00
3251,1843,6,1,94.63,0.0,2024-06-22 12:58:00
3252,1844,81,1,331.39,5.0,2025-01-15 09:16:00
3253,1844,44,1,253.96,0.0,2025-01-15 09:16:00
3254,1844,107,2,108.67,0.0,2025-01-15 09:16:00
3255,1845,74,1,197.23,0.0,2024-08-17 07:24:00
3256,1845,105,2,152.59,0.0,2024-08-17 07:24:00
3257,1845,106,1,299.98,10.0,2024-08-17 07:24:00
3258,1846,54,2,185.03,0.0,2024-07-28 22:30:00
3259,1847,70,1,238.41,0.0,2025-01-09 05:23:00
3260,1847,14,1,83.96,5.0,2025-01-09 05:23:00
3261,1847,33,3,225.03,0.0,2025-01-09 05:23:00
3262,1847,86,3,292.16,0.0,2025-01-09 05:23:00
3263,1848,88,2,366.82,0.0,2024-10-24 02:20:00
3264,1848,43,1,155.5,0.0,2024-10-24 02:20:00
3265,1849,108,2,100.18,0.0,2025-05-28 04:24:00
3266,1850,51,1,288.17,0.0,2024-12-20 08:03:00
3267,1850,105,1,152.59,0.0,2024-12-20 08:03:00
3268,1851,96,1,374.74,0.0,2024-02-19 09:31:00
3269,1851,97,3,70.02,0.0,2024-02-19 09:31:00
3270,1852,83,1,223.84,0.0,2025-04-23 17:56:00
3271,1853,115,2,388.87,0.0,2025-05-13 09:01:00
3272,1853,92,1,324.26,15.0,2025-05-13 09:01:00
3273,1853,102,3,209.95,0.0,2025-05-13 09:01:00
3274,1854,64,1,200.13,5.0,2025-04-07 10:21:00
3275,1854,10,1,333.74,0.0,2025-04-07 10:21:00
3276,1855,97,1,70.02,0.0,2024-01-14 13:00:00
3277,1856,70,1,238.41,0.0,2025-02-24 14:49:00
3278,1856,105,1,152.59,5.0,2025-02-24 14:49:00
3279,1856,3,1,151.33,0.0,2025-02-24 14:49:00
3280,1857,24,2,223.66,0.0,2024-05-21 13:49:00
3281,1858,9,1,281.6,5.0,2024-06-28 21:36:00
3282,1858,16,1,267.62,0.0,2024-06-28 21:36:00
3283,1859,52,1,112.54,0.0,2024-05-13 10:51:00
3284,1860,44,1,253.96,0.0,2024-04-10 13:30:00
3285,1860,27,1,177.5,5.0,2024-04-10 13:30:00
3286,1861,118,1,57.07,0.0,2024-07-31 04:25:00
3287,1861,79,1,210.67,0.0,2024-07-31 04:25:00
3288,1862,5,1,56.32,0.0,2025-01-08 08:56:00
3289,1862,45,1,147.92,0.0,2025-01-08 08:56:00
3290,1863,111,2,75.81,0.0,2024-01-16 22:10:00
3291,1863,97,1,70.02,0.0,2024-01-16 22:10:00
3292,1864,89,1,95.93,5.0,2025-01-01 22:03:00
3293,1865,88,1,366.82,0.0,2025-02-28 14:33:00
3294,1865,4,1,79.84,0.0,2025-02-28 14:33:00
3295,1865,63,2,169.24,0.0,2025-02-28 14:33:00
3296,1866,33,1,225.03,0.0,2024-07-06 06:33:00
3297,1867,93,2,130.27,0.0,2024-12-21 01:38:00
3298,1868,13,1,274.59,0.0,2024-09-25 18:55:00
3299,1868,96,1,374.74,0.0,2024-09-25 18:55:00
3300,1869,61,1,235.72,0.0,2024-04-19 07:55:00
3301,1869,40,1,202.91,0.0,2024-04-19 07:55:00
3302,1870,58,1,304.62,10.0,2024-04-16 07:28:00
3303,1870,53,1,43.07,0.0,2024-04-16 07:28:00
3304,1871,76,2,230.83,0.0,2025-08-16 12:31:00
3305,1871,100,1,300.7,0.0,2025-08-16 12:31:00
3306,1872,9,1,281.6,0.0,2024-02-03 20:13:00
3307,1872,60,1,252.79,0.0,2024-02-03 20:13:00
3308,1873,103,3,129.79,0.0,2025-03-11 14:02:00
3309,1873,84,2,270.53,0.0,2025-03-11 14:02:00
3310,1874,16,1,267.62,0.0,2024-12-09 17:55:00
3311,1875,116,1,61.84,0.0,2024-07-15 20:04:00
3312,1876,6,1,94.63,0.0,2025-06-30 14:53:00
3313,1876,43,1,155.5,15.0,2025-06-30 14:53:00
3314,1876,88,1,366.82,0.0,2025-06-30 14:53:00
3315,1877,26,1,17.17,0.0,2024-01-31 15:08:00
3316,1877,32,1,266.46,0.0,2024-01-31 15:08:00
3317,1877,100,2,300.7,0.0,2024-01-31 15:08:00
3318,1878,23,2,307.17,0.0,2024-02-23 15:13:00
3319,1878,6,1,94.63,0.0,2024-02-23 15:13:00
3320,1879,111,1,75.81,0.0,2024-08-04 00:25:00
3321,1880,30,2,28.03,0.0,2024-07-17 07:27:00
3322,1880,104,2,266.36,0.0,2024-07-17 07:27:00
3323,1880,117,1,10.5,0.0,2024-07-17 07:27:00
3324,1881,17,2,283.54,0.0,2025-08-19 23:29:00
3325,1882,73,1,314.18,10.0,2025-07-27 20:24:00
3326,1882,64,1,200.13,0.0,2025-07-27 20:24:00
3327,1882,90,1,224.17,15.0,2025-07-27 20:24:00
3328,1883,115,1,388.87,10.0,2024-07-06 17:30:00
3329,1883,82,1,60.4,0.0,2024-07-06 17:30:00
3330,1884,5,1,56.32,0.0,2024-08-11 05:07:00
3331,1885,55,1,84.93,5.0,2025-01-26 17:50:00
3332,1885,12,1,118.89,0.0,2025-01-26 17:50:00
3333,1886,46,1,51.61,0.0,2025-01-16 22:02:00
3334,1886,65,3,135.3,0.0,2025-01-16 22:02:00
3335,1886,117,3,10.5,0.0,2025-01-16 22:02:00
3336,1887,4,1,79.84,10.0,2025-06-27 01:14:00
3337,1888,86,1,292.16,0.0,2024-04-27 00:30:00
3338,1888,85,3,116.09,10.0,2024-04-27 00:30:00
3339,1889,34,1,267.4,0.0,2024-09-29 15:33:00
3340,1890,85,1,116.09,0.0,2024-08-22 05:40:00
3341,1890,53,1,43.07,0.0,2024-08-22 05:40:00
3342,1890,6,1,94.63,15.0,2024-08-22 05:40:00
3343,1890,19,1,229.65,15.0,2024-08-22 05:40:00
3344,1891,51,1,288.17,5.0,2024-03-16 20:19:00
3345,1891,8,1,333.91,5.0,2024-03-16 20:19:00
3346,1892,68,1,370.42,0.0,2024-01-14 10:53:00
3347,1893,2,1,133.7,0.0,2025-03-30 14:12:00
3348,1893,104,1,266.36,10.0,2025-03-30 14:12:00
3349,1894,111,1,75.81,0.0,2025-02-19 03:40:00
3350,1894,28,1,166.37,0.0,2025-02-19 03:40:00
3351,1894,61,1,235.72,0.0,2025-02-19 03:40:00
3352,1895,23,1,307.17,0.0,2024-03-07 23:40:00
3353,1896,70,2,238.41,0.0,2024-09-27 17:45:00
3354,1896,10,1,333.74,0.0,2024-09-27 17:45:00
3355,1897,66,1,45.84,0.0,2025-08-28 06:41:00
3356,1898,62,1,38.36,0.0,2024-04-15 07:27:00
3357,1898,10,1,333.74,0.0,2024-04-15 07:27:00
3358,1899,97,1,70.02,0.0,2025-01-26 00:59:00
3359,1900,29,2,342.09,0.0,2024-02-01 03:04:00
3360,1900,53,1,43.07,0.0,2024-02-01 03:04:00
3361,1901,112,1,350.45,0.0,2025-07-02 10:52:00
3362,1902,25,1,225.89,0.0,2024-05-29 18:54:00
3363,1903,51,1,288.17,0.0,2024-12-18 10:14:00
3364,1903,108,2,100.18,10.0,2024-12-18 10:14:00
3365,1903,96,3,374.74,0.0,2024-12-18 10:14:00
3366,1904,102,1,209.95,0.0,2024-08-16 08:17:00
3367,1905,112,2,350.45,0.0,2024-10-29 02:20:00
3368,1906,77,1,192.03,0.0,2024-12-08 10:06:00
3369,1907,10,1,333.74,5.0,2025-05-02 10:56:00
3370,1908,9,1,281.6,15.0,2024-03-24 08:11:00
3371,1909,100,1,300.7,0.0,2025-08-17 19:01:00
3372,1909,83,1,223.84,15.0,2025-08-17 19:01:00
3373,1910,36,1,70.95,0.0,2025-07-12 07:24:00
3374,1911,118,1,57.07,0.0,2024-12-28 15:43:00
3375,1911,108,1,100.18,0.0,2024-12-28 15:43:00
3376,1911,42,3,181.23,0.0,2024-12-28 15:43:00
3377,1912,61,1,235.72,0.0,2024-04-22 16:26:00
3378,1912,50,2,312.61,0.0,2024-04-22 16:26:00
3379,1912,108,1,100.18,0.0,2024-04-22 16:26:00
3380,1913,119,1,272.68,0.0,2024-06-15 03:58:00
3381,1913,77,1,192.03,0.0,2024-06-15 03:58:00
3382,1914,61,1,235.72,0.0,2024-06-27 21:15:00
3383,1914,89,1,95.93,0.0,2024-06-27 21:15:00
3384,1915,67,1,237.12,0.0,2025-06-09 15:02:00
3385,1916,81,1,331.39,0.0,2024-11-06 13:06:00
3386,1917,37,1,13.97,0.0,2024-02-26 11:39:00
3387,1918,119,3,272.68,0.0,2024-02-07 00:48:00
3388,1919,73,1,314.18,0.0,2024-12-24 21:59:00
3389,1919,40,1,202.91,0.0,2024-12-24 21:59:00
3390,1919,43,1,155.5,15.0,2024-12-24 21:59:00
3391,1920,34,1,267.4,0.0,2025-01-02 19:25:00
3392,1921,25,2,225.89,0.0,2025-08-26 15:19:00
3393,1921,114,2,312.07,0.0,2025-08-26 15:19:00
3394,1922,89,1,95.93,0.0,2024-12-22 20:53:00
3395,1922,88,1,366.82,0.0,2024-12-22 20:53:00
3396,1922,92,1,324.26,0.0,2024-12-22 20:53:00
3397,1923,103,1,129.79,0.0,2024-06-05 01:43:00
3398,1924,16,2,267.62,10.0,2024-07-19 03:55:00
3399,1924,113,1,82.59,0.0,2024-07-19 03:55:00
3400,1925,77,2,192.03,0.0,2024-10-16 22:39:00
3401,1926,24,2,223.66,5.0,2025-06-17 20:51:00
3402,1926,104,1,266.36,0.0,2025-06-17 20:51:00
3403,1926,32,1,266.46,10.0,2025-06-17 20:51:00
3404,1927,120,1,205.0,0.0,2025-08-23 18:55:00
3405,1927,69,1,234.52,0.0,2025-08-23 18:55:00
3406,1928,10,1,333.74,10.0,2024-12-18 17:10:00
3407,1929,105,1,152.59,0.0,2025-04-09 22:19:00
3408,1929,51,1,288.17,5.0,2025-04-09 22:19:00
3409,1929,25,2,225.89,0.0,2025-04-09 22:19:00
3410,1929,33,3,225.03,5.0,2025-04-09 22:19:00
3411,1930,71,1,14.01,0.0,2024-07-03 04:22:00
3412,1931,73,1,314.18,0.0,2025-04-22 02:10:00
3413,1932,55,1,84.93,0.0,2025-04-23 20:18:00
3414,1933,14,1,83.96,15.0,2025-03-27 07:38:00
3415,1934,16,1,267.62,0.0,2024-09-30 09:40:00
3416,1935,98,2,176.86,0.0,2025-08-26 14:16:00
3417,1936,109,1,53.49,10.0,2025-08-27 07:15:00
3418,1937,69,1,234.52,0.0,2025-03-27 13:04:00
3419,1938,119,2,272.68,0.0,2025-01-09 12:20:00
3420,1938,55,1,84.93,0.0,2025-01-09 12:20:00
3421,1939,73,1,314.18,0.0,2024-08-07 15:02:00
3422,1939,15,1,7.91,0.0,2024-08-07 15:02:00
3423,1939,80,2,13.54,0.0,2024-08-07 15:02:00
3424,1940,31,1,116.15,0.0,2025-09-01 23:11:00
3425,1941,74,2,197.23,0.0,2024-08-19 10:59:00
3426,1941,119,1,272.68,0.0,2024-08-19 10:59:00
3427,1942,20,1,50.24,0.0,2024-06-02 06:38:00
3428,1942,75,1,198.83,0.0,2024-06-02 06:38:00
3429,1942,29,1,342.09,0.0,2024-06-02 06:38:00
3430,1943,50,1,312.61,0.0,2024-03-22 09:32:00
3431,1943,79,1,210.67,0.0,2024-03-22 09:32:00
3432,1943,21,1,269.02,0.0,2024-03-22 09:32:00
3433,1943,95,1,208.45,0.0,2024-03-22 09:32:00
3434,1944,104,1,266.36,0.0,2024-01-25 00:24:00
3435,1944,13,1,274.59,10.0,2024-01-25 00:24:00
3436,1944,53,1,43.07,0.0,2024-01-25 00:24:00
3437,1944,59,1,289.19,5.0,2024-01-25 00:24:00
3438,1945,118,1,57.07,0.0,2024-10-28 02:47:00
3439,1945,14,1,83.96,0.0,2024-10-28 02:47:00
3440,1945,86,1,292.16,15.0,2024-10-28 02:47:00
3441,1946,77,2,192.03,5.0,2025-01-21 08:02:00
3442,1946,58,1,304.62,0.0,2025-01-21 08:02:00
3443,1947,11,1,322.88,0.0,2024-11-21 03:55:00
3444,1948,20,2,50.24,0.0,2025-01-02 18:26:00
3445,1949,79,2,210.67,0.0,2024-12-22 18:15:00
3446,1950,98,1,176.86,0.0,2025-03-28 10:09:00
3447,1951,63,1,169.24,0.0,2024-06-19 18:19:00
3448,1951,113,1,82.59,0.0,2024-06-19 18:19:00
3449,1951,42,1,181.23,0.0,2024-06-19 18:19:00
3450,1952,50,2,312.61,0.0,2025-02-27 06:49:00
3451,1952,78,1,135.97,0.0,2025-02-27 06:49:00
3452,1953,10,1,333.74,0.0,2025-06-17 08:41:00
3453,1954,49,1,110.02,5.0,2024-01-26 17:34:00
3454,1954,52,1,112.54,0.0,2024-01-26 17:34:00
3455,1955,52,1,112.54,10.0,2024-08-17 01:41:00
3456,1956,116,1,61.84,0.0,2025-03-17 03:39:00
3457,1956,77,2,192.03,5.0,2025-03-17 03:39:00
3458,1957,88,3,366.82,0.0,2024-10-17 21:24:00
3459,1957,32,1,266.46,5.0,2024-10-17 21:24:00
3460,1957,9,1,281.6,10.0,2024-10-17 21:24:00
3461,1957,103,1,129.79,0.0,2024-10-17 21:24:00
3462,1958,47,1,384.95,0.0,2025-04-04 15:39:00
3463,1958,63,1,169.24,0.0,2025-04-04 15:39:00
3464,1959,55,1,84.93,0.0,2024-06-29 22:37:00
3465,1960,30,1,28.03,0.0,2024-12-29 15:21:00
3466,1961,34,1,267.4,0.0,2024-09-10 15:01:00
3467,1961,22,1,228.27,5.0,2024-09-10 15:01:00
3468,1961,75,1,198.83,0.0,2024-09-10 15:01:00
3469,1962,104,1,266.36,0.0,2024-02-17 19:54:00
3470,1962,5,3,56.32,10.0,2024-02-17 19:54:00
3471,1963,98,1,176.86,0.0,2024-09-17 22:14:00
3472,1964,21,1,269.02,0.0,2024-09-17 01:49:00
3473,1964,90,1,224.17,0.0,2024-09-17 01:49:00
3474,1965,68,3,370.42,5.0,2024-12-29 03:29:00
3475,1966,38,1,290.33,0.0,2025-08-31 14:35:00
3476,1967,112,3,350.45,0.0,2024-11-13 16:17:00
3477,1968,40,1,202.91,0.0,2024-06-04 03:12:00
3478,1969,112,1,350.45,0.0,2024-05-03 05:48:00
3479,1970,84,2,270.53,5.0,2025-02-28 22:11:00
3480,1971,111,3,75.81,5.0,2024-02-03 18:39:00
3481,1971,23,1,307.17,0.0,2024-02-03 18:39:00
3482,1971,61,3,235.72,0.0,2024-02-03 18:39:00
3483,1972,31,1,116.15,0.0,2024-02-22 09:27:00
3484,1972,26,1,17.17,0.0,2024-02-22 09:27:00
3485,1972,10,1,333.74,0.0,2024-02-22 09:27:00
3486,1973,105,2,152.59,0.0,2024-05-09 13:26:00
3487,1974,100,1,300.7,5.0,2024-08-24 00:27:00
3488,1974,98,1,176.86,0.0,2024-08-24 00:27:00
3489,1975,69,3,234.52,0.0,2025-01-11 09:18:00
3490,1976,2,1,133.7,0.0,2024-07-09 08:41:00
3491,1977,35,1,165.52,5.0,2024-11-11 16:15:00
3492,1978,65,2,135.3,15.0,2024-05-02 17:08:00
3493,1979,22,1,228.27,0.0,2024-08-27 17:30:00
3494,1980,17,1,283.54,0.0,2024-08-04 18:13:00
3495,1981,48,1,281.38,0.0,2025-07-01 06:06:00
3496,1981,36,1,70.95,0.0,2025-07-01 06:06:00
3497,1982,91,1,151.51,0.0,2025-04-17 14:11:00
3498,1983,82,1,60.4,0.0,2024-07-01 11:20:00
3499,1984,49,1,110.02,10.0,2024-01-20 10:08:00
3500,1985,68,2,370.42,0.0,2025-08-22 09:59:00
3501,1986,51,1,288.17,0.0,2024-10-25 00:00:00
3502,1986,93,1,130.27,0.0,2024-10-25 00:00:00
3503,1987,83,3,223.84,0.0,2024-03-21 15:55:00
3504,1987,46,2,51.61,0.0,2024-03-21 15:55:00
3505,1988,108,2,100.18,10.0,2025-08-02 15:55:00
3506,1988,97,1,70.02,0.0,2025-08-02 15:55:00
3507,1989,22,1,228.27,0.0,2024-01-15 08:00:00
3508,1989,64,1,200.13,0.0,2024-01-15 08:00:00
3509,1989,5,1,56.32,5.0,2024-01-15 08:00:00
3510,1990,48,2,281.38,5.0,2024-09-27 07:25:00
3511,1990,15,1,7.91,0.0,2024-09-27 07:25:00
3512,1991,49,1,110.02,0.0,2024-06-11 02:30:00
3513,1992,63,1,169.24,0.0,2025-05-21 01:56:00
3514,1993,56,2,233.79,0.0,2024-02-15 03:22:00
3515,1994,58,2,304.62,0.0,2025-05-10 00:44:00
3516,1994,102,2,209.95,0.0,2025-05-10 00:44:00
3517,1995,102,1,209.95,0.0,2024-10-17 06:14:00
3518,1996,3,3,151.33,10.0,2025-05-19 17:32:00
3519,1997,33,1,225.03,5.0,2024-02-09 00:02:00
3520,1997,60,2,252.79,5.0,2024-02-09 00:02:00
3521,1997,48,2,281.38,0.0,2024-02-09 00:02:00
3522,1998,54,3,185.03,0.0,2024-12-16 21:10:00
3523,1999,19,2,229.65,0.0,2025-01-10 12:10:00
3524,2000,38,1,290.33,0.0,2024-04-18 10:11:00
3525,2000,45,1,147.92,0.0,2024-04-18 10:11:00
3526,2000,50,2,312.61,0.0,2024-04-18 10:11:00
3527,2001,10,1,333.74,15.0,2025-01-25 16:37:00
3528,2001,46,2,51.61,10.0,2025-01-25 16:37:00
3529,2001,71,1,14.01,0.0,2025-01-25 16:37:00
3530,2002,112,2,350.45,0.0,2024-03-08 18:44:00
3531,2002,9,1,281.6,0.0,2024-03-08 18:44:00
3532,2002,25,1,225.89,0.0,2024-03-08 18:44:00
3533,2003,2,3,133.7,0.0,2024-07-14 19:08:00
3534,2003,19,2,229.65,0.0,2024-07-14 19:08:00
3535,2004,8,1,333.91,0.0,2025-04-30 22:31:00
3536,2004,28,1,166.37,0.0,2025-04-30 22:31:00
3537,2005,58,1,304.62,0.0,2024-08-14 15:38:00
3538,2006,59,1,289.19,15.0,2024-02-08 18:12:00
3539,2006,42,1,181.23,0.0,2024-02-08 18:12:00
3540,2007,67,1,237.12,0.0,2024-02-04 03:55:00
3541,2008,98,1,176.86,0.0,2024-05-07 12:34:00
3542,2008,98,1,176.86,0.0,2024-05-07 12:34:00
3543,2008,86,2,292.16,0.0,2024-05-07 12:34:00
3544,2009,73,1,314.18,0.0,2025-04-08 00:05:00
3545,2009,20,3,50.24,10.0,2025-04-08 00:05:00
3546,2010,85,2,116.09,0.0,2024-01-01 22:21:00
3547,2011,82,1,60.4,0.0,2024-06-07 21:46:00
3548,2011,19,2,229.65,0.0,2024-06-07 21:46:00
3549,2012,79,1,210.67,10.0,2025-06-21 15:24:00
3550,2013,6,1,94.63,0.0,2024-11-01 07:54:00
3551,2014,18,1,186.27,0.0,2025-02-08 20:19:00
3552,2015,54,2,185.03,15.0,2024-08-04 06:54:00
3553,2015,114,1,312.07,0.0,2024-08-04 06:54:00
3554,2016,33,3,225.03,0.0,2025-08-11 05:01:00
3555,2016,27,1,177.5,0.0,2025-08-11 05:01:00
3556,2017,110,1,65.55,0.0,2025-06-01 04:38:00
3557,2018,101,1,356.86,15.0,2024-11-05 11:37:00
3558,2018,60,3,252.79,0.0,2024-11-05 11:37:00
3559,2019,87,1,308.62,0.0,2024-11-19 08:01:00
3560,2020,59,2,289.19,0.0,2024-04-12 20:47:00
3561,2021,94,3,119.91,0.0,2024-10-04 02:39:00
3562,2022,34,1,267.4,0.0,2024-11-23 17:19:00
3563,2022,71,2,14.01,10.0,2024-11-23 17:19:00
3564,2022,105,2,152.59,0.0,2024-11-23 17:19:00
3565,2023,42,1,181.23,10.0,2024-05-04 23:37:00
3566,2023,86,1,292.16,5.0,2024-05-04 23:37:00
3567,2024,67,1,237.12,0.0,2024-04-17 10:08:00
3568,2024,104,1,266.36,0.0,2024-04-17 10:08:00
3569,2025,29,2,342.09,5.0,2025-01-21 10:17:00
3570,2025,56,1,233.79,0.0,2025-01-21 10:17:00
3571,2025,43,3,155.5,0.0,2025-01-21 10:17:00
3572,2026,93,3,130.27,0.0,2024-06-01 10:40:00
3573,2027,76,1,230.83,0.0,2025-06-04 21:55:00
3574,2028,14,2,83.96,0.0,2024-07-05 03:57:00
3575,2028,72,1,195.51,0.0,2024-07-05 03:57:00
3576,2028,101,1,356.86,0.0,2024-07-05 03:57:00
3577,2029,60,3,252.79,0.0,2025-03-21 08:28:00
3578,2029,119,1,272.68,0.0,2025-03-21 08:28:00
3579,2029,70,1,238.41,5.0,2025-03-21 08:28:00
3580,2029,53,2,43.07,5.0,2025-03-21 08:28:00
3581,2030,43,1,155.5,5.0,2025-05-28 20:20:00
3582,2031,80,1,13.54,0.0,2024-08-17 18:27:00
3583,2032,9,2,281.6,0.0,2024-06-30 11:22:00
3584,2032,119,2,272.68,5.0,2024-06-30 11:22:00
3585,2032,56,1,233.79,0.0,2024-06-30 11:22:00
3586,2033,54,1,185.03,0.0,2024-02-26 23:39:00
3587,2034,48,1,281.38,0.0,2024-12-01 10:35:00
3588,2035,113,3,82.59,0.0,2024-12-18 06:03:00
3589,2036,51,1,288.17,0.0,2025-08-15 18:40:00
3590,2036,52,1,112.54,0.0,2025-08-15 18:40:00
3591,2036,31,1,116.15,0.0,2025-08-15 18:40:00
3592,2037,22,1,228.27,10.0,2025-06-26 06:58:00
3593,2037,77,1,192.03,0.0,2025-06-26 06:58:00
3594,2038,11,1,322.88,0.0,2024-02-09 14:10:00
3595,2039,95,1,208.45,0.0,2024-06-22 21:52:00
3596,2040,64,2,200.13,0.0,2024-07-03 08:40:00
3597,2040,120,3,205.0,0.0,2024-07-03 08:40:00
3598,2041,83,1,223.84,15.0,2024-06-07 22:15:00
3599,2041,7,1,269.58,0.0,2024-06-07 22:15:00
3600,2041,23,1,307.17,0.0,2024-06-07 22:15:00
3601,2042,108,1,100.18,5.0,2024-08-09 06:10:00
3602,2043,106,1,299.98,0.0,2025-04-05 05:36:00
3603,2043,86,1,292.16,0.0,2025-04-05 05:36:00
3604,2044,115,1,388.87,0.0,2025-02-07 17:11:00
3605,2045,75,1,198.83,0.0,2024-02-07 03:48:00
3606,2046,1,2,299.18,0.0,2024-01-12 08:51:00
3607,2047,22,2,228.27,0.0,2024-01-03 03:06:00
3608,2048,63,1,169.24,0.0,2025-08-22 05:51:00
3609,2048,76,1,230.83,0.0,2025-08-22 05:51:00
3610,2048,108,1,100.18,0.0,2025-08-22 05:51:00
3611,2049,37,1,13.97,5.0,2024-10-12 16:32:00
3612,2049,60,1,252.79,15.0,2024-10-12 16:32:00
3613,2049,34,1,267.4,0.0,2024-10-12 16:32:00
3614,2050,66,1,45.84,10.0,2024-08-22 22:43:00
3615,2050,78,1,135.97,5.0,2024-08-22 22:43:00
3616,2051,51,2,288.17,0.0,2024-09-30 22:12:00
3617,2052,89,1,95.93,0.0,2024-12-12 13:29:00
3618,2052,58,1,304.62,0.0,2024-12-12 13:29:00
3619,2053,38,1,290.33,0.0,2024-09-07 10:36:00
3620,2053,105,1,152.59,0.0,2024-09-07 10:36:00
3621,2054,31,2,116.15,0.0,2025-04-27 13:00:00
3622,2054,109,1,53.49,5.0,2025-04-27 13:00:00
3623,2054,42,1,181.23,0.0,2025-04-27 13:00:00
3624,2055,91,1,151.51,0.0,2024-05-27 15:40:00
3625,2056,76,2,230.83,10.0,2025-07-12 04:34:00
3626,2057,58,1,304.62,15.0,2025-08-22 12:24:00
3627,2058,37,2,13.97,5.0,2024-02-11 10:54:00
3628,2058,89,1,95.93,0.0,2024-02-11 10:54:00
3629,2059,62,1,38.36,0.0,2024-09-19 13:04:00
3630,2060,83,1,223.84,0.0,2024-02-05 13:25:00
3631,2061,94,1,119.91,0.0,2025-01-03 01:27:00
3632,2061,120,2,205.0,0.0,2025-01-03 01:27:00
3633,2062,84,1,270.53,10.0,2025-03-09 22:39:00
3634,2062,21,1,269.02,0.0,2025-03-09 22:39:00
3635,2062,45,1,147.92,0.0,2025-03-09 22:39:00
3636,2063,110,2,65.55,0.0,2025-06-15 05:09:00
3637,2064,105,1,152.59,0.0,2024-09-25 23:36:00
3638,2065,51,2,288.17,0.0,2025-01-20 10:16:00
3639,2065,111,1,75.81,0.0,2025-01-20 10:16:00
3640,2066,42,2,181.23,0.0,2024-07-09 03:36:00
3641,2067,85,1,116.09,5.0,2025-06-19 14:20:00
3642,2067,118,2,57.07,0.0,2025-06-19 14:20:00
3643,2068,24,1,223.66,0.0,2025-03-24 01:03:00
3644,2068,101,1,356.86,15.0,2025-03-24 01:03:00
3645,2068,33,1,225.03,0.0,2025-03-24 01:03:00
3646,2069,43,1,155.5,0.0,2024-05-25 10:43:00
3647,2070,31,1,116.15,0.0,2024-04-19 03:04:00
3648,2070,64,3,200.13,0.0,2024-04-19 03:04:00
3649,2070,117,1,10.5,0.0,2024-04-19 03:04:00
3650,2071,5,2,56.32,0.0,2024-09-12 16:30:00
3651,2072,92,1,324.26,0.0,2024-06-09 11:02:00
3652,2072,79,1,210.67,0.0,2024-06-09 11:02:00
3653,2073,62,2,38.36,0.0,2024-04-12 09:07:00
3654,2074,26,1,17.17,5.0,2025-05-01 01:22:00
3655,2074,43,1,155.5,10.0,2025-05-01 01:22:00
3656,2074,110,2,65.55,0.0,2025-05-01 01:22:00
3657,2074,65,1,135.3,0.0,2025-05-01 01:22:00
3658,2075,68,3,370.42,0.0,2025-05-16 05:46:00
3659,2076,79,1,210.67,0.0,2024-12-20 23:26:00
3660,2076,99,3,396.99,0.0,2024-12-20 23:26:00
3661,2077,59,3,289.19,5.0,2025-08-23 21:07:00
3662,2077,76,1,230.83,0.0,2025-08-23 21:07:00
3663,2077,69,3,234.52,0.0,2025-08-23 21:07:00
3664,2078,37,1,13.97,0.0,2024-09-28 04:21:00
3665,2079,81,3,331.39,5.0,2025-08-09 04:42:00
3666,2080,107,2,108.67,0.0,2025-07-10 03:07:00
3667,2081,118,2,57.07,0.0,2025-03-28 10:31:00
3668,2081,74,1,197.23,15.0,2025-03-28 10:31:00
3669,2081,41,2,65.16,0.0,2025-03-28 10:31:00
3670,2082,34,1,267.4,0.0,2024-01-10 03:07:00
3671,2083,5,2,56.32,0.0,2025-08-28 16:56:00
3672,2083,86,3,292.16,0.0,2025-08-28 16:56:00
3673,2084,34,1,267.4,0.0,2024-06-05 08:39:00
3674,2085,29,3,342.09,0.0,2025-08-14 14:34:00
3675,2086,51,1,288.17,0.0,2025-06-13 15:32:00
3676,2087,10,2,333.74,0.0,2025-01-15 21:34:00
3677,2088,105,2,152.59,5.0,2024-04-10 06:45:00
3678,2089,3,1,151.33,0.0,2025-05-27 20:31:00
3679,2089,94,2,119.91,10.0,2025-05-27 20:31:00
3680,2089,82,2,60.4,15.0,2025-05-27 20:31:00
3681,2090,85,1,116.09,0.0,2024-08-15 17:35:00
3682,2090,75,1,198.83,0.0,2024-08-15 17:35:00
3683,2091,37,2,13.97,0.0,2025-05-22 00:45:00
3684,2091,110,1,65.55,0.0,2025-05-22 00:45:00
3685,2092,72,2,195.51,0.0,2024-02-12 23:46:00
3686,2092,23,1,307.17,0.0,2024-02-12 23:46:00
3687,2092,26,1,17.17,0.0,2024-02-12 23:46:00
3688,2092,55,1,84.93,0.0,2024-02-12 23:46:00
3689,2093,62,1,38.36,0.0,2024-06-02 13:05:00
3690,2093,17,3,283.54,5.0,2024-06-02 13:05:00
3691,2094,22,1,228.27,0.0,2024-03-05 13:51:00
3692,2094,86,1,292.16,0.0,2024-03-05 13:51:00
3693,2095,55,1,84.93,0.0,2024-01-04 06:10:00
3694,2096,13,2,274.59,0.0,2024-03-16 16:51:00
3695,2097,70,1,238.41,0.0,2024-07-30 19:02:00
3696,2098,10,3,333.74,0.0,2024-02-29 23:45:00
3697,2098,112,1,350.45,0.0,2024-02-29 23:45:00
3698,2099,31,1,116.15,0.0,2024-02-24 09:48:00
3699,2099,99,2,396.99,0.0,2024-02-24 09:48:00
3700,2099,35,3,165.52,15.0,2024-02-24 09:48:00
3701,2100,58,1,304.62,5.0,2025-07-05 18:03:00
3702,2101,107,2,108.67,0.0,2024-11-27 18:53:00
3703,2101,60,1,252.79,0.0,2024-11-27 18:53:00
3704,2102,79,1,210.67,0.0,2024-12-01 23:41:00
3705,2103,101,1,356.86,0.0,2024-09-01 04:30:00
3706,2104,104,1,266.36,0.0,2025-05-19 03:05:00
3707,2105,93,1,130.27,0.0,2025-03-24 18:19:00
3708,2105,117,1,10.5,10.0,2025-03-24 18:19:00
3709,2105,102,2,209.95,0.0,2025-03-24 18:19:00
3710,2106,21,1,269.02,0.0,2024-02-09 16:53:00
3711,2106,21,1,269.02,0.0,2024-02-09 16:53:00
3712,2106,89,1,95.93,0.0,2024-02-09 16:53:00
3713,2106,62,3,38.36,0.0,2024-02-09 16:53:00
3714,2107,45,1,147.92,5.0,2025-04-17 21:46:00
3715,2107,110,1,65.55,0.0,2025-04-17 21:46:00
3716,2108,14,2,83.96,0.0,2025-01-31 09:54:00
3717,2108,100,2,300.7,0.0,2025-01-31 09:54:00
3718,2109,25,1,225.89,10.0,2024-04-02 06:35:00
3719,2110,76,2,230.83,0.0,2025-06-24 18:53:00
3720,2111,96,1,374.74,0.0,2024-10-25 22:54:00
3721,2112,117,2,10.5,0.0,2025-01-08 01:54:00
3722,2112,72,2,195.51,0.0,2025-01-08 01:54:00
3723,2113,83,1,223.84,10.0,2024-05-25 17:01:00
3724,2114,5,1,56.32,15.0,2025-01-25 07:53:00
3725,2114,1,1,299.18,5.0,2025-01-25 07:53:00
3726,2114,3,3,151.33,5.0,2025-01-25 07:53:00
3727,2115,84,1,270.53,0.0,2024-11-05 01:00:00
3728,2115,96,2,374.74,0.0,2024-11-05 01:00:00
3729,2115,41,2,65.16,0.0,2024-11-05 01:00:00
3730,2116,108,1,100.18,0.0,2024-04-21 09:58:00
3731,2117,99,1,396.99,0.0,2024-05-20 00:45:00
3732,2117,18,1,186.27,0.0,2024-05-20 00:45:00
3733,2118,71,2,14.01,0.0,2024-08-21 07:45:00
3734,2118,44,1,253.96,0.0,2024-08-21 07:45:00
3735,2119,101,2,356.86,0.0,2024-07-17 14:13:00
3736,2119,41,1,65.16,5.0,2024-07-17 14:13:00
3737,2119,69,2,234.52,0.0,2024-07-17 14:13:00
3738,2120,110,1,65.55,0.0,2024-03-28 10:14:00
3739,2121,86,3,292.16,5.0,2025-02-19 01:14:00
3740,2121,18,1,186.27,5.0,2025-02-19 01:14:00
3741,2121,105,1,152.59,0.0,2025-02-19 01:14:00
3742,2122,44,2,253.96,5.0,2025-07-09 08:55:00
3743,2123,68,1,370.42,0.0,2025-02-21 09:56:00
3744,2123,64,1,200.13,0.0,2025-02-21 09:56:00
3745,2123,39,1,187.44,0.0,2025-02-21 09:56:00
3746,2123,4,3,79.84,0.0,2025-02-21 09:56:00
3747,2124,92,1,324.26,0.0,2024-08-06 15:21:00
3748,2125,68,1,370.42,0.0,2025-05-12 19:09:00
3749,2126,47,1,384.95,0.0,2025-06-18 23:31:00
3750,2126,34,2,267.4,0.0,2025-06-18 23:31:00
3751,2126,41,2,65.16,0.0,2025-06-18 23:31:00
3752,2127,28,1,166.37,0.0,2024-08-10 00:41:00
3753,2128,7,1,269.58,0.0,2025-03-07 08:43:00
3754,2129,71,2,14.01,0.0,2024-08-21 23:51:00
3755,2129,117,2,10.5,5.0,2024-08-21 23:51:00
3756,2129,104,2,266.36,10.0,2024-08-21 23:51:00
3757,2130,112,1,350.45,0.0,2025-08-29 03:51:00
3758,2130,39,3,187.44,0.0,2025-08-29 03:51:00
3759,2130,85,1,116.09,0.0,2025-08-29 03:51:00
3760,2131,97,3,70.02,15.0,2024-02-25 17:48:00
3761,2131,40,3,202.91,0.0,2024-02-25 17:48:00
3762,2131,54,1,185.03,0.0,2024-02-25 17:48:00
3763,2132,95,1,208.45,0.0,2025-06-20 18:48:00
3764,2133,76,1,230.83,0.0,2025-04-07 19:06:00
3765,2134,6,1,94.63,0.0,2025-02-25 04:06:00
3766,2134,47,1,384.95,0.0,2025-02-25 04:06:00
3767,2134,14,1,83.96,0.0,2025-02-25 04:06:00
3768,2135,72,2,195.51,0.0,2024-03-03 15:39:00
3769,2135,32,1,266.46,0.0,2024-03-03 15:39:00
3770,2136,84,3,270.53,0.0,2024-11-12 12:39:00
3771,2137,14,1,83.96,10.0,2025-06-27 09:47:00
3772,2137,3,1,151.33,0.0,2025-06-27 09:47:00
3773,2138,17,1,283.54,15.0,2025-01-04 17:33:00
3774,2138,106,2,299.98,0.0,2025-01-04 17:33:00
3775,2139,53,1,43.07,5.0,2024-07-25 17:52:00
3776,2139,67,2,237.12,10.0,2024-07-25 17:52:00
3777,2140,94,2,119.91,5.0,2025-03-06 08:03:00
3778,2140,25,1,225.89,5.0,2025-03-06 08:03:00
3779,2141,56,1,233.79,0.0,2025-05-12 12:46:00
3780,2142,25,2,225.89,0.0,2024-02-15 12:42:00
3781,2142,38,1,290.33,0.0,2024-02-15 12:42:00
3782,2143,76,1,230.83,0.0,2025-01-03 19:14:00
3783,2144,35,1,165.52,15.0,2024-07-02 08:21:00
3784,2144,110,2,65.55,0.0,2024-07-02 08:21:00
3785,2145,33,1,225.03,0.0,2024-11-03 16:18:00
3786,2145,64,1,200.13,10.0,2024-11-03 16:18:00
3787,2146,76,1,230.83,0.0,2025-05-30 02:10:00
3788,2147,17,1,283.54,0.0,2024-10-29 03:28:00
3789,2148,75,1,198.83,0.0,2025-02-22 08:31:00
3790,2148,86,1,292.16,5.0,2025-02-22 08:31:00
3791,2148,92,1,324.26,10.0,2025-02-22 08:31:00
3792,2149,96,1,374.74,0.0,2024-08-26 16:53:00
3793,2149,10,1,333.74,0.0,2024-08-26 16:53:00
3794,2149,18,3,186.27,0.0,2024-08-26 16:53:00
3795,2149,36,3,70.95,0.0,2024-08-26 16:53:00
3796,2150,84,1,270.53,0.0,2024-07-01 08:39:00
3797,2150,15,2,7.91,15.0,2024-07-01 08:39:00
3798,2151,14,1,83.96,0.0,2024-05-21 02:54:00
3799,2152,19,2,229.65,0.0,2025-06-17 21:28:00
3800,2153,112,1,350.45,0.0,2024-06-15 09:56:00
3801,2153,53,1,43.07,0.0,2024-06-15 09:56:00
3802,2154,36,1,70.95,0.0,2024-07-22 15:34:00
3803,2154,26,2,17.17,0.0,2024-07-22 15:34:00
3804,2155,50,1,312.61,0.0,2024-03-05 21:42:00
3805,2156,110,3,65.55,10.0,2025-07-28 16:06:00
3806,2156,32,1,266.46,0.0,2025-07-28 16:06:00
3807,2156,36,1,70.95,0.0,2025-07-28 16:06:00
3808,2157,56,1,233.79,5.0,2025-02-19 23:50:00
3809,2158,114,2,312.07,0.0,2025-06-10 23:15:00
3810,2159,68,1,370.42,0.0,2025-01-15 19:50:00
3811,2159,53,1,43.07,0.0,2025-01-15 19:50:00
3812,2160,37,1,13.97,0.0,2024-12-20 10:33:00
3813,2161,2,1,133.7,0.0,2024-10-13 14:34:00
3814,2162,9,1,281.6,0.0,2024-01-19 16:44:00
3815,2162,45,1,147.92,0.0,2024-01-19 16:44:00
3816,2163,26,1,17.17,0.0,2024-12-19 07:22:00
3817,2164,62,3,38.36,0.0,2025-05-19 02:07:00
3818,2165,62,1,38.36,0.0,2025-01-05 15:33:00
3819,2166,3,2,151.33,0.0,2024-06-25 11:09:00
3820,2166,83,1,223.84,10.0,2024-06-25 11:09:00
3821,2166,29,3,342.09,0.0,2024-06-25 11:09:00
3822,2167,83,3,223.84,0.0,2024-03-08 11:32:00
3823,2167,15,1,7.91,0.0,2024-03-08 11:32:00
3824,2168,33,1,225.03,0.0,2025-01-05 00:42:00
3825,2169,85,1,116.09,0.0,2024-05-04 07:12:00
3826,2170,52,1,112.54,0.0,2024-05-16 17:57:00
3827,2171,114,1,312.07,0.0,2024-08-19 01:23:00
3828,2171,116,1,61.84,0.0,2024-08-19 01:23:00
3829,2172,97,3,70.02,5.0,2024-06-07 17:50:00
3830,2172,120,1,205.0,0.0,2024-06-07 17:50:00
3831,2172,79,1,210.67,0.0,2024-06-07 17:50:00
3832,2173,118,1,57.07,0.0,2024-03-12 23:50:00
3833,2173,64,3,200.13,0.0,2024-03-12 23:50:00
3834,2173,1,1,299.18,0.0,2024-03-12 23:50:00
3835,2174,99,1,396.99,0.0,2024-12-24 12:50:00
3836,2175,73,1,314.18,0.0,2025-03-02 18:17:00
3837,2175,62,1,38.36,0.0,2025-03-02 18:17:00
3838,2176,40,2,202.91,0.0,2024-03-12 10:31:00
3839,2177,90,2,224.17,0.0,2024-05-05 19:32:00
3840,2178,81,1,331.39,0.0,2024-01-17 18:47:00
3841,2178,108,3,100.18,5.0,2024-01-17 18:47:00
3842,2179,46,1,51.61,0.0,2024-06-12 21:33:00
3843,2179,61,1,235.72,0.0,2024-06-12 21:33:00
3844,2180,42,1,181.23,0.0,2025-01-22 13:17:00
3845,2180,44,1,253.96,0.0,2025-01-22 13:17:00
3846,2180,98,1,176.86,0.0,2025-01-22 13:17:00
3847,2181,30,1,28.03,0.0,2025-03-14 23:34:00
3848,2182,89,1,95.93,0.0,2024-03-04 13:16:00
3849,2182,73,2,314.18,0.0,2024-03-04 13:16:00
3850,2183,111,1,75.81,5.0,2024-12-06 14:38:00
3851,2184,69,3,234.52,15.0,2025-05-01 19:52:00
3852,2185,88,3,366.82,0.0,2024-11-21 11:42:00
3853,2186,92,1,324.26,10.0,2024-01-06 19:18:00
3854,2186,95,1,208.45,15.0,2024-01-06 19:18:00
3855,2187,5,1,56.32,0.0,2024-10-18 04:30:00
3856,2188,53,1,43.07,0.0,2025-05-14 15:52:00
3857,2188,36,1,70.95,0.0,2025-05-14 15:52:00
3858,2188,114,1,312.07,0.0,2025-05-14 15:52:00
3859,2189,44,3,253.96,0.0,2024-03-10 23:38:00
3860,2190,12,2,118.89,0.0,2024-05-31 14:14:00
3861,2190,102,1,209.95,5.0,2024-05-31 14:14:00
3862,2191,98,1,176.86,0.0,2024-05-19 13:01:00
3863,2191,61,1,235.72,5.0,2024-05-19 13:01:00
3864,2192,85,2,116.09,0.0,2024-05-26 15:39:00
3865,2192,94,1,119.91,0.0,2024-05-26 15:39:00
3866,2193,105,3,152.59,0.0,2024-05-19 16:37:00
3867,2193,102,1,209.95,0.0,2024-05-19 16:37:00
3868,2193,43,1,155.5,0.0,2024-05-19 16:37:00
3869,2194,30,3,28.03,0.0,2024-12-28 09:48:00
3870,2194,36,1,70.95,0.0,2024-12-28 09:48:00
3871,2195,120,1,205.0,0.0,2024-10-14 06:10:00
3872,2195,58,1,304.62,0.0,2024-10-14 06:10:00
3873,2196,95,1,208.45,0.0,2024-02-04 12:22:00
3874,2197,3,1,151.33,0.0,2025-07-08 08:14:00
3875,2197,25,1,225.89,0.0,2025-07-08 08:14:00
3876,2198,95,1,208.45,10.0,2024-10-05 19:02:00
3877,2199,106,1,299.98,0.0,2024-05-08 15:48:00
3878,2200,59,1,289.19,10.0,2024-11-29 10:40:00
3879,2201,80,1,13.54,0.0,2025-06-08 00:04:00
3880,2202,117,2,10.5,0.0,2024-04-04 03:18:00
3881,2203,97,2,70.02,10.0,2024-05-16 05:04:00
3882,2204,88,1,366.82,10.0,2025-04-16 08:37:00
3883,2205,107,3,108.67,0.0,2024-06-30 09:23:00
3884,2205,61,1,235.72,0.0,2024-06-30 09:23:00
3885,2206,5,1,56.32,0.0,2024-01-29 11:59:00
3886,2207,115,1,388.87,0.0,2025-02-19 05:40:00
3887,2207,11,2,322.88,5.0,2025-02-19 05:40:00
3888,2208,20,1,50.24,0.0,2025-04-05 20:09:00
3889,2209,90,2,224.17,0.0,2025-07-06 12:08:00
3890,2210,67,2,237.12,0.0,2024-11-24 14:20:00
3891,2211,68,3,370.42,0.0,2025-02-18 08:34:00
3892,2211,120,1,205.0,0.0,2025-02-18 08:34:00
3893,2211,118,1,57.07,0.0,2025-02-18 08:34:00
3894,2212,58,1,304.62,10.0,2024-01-27 12:57:00
3895,2213,69,1,234.52,0.0,2025-01-29 02:28:00
3896,2213,28,3,166.37,0.0,2025-01-29 02:28:00
3897,2213,55,1,84.93,0.0,2025-01-29 02:28:00
3898,2213,108,2,100.18,0.0,2025-01-29 02:28:00
3899,2214,34,1,267.4,0.0,2025-02-23 11:54:00
3900,2215,103,2,129.79,0.0,2024-02-25 09:45:00
3901,2215,3,1,151.33,15.0,2024-02-25 09:45:00
3902,2215,38,1,290.33,15.0,2024-02-25 09:45:00
3903,2216,119,1,272.68,5.0,2024-12-20 01:51:00
3904,2216,75,1,198.83,5.0,2024-12-20 01:51:00
3905,2217,116,1,61.84,0.0,2024-11-05 10:04:00
3906,2217,95,2,208.45,0.0,2024-11-05 10:04:00
3907,2218,15,1,7.91,0.0,2024-03-13 13:09:00
3908,2218,51,3,288.17,5.0,2024-03-13 13:09:00
3909,2218,75,2,198.83,0.0,2024-03-13 13:09:00
3910,2219,7,1,269.58,0.0,2024-03-28 11:37:00
3911,2219,69,2,234.52,0.0,2024-03-28 11:37:00
3912,2219,103,1,129.79,0.0,2024-03-28 11:37:00
3913,2220,66,2,45.84,0.0,2025-02-03 09:46:00
3914,2220,70,2,238.41,0.0,2025-02-03 09:46:00
3915,2220,31,1,116.15,0.0,2025-02-03 09:46:00
3916,2221,68,1,370.42,0.0,2024-08-23 18:58:00
3917,2222,43,1,155.5,5.0,2025-03-04 04:37:00
3918,2223,6,1,94.63,0.0,2025-03-14 01:59:00
3919,2223,109,2,53.49,0.0,2025-03-14 01:59:00
3920,2223,18,2,186.27,0.0,2025-03-14 01:59:00
3921,2224,82,1,60.4,0.0,2024-04-05 12:44:00
3922,2225,57,1,74.83,5.0,2024-10-10 23:31:00
3923,2226,70,1,238.41,0.0,2025-06-28 15:52:00
3924,2226,98,1,176.86,10.0,2025-06-28 15:52:00
3925,2227,36,3,70.95,0.0,2024-03-05 20:47:00
3926,2228,5,2,56.32,0.0,2024-04-02 13:55:00
3927,2229,100,1,300.7,15.0,2024-09-14 08:02:00
3928,2229,4,2,79.84,0.0,2024-09-14 08:02:00
3929,2230,11,1,322.88,5.0,2024-10-05 06:01:00
3930,2230,97,2,70.02,0.0,2024-10-05 06:01:00
3931,2231,11,1,322.88,0.0,2024-08-12 21:27:00
3932,2231,25,1,225.89,0.0,2024-08-12 21:27:00
3933,2232,57,2,74.83,0.0,2025-07-10 17:13:00
3934,2232,69,1,234.52,5.0,2025-07-10 17:13:00
3935,2232,8,2,333.91,0.0,2025-07-10 17:13:00
3936,2233,78,1,135.97,0.0,2024-09-03 10:47:00
3937,2233,20,3,50.24,0.0,2024-09-03 10:47:00
3938,2234,87,1,308.62,0.0,2024-01-04 19:59:00
3939,2235,83,1,223.84,0.0,2024-10-11 09:49:00
3940,2235,38,1,290.33,15.0,2024-10-11 09:49:00
3941,2235,11,1,322.88,0.0,2024-10-11 09:49:00
3942,2236,86,1,292.16,0.0,2024-08-27 07:15:00
3943,2237,63,1,169.24,0.0,2025-03-13 10:09:00
3944,2238,20,1,50.24,0.0,2024-11-28 18:13:00
3945,2238,98,1,176.86,0.0,2024-11-28 18:13:00
3946,2239,6,1,94.63,0.0,2024-08-10 00:56:00
3947,2239,61,1,235.72,0.0,2024-08-10 00:56:00
3948,2240,4,1,79.84,5.0,2024-03-22 05:48:00
3949,2241,85,1,116.09,0.0,2025-03-27 15:52:00
3950,2242,45,1,147.92,0.0,2024-09-02 22:24:00
3951,2243,93,1,130.27,10.0,2025-08-05 20:18:00
3952,2244,52,1,112.54,10.0,2024-10-23 00:17:00
3953,2244,16,1,267.62,10.0,2024-10-23 00:17:00
3954,2245,35,1,165.52,0.0,2024-07-22 22:04:00
3955,2246,48,1,281.38,15.0,2024-01-31 00:10:00
3956,2246,47,1,384.95,5.0,2024-01-31 00:10:00
3957,2246,22,2,228.27,5.0,2024-01-31 00:10:00
3958,2246,49,2,110.02,0.0,2024-01-31 00:10:00
3959,2247,6,1,94.63,15.0,2024-03-15 12:42:00
3960,2247,7,1,269.58,0.0,2024-03-15 12:42:00
3961,2248,78,2,135.97,0.0,2025-01-16 21:04:00
3962,2249,80,1,13.54,0.0,2024-02-11 04:10:00
3963,2249,3,2,151.33,0.0,2024-02-11 04:10:00
3964,2250,110,3,65.55,5.0,2024-01-21 15:04:00
3965,2250,24,1,223.66,0.0,2024-01-21 15:04:00
3966,2251,103,1,129.79,0.0,2025-02-23 19:31:00
3967,2252,51,1,288.17,0.0,2024-10-26 20:20:00
3968,2253,114,1,312.07,0.0,2025-02-21 01:03:00
3969,2253,68,2,370.42,0.0,2025-02-21 01:03:00
3970,2254,94,1,119.91,5.0,2024-03-12 03:36:00
3971,2255,23,1,307.17,5.0,2025-03-18 08:25:00
3972,2255,61,1,235.72,0.0,2025-03-18 08:25:00
3973,2255,120,1,205.0,0.0,2025-03-18 08:25:00
3974,2256,92,2,324.26,0.0,2024-02-09 00:38:00
3975,2257,9,1,281.6,10.0,2024-11-22 13:44:00
3976,2257,32,1,266.46,0.0,2024-11-22 13:44:00
3977,2258,90,1,224.17,10.0,2024-04-30 06:50:00
3978,2259,93,1,130.27,15.0,2025-06-22 23:14:00
3979,2259,74,1,197.23,0.0,2025-06-22 23:14:00
3980,2260,40,1,202.91,0.0,2025-08-20 01:22:00
3981,2260,21,1,269.02,0.0,2025-08-20 01:22:00
3982,2261,97,2,70.02,0.0,2025-01-11 02:30:00
3983,2261,48,2,281.38,0.0,2025-01-11 02:30:00
3984,2261,109,1,53.49,0.0,2025-01-11 02:30:00
3985,2262,40,3,202.91,0.0,2024-08-21 04:57:00
3986,2263,60,2,252.79,0.0,2024-02-15 18:28:00
3987,2264,38,3,290.33,0.0,2024-08-23 12:51:00
3988,2264,81,1,331.39,0.0,2024-08-23 12:51:00
3989,2264,46,3,51.61,0.0,2024-08-23 12:51:00
3990,2265,38,2,290.33,0.0,2024-05-20 01:30:00
3991,2266,52,2,112.54,10.0,2024-08-10 04:20:00
3992,2267,48,1,281.38,0.0,2024-05-31 07:30:00
3993,2267,88,1,366.82,0.0,2024-05-31 07:30:00
3994,2268,111,3,75.81,15.0,2024-05-29 22:32:00
3995,2269,11,1,322.88,5.0,2024-03-03 06:19:00
3996,2270,102,1,209.95,0.0,2025-01-26 07:15:00
3997,2271,74,3,197.23,5.0,2025-05-26 05:16:00
3998,2272,118,3,57.07,0.0,2025-08-06 20:10:00
3999,2272,99,1,396.99,5.0,2025-08-06 20:10:00
4000,2273,31,1,116.15,0.0,2025-02-25 04:45:00
4001,2274,23,2,307.17,0.0,2024-04-05 11:38:00
4002,2274,36,1,70.95,0.0,2024-04-05 11:38:00
4003,2275,60,1,252.79,5.0,2025-02-24 15:23:00
4004,2275,90,1,224.17,0.0,2025-02-24 15:23:00
4005,2275,89,1,95.93,0.0,2025-02-24 15:23:00
4006,2275,38,1,290.33,0.0,2025-02-24 15:23:00
4007,2276,110,1,65.55,0.0,2025-04-16 17:55:00
4008,2277,28,1,166.37,0.0,2025-04-12 19:17:00
4009,2278,46,1,51.61,0.0,2025-03-15 22:16:00
4010,2278,68,1,370.42,0.0,2025-03-15 22:16:00
4011,2279,91,1,151.51,5.0,2024-05-08 02:32:00
4012,2280,104,1,266.36,0.0,2024-10-02 06:00:00
4013,2280,14,1,83.96,10.0,2024-10-02 06:00:00
4014,2281,59,1,289.19,0.0,2024-04-02 16:00:00
4015,2281,93,2,130.27,0.0,2024-04-02 16:00:00
4016,2282,7,1,269.58,0.0,2024-12-08 04:34:00
4017,2283,76,1,230.83,0.0,2025-06-01 15:38:00
4018,2284,64,1,200.13,0.0,2025-01-02 23:20:00
4019,2284,52,1,112.54,0.0,2025-01-02 23:20:00
4020,2285,6,2,94.63,10.0,2025-02-07 23:23:00
4021,2285,110,1,65.55,0.0,2025-02-07 23:23:00
4022,2285,10,3,333.74,0.0,2025-02-07 23:23:00
4023,2285,118,2,57.07,0.0,2025-02-07 23:23:00
4024,2286,64,2,200.13,0.0,2024-09-16 18:25:00
4025,2286,42,3,181.23,0.0,2024-09-16 18:25:00
4026,2287,65,2,135.3,0.0,2024-05-17 23:31:00
4027,2288,93,2,130.27,0.0,2025-03-07 23:22:00
4028,2288,115,1,388.87,0.0,2025-03-07 23:22:00
4029,2289,27,2,177.5,10.0,2024-01-14 00:58:00
4030,2289,104,1,266.36,0.0,2024-01-14 00:58:00
4031,2289,14,1,83.96,10.0,2024-01-14 00:58:00
4032,2290,71,1,14.01,0.0,2024-11-17 14:39:00
4033,2291,119,1,272.68,10.0,2024-02-23 17:01:00
4034,2291,89,1,95.93,0.0,2024-02-23 17:01:00
4035,2292,90,1,224.17,0.0,2025-03-14 16:37:00
4036,2293,106,3,299.98,5.0,2024-01-30 20:12:00
4037,2293,16,3,267.62,0.0,2024-01-30 20:12:00
4038,2294,118,1,57.07,0.0,2024-03-24 12:29:00
4039,2294,80,1,13.54,5.0,2024-03-24 12:29:00
4040,2294,51,1,288.17,0.0,2024-03-24 12:29:00
4041,2295,18,2,186.27,0.0,2024-03-06 09:28:00
4042,2295,10,1,333.74,0.0,2024-03-06 09:28:00
4043,2296,16,2,267.62,0.0,2025-04-25 23:27:00
4044,2297,74,1,197.23,15.0,2024-02-01 12:25:00
4045,2297,70,1,238.41,0.0,2024-02-01 12:25:00
4046,2298,68,1,370.42,0.0,2024-10-30 11:11:00
4047,2299,76,1,230.83,0.0,2025-05-29 16:23:00
4048,2299,53,1,43.07,10.0,2025-05-29 16:23:00
4049,2299,105,2,152.59,5.0,2025-05-29 16:23:00
4050,2300,78,1,135.97,0.0,2024-08-29 22:01:00
4051,2300,19,1,229.65,15.0,2024-08-29 22:01:00
4052,2300,58,1,304.62,0.0,2024-08-29 22:01:00
4053,2301,10,1,333.74,10.0,2024-11-13 00:29:00
4054,2302,90,2,224.17,0.0,2025-04-02 15:35:00
4055,2302,94,1,119.91,0.0,2025-04-02 15:35:00
4056,2302,67,1,237.12,0.0,2025-04-02 15:35:00
4057,2303,6,2,94.63,15.0,2024-06-17 03:39:00
4058,2303,81,1,331.39,10.0,2024-06-17 03:39:00
4059,2303,102,1,209.95,0.0,2024-06-17 03:39:00
4060,2304,51,1,288.17,0.0,2024-11-21 09:11:00
4061,2305,96,1,374.74,0.0,2024-09-04 10:54:00
4062,2305,89,1,95.93,0.0,2024-09-04 10:54:00
4063,2305,96,1,374.74,0.0,2024-09-04 10:54:00
4064,2305,100,2,300.7,0.0,2024-09-04 10:54:00
4065,2306,25,2,225.89,0.0,2024-05-11 01:08:00
4066,2306,8,1,333.91,0.0,2024-05-11 01:08:00
4067,2306,27,1,177.5,10.0,2024-05-11 01:08:00
4068,2307,78,1,135.97,0.0,2025-02-02 02:51:00
4069,2308,4,1,79.84,0.0,2024-10-23 05:27:00
4070,2308,88,1,366.82,0.0,2024-10-23 05:27:00
4071,2308,42,3,181.23,0.0,2024-10-23 05:27:00
4072,2309,23,2,307.17,0.0,2024-10-08 21:57:00
4073,2310,44,1,253.96,5.0,2024-10-25 19:13:00
4074,2311,66,1,45.84,0.0,2024-02-28 01:37:00
4075,2311,56,1,233.79,0.0,2024-02-28 01:37:00
4076,2311,63,1,169.24,10.0,2024-02-28 01:37:00
4077,2312,98,1,176.86,0.0,2024-09-13 02:50:00
4078,2313,80,1,13.54,0.0,2025-08-12 15:01:00
4079,2313,68,2,370.42,0.0,2025-08-12 15:01:00
4080,2313,38,2,290.33,0.0,2025-08-12 15:01:00
4081,2314,31,1,116.15,0.0,2024-04-18 04:47:00
4082,2315,102,1,209.95,5.0,2024-11-03 02:15:00
4083,2315,58,2,304.62,10.0,2024-11-03 02:15:00
4084,2316,31,1,116.15,0.0,2025-07-25 08:36:00
4085,2317,71,2,14.01,0.0,2024-04-16 19:11:00
4086,2317,68,1,370.42,0.0,2024-04-16 19:11:00
4087,2318,30,1,28.03,0.0,2024-05-04 07:21:00
4088,2319,16,1,267.62,0.0,2024-12-20 22:59:00
4089,2319,86,1,292.16,0.0,2024-12-20 22:59:00
4090,2320,3,1,151.33,0.0,2025-02-01 22:28:00
4091,2320,7,1,269.58,0.0,2025-02-01 22:28:00
4092,2321,75,2,198.83,0.0,2024-02-28 21:26:00
4093,2321,103,1,129.79,0.0,2024-02-28 21:26:00
4094,2321,74,1,197.23,0.0,2024-02-28 21:26:00
4095,2321,3,2,151.33,10.0,2024-02-28 21:26:00
4096,2322,33,1,225.03,0.0,2024-03-25 10:42:00
4097,2323,97,1,70.02,0.0,2024-08-13 20:11:00
4098,2324,81,1,331.39,10.0,2024-02-15 11:02:00
4099,2324,80,1,13.54,0.0,2024-02-15 11:02:00
4100,2325,100,1,300.7,0.0,2025-05-11 11:04:00
4101,2326,83,1,223.84,0.0,2024-05-14 19:01:00
4102,2326,77,2,192.03,0.0,2024-05-14 19:01:00
4103,2326,87,1,308.62,0.0,2024-05-14 19:01:00
4104,2327,59,1,289.19,5.0,2024-08-28 17:39:00
4105,2327,67,1,237.12,0.0,2024-08-28 17:39:00
4106,2327,69,2,234.52,0.0,2024-08-28 17:39:00
4107,2327,75,1,198.83,0.0,2024-08-28 17:39:00
4108,2328,32,1,266.46,15.0,2024-05-08 04:44:00
4109,2328,73,1,314.18,0.0,2024-05-08 04:44:00
4110,2328,3,2,151.33,0.0,2024-05-08 04:44:00
4111,2328,114,1,312.07,0.0,2024-05-08 04:44:00
4112,2329,110,1,65.55,0.0,2024-08-26 18:41:00
4113,2329,23,2,307.17,0.0,2024-08-26 18:41:00
4114,2330,108,2,100.18,0.0,2024-06-12 11:05:00
4115,2331,38,2,290.33,0.0,2024-04-28 13:46:00
4116,2331,100,3,300.7,15.0,2024-04-28 13:46:00
4117,2331,52,1,112.54,0.0,2024-04-28 13:46:00
4118,2332,8,1,333.91,15.0,2024-11-03 06:20:00
4119,2332,90,1,224.17,0.0,2024-11-03 06:20:00
4120,2332,72,1,195.51,0.0,2024-11-03 06:20:00
4121,2332,51,1,288.17,10.0,2024-11-03 06:20:00
4122,2333,54,3,185.03,10.0,2024-11-01 17:54:00
4123,2334,57,1,74.83,0.0,2025-07-20 22:59:00
4124,2335,72,3,195.51,0.0,2024-03-10 19:18:00
4125,2336,67,1,237.12,10.0,2025-05-05 18:16:00
4126,2336,42,1,181.23,5.0,2025-05-05 18:16:00
4127,2337,47,1,384.95,0.0,2025-05-13 04:56:00
4128,2337,116,3,61.84,0.0,2025-05-13 04:56:00
4129,2338,115,1,388.87,0.0,2024-10-31 14:09:00
4130,2339,105,3,152.59,0.0,2025-05-28 02:04:00
4131,2340,115,1,388.87,0.0,2025-02-26 01:20:00
4132,2340,53,2,43.07,0.0,2025-02-26 01:20:00
4133,2340,16,3,267.62,0.0,2025-02-26 01:20:00
4134,2341,73,1,314.18,0.0,2025-06-07 03:19:00
4135,2341,44,1,253.96,0.0,2025-06-07 03:19:00
4136,2341,103,2,129.79,0.0,2025-06-07 03:19:00
4137,2342,76,2,230.83,0.0,2025-05-31 21:09:00
4138,2343,19,1,229.65,0.0,2024-01-07 12:03:00
4139,2343,35,1,165.52,10.0,2024-01-07 12:03:00
4140,2344,74,1,197.23,0.0,2024-11-20 21:29:00
4141,2344,53,1,43.07,0.0,2024-11-20 21:29:00
4142,2345,28,1,166.37,0.0,2025-08-23 05:14:00
4143,2345,62,2,38.36,0.0,2025-08-23 05:14:00
4144,2345,13,1,274.59,0.0,2025-08-23 05:14:00
4145,2346,19,2,229.65,0.0,2024-08-18 06:06:00
4146,2346,104,1,266.36,0.0,2024-08-18 06:06:00
4147,2347,119,2,272.68,0.0,2024-08-16 04:50:00
4148,2347,33,2,225.03,0.0,2024-08-16 04:50:00
4149,2348,52,1,112.54,0.0,2025-05-31 06:24:00
4150,2348,31,1,116.15,0.0,2025-05-31 06:24:00
4151,2349,109,1,53.49,0.0,2024-10-01 10:04:00
4152,2349,81,2,331.39,0.0,2024-10-01 10:04:00
4153,2350,107,3,108.67,0.0,2025-08-07 11:28:00
4154,2350,62,2,38.36,0.0,2025-08-07 11:28:00
4155,2350,1,1,299.18,0.0,2025-08-07 11:28:00
4156,2351,56,1,233.79,0.0,2025-06-13 09:15:00
4157,2351,117,2,10.5,0.0,2025-06-13 09:15:00
4158,2351,9,3,281.6,0.0,2025-06-13 09:15:00
4159,2352,98,1,176.86,0.0,2024-09-17 11:09:00
4160,2353,11,1,322.88,0.0,2024-11-17 20:59:00
4161,2354,43,2,155.5,0.0,2025-07-06 08:27:00
4162,2354,106,2,299.98,0.0,2025-07-06 08:27:00
4163,2354,7,3,269.58,0.0,2025-07-06 08:27:00
4164,2355,8,1,333.91,10.0,2025-06-19 15:58:00
4165,2356,38,1,290.33,15.0,2025-08-05 12:29:00
4166,2357,95,1,208.45,5.0,2025-07-10 18:37:00
4167,2358,100,1,300.7,0.0,2025-07-14 09:25:00
4168,2359,26,2,17.17,0.0,2025-06-23 11:20:00
4169,2359,57,1,74.83,0.0,2025-06-23 11:20:00
4170,2360,7,2,269.58,10.0,2024-07-19 02:30:00
4171,2360,29,1,342.09,0.0,2024-07-19 02:30:00
4172,2361,115,1,388.87,0.0,2024-12-11 08:08:00
4173,2362,37,1,13.97,0.0,2025-01-25 10:07:00
4174,2363,58,2,304.62,5.0,2025-07-04 08:37:00
4175,2364,98,2,176.86,10.0,2024-09-20 09:33:00
4176,2364,86,1,292.16,0.0,2024-09-20 09:33:00
4177,2365,3,1,151.33,0.0,2024-10-06 21:16:00
4178,2366,112,1,350.45,5.0,2024-02-01 07:42:00
4179,2367,61,3,235.72,5.0,2025-01-26 04:21:00
4180,2367,119,1,272.68,5.0,2025-01-26 04:21:00
4181,2368,90,3,224.17,0.0,2024-06-29 06:17:00
4182,2369,100,1,300.7,0.0,2024-11-08 16:08:00
4183,2370,68,1,370.42,10.0,2025-06-15 10:45:00
4184,2371,25,1,225.89,0.0,2024-04-24 21:31:00
4185,2372,12,3,118.89,0.0,2024-06-17 22:58:00
4186,2373,41,1,65.16,0.0,2024-09-12 03:32:00
4187,2373,120,1,205.0,0.0,2024-09-12 03:32:00
4188,2373,45,3,147.92,5.0,2024-09-12 03:32:00
4189,2373,52,1,112.54,0.0,2024-09-12 03:32:00
4190,2374,11,1,322.88,0.0,2025-01-16 04:08:00
4191,2374,27,2,177.5,0.0,2025-01-16 04:08:00
4192,2375,22,1,228.27,10.0,2024-02-10 18:27:00
4193,2375,11,1,322.88,5.0,2024-02-10 18:27:00
4194,2375,1,1,299.18,0.0,2024-02-10 18:27:00
4195,2376,55,1,84.93,0.0,2025-04-28 00:33:00
4196,2377,86,1,292.16,0.0,2025-06-19 03:18:00
4197,2377,60,1,252.79,5.0,2025-06-19 03:18:00
4198,2378,45,1,147.92,0.0,2024-05-06 01:31:00
4199,2378,25,1,225.89,0.0,2024-05-06 01:31:00
4200,2379,86,1,292.16,15.0,2024-03-12 17:38:00
4201,2380,76,1,230.83,0.0,2025-08-09 10:38:00
4202,2381,111,1,75.81,0.0,2024-09-14 00:23:00
4203,2381,7,1,269.58,0.0,2024-09-14 00:23:00
4204,2381,51,1,288.17,0.0,2024-09-14 00:23:00
4205,2381,6,3,94.63,0.0,2024-09-14 00:23:00
4206,2382,36,1,70.95,0.0,2025-04-07 11:56:00
4207,2383,58,1,304.62,0.0,2025-07-21 03:05:00
4208,2384,14,1,83.96,15.0,2024-10-01 02:52:00
4209,2385,119,1,272.68,0.0,2024-03-13 08:37:00
4210,2385,60,2,252.79,0.0,2024-03-13 08:37:00
4211,2386,66,1,45.84,0.0,2024-11-17 09:46:00
4212,2387,2,2,133.7,5.0,2025-07-11 00:17:00
4213,2388,113,1,82.59,0.0,2024-03-10 03:28:00
4214,2388,106,1,299.98,0.0,2024-03-10 03:28:00
4215,2389,14,1,83.96,15.0,2025-07-19 09:35:00
4216,2389,34,1,267.4,0.0,2025-07-19 09:35:00
4217,2389,54,1,185.03,0.0,2025-07-19 09:35:00
4218,2390,95,2,208.45,10.0,2024-09-26 14:54:00
4219,2390,101,2,356.86,0.0,2024-09-26 14:54:00
4220,2391,30,2,28.03,0.0,2025-01-27 09:07:00
4221,2391,111,2,75.81,0.0,2025-01-27 09:07:00
4222,2392,70,1,238.41,5.0,2024-11-05 20:51:00
4223,2392,15,2,7.91,10.0,2024-11-05 20:51:00
4224,2392,23,1,307.17,0.0,2024-11-05 20:51:00
4225,2393,53,1,43.07,0.0,2025-04-01 11:41:00
4226,2393,30,1,28.03,0.0,2025-04-01 11:41:00
4227,2393,58,3,304.62,0.0,2025-04-01 11:41:00
4228,2393,3,1,151.33,0.0,2025-04-01 11:41:00
4229,2394,70,2,238.41,0.0,2025-07-09 19:48:00
4230,2394,55,1,84.93,0.0,2025-07-09 19:48:00
4231,2395,16,1,267.62,0.0,2024-01-12 03:14:00
4232,2395,90,1,224.17,0.0,2024-01-12 03:14:00
4233,2395,111,3,75.81,0.0,2024-01-12 03:14:00
4234,2396,52,1,112.54,0.0,2025-02-24 00:41:00
4235,2397,111,2,75.81,0.0,2024-03-09 07:03:00
4236,2397,47,2,384.95,0.0,2024-03-09 07:03:00
4237,2397,49,1,110.02,0.0,2024-03-09 07:03:00
4238,2398,108,1,100.18,0.0,2024-06-22 10:16:00
4239,2399,45,1,147.92,0.0,2025-08-23 17:44:00
4240,2400,51,1,288.17,5.0,2024-10-14 19:30:00
4241,2401,2,2,133.7,10.0,2025-07-15 05:09:00
4242,2401,70,3,238.41,5.0,2025-07-15 05:09:00
4243,2402,88,1,366.82,0.0,2025-03-26 16:15:00
4244,2402,73,1,314.18,10.0,2025-03-26 16:15:00
4245,2402,10,1,333.74,0.0,2025-03-26 16:15:00
4246,2403,23,1,307.17,0.0,2024-09-05 20:21:00
4247,2403,74,1,197.23,0.0,2024-09-05 20:21:00
4248,2404,59,2,289.19,0.0,2024-06-01 14:57:00
4249,2404,6,1,94.63,0.0,2024-06-01 14:57:00
4250,2405,88,1,366.82,0.0,2025-05-02 09:03:00
4251,2405,56,1,233.79,5.0,2025-05-02 09:03:00
4252,2406,101,1,356.86,0.0,2025-01-05 16:34:00
4253,2406,3,3,151.33,0.0,2025-01-05 16:34:00
4254,2407,118,1,57.07,10.0,2024-01-05 01:54:00
4255,2408,5,3,56.32,0.0,2025-04-27 11:14:00
4256,2409,30,1,28.03,0.0,2025-02-27 18:05:00
4257,2409,70,1,238.41,0.0,2025-02-27 18:05:00
4258,2410,92,1,324.26,0.0,2024-10-10 19:44:00
4259,2410,65,3,135.3,15.0,2024-10-10 19:44:00
4260,2411,39,2,187.44,0.0,2025-03-24 21:54:00
4261,2411,44,2,253.96,0.0,2025-03-24 21:54:00
4262,2412,71,1,14.01,0.0,2024-06-04 11:01:00
4263,2412,83,1,223.84,0.0,2024-06-04 11:01:00
4264,2413,81,1,331.39,0.0,2024-08-09 06:39:00
4265,2414,104,2,266.36,0.0,2025-02-09 13:09:00
4266,2415,84,1,270.53,0.0,2024-02-24 00:39:00
4267,2416,23,1,307.17,0.0,2024-09-26 04:22:00
4268,2417,58,1,304.62,0.0,2025-02-14 21:04:00
4269,2417,26,1,17.17,10.0,2025-02-14 21:04:00
4270,2418,24,1,223.66,0.0,2024-07-18 12:52:00
4271,2418,79,1,210.67,0.0,2024-07-18 12:52:00
4272,2418,49,2,110.02,10.0,2024-07-18 12:52:00
4273,2418,79,1,210.67,0.0,2024-07-18 12:52:00
4274,2419,60,1,252.79,0.0,2024-05-01 00:53:00
4275,2419,69,1,234.52,10.0,2024-05-01 00:53:00
4276,2420,110,1,65.55,10.0,2025-07-29 16:35:00
4277,2420,118,1,57.07,0.0,2025-07-29 16:35:00
4278,2421,109,1,53.49,0.0,2025-04-08 18:00:00
4279,2422,41,1,65.16,15.0,2024-03-31 04:45:00
4280,2422,26,1,17.17,5.0,2024-03-31 04:45:00
4281,2422,96,1,374.74,0.0,2024-03-31 04:45:00
4282,2423,41,1,65.16,0.0,2024-01-09 11:38:00
4283,2423,1,1,299.18,0.0,2024-01-09 11:38:00
4284,2424,81,2,331.39,5.0,2025-03-22 18:12:00
4285,2425,90,1,224.17,10.0,2024-02-09 23:14:00
4286,2426,115,2,388.87,0.0,2024-09-30 21:13:00
4287,2427,50,1,312.61,0.0,2024-03-28 23:11:00
4288,2427,80,1,13.54,0.0,2024-03-28 23:11:00
4289,2428,5,1,56.32,0.0,2024-07-03 00:30:00
4290,2429,36,2,70.95,0.0,2024-06-26 06:25:00
4291,2430,96,1,374.74,0.0,2025-08-28 18:03:00
4292,2431,33,1,225.03,0.0,2024-11-05 04:27:00
4293,2432,59,1,289.19,5.0,2024-03-15 00:30:00
4294,2432,26,1,17.17,0.0,2024-03-15 00:30:00
4295,2433,79,1,210.67,0.0,2024-06-15 21:11:00
4296,2433,82,1,60.4,10.0,2024-06-15 21:11:00
4297,2433,18,1,186.27,0.0,2024-06-15 21:11:00
4298,2434,109,1,53.49,0.0,2024-05-30 17:31:00
4299,2434,51,2,288.17,0.0,2024-05-30 17:31:00
4300,2435,25,1,225.89,5.0,2024-02-13 20:57:00
4301,2436,74,3,197.23,0.0,2024-01-22 01:43:00
4302,2436,44,1,253.96,0.0,2024-01-22 01:43:00
4303,2436,34,1,267.4,0.0,2024-01-22 01:43:00
4304,2437,42,1,181.23,0.0,2024-06-28 20:21:00
4305,2437,98,1,176.86,0.0,2024-06-28 20:21:00
4306,2438,62,1,38.36,0.0,2024-05-26 22:04:00
4307,2438,44,1,253.96,0.0,2024-05-26 22:04:00
4308,2438,74,1,197.23,0.0,2024-05-26 22:04:00
4309,2438,76,1,230.83,0.0,2024-05-26 22:04:00
4310,2439,44,1,253.96,0.0,2024-03-25 09:26:00
4311,2439,101,1,356.86,10.0,2024-03-25 09:26:00
4312,2440,111,3,75.81,0.0,2025-06-04 14:52:00
4313,2441,72,2,195.51,0.0,2024-03-19 10:28:00
4314,2441,48,1,281.38,0.0,2024-03-19 10:28:00
4315,2442,63,1,169.24,0.0,2024-08-03 12:56:00
4316,2442,50,3,312.61,0.0,2024-08-03 12:56:00
4317,2442,72,1,195.51,10.0,2024-08-03 12:56:00
4318,2442,79,1,210.67,0.0,2024-08-03 12:56:00
4319,2443,88,1,366.82,0.0,2025-07-22 16:43:00
4320,2444,1,1,299.18,0.0,2024-12-16 14:36:00
4321,2445,16,2,267.62,0.0,2024-06-28 16:01:00
4322,2445,115,1,388.87,15.0,2024-06-28 16:01:00
4323,2446,119,2,272.68,15.0,2024-11-20 06:36:00
4324,2446,117,1,10.5,0.0,2024-11-20 06:36:00
4325,2447,7,1,269.58,0.0,2024-05-19 14:11:00
4326,2448,43,1,155.5,0.0,2024-09-27 09:58:00
4327,2448,35,2,165.52,0.0,2024-09-27 09:58:00
4328,2448,12,2,118.89,5.0,2024-09-27 09:58:00
4329,2449,40,1,202.91,10.0,2024-08-02 19:56:00
4330,2450,14,1,83.96,0.0,2025-01-02 05:10:00
4331,2451,14,1,83.96,0.0,2025-03-29 06:33:00
4332,2452,80,2,13.54,0.0,2024-01-03 20:51:00
4333,2453,61,2,235.72,0.0,2025-02-15 06:44:00
4334,2453,68,1,370.42,0.0,2025-02-15 06:44:00
4335,2453,103,1,129.79,0.0,2025-02-15 06:44:00
4336,2454,6,1,94.63,5.0,2025-02-26 07:48:00
4337,2454,80,1,13.54,15.0,2025-02-26 07:48:00
4338,2454,109,1,53.49,0.0,2025-02-26 07:48:00
4339,2455,103,1,129.79,0.0,2025-04-15 08:46:00
4340,2455,99,2,396.99,0.0,2025-04-15 08:46:00
4341,2455,5,2,56.32,0.0,2025-04-15 08:46:00
4342,2456,50,1,312.61,0.0,2024-05-29 09:05:00
4343,2457,16,1,267.62,10.0,2024-12-01 00:50:00
4344,2457,68,1,370.42,0.0,2024-12-01 00:50:00
4345,2457,8,1,333.91,0.0,2024-12-01 00:50:00
4346,2458,97,1,70.02,0.0,2024-03-10 09:09:00
4347,2458,35,1,165.52,0.0,2024-03-10 09:09:00
4348,2458,31,2,116.15,5.0,2024-03-10 09:09:00
4349,2459,110,2,65.55,0.0,2024-02-17 02:36:00
4350,2459,52,1,112.54,0.0,2024-02-17 02:36:00
4351,2460,43,1,155.5,10.0,2025-06-12 13:06:00
4352,2461,100,1,300.7,0.0,2024-10-31 17:24:00
4353,2461,8,3,333.91,0.0,2024-10-31 17:24:00
4354,2461,111,2,75.81,0.0,2024-10-31 17:24:00
4355,2462,102,2,209.95,0.0,2024-06-05 03:06:00
4356,2462,69,1,234.52,0.0,2024-06-05 03:06:00
4357,2463,22,1,228.27,5.0,2025-03-17 03:18:00
4358,2464,66,1,45.84,0.0,2024-09-08 22:14:00
4359,2464,95,2,208.45,0.0,2024-09-08 22:14:00
4360,2465,81,1,331.39,10.0,2024-12-21 19:20:00
4361,2466,47,2,384.95,0.0,2024-06-15 00:25:00
4362,2466,41,2,65.16,0.0,2024-06-15 00:25:00
4363,2467,37,1,13.97,0.0,2024-05-02 21:59:00
4364,2467,17,1,283.54,0.0,2024-05-02 21:59:00
4365,2467,79,3,210.67,0.0,2024-05-02 21:59:00
4366,2468,104,1,266.36,0.0,2025-01-26 08:12:00
4367,2468,43,1,155.5,0.0,2025-01-26 08:12:00
4368,2468,120,2,205.0,0.0,2025-01-26 08:12:00
4369,2468,113,1,82.59,0.0,2025-01-26 08:12:00
4370,2469,40,1,202.91,0.0,2025-02-08 16:36:00
4371,2470,83,2,223.84,0.0,2024-02-06 15:34:00
4372,2471,31,1,116.15,0.0,2024-10-02 06:29:00
4373,2472,114,3,312.07,0.0,2024-03-15 07:47:00
4374,2472,15,2,7.91,0.0,2024-03-15 07:47:00
4375,2472,112,1,350.45,0.0,2024-03-15 07:47:00
4376,2473,42,1,181.23,0.0,2025-02-01 00:42:00
4377,2474,27,1,177.5,0.0,2025-05-14 17:20:00
4378,2475,95,1,208.45,0.0,2024-02-26 02:00:00
4379,2476,39,1,187.44,0.0,2024-02-13 22:54:00
4380,2477,79,1,210.67,0.0,2025-03-28 15:34:00
4381,2477,76,1,230.83,0.0,2025-03-28 15:34:00
4382,2478,19,1,229.65,10.0,2025-08-26 12:31:00
4383,2478,109,1,53.49,0.0,2025-08-26 12:31:00
4384,2479,55,1,84.93,10.0,2025-07-14 09:07:00
4385,2479,82,2,60.4,5.0,2025-07-14 09:07:00
4386,2479,93,3,130.27,0.0,2025-07-14 09:07:00
4387,2480,20,2,50.24,0.0,2024-12-31 13:47:00
4388,2480,17,1,283.54,0.0,2024-12-31 13:47:00
4389,2481,95,2,208.45,10.0,2024-09-12 07:42:00
4390,2481,118,1,57.07,0.0,2024-09-12 07:42:00
4391,2482,9,1,281.6,10.0,2025-06-22 19:50:00
4392,2483,23,2,307.17,0.0,2025-03-14 17:47:00
4393,2483,104,2,266.36,0.0,2025-03-14 17:47:00
4394,2483,95,1,208.45,0.0,2025-03-14 17:47:00
4395,2484,17,1,283.54,0.0,2025-05-06 01:11:00
4396,2484,19,2,229.65,0.0,2025-05-06 01:11:00
4397,2484,83,1,223.84,10.0,2025-05-06 01:11:00
4398,2485,12,1,118.89,0.0,2024-01-07 08:14:00
4399,2486,114,1,312.07,10.0,2024-07-14 11:26:00
4400,2486,32,1,266.46,15.0,2024-07-14 11:26:00
4401,2487,27,2,177.5,0.0,2024-01-27 03:20:00
4402,2488,4,1,79.84,0.0,2024-09-22 15:02:00
4403,2489,52,1,112.54,0.0,2024-12-24 15:08:00
4404,2489,12,1,118.89,0.0,2024-12-24 15:08:00
4405,2490,24,2,223.66,15.0,2025-06-25 00:49:00
4406,2491,42,1,181.23,10.0,2024-07-13 08:01:00
4407,2492,72,1,195.51,10.0,2025-07-28 08:33:00
4408,2492,62,1,38.36,0.0,2025-07-28 08:33:00
4409,2492,20,2,50.24,0.0,2025-07-28 08:33:00
4410,2492,5,1,56.32,0.0,2025-07-28 08:33:00
4411,2493,66,2,45.84,10.0,2024-12-25 10:46:00
4412,2493,110,1,65.55,0.0,2024-12-25 10:46:00
4413,2494,116,1,61.84,0.0,2024-02-05 21:49:00
4414,2495,14,1,83.96,0.0,2024-01-16 06:43:00
4415,2496,24,2,223.66,0.0,2024-07-28 11:43:00
4416,2496,16,1,267.62,0.0,2024-07-28 11:43:00
4417,2497,59,1,289.19,0.0,2025-07-11 05:17:00
4418,2498,101,2,356.86,10.0,2025-01-15 01:07:00
4419,2499,73,1,314.18,5.0,2025-06-27 11:26:00
4420,2500,108,3,100.18,0.0,2024-04-11 14:36:00
4421,2500,42,1,181.23,5.0,2024-04-11 14:36:00
4422,2500,20,1,50.24,0.0,2024-04-11 14:36:00
4423,2500,73,3,314.18,5.0,2024-04-11 14:36:00
4424,2501,53,2,43.07,0.0,2024-04-03 03:37:00
4425,2502,94,1,119.91,0.0,2025-06-06 01:37:00
4426,2502,42,1,181.23,0.0,2025-06-06 01:37:00
4427,2502,75,1,198.83,0.0,2025-06-06 01:37:00
4428,2502,39,1,187.44,0.0,2025-06-06 01:37:00
4429,2503,31,2,116.15,5.0,2024-08-21 20:37:00
4430,2503,42,1,181.23,5.0,2024-08-21 20:37:00
4431,2504,32,2,266.46,0.0,2025-03-27 12:37:00
4432,2504,110,2,65.55,0.0,2025-03-27 12:37:00
4433,2505,72,3,195.51,5.0,2025-05-27 09:01:00
4434,2506,16,1,267.62,0.0,2024-08-19 01:07:00
4435,2507,95,2,208.45,0.0,2024-01-18 09:19:00
4436,2507,64,1,200.13,0.0,2024-01-18 09:19:00
4437,2508,38,1,290.33,0.0,2024-01-22 03:45:00
4438,2508,3,1,151.33,0.0,2024-01-22 03:45:00
4439,2508,34,2,267.4,0.0,2024-01-22 03:45:00
4440,2509,100,1,300.7,0.0,2025-02-09 19:32:00
4441,2509,92,2,324.26,0.0,2025-02-09 19:32:00
4442,2510,58,1,304.62,5.0,2024-11-27 05:47:00
4443,2511,75,1,198.83,0.0,2025-01-08 23:08:00
4444,2511,24,1,223.66,0.0,2025-01-08 23:08:00
4445,2511,57,1,74.83,10.0,2025-01-08 23:08:00
4446,2512,32,1,266.46,0.0,2024-01-09 05:47:00
4447,2513,98,1,176.86,0.0,2024-06-25 14:08:00
4448,2513,64,2,200.13,0.0,2024-06-25 14:08:00
4449,2514,91,2,151.51,0.0,2024-08-08 18:00:00
4450,2515,75,3,198.83,0.0,2024-08-06 02:22:00
4451,2516,67,1,237.12,0.0,2025-01-07 18:27:00
4452,2516,20,1,50.24,5.0,2025-01-07 18:27:00
4453,2516,87,2,308.62,10.0,2025-01-07 18:27:00
4454,2517,102,1,209.95,10.0,2024-04-23 00:26:00
4455,2518,93,2,130.27,0.0,2024-06-14 14:54:00
4456,2518,71,1,14.01,15.0,2024-06-14 14:54:00
4457,2519,6,1,94.63,10.0,2025-05-29 01:21:00
4458,2520,78,2,135.97,0.0,2025-05-02 06:24:00
4459,2520,88,2,366.82,0.0,2025-05-02 06:24:00
4460,2521,65,2,135.3,0.0,2025-08-13 01:15:00
4461,2521,57,1,74.83,0.0,2025-08-13 01:15:00
4462,2522,95,2,208.45,0.0,2024-12-26 23:40:00
4463,2523,86,1,292.16,0.0,2025-05-06 15:01:00
4464,2523,24,1,223.66,0.0,2025-05-06 15:01:00
4465,2523,69,1,234.52,0.0,2025-05-06 15:01:00
4466,2524,108,3,100.18,0.0,2025-05-22 11:49:00
4467,2525,105,2,152.59,0.0,2024-01-24 08:05:00
4468,2525,26,1,17.17,10.0,2024-01-24 08:05:00
4469,2526,31,3,116.15,15.0,2024-12-21 21:58:00
4470,2526,83,1,223.84,0.0,2024-12-21 21:58:00
4471,2526,74,2,197.23,0.0,2024-12-21 21:58:00
4472,2526,74,1,197.23,10.0,2024-12-21 21:58:00
4473,2527,45,2,147.92,0.0,2024-11-18 09:49:00
4474,2528,27,2,177.5,15.0,2024-08-28 04:21:00
4475,2529,119,2,272.68,0.0,2024-06-18 09:04:00
4476,2529,3,2,151.33,0.0,2024-06-18 09:04:00
4477,2530,22,2,228.27,0.0,2024-08-22 07:03:00
4478,2530,94,3,119.91,0.0,2024-08-22 07:03:00
4479,2531,85,1,116.09,0.0,2024-02-21 12:05:00
4480,2531,39,1,187.44,0.0,2024-02-21 12:05:00
4481,2532,112,2,350.45,5.0,2024-10-03 17:45:00
4482,2533,79,2,210.67,0.0,2024-08-01 08:47:00
4483,2534,74,1,197.23,0.0,2024-07-18 15:34:00
4484,2534,61,1,235.72,0.0,2024-07-18 15:34:00
4485,2534,88,1,366.82,0.0,2024-07-18 15:34:00
4486,2535,15,1,7.91,0.0,2024-05-01 13:30:00
4487,2536,20,2,50.24,0.0,2025-04-16 02:33:00
4488,2537,21,1,269.02,0.0,2024-10-24 09:19:00
4489,2538,90,3,224.17,5.0,2025-02-09 20:22:00
4490,2538,53,1,43.07,0.0,2025-02-09 20:22:00
4491,2539,7,1,269.58,0.0,2024-06-16 18:45:00
4492,2539,99,2,396.99,5.0,2024-06-16 18:45:00
4493,2540,15,1,7.91,0.0,2024-11-17 16:25:00
4494,2541,117,1,10.5,0.0,2025-04-08 04:37:00
4495,2542,93,1,130.27,0.0,2024-06-23 02:06:00
4496,2543,44,1,253.96,10.0,2024-08-30 04:46:00
4497,2544,98,1,176.86,0.0,2025-01-21 02:07:00
4498,2544,32,1,266.46,0.0,2025-01-21 02:07:00
4499,2544,80,2,13.54,5.0,2025-01-21 02:07:00
4500,2545,38,1,290.33,0.0,2024-08-12 15:58:00
4501,2546,44,1,253.96,5.0,2025-07-25 11:02:00
4502,2547,23,1,307.17,0.0,2024-08-14 13:44:00
4503,2548,104,1,266.36,0.0,2024-01-10 17:37:00
4504,2548,67,1,237.12,0.0,2024-01-10 17:37:00
4505,2548,98,2,176.86,5.0,2024-01-10 17:37:00
4506,2549,12,1,118.89,5.0,2025-04-02 11:34:00
4507,2550,88,1,366.82,0.0,2025-01-12 19:58:00
4508,2550,68,1,370.42,0.0,2025-01-12 19:58:00
4509,2551,2,1,133.7,0.0,2025-07-12 03:15:00
4510,2552,18,1,186.27,0.0,2024-02-04 08:59:00
4511,2553,17,1,283.54,0.0,2025-03-19 16:30:00
4512,2554,25,2,225.89,0.0,2025-08-27 03:20:00
4513,2554,47,3,384.95,0.0,2025-08-27 03:20:00
4514,2554,45,2,147.92,0.0,2025-08-27 03:20:00
4515,2555,9,2,281.6,0.0,2025-04-25 01:36:00
4516,2555,95,1,208.45,0.0,2025-04-25 01:36:00
4517,2555,104,3,266.36,0.0,2025-04-25 01:36:00
4518,2556,73,1,314.18,0.0,2024-05-15 13:12:00
4519,2556,17,2,283.54,15.0,2024-05-15 13:12:00
4520,2557,106,1,299.98,0.0,2024-07-30 23:50:00
4521,2557,13,1,274.59,10.0,2024-07-30 23:50:00
4522,2558,19,1,229.65,0.0,2024-08-14 11:24:00
4523,2559,46,1,51.61,0.0,2024-01-16 08:47:00
4524,2560,50,1,312.61,5.0,2024-05-22 14:12:00
4525,2560,119,1,272.68,0.0,2024-05-22 14:12:00
4526,2561,34,3,267.4,0.0,2024-07-21 05:49:00
4527,2561,114,2,312.07,0.0,2024-07-21 05:49:00
4528,2561,20,1,50.24,0.0,2024-07-21 05:49:00
4529,2562,120,1,205.0,10.0,2025-07-06 02:19:00
4530,2562,16,1,267.62,0.0,2025-07-06 02:19:00
4531,2562,21,1,269.02,0.0,2025-07-06 02:19:00
4532,2562,72,1,195.51,0.0,2025-07-06 02:19:00
4533,2563,77,1,192.03,0.0,2024-07-04 08:17:00
4534,2564,93,3,130.27,5.0,2024-11-11 11:38:00
4535,2565,111,1,75.81,0.0,2024-11-16 16:22:00
4536,2566,17,1,283.54,10.0,2024-12-12 02:21:00
4537,2567,84,3,270.53,0.0,2024-09-12 12:56:00
4538,2568,41,1,65.16,0.0,2024-01-16 17:40:00
4539,2569,106,2,299.98,0.0,2025-08-12 01:52:00
4540,2569,81,1,331.39,0.0,2025-08-12 01:52:00
4541,2569,29,2,342.09,0.0,2025-08-12 01:52:00
4542,2570,5,1,56.32,0.0,2025-02-01 02:48:00
4543,2570,16,1,267.62,0.0,2025-02-01 02:48:00
4544,2570,47,3,384.95,10.0,2025-02-01 02:48:00
4545,2571,64,1,200.13,0.0,2025-03-21 22:53:00
4546,2572,58,1,304.62,0.0,2024-09-16 19:36:00
4547,2572,115,2,388.87,0.0,2024-09-16 19:36:00
4548,2573,48,1,281.38,0.0,2024-06-18 14:28:00
4549,2573,87,2,308.62,10.0,2024-06-18 14:28:00
4550,2574,37,1,13.97,0.0,2024-07-15 18:12:00
4551,2575,32,1,266.46,0.0,2024-03-03 02:49:00
4552,2576,18,2,186.27,0.0,2025-07-19 20:36:00
4553,2576,33,1,225.03,0.0,2025-07-19 20:36:00
4554,2576,1,1,299.18,0.0,2025-07-19 20:36:00
4555,2577,99,1,396.99,0.0,2024-09-06 08:46:00
4556,2577,101,1,356.86,0.0,2024-09-06 08:46:00
4557,2578,4,2,79.84,0.0,2024-11-17 20:19:00
4558,2579,53,1,43.07,0.0,2025-01-30 19:16:00
4559,2579,13,1,274.59,0.0,2025-01-30 19:16:00
4560,2580,12,1,118.89,0.0,2025-03-30 19:59:00
4561,2581,6,1,94.63,0.0,2024-09-23 17:14:00
4562,2582,104,2,266.36,0.0,2025-01-02 10:44:00
4563,2582,47,1,384.95,10.0,2025-01-02 10:44:00
4564,2583,4,2,79.84,0.0,2025-05-10 21:55:00
4565,2584,44,2,253.96,0.0,2024-08-01 02:16:00
4566,2585,26,1,17.17,0.0,2025-01-05 18:09:00
4567,2586,14,1,83.96,0.0,2025-04-27 11:30:00
4568,2587,30,1,28.03,0.0,2024-05-16 04:20:00
4569,2588,105,2,152.59,0.0,2024-06-07 02:18:00
4570,2588,47,3,384.95,0.0,2024-06-07 02:18:00
4571,2588,36,1,70.95,0.0,2024-06-07 02:18:00
4572,2588,26,2,17.17,0.0,2024-06-07 02:18:00
4573,2589,91,1,151.51,0.0,2025-03-03 05:24:00
4574,2590,56,1,233.79,0.0,2025-03-17 06:41:00
4575,2591,68,1,370.42,0.0,2024-01-29 16:01:00
4576,2591,58,1,304.62,15.0,2024-01-29 16:01:00
4577,2592,33,1,225.03,0.0,2025-07-06 15:04:00
4578,2593,72,1,195.51,0.0,2024-06-08 16:56:00
4579,2594,86,2,292.16,10.0,2024-10-28 06:35:00
4580,2595,78,1,135.97,0.0,2025-04-16 18:51:00
4581,2595,106,2,299.98,0.0,2025-04-16 18:51:00
4582,2596,119,1,272.68,0.0,2025-03-17 23:42:00
4583,2596,56,2,233.79,0.0,2025-03-17 23:42:00
4584,2596,56,2,233.79,0.0,2025-03-17 23:42:00
4585,2597,75,1,198.83,0.0,2025-08-22 14:42:00
4586,2598,18,1,186.27,5.0,2025-08-12 21:37:00
4587,2599,5,1,56.32,5.0,2024-01-20 11:15:00
4588,2600,54,1,185.03,0.0,2024-06-24 03:21:00
4589,2601,43,1,155.5,0.0,2024-06-26 08:20:00
4590,2602,9,2,281.6,0.0,2024-04-17 10:23:00
4591,2603,76,1,230.83,0.0,2025-07-22 13:13:00
4592,2604,117,1,10.5,0.0,2024-11-24 12:35:00
4593,2605,84,1,270.53,0.0,2025-03-25 18:53:00
4594,2606,99,3,396.99,0.0,2024-08-08 20:57:00
4595,2607,92,1,324.26,10.0,2025-05-16 00:42:00
4596,2608,91,1,151.51,0.0,2025-05-15 18:47:00
4597,2608,35,1,165.52,0.0,2025-05-15 18:47:00
4598,2609,86,3,292.16,0.0,2025-01-16 23:02:00
4599,2610,101,1,356.86,0.0,2025-08-12 09:45:00
4600,2611,78,1,135.97,0.0,2025-08-23 15:11:00
4601,2612,39,1,187.44,0.0,2024-12-30 01:00:00
4602,2612,77,2,192.03,0.0,2024-12-30 01:00:00
4603,2612,119,3,272.68,0.0,2024-12-30 01:00:00
4604,2613,68,3,370.42,10.0,2025-07-22 03:04:00
4605,2613,82,1,60.4,0.0,2025-07-22 03:04:00
4606,2614,60,1,252.79,0.0,2024-06-06 06:31:00
4607,2615,105,1,152.59,0.0,2024-04-03 20:52:00
4608,2615,78,1,135.97,0.0,2024-04-03 20:52:00
4609,2616,53,3,43.07,15.0,2025-03-24 21:51:00
4610,2617,20,1,50.24,0.0,2024-08-31 17:05:00
4611,2617,37,3,13.97,0.0,2024-08-31 17:05:00
4612,2617,63,1,169.24,10.0,2024-08-31 17:05:00
4613,2617,35,1,165.52,0.0,2024-08-31 17:05:00
4614,2618,98,1,176.86,0.0,2025-07-03 04:31:00
4615,2618,24,1,223.66,0.0,2025-07-03 04:31:00
4616,2618,89,3,95.93,0.0,2025-07-03 04:31:00
4617,2619,77,1,192.03,0.0,2025-04-01 10:50:00
4618,2619,73,3,314.18,15.0,2025-04-01 10:50:00
4619,2620,58,2,304.62,0.0,2025-05-10 06:00:00
4620,2620,9,2,281.6,0.0,2025-05-10 06:00:00
4621,2620,117,1,10.5,0.0,2025-05-10 06:00:00
4622,2620,114,1,312.07,0.0,2025-05-10 06:00:00
4623,2621,85,1,116.09,0.0,2024-11-24 01:55:00
4624,2621,28,1,166.37,5.0,2024-11-24 01:55:00
4625,2621,66,1,45.84,0.0,2024-11-24 01:55:00
4626,2621,116,1,61.84,0.0,2024-11-24 01:55:00
4627,2622,12,1,118.89,0.0,2025-08-18 09:43:00
4628,2623,85,1,116.09,0.0,2025-05-16 23:30:00
4629,2623,4,1,79.84,0.0,2025-05-16 23:30:00
4630,2623,85,1,116.09,5.0,2025-05-16 23:30:00
4631,2624,120,3,205.0,0.0,2024-08-20 12:01:00
4632,2625,103,1,129.79,10.0,2024-11-07 23:30:00
4633,2625,48,1,281.38,5.0,2024-11-07 23:30:00
4634,2626,74,1,197.23,0.0,2025-08-20 22:28:00
4635,2626,65,2,135.3,0.0,2025-08-20 22:28:00
4636,2627,58,3,304.62,0.0,2024-05-09 12:16:00
4637,2627,115,1,388.87,15.0,2024-05-09 12:16:00
4638,2628,3,2,151.33,0.0,2024-12-31 15:36:00
4639,2628,69,1,234.52,0.0,2024-12-31 15:36:00
4640,2628,76,3,230.83,0.0,2024-12-31 15:36:00
4641,2628,119,1,272.68,0.0,2024-12-31 15:36:00
4642,2629,106,2,299.98,10.0,2025-05-09 00:36:00
4643,2630,119,1,272.68,10.0,2024-05-19 10:07:00
4644,2630,34,1,267.4,0.0,2024-05-19 10:07:00
4645,2630,18,1,186.27,0.0,2024-05-19 10:07:00
4646,2630,16,1,267.62,5.0,2024-05-19 10:07:00
4647,2631,46,1,51.61,0.0,2024-11-01 15:10:00
4648,2631,95,3,208.45,10.0,2024-11-01 15:10:00
4649,2631,74,3,197.23,0.0,2024-11-01 15:10:00
4650,2632,48,1,281.38,5.0,2024-03-03 06:53:00
4651,2632,2,1,133.7,0.0,2024-03-03 06:53:00
4652,2632,8,2,333.91,0.0,2024-03-03 06:53:00
4653,2632,34,1,267.4,0.0,2024-03-03 06:53:00
4654,2633,41,1,65.16,0.0,2024-03-10 15:01:00
4655,2634,108,1,100.18,0.0,2024-04-30 10:13:00
4656,2635,73,1,314.18,5.0,2025-08-21 23:09:00
4657,2636,12,2,118.89,0.0,2024-08-20 09:30:00
4658,2636,86,1,292.16,0.0,2024-08-20 09:30:00
4659,2637,115,1,388.87,0.0,2025-08-20 23:19:00
4660,2638,35,2,165.52,15.0,2024-05-14 23:25:00
4661,2638,77,1,192.03,0.0,2024-05-14 23:25:00
4662,2638,72,3,195.51,5.0,2024-05-14 23:25:00
4663,2639,93,2,130.27,5.0,2024-02-15 09:18:00
4664,2640,86,3,292.16,0.0,2025-06-06 22:35:00
4665,2640,62,1,38.36,10.0,2025-06-06 22:35:00
4666,2641,6,1,94.63,0.0,2024-09-26 04:52:00
4667,2642,16,1,267.62,0.0,2024-01-08 03:03:00
4668,2643,102,1,209.95,0.0,2024-03-17 19:52:00
4669,2643,15,1,7.91,0.0,2024-03-17 19:52:00
4670,2644,116,1,61.84,0.0,2025-03-15 08:25:00
4671,2645,63,1,169.24,0.0,2024-02-26 15:46:00
4672,2646,89,1,95.93,0.0,2024-05-12 09:31:00
4673,2646,29,1,342.09,15.0,2024-05-12 09:31:00
4674,2646,49,1,110.02,0.0,2024-05-12 09:31:00
4675,2647,59,1,289.19,0.0,2024-08-28 11:48:00
4676,2647,110,2,65.55,0.0,2024-08-28 11:48:00
4677,2648,51,1,288.17,0.0,2024-05-18 09:06:00
4678,2648,82,1,60.4,5.0,2024-05-18 09:06:00
4679,2649,54,2,185.03,0.0,2025-04-08 19:15:00
4680,2649,37,2,13.97,0.0,2025-04-08 19:15:00
4681,2650,70,1,238.41,0.0,2025-05-26 21:12:00
4682,2651,79,1,210.67,0.0,2025-03-21 18:10:00
4683,2652,66,1,45.84,0.0,2025-03-30 02:10:00
4684,2653,2,1,133.7,0.0,2024-08-24 11:42:00
4685,2654,50,1,312.61,0.0,2024-12-16 11:46:00
4686,2655,46,1,51.61,10.0,2024-01-22 06:37:00
4687,2655,32,2,266.46,0.0,2024-01-22 06:37:00
4688,2655,53,1,43.07,0.0,2024-01-22 06:37:00
4689,2655,70,1,238.41,0.0,2024-01-22 06:37:00
4690,2656,74,3,197.23,0.0,2024-10-19 01:14:00
4691,2656,100,1,300.7,0.0,2024-10-19 01:14:00
4692,2657,69,1,234.52,5.0,2025-05-25 08:48:00
4693,2657,30,1,28.03,0.0,2025-05-25 08:48:00
4694,2658,18,3,186.27,0.0,2024-06-05 20:03:00
4695,2658,51,1,288.17,0.0,2024-06-05 20:03:00
4696,2658,97,1,70.02,0.0,2024-06-05 20:03:00
4697,2659,9,1,281.6,0.0,2024-08-06 01:57:00
4698,2659,80,2,13.54,0.0,2024-08-06 01:57:00
4699,2660,10,1,333.74,10.0,2025-01-26 03:20:00
4700,2661,76,2,230.83,0.0,2025-07-22 22:33:00
4701,2661,93,1,130.27,15.0,2025-07-22 22:33:00
4702,2661,85,2,116.09,0.0,2025-07-22 22:33:00
4703,2662,105,1,152.59,0.0,2024-12-22 01:31:00
4704,2662,106,2,299.98,0.0,2024-12-22 01:31:00
4705,2663,14,1,83.96,0.0,2024-12-29 21:35:00
4706,2663,61,2,235.72,0.0,2024-12-29 21:35:00
4707,2664,44,1,253.96,0.0,2024-08-21 21:13:00
4708,2664,32,1,266.46,0.0,2024-08-21 21:13:00
4709,2664,33,1,225.03,0.0,2024-08-21 21:13:00
4710,2665,52,1,112.54,10.0,2025-04-10 09:38:00
4711,2665,107,2,108.67,0.0,2025-04-10 09:38:00
4712,2666,47,3,384.95,10.0,2024-01-05 13:52:00
4713,2666,36,2,70.95,0.0,2024-01-05 13:52:00
4714,2666,64,1,200.13,0.0,2024-01-05 13:52:00
4715,2667,13,1,274.59,0.0,2025-08-17 23:52:00
4716,2668,112,1,350.45,0.0,2024-07-12 20:51:00
4717,2668,38,1,290.33,0.0,2024-07-12 20:51:00
4718,2669,54,1,185.03,0.0,2025-08-17 10:25:00
4719,2669,9,1,281.6,0.0,2025-08-17 10:25:00
4720,2670,115,3,388.87,0.0,2025-02-10 23:25:00
4721,2670,96,1,374.74,15.0,2025-02-10 23:25:00
4722,2671,90,1,224.17,0.0,2024-10-09 16:33:00
4723,2671,69,1,234.52,0.0,2024-10-09 16:33:00
4724,2672,6,1,94.63,0.0,2024-03-23 06:42:00
4725,2672,117,2,10.5,0.0,2024-03-23 06:42:00
4726,2673,60,2,252.79,0.0,2025-01-02 10:20:00
4727,2673,19,1,229.65,0.0,2025-01-02 10:20:00
4728,2673,11,1,322.88,0.0,2025-01-02 10:20:00
4729,2674,109,3,53.49,0.0,2025-03-10 09:05:00
4730,2675,108,1,100.18,0.0,2024-12-09 17:08:00
4731,2675,24,3,223.66,0.0,2024-12-09 17:08:00
4732,2676,34,1,267.4,0.0,2024-07-25 08:43:00
4733,2676,79,1,210.67,10.0,2024-07-25 08:43:00
4734,2677,118,1,57.07,0.0,2024-05-07 13:04:00
4735,2677,75,1,198.83,0.0,2024-05-07 13:04:00
4736,2678,57,1,74.83,5.0,2025-03-24 20:34:00
4737,2678,65,1,135.3,0.0,2025-03-24 20:34:00
4738,2679,115,2,388.87,5.0,2024-03-28 17:22:00
4739,2680,76,1,230.83,5.0,2025-06-06 10:11:00
4740,2681,85,1,116.09,0.0,2025-08-27 14:21:00
4741,2682,18,2,186.27,0.0,2024-10-01 10:47:00
4742,2683,8,2,333.91,0.0,2024-02-07 10:20:00
4743,2683,100,1,300.7,0.0,2024-02-07 10:20:00
4744,2684,90,3,224.17,0.0,2025-03-13 11:32:00
4745,2685,6,1,94.63,0.0,2024-04-18 12:15:00
4746,2685,10,1,333.74,5.0,2024-04-18 12:15:00
4747,2685,55,1,84.93,0.0,2024-04-18 12:15:00
4748,2686,107,1,108.67,0.0,2024-11-28 04:38:00
4749,2687,72,2,195.51,0.0,2024-03-26 00:21:00
4750,2687,27,1,177.5,0.0,2024-03-26 00:21:00
4751,2688,91,1,151.51,0.0,2024-03-11 23:55:00
4752,2689,75,1,198.83,0.0,2024-09-29 06:50:00
4753,2690,8,1,333.91,0.0,2024-09-23 08:21:00
4754,2691,4,1,79.84,0.0,2024-01-24 09:59:00
4755,2692,39,2,187.44,0.0,2024-06-07 07:09:00
4756,2692,39,1,187.44,0.0,2024-06-07 07:09:00
4757,2693,23,1,307.17,0.0,2024-08-01 12:28:00
4758,2693,118,1,57.07,0.0,2024-08-01 12:28:00
4759,2694,111,1,75.81,0.0,2024-06-14 01:29:00
4760,2695,111,1,75.81,0.0,2024-07-06 22:36:00
4761,2695,56,1,233.79,0.0,2024-07-06 22:36:00
4762,2695,53,1,43.07,0.0,2024-07-06 22:36:00
4763,2696,34,1,267.4,0.0,2024-03-20 06:42:00
4764,2696,105,2,152.59,15.0,2024-03-20 06:42:00
4765,2697,55,2,84.93,0.0,2024-02-25 08:20:00
4766,2698,57,1,74.83,0.0,2024-07-28 12:58:00
4767,2699,74,1,197.23,10.0,2025-08-31 09:36:00
4768,2699,40,2,202.91,0.0,2025-08-31 09:36:00
4769,2699,29,1,342.09,0.0,2025-08-31 09:36:00
4770,2700,78,1,135.97,0.0,2024-11-27 21:10:00
4771,2700,17,1,283.54,10.0,2024-11-27 21:10:00
4772,2701,34,2,267.4,0.0,2024-12-17 12:58:00
4773,2701,113,1,82.59,0.0,2024-12-17 12:58:00
4774,2702,82,1,60.4,10.0,2025-04-25 23:36:00
4775,2703,90,1,224.17,5.0,2025-06-13 01:54:00
4776,2704,81,1,331.39,15.0,2025-02-25 22:16:00
4777,2705,30,3,28.03,0.0,2024-06-02 05:26:00
4778,2705,2,1,133.7,10.0,2024-06-02 05:26:00
4779,2706,21,2,269.02,0.0,2024-04-30 19:08:00
4780,2706,16,1,267.62,0.0,2024-04-30 19:08:00
4781,2707,98,2,176.86,10.0,2025-03-06 02:44:00
4782,2708,113,1,82.59,0.0,2024-01-17 20:11:00
4783,2709,40,1,202.91,0.0,2025-08-08 07:05:00
4784,2709,98,1,176.86,0.0,2025-08-08 07:05:00
4785,2710,4,1,79.84,5.0,2024-05-15 15:22:00
4786,2711,91,3,151.51,0.0,2024-12-23 18:57:00
4787,2712,117,3,10.5,10.0,2024-08-10 19:28:00
4788,2713,33,1,225.03,0.0,2025-08-04 13:06:00
4789,2713,67,1,237.12,0.0,2025-08-04 13:06:00
4790,2714,1,2,299.18,0.0,2024-06-25 16:49:00
4791,2714,69,1,234.52,10.0,2024-06-25 16:49:00
4792,2714,61,1,235.72,0.0,2024-06-25 16:49:00
4793,2714,51,1,288.17,0.0,2024-06-25 16:49:00
4794,2715,72,1,195.51,0.0,2025-03-03 23:08:00
4795,2716,23,1,307.17,10.0,2025-06-20 20:47:00
4796,2716,113,3,82.59,5.0,2025-06-20 20:47:00
4797,2716,57,3,74.83,0.0,2025-06-20 20:47:00
4798,2717,120,2,205.0,0.0,2025-01-10 12:30:00
4799,2717,58,1,304.62,0.0,2025-01-10 12:30:00
4800,2717,92,1,324.26,0.0,2025-01-10 12:30:00
4801,2718,22,1,228.27,5.0,2024-11-09 08:36:00
4802,2719,19,2,229.65,0.0,2025-01-07 01:18:00
4803,2720,7,1,269.58,0.0,2024-09-30 21:42:00
4804,2720,33,1,225.03,0.0,2024-09-30 21:42:00
4805,2720,98,2,176.86,0.0,2024-09-30 21:42:00
4806,2721,56,1,233.79,0.0,2025-04-05 21:29:00
4807,2722,50,2,312.61,0.0,2025-05-19 05:01:00
4808,2722,69,1,234.52,0.0,2025-05-19 05:01:00
4809,2723,105,1,152.59,0.0,2024-04-03 01:58:00
4810,2723,48,3,281.38,0.0,2024-04-03 01:58:00
4811,2724,23,1,307.17,0.0,2024-07-14 08:54:00
4812,2724,16,1,267.62,0.0,2024-07-14 08:54:00
4813,2724,89,2,95.93,0.0,2024-07-14 08:54:00
4814,2725,113,1,82.59,0.0,2024-06-11 20:35:00
4815,2725,103,2,129.79,0.0,2024-06-11 20:35:00
4816,2726,7,1,269.58,0.0,2025-07-14 21:14:00
4817,2726,55,1,84.93,0.0,2025-07-14 21:14:00
4818,2726,84,1,270.53,0.0,2025-07-14 21:14:00
4819,2726,84,1,270.53,0.0,2025-07-14 21:14:00
4820,2727,112,1,350.45,5.0,2024-05-21 18:04:00
4821,2727,113,1,82.59,0.0,2024-05-21 18:04:00
4822,2728,25,1,225.89,0.0,2024-08-27 12:36:00
4823,2729,58,1,304.62,0.0,2024-04-07 17:03:00
4824,2729,69,1,234.52,0.0,2024-04-07 17:03:00
4825,2730,63,1,169.24,0.0,2024-02-22 18:07:00
4826,2730,80,2,13.54,0.0,2024-02-22 18:07:00
4827,2731,58,1,304.62,0.0,2024-04-18 21:20:00
4828,2731,100,1,300.7,5.0,2024-04-18 21:20:00
4829,2731,27,1,177.5,5.0,2024-04-18 21:20:00
4830,2731,38,1,290.33,0.0,2024-04-18 21:20:00
4831,2732,22,1,228.27,0.0,2025-05-01 07:34:00
4832,2732,4,1,79.84,0.0,2025-05-01 07:34:00
4833,2733,69,1,234.52,0.0,2024-04-23 08:12:00
4834,2733,22,2,228.27,0.0,2024-04-23 08:12:00
4835,2733,115,1,388.87,0.0,2024-04-23 08:12:00
4836,2734,84,1,270.53,0.0,2024-06-11 19:08:00
4837,2734,103,2,129.79,10.0,2024-06-11 19:08:00
4838,2735,50,3,312.61,0.0,2025-01-17 23:38:00
4839,2735,106,1,299.98,0.0,2025-01-17 23:38:00
4840,2736,82,1,60.4,0.0,2025-02-23 14:54:00
4841,2737,102,3,209.95,10.0,2024-05-08 10:45:00
4842,2738,70,1,238.41,0.0,2025-02-06 22:28:00
4843,2739,80,2,13.54,0.0,2025-05-03 10:01:00
4844,2740,30,2,28.03,0.0,2024-02-14 18:07:00
4845,2741,110,3,65.55,0.0,2024-05-20 09:33:00
4846,2742,82,2,60.4,0.0,2024-06-19 17:37:00
4847,2742,66,1,45.84,10.0,2024-06-19 17:37:00
4848,2743,57,1,74.83,10.0,2024-12-22 04:50:00
4849,2743,37,1,13.97,10.0,2024-12-22 04:50:00
4850,2743,9,2,281.6,0.0,2024-12-22 04:50:00
4851,2744,23,1,307.17,0.0,2025-06-14 00:27:00
4852,2745,86,3,292.16,0.0,2024-05-04 01:43:00
4853,2746,55,1,84.93,0.0,2024-01-23 23:55:00
4854,2747,105,1,152.59,0.0,2024-11-27 08:09:00
4855,2747,47,1,384.95,0.0,2024-11-27 08:09:00
4856,2748,80,1,13.54,0.0,2025-08-13 03:16:00
4857,2749,71,1,14.01,15.0,2024-12-23 05:04:00
4858,2749,83,1,223.84,5.0,2024-12-23 05:04:00
4859,2750,103,2,129.79,0.0,2025-06-24 06:39:00
4860,2750,42,1,181.23,0.0,2025-06-24 06:39:00
4861,2751,19,1,229.65,0.0,2025-07-21 21:11:00
4862,2751,65,1,135.3,0.0,2025-07-21 21:11:00
4863,2752,69,2,234.52,0.0,2025-01-26 00:07:00
4864,2753,73,1,314.18,0.0,2024-03-19 13:29:00
4865,2753,76,1,230.83,0.0,2024-03-19 13:29:00
4866,2753,100,1,300.7,5.0,2024-03-19 13:29:00
4867,2754,89,1,95.93,10.0,2024-06-22 05:03:00
4868,2754,40,3,202.91,0.0,2024-06-22 05:03:00
4869,2754,41,1,65.16,0.0,2024-06-22 05:03:00
4870,2755,108,1,100.18,0.0,2025-03-19 12:01:00
4871,2755,36,2,70.95,0.0,2025-03-19 12:01:00
4872,2756,33,1,225.03,0.0,2024-07-26 13:15:00
4873,2756,5,2,56.32,0.0,2024-07-26 13:15:00
4874,2757,77,1,192.03,0.0,2024-02-19 00:37:00
4875,2757,49,2,110.02,0.0,2024-02-19 00:37:00
4876,2757,23,1,307.17,0.0,2024-02-19 00:37:00
4877,2758,107,1,108.67,10.0,2024-04-06 16:34:00
4878,2758,29,1,342.09,0.0,2024-04-06 16:34:00
4879,2758,21,1,269.02,0.0,2024-04-06 16:34:00
4880,2759,102,1,209.95,15.0,2025-06-27 09:49:00
4881,2760,83,1,223.84,0.0,2025-03-08 00:16:00
4882,2760,64,1,200.13,0.0,2025-03-08 00:16:00
4883,2760,118,2,57.07,10.0,2025-03-08 00:16:00
4884,2760,113,1,82.59,0.0,2025-03-08 00:16:00
4885,2761,67,2,237.12,0.0,2024-12-15 11:43:00
4886,2761,119,1,272.68,0.0,2024-12-15 11:43:00
4887,2761,74,1,197.23,0.0,2024-12-15 11:43:00
4888,2761,28,1,166.37,5.0,2024-12-15 11:43:00
4889,2762,105,1,152.59,0.0,2025-04-14 08:49:00
4890,2763,23,2,307.17,0.0,2024-03-29 02:57:00
4891,2764,89,1,95.93,0.0,2024-04-13 10:54:00
4892,2765,49,1,110.02,15.0,2024-10-30 07:02:00
4893,2766,66,2,45.84,0.0,2025-05-27 01:49:00
4894,2766,77,1,192.03,0.0,2025-05-27 01:49:00
4895,2766,72,3,195.51,10.0,2025-05-27 01:49:00
4896,2767,92,1,324.26,0.0,2025-02-06 03:03:00
4897,2767,2,1,133.7,0.0,2025-02-06 03:03:00
4898,2768,25,1,225.89,0.0,2024-02-18 10:25:00
4899,2768,102,1,209.95,5.0,2024-02-18 10:25:00
4900,2768,8,3,333.91,0.0,2024-02-18 10:25:00
4901,2769,71,1,14.01,0.0,2024-11-27 08:36:00
4902,2770,32,1,266.46,10.0,2024-08-19 04:03:00
4903,2771,66,2,45.84,0.0,2024-05-21 18:25:00
4904,2772,36,1,70.95,0.0,2024-12-01 11:02:00
4905,2772,97,2,70.02,0.0,2024-12-01 11:02:00
4906,2773,18,1,186.27,10.0,2025-07-09 06:12:00
4907,2773,40,1,202.91,0.0,2025-07-09 06:12:00
4908,2774,41,2,65.16,0.0,2024-01-09 05:44:00
4909,2774,102,1,209.95,0.0,2024-01-09 05:44:00
4910,2774,1,1,299.18,0.0,2024-01-09 05:44:00
4911,2774,99,3,396.99,10.0,2024-01-09 05:44:00
4912,2775,97,1,70.02,0.0,2025-08-06 21:27:00
4913,2776,48,2,281.38,0.0,2024-08-25 14:59:00
4914,2777,43,3,155.5,5.0,2025-07-24 12:21:00
4915,2778,57,2,74.83,0.0,2024-06-04 17:30:00
4916,2778,43,1,155.5,0.0,2024-06-04 17:30:00
4917,2779,56,1,233.79,5.0,2025-05-08 00:01:00
4918,2779,115,1,388.87,0.0,2025-05-08 00:01:00
4919,2780,12,1,118.89,0.0,2025-08-08 21:35:00
4920,2781,51,3,288.17,0.0,2025-05-09 18:17:00
4921,2781,39,2,187.44,0.0,2025-05-09 18:17:00
4922,2781,91,1,151.51,0.0,2025-05-09 18:17:00
4923,2782,29,3,342.09,0.0,2025-03-25 03:35:00
4924,2782,1,2,299.18,10.0,2025-03-25 03:35:00
4925,2782,70,1,238.41,10.0,2025-03-25 03:35:00
4926,2783,105,3,152.59,5.0,2024-08-15 20:26:00
4927,2784,99,1,396.99,0.0,2024-05-05 16:27:00
4928,2784,6,1,94.63,0.0,2024-05-05 16:27:00
4929,2785,99,1,396.99,10.0,2024-04-03 02:31:00
4930,2786,54,1,185.03,0.0,2024-04-30 16:29:00
4931,2787,19,1,229.65,0.0,2024-10-25 04:41:00
4932,2788,73,1,314.18,5.0,2025-08-28 07:35:00
4933,2788,21,1,269.02,0.0,2025-08-28 07:35:00
4934,2789,2,1,133.7,0.0,2025-07-23 19:34:00
4935,2790,72,1,195.51,0.0,2025-01-30 15:08:00
4936,2790,115,1,388.87,0.0,2025-01-30 15:08:00
4937,2791,68,3,370.42,0.0,2024-09-16 10:59:00
4938,2792,63,2,169.24,0.0,2024-02-24 02:13:00
4939,2792,10,1,333.74,5.0,2024-02-24 02:13:00
4940,2793,76,1,230.83,0.0,2024-08-24 21:44:00
4941,2794,109,1,53.49,0.0,2025-05-14 17:09:00
4942,2795,49,1,110.02,0.0,2025-03-25 15:45:00
4943,2796,17,1,283.54,5.0,2025-01-26 14:28:00
4944,2796,12,1,118.89,15.0,2025-01-26 14:28:00
4945,2797,98,3,176.86,0.0,2024-11-23 05:38:00
4946,2797,59,2,289.19,10.0,2024-11-23 05:38:00
4947,2797,81,1,331.39,5.0,2024-11-23 05:38:00
4948,2798,112,1,350.45,0.0,2024-07-10 02:36:00
4949,2798,2,1,133.7,0.0,2024-07-10 02:36:00
4950,2799,110,1,65.55,0.0,2024-06-22 12:30:00
4951,2800,115,1,388.87,0.0,2025-03-22 20:06:00
4952,2800,120,1,205.0,0.0,2025-03-22 20:06:00
4953,2800,10,2,333.74,0.0,2025-03-22 20:06:00
4954,2801,66,1,45.84,10.0,2024-11-27 11:10:00
4955,2802,59,1,289.19,0.0,2024-12-15 14:54:00
4956,2802,38,2,290.33,10.0,2024-12-15 14:54:00
4957,2802,86,2,292.16,0.0,2024-12-15 14:54:00
4958,2802,63,1,169.24,5.0,2024-12-15 14:54:00
4959,2803,101,1,356.86,0.0,2024-08-03 00:40:00
4960,2803,70,1,238.41,0.0,2024-08-03 00:40:00
4961,2804,71,1,14.01,0.0,2024-05-09 22:46:00
4962,2804,12,1,118.89,10.0,2024-05-09 22:46:00
4963,2804,76,1,230.83,0.0,2024-05-09 22:46:00
4964,2805,35,1,165.52,0.0,2024-07-25 04:59:00
4965,2806,62,1,38.36,10.0,2025-05-11 19:27:00
4966,2807,58,1,304.62,0.0,2024-09-29 12:02:00
4967,2807,91,2,151.51,0.0,2024-09-29 12:02:00
4968,2808,34,2,267.4,0.0,2024-10-19 08:25:00
4969,2808,47,1,384.95,0.0,2024-10-19 08:25:00
4970,2808,17,1,283.54,0.0,2024-10-19 08:25:00
4971,2809,88,1,366.82,0.0,2024-11-18 12:15:00
4972,2809,63,2,169.24,0.0,2024-11-18 12:15:00
4973,2810,56,2,233.79,0.0,2025-07-12 04:46:00
4974,2811,109,1,53.49,0.0,2024-02-05 18:23:00
4975,2812,112,1,350.45,15.0,2024-06-10 11:09:00
4976,2813,91,1,151.51,0.0,2024-04-24 22:26:00
4977,2813,94,1,119.91,0.0,2024-04-24 22:26:00
4978,2813,81,1,331.39,0.0,2024-04-24 22:26:00
4979,2814,116,1,61.84,5.0,2025-09-01 02:06:00
4980,2814,36,3,70.95,0.0,2025-09-01 02:06:00
4981,2814,59,1,289.19,0.0,2025-09-01 02:06:00
4982,2815,36,2,70.95,0.0,2025-02-13 17:55:00
4983,2815,61,3,235.72,0.0,2025-02-13 17:55:00
4984,2815,65,1,135.3,5.0,2025-02-13 17:55:00
4985,2816,42,2,181.23,0.0,2024-07-21 13:39:00
4986,2816,114,2,312.07,0.0,2024-07-21 13:39:00
4987,2817,12,1,118.89,0.0,2024-02-15 12:34:00
4988,2818,117,2,10.5,0.0,2025-03-22 08:26:00
4989,2818,24,1,223.66,0.0,2025-03-22 08:26:00
4990,2819,58,1,304.62,5.0,2025-01-22 17:21:00
4991,2820,54,1,185.03,0.0,2025-08-11 17:37:00
4992,2821,70,3,238.41,0.0,2024-03-20 14:42:00
4993,2821,102,2,209.95,0.0,2024-03-20 14:42:00
4994,2821,1,1,299.18,0.0,2024-03-20 14:42:00
4995,2822,45,3,147.92,10.0,2024-11-28 16:41:00
4996,2823,97,3,70.02,0.0,2025-04-20 12:02:00
4997,2823,12,1,118.89,0.0,2025-04-20 12:02:00
4998,2824,1,1,299.18,0.0,2025-06-14 21:21:00
4999,2825,114,2,312.07,15.0,2025-06-23 01:32:00
5000,2825,105,1,152.59,5.0,2025-06-23 01:32:00
5001,2825,41,1,65.16,0.0,2025-06-23 01:32:00
5002,2826,113,1,82.59,0.0,2024-08-02 22:10:00
5003,2827,105,2,152.59,5.0,2024-03-17 05:34:00
5004,2828,106,1,299.98,5.0,2025-04-21 17:22:00
5005,2829,5,1,56.32,0.0,2025-03-02 02:45:00
5006,2830,76,1,230.83,0.0,2024-02-23 16:02:00
5007,2830,2,1,133.7,0.0,2024-02-23 16:02:00
5008,2830,62,1,38.36,0.0,2024-02-23 16:02:00
5009,2831,84,1,270.53,0.0,2025-03-21 23:36:00
5010,2831,65,1,135.3,0.0,2025-03-21 23:36:00
5011,2832,92,1,324.26,0.0,2024-11-05 02:07:00
5012,2833,104,1,266.36,0.0,2024-10-08 22:39:00
5013,2834,67,1,237.12,5.0,2024-08-21 06:58:00
5014,2834,76,1,230.83,5.0,2024-08-21 06:58:00
5015,2835,110,1,65.55,0.0,2025-07-05 07:28:00
5016,2836,33,1,225.03,0.0,2024-11-20 06:06:00
5017,2837,15,1,7.91,0.0,2024-07-12 21:34:00
5018,2838,80,2,13.54,0.0,2025-02-13 15:13:00
5019,2838,66,3,45.84,0.0,2025-02-13 15:13:00
5020,2839,26,2,17.17,5.0,2025-06-18 22:01:00
5021,2839,104,1,266.36,0.0,2025-06-18 22:01:00
5022,2839,28,3,166.37,0.0,2025-06-18 22:01:00
5023,2839,93,2,130.27,0.0,2025-06-18 22:01:00
5024,2840,43,1,155.5,0.0,2024-07-01 14:51:00
5025,2841,72,1,195.51,0.0,2025-06-22 21:04:00
5026,2842,88,1,366.82,0.0,2024-06-27 01:26:00
5027,2843,38,1,290.33,10.0,2025-08-21 21:56:00
5028,2844,102,2,209.95,0.0,2024-01-23 03:54:00
5029,2844,57,1,74.83,0.0,2024-01-23 03:54:00
5030,2844,98,2,176.86,0.0,2024-01-23 03:54:00
5031,2845,112,3,350.45,0.0,2024-03-10 15:07:00
5032,2846,8,1,333.91,0.0,2025-08-02 05:21:00
5033,2847,70,1,238.41,0.0,2025-07-18 23:32:00
5034,2848,58,1,304.62,0.0,2025-07-04 17:01:00
5035,2848,71,1,14.01,5.0,2025-07-04 17:01:00
5036,2849,33,2,225.03,0.0,2024-03-27 06:41:00
5037,2849,120,1,205.0,10.0,2024-03-27 06:41:00
5038,2850,39,3,187.44,0.0,2025-05-31 21:47:00
5039,2851,30,1,28.03,5.0,2025-08-10 09:01:00
5040,2852,117,1,10.5,0.0,2024-03-29 17:37:00
5041,2852,109,1,53.49,0.0,2024-03-29 17:37:00
5042,2852,118,1,57.07,0.0,2024-03-29 17:37:00
5043,2852,7,1,269.58,5.0,2024-03-29 17:37:00
5044,2853,105,1,152.59,0.0,2024-01-24 08:37:00
5045,2854,7,1,269.58,0.0,2025-07-06 00:48:00
5046,2855,43,1,155.5,0.0,2025-07-31 21:39:00
5047,2856,51,1,288.17,0.0,2024-07-01 12:24:00
5048,2857,94,2,119.91,0.0,2024-01-22 23:06:00
5049,2857,77,1,192.03,5.0,2024-01-22 23:06:00
5050,2858,116,2,61.84,0.0,2025-08-23 10:34:00
5051,2858,14,1,83.96,0.0,2025-08-23 10:34:00
5052,2858,81,1,331.39,0.0,2025-08-23 10:34:00
5053,2859,86,3,292.16,15.0,2024-01-11 23:41:00
5054,2859,14,2,83.96,0.0,2024-01-11 23:41:00
5055,2860,11,3,322.88,0.0,2025-04-19 09:19:00
5056,2861,65,3,135.3,0.0,2024-09-17 18:03:00
5057,2862,88,1,366.82,0.0,2025-03-28 09:24:00
5058,2863,38,2,290.33,0.0,2025-06-17 19:20:00
5059,2864,50,1,312.61,0.0,2024-06-28 04:43:00
5060,2865,22,1,228.27,0.0,2024-11-30 07:19:00
5061,2865,52,2,112.54,10.0,2024-11-30 07:19:00
5062,2866,30,1,28.03,0.0,2025-03-28 16:08:00
5063,2867,35,1,165.52,0.0,2024-07-27 01:10:00
5064,2867,11,1,322.88,0.0,2024-07-27 01:10:00
5065,2867,1,2,299.18,0.0,2024-07-27 01:10:00
5066,2868,24,1,223.66,0.0,2025-08-01 22:02:00
5067,2868,41,2,65.16,0.0,2025-08-01 22:02:00
5068,2869,46,2,51.61,0.0,2024-10-29 12:34:00
5069,2869,8,1,333.91,0.0,2024-10-29 12:34:00
5070,2869,111,1,75.81,0.0,2024-10-29 12:34:00
5071,2870,118,1,57.07,0.0,2025-03-04 15:34:00
5072,2870,41,1,65.16,0.0,2025-03-04 15:34:00
5073,2870,28,2,166.37,0.0,2025-03-04 15:34:00
5074,2871,117,2,10.5,0.0,2025-03-08 00:41:00
5075,2871,103,1,129.79,0.0,2025-03-08 00:41:00
5076,2871,88,1,366.82,0.0,2025-03-08 00:41:00
5077,2872,114,1,312.07,10.0,2024-10-30 13:34:00
5078,2873,37,1,13.97,0.0,2024-02-24 00:43:00
5079,2874,13,2,274.59,0.0,2025-07-12 14:42:00
5080,2874,91,1,151.51,15.0,2025-07-12 14:42:00
5081,2874,17,1,283.54,15.0,2025-07-12 14:42:00
5082,2875,120,1,205.0,0.0,2024-02-21 06:28:00
5083,2875,96,1,374.74,0.0,2024-02-21 06:28:00
5084,2876,4,3,79.84,0.0,2024-02-08 23:19:00
5085,2877,107,1,108.67,15.0,2025-02-26 19:50:00
5086,2877,2,3,133.7,5.0,2025-02-26 19:50:00
5087,2878,87,1,308.62,0.0,2024-05-15 23:02:00
5088,2879,99,2,396.99,0.0,2024-05-06 18:12:00
5089,2879,27,1,177.5,15.0,2024-05-06 18:12:00
5090,2879,75,1,198.83,0.0,2024-05-06 18:12:00
5091,2879,36,1,70.95,0.0,2024-05-06 18:12:00
5092,2880,113,1,82.59,5.0,2025-04-28 04:08:00
5093,2880,6,1,94.63,0.0,2025-04-28 04:08:00
5094,2880,90,3,224.17,0.0,2025-04-28 04:08:00
5095,2881,10,1,333.74,0.0,2025-04-19 10:10:00
5096,2882,117,1,10.5,0.0,2025-08-27 16:56:00
5097,2882,29,3,342.09,0.0,2025-08-27 16:56:00
5098,2883,79,1,210.67,0.0,2025-01-04 10:47:00
5099,2884,70,1,238.41,0.0,2025-04-15 10:37:00
5100,2885,32,3,266.46,0.0,2024-11-20 23:15:00
5101,2885,88,1,366.82,0.0,2024-11-20 23:15:00
5102,2886,47,1,384.95,10.0,2024-04-16 14:24:00
5103,2887,53,3,43.07,0.0,2024-02-01 12:16:00
5104,2888,74,1,197.23,15.0,2024-06-10 04:54:00
5105,2888,3,1,151.33,0.0,2024-06-10 04:54:00
5106,2889,117,3,10.5,0.0,2024-08-21 23:39:00
5107,2890,10,1,333.74,5.0,2025-02-12 12:51:00
5108,2890,92,1,324.26,5.0,2025-02-12 12:51:00
5109,2891,100,1,300.7,0.0,2025-02-27 20:44:00
5110,2892,62,1,38.36,0.0,2024-10-30 15:22:00
5111,2893,17,2,283.54,0.0,2024-01-28 00:04:00
5112,2893,28,1,166.37,0.0,2024-01-28 00:04:00
5113,2894,37,1,13.97,0.0,2024-09-15 22:13:00
5114,2894,90,3,224.17,0.0,2024-09-15 22:13:00
5115,2895,29,1,342.09,0.0,2024-07-01 14:18:00
5116,2896,59,1,289.19,10.0,2024-07-12 05:06:00
5117,2897,21,1,269.02,0.0,2025-08-08 03:02:00
5118,2897,2,1,133.7,5.0,2025-08-08 03:02:00
5119,2897,82,1,60.4,0.0,2025-08-08 03:02:00
5120,2898,64,1,200.13,15.0,2024-11-18 22:38:00
5121,2899,33,1,225.03,0.0,2025-04-14 12:11:00
5122,2900,37,1,13.97,0.0,2024-04-20 13:22:00
5123,2901,24,1,223.66,0.0,2024-01-05 10:22:00
5124,2901,81,1,331.39,0.0,2024-01-05 10:22:00
5125,2902,90,2,224.17,0.0,2025-04-20 06:14:00
5126,2902,29,2,342.09,0.0,2025-04-20 06:14:00
5127,2902,40,1,202.91,0.0,2025-04-20 06:14:00
5128,2903,2,2,133.7,0.0,2025-04-08 01:01:00
5129,2904,6,1,94.63,10.0,2024-11-25 18:46:00
5130,2905,108,1,100.18,5.0,2024-09-16 04:34:00
5131,2905,46,1,51.61,0.0,2024-09-16 04:34:00
5132,2905,82,2,60.4,0.0,2024-09-16 04:34:00
5133,2906,117,1,10.5,0.0,2025-06-10 13:23:00
5134,2906,33,1,225.03,5.0,2025-06-10 13:23:00
5135,2907,116,1,61.84,0.0,2025-08-02 09:54:00
5136,2908,57,1,74.83,0.0,2024-03-12 22:36:00
5137,2909,119,1,272.68,0.0,2025-04-22 15:51:00
5138,2910,43,3,155.5,0.0,2024-09-24 14:14:00
5139,2910,119,3,272.68,5.0,2024-09-24 14:14:00
5140,2910,43,2,155.5,0.0,2024-09-24 14:14:00
5141,2911,72,2,195.51,0.0,2024-11-19 09:33:00
5142,2911,70,1,238.41,0.0,2024-11-19 09:33:00
5143,2911,110,1,65.55,0.0,2024-11-19 09:33:00
5144,2911,24,1,223.66,0.0,2024-11-19 09:33:00
5145,2912,76,2,230.83,0.0,2025-03-26 06:05:00
5146,2912,40,1,202.91,0.0,2025-03-26 06:05:00
5147,2913,108,1,100.18,10.0,2024-11-27 12:46:00
5148,2914,113,1,82.59,0.0,2024-10-06 15:54:00
5149,2914,2,2,133.7,5.0,2024-10-06 15:54:00
5150,2915,48,1,281.38,0.0,2025-03-01 13:00:00
5151,2916,33,1,225.03,0.0,2024-11-26 00:17:00
5152,2917,4,1,79.84,0.0,2024-09-28 20:47:00
5153,2918,117,1,10.5,0.0,2024-06-12 14:50:00
5154,2919,45,2,147.92,0.0,2024-01-28 21:35:00
5155,2920,97,1,70.02,0.0,2024-03-14 06:20:00
5156,2921,56,2,233.79,5.0,2025-05-27 08:44:00
5157,2922,83,2,223.84,0.0,2025-07-28 16:16:00
5158,2923,22,1,228.27,10.0,2024-06-27 00:50:00
5159,2923,117,3,10.5,0.0,2024-06-27 00:50:00
5160,2924,67,1,237.12,0.0,2025-03-19 06:58:00
5161,2924,63,2,169.24,0.0,2025-03-19 06:58:00
5162,2925,73,1,314.18,0.0,2024-09-25 01:14:00
5163,2925,14,2,83.96,0.0,2024-09-25 01:14:00
5164,2926,28,1,166.37,10.0,2024-02-26 16:57:00
5165,2926,43,1,155.5,10.0,2024-02-26 16:57:00
5166,2927,76,2,230.83,0.0,2025-06-20 10:26:00
5167,2928,60,1,252.79,0.0,2024-05-02 15:12:00
5168,2928,61,1,235.72,0.0,2024-05-02 15:12:00
5169,2929,49,1,110.02,0.0,2024-02-17 18:12:00
5170,2929,6,2,94.63,0.0,2024-02-17 18:12:00
5171,2930,99,1,396.99,0.0,2024-06-28 21:13:00
5172,2930,31,1,116.15,5.0,2024-06-28 21:13:00
5173,2931,90,1,224.17,0.0,2025-06-06 23:27:00
5174,2931,28,1,166.37,0.0,2025-06-06 23:27:00
5175,2932,78,3,135.97,0.0,2025-02-26 16:32:00
5176,2932,66,3,45.84,10.0,2025-02-26 16:32:00
5177,2932,62,2,38.36,0.0,2025-02-26 16:32:00
5178,2932,103,1,129.79,0.0,2025-02-26 16:32:00
5179,2933,113,1,82.59,0.0,2024-08-09 17:01:00
5180,2934,13,3,274.59,5.0,2024-11-01 19:24:00
5181,2935,93,2,130.27,0.0,2024-04-05 17:03:00
5182,2936,7,1,269.58,0.0,2024-05-28 01:22:00
5183,2937,38,1,290.33,0.0,2025-08-13 04:38:00
5184,2938,108,3,100.18,5.0,2025-05-05 16:29:00
5185,2938,18,1,186.27,0.0,2025-05-05 16:29:00
5186,2939,33,1,225.03,0.0,2025-04-01 16:31:00
5187,2940,36,1,70.95,15.0,2025-04-21 07:56:00
5188,2941,119,2,272.68,0.0,2025-04-27 03:51:00
5189,2941,68,2,370.42,0.0,2025-04-27 03:51:00
5190,2942,47,1,384.95,0.0,2024-12-25 14:15:00
5191,2943,90,1,224.17,0.0,2024-11-28 07:00:00
5192,2943,17,2,283.54,5.0,2024-11-28 07:00:00
5193,2944,17,1,283.54,0.0,2024-12-03 08:58:00
5194,2944,27,3,177.5,0.0,2024-12-03 08:58:00
5195,2945,92,1,324.26,10.0,2025-03-08 15:37:00
5196,2946,17,1,283.54,5.0,2024-12-18 10:15:00
5197,2947,46,2,51.61,0.0,2025-01-06 04:55:00
5198,2948,113,1,82.59,0.0,2025-04-27 09:48:00
5199,2949,25,1,225.89,10.0,2024-04-06 23:26:00
5200,2950,17,1,283.54,0.0,2025-02-22 09:41:00
5201,2950,54,1,185.03,0.0,2025-02-22 09:41:00
5202,2951,33,1,225.03,0.0,2024-09-24 08:15:00
5203,2952,106,1,299.98,5.0,2024-06-08 08:44:00
5204,2953,77,1,192.03,0.0,2025-07-17 21:24:00
5205,2953,107,1,108.67,0.0,2025-07-17 21:24:00
5206,2954,51,3,288.17,0.0,2024-06-12 10:35:00
5207,2955,69,1,234.52,0.0,2024-01-02 06:07:00
5208,2956,88,1,366.82,0.0,2024-11-05 10:12:00
5209,2956,21,3,269.02,0.0,2024-11-05 10:12:00
5210,2957,88,2,366.82,0.0,2024-06-05 13:40:00
5211,2958,96,1,374.74,15.0,2025-05-27 21:29:00
5212,2958,39,1,187.44,0.0,2025-05-27 21:29:00
5213,2959,111,3,75.81,5.0,2025-04-29 19:18:00
5214,2959,75,2,198.83,0.0,2025-04-29 19:18:00
5215,2960,16,3,267.62,0.0,2024-04-30 17:50:00
5216,2960,4,1,79.84,0.0,2024-04-30 17:50:00
5217,2961,95,1,208.45,0.0,2025-04-03 14:52:00
5218,2961,36,1,70.95,0.0,2025-04-03 14:52:00
5219,2961,50,1,312.61,0.0,2025-04-03 14:52:00
5220,2962,11,2,322.88,15.0,2024-01-24 21:29:00
5221,2963,16,1,267.62,0.0,2025-04-02 11:18:00
5222,2964,8,1,333.91,10.0,2024-01-11 20:35:00
5223,2965,48,3,281.38,0.0,2025-06-07 00:59:00
5224,2965,54,2,185.03,0.0,2025-06-07 00:59:00
5225,2966,59,3,289.19,0.0,2024-01-27 20:05:00
5226,2966,113,2,82.59,0.0,2024-01-27 20:05:00
5227,2966,50,1,312.61,0.0,2024-01-27 20:05:00
5228,2967,20,1,50.24,0.0,2025-08-05 02:02:00
5229,2968,51,1,288.17,0.0,2025-01-30 00:58:00
5230,2968,8,1,333.91,5.0,2025-01-30 00:58:00
5231,2969,98,2,176.86,0.0,2024-03-18 06:27:00
5232,2970,5,1,56.32,15.0,2024-01-18 17:42:00
5233,2971,26,1,17.17,0.0,2025-02-04 08:47:00
5234,2972,25,2,225.89,0.0,2024-06-30 06:42:00
5235,2972,73,1,314.18,0.0,2024-06-30 06:42:00
5236,2973,83,1,223.84,0.0,2024-02-17 12:27:00
5237,2974,25,1,225.89,10.0,2025-07-09 16:08:00
5238,2975,18,1,186.27,5.0,2025-04-23 15:27:00
5239,2976,12,1,118.89,0.0,2024-12-22 18:57:00
5240,2976,19,1,229.65,0.0,2024-12-22 18:57:00
5241,2976,101,1,356.86,5.0,2024-12-22 18:57:00
5242,2977,107,2,108.67,0.0,2024-08-06 08:42:00
5243,2978,72,1,195.51,0.0,2025-01-15 09:39:00
5244,2978,35,1,165.52,0.0,2025-01-15 09:39:00
5245,2978,13,1,274.59,0.0,2025-01-15 09:39:00
5246,2979,82,2,60.4,0.0,2024-08-03 04:22:00
5247,2979,6,1,94.63,0.0,2024-08-03 04:22:00
5248,2979,64,3,200.13,10.0,2024-08-03 04:22:00
5249,2980,88,1,366.82,0.0,2025-01-12 00:30:00
5250,2980,95,1,208.45,10.0,2025-01-12 00:30:00
5251,2981,82,1,60.4,0.0,2025-07-29 23:09:00
5252,2982,106,2,299.98,0.0,2024-03-27 10:52:00
5253,2983,74,1,197.23,0.0,2025-04-22 23:43:00
5254,2983,34,1,267.4,0.0,2025-04-22 23:43:00
5255,2984,104,1,266.36,5.0,2025-06-23 19:55:00
5256,2984,18,2,186.27,0.0,2025-06-23 19:55:00
5257,2985,37,3,13.97,10.0,2024-12-14 15:40:00
5258,2985,24,2,223.66,0.0,2024-12-14 15:40:00
5259,2985,86,1,292.16,0.0,2024-12-14 15:40:00
5260,2985,69,1,234.52,0.0,2024-12-14 15:40:00
5261,2986,26,3,17.17,0.0,2024-08-28 22:34:00
5262,2987,89,1,95.93,0.0,2024-02-18 04:17:00
5263,2988,107,1,108.67,0.0,2024-04-22 05:00:00
5264,2989,64,1,200.13,0.0,2025-04-29 07:04:00
5265,2989,48,3,281.38,0.0,2025-04-29 07:04:00
5266,2990,111,1,75.81,0.0,2024-12-05 19:10:00
5267,2991,118,1,57.07,0.0,2024-02-01 07:08:00
5268,2991,87,1,308.62,0.0,2024-02-01 07:08:00
5269,2992,59,1,289.19,0.0,2024-05-10 01:12:00
5270,2993,93,2,130.27,0.0,2025-08-16 04:43:00
5271,2993,35,2,165.52,0.0,2025-08-16 04:43:00
5272,2994,118,1,57.07,0.0,2024-08-09 05:30:00
5273,2994,26,1,17.17,0.0,2024-08-09 05:30:00
5274,2994,31,1,116.15,0.0,2024-08-09 05:30:00
5275,2995,110,1,65.55,0.0,2024-03-23 06:44:00
5276,2995,50,3,312.61,0.0,2024-03-23 06:44:00
5277,2996,65,1,135.3,0.0,2025-07-22 21:17:00
5278,2996,104,1,266.36,0.0,2025-07-22 21:17:00
5279,2997,36,1,70.95,0.0,2025-08-14 15:41:00
5280,2998,37,1,13.97,0.0,2025-01-09 00:03:00
5281,2999,117,1,10.5,0.0,2025-05-11 16:22:00
5282,2999,43,3,155.5,0.0,2025-05-11 16:22:00
5283,3000,118,3,57.07,15.0,2024-08-07 10:06:00
5284,3000,66,1,45.84,0.0,2024-08-07 10:06:00
5285,3000,44,1,253.96,0.0,2024-08-07 10:06:00