id,customer_id,status,shipping_cost,created_at
1,343,completed,14.99,2025-06-16 13:26:00
2,327,completed,4.99,2024-03-29 12:18:00
3,27,completed,14.99,2024-11-23 16:15:00
4,212,processing,4.99,2025-01-31 03:08:00
5,368,returned,0.0,2025-02-25 09:54:00
6,52,completed,0.0,2024-10-16 23:08:00
7,3,completed,4.99,2024-02-26 07:36:00
8,209,returned,4.99,2024-09-18 09:38:00
9,245,completed,4.99,2024-04-03 09:50:00
10,388,shipped,0.0,2024-05-12 14:19:00
11,165,shipped,0.0,2024-07-01 10:28:00
12,331,completed,4.99,2024-10-16 02:34:00
13,465,completed,4.99,2024-12-25 16:32:00
14,334,completed,9.99,2025-01-30 14:18:00
15,274,completed,4.99,2024-07-28 13:11:00
16,468,completed,4.99,2024-09-20 12:21:00
17,214,completed,14.99,2025-05-08 17:33:00
18,479,completed,4.99,2025-06-24 20:30:00
19,429,cancelled,9.99,2024-06-12 19:14:00
20,404,returned,0.0,2024-07-10 09:29:00
21,96,shipped,0.0,2024-02-04 01:52:00
22,449,completed,4.99,2025-05-28 01:16:00
23,5,shipped,9.99,2024-10-24 04:43:00
24,291,completed,9.99,2024-07-10 21:00:00
25,476,processing,0.0,2025-03-06 20:24:00
26,146,returned,0.0,2024-08-15 05:36:00
27,329,returned,14.99,2024-11-06 08:30:00
28,456,completed,4.99,2025-08-07 10:46:00
29,436,returned,4.99,2025-04-15 16:08:00
30,140,completed,0.0,2025-03-06 22:38:00
31,415,completed,0.0,2025-02-15 05:45:00
32,170,completed,9.99,2024-11-16 17:09:00
33,375,returned,9.99,2025-07-15 23:57:00
34,332,shipped,0.0,2024-12-05 19:59:00
35,368,completed,0.0,2024-11-02 10:50:00
36,8,processing,4.99,2024-08-27 20:45:00
37,405,shipped,0.0,2024-10-19 11:55:00
38,291,completed,0.0,2024-04-01 05:54:00
39,90,cancelled,4.99,2025-01-20 05:11:00
40,424,cancelled,4.99,2024-06-27 23:35:00
41,264,processing,9.99,2024-01-09 02:16:00
42,45,cancelled,4.99,2024-05-28 20:38:00
43,343,completed,0.0,2024-09-05 16:47:00
44,95,completed,4.99,2025-04-10 17:21:00
45,245,processing,4.99,2025-06-21 08:55:00
46,480,completed,9.99,2025-05-30 12:46:00
47,4,shipped,4.99,2024-08-13 12:25:00
48,197,completed,4.99,2025-07-08 02:51:00
49,229,shipped,0.0,2024-12-21 11:50:00
50,489,processing,14.99,2024-11-20 00:23:00
51,155,completed,4.99,2025-01-18 15:23:00
52,134,processing,0.0,2024-04-18 07:11:00
53,355,completed,4.99,2025-01-05 22:41:00
54,32,completed,0.0,2024-09-30 03:35:00
55,239,shipped,4.99,2024-09-10 06:10:00
56,82,cancelled,4.99,2025-03-04 17:58:00
57,352,shipped,14.99,2025-06-20 11:59:00
58,354,completed,14.99,2025-04-09 12:43:00
59,328,shipped,0.0,2025-01-15 18:27:00
60,189,completed,4.99,2025-06-12 12:43:00
61,113,completed,14.99,2025-01-31 13:57:00
62,245,completed,0.0,2025-02-03 02:59:00
63,233,processing,4.99,2025-05-16 17:58:00
64,213,returned,0.0,2025-04-02 00:07:00
65,388,completed,14.99,2024-11-05 18:57:00
66,391,completed,14.99,2024-10-25 20:27:00
67,349,completed,0.0,2024-05-27 09:04:00
68,270,returned,9.99,2025-04-29 05:33:00
69,271,processing,0.0,2024-06-11 22:26:00
70,40,completed,0.0,2025-05-16 01:22:00
71,32,completed,9.99,2024-08-13 02:55:00
72,294,completed,9.99,2025-02-15 15:46:00
73,85,processing,0.0,2025-03-27 17:23:00
74,438,returned,4.99,2025-05-03 21:14:00
75,60,completed,4.99,2024-05-22 20:26:00
76,368,returned,0.0,2024-01-03 06:40:00
77,47,returned,4.99,2025-04-08 09:41:00
78,415,completed,9.99,2025-06-30 06:14:00
79,233,completed,0.0,2024-11-15 08:46:00
80,263,cancelled,4.99,2025-06-04 17:35:00
81,234,completed,0.0,2024-03-10 06:32:00
82,287,returned,4.99,2025-06-24 16:05:00
83,345,shipped,14.99,2024-10-01 17:25:00
84,371,completed,4.99,2025-05-07 15:17:00
85,203,shipped,14.99,2024-11-21 03:07:00
86,419,completed,4.99,2024-12-16 20:42:00
87,382,completed,4.99,2024-02-06 09:29:00
88,297,completed,4.99,2025-07-12 08:08:00
89,24,cancelled,0.0,2024-02-20 01:21:00
90,177,completed,4.99,2024-05-03 07:27:00
91,278,completed,14.99,2025-06-21 08:26:00
92,479,completed,4.99,2024-09-13 23:45:00
93,479,returned,0.0,2025-08-21 06:20:00
94,17,shipped,14.99,2025-07-01 13:19:00
95,210,completed,4.99,2024-07-05 12:59:00
96,394,completed,0.0,2025-03-28 14:39:00
97,393,cancelled,0.0,2025-06-05 05:17:00
98,192,cancelled,0.0,2024-07-15 08:52:00
99,230,cancelled,9.99,2024-02-06 13:15:00
100,193,completed,4.99,2025-04-28 15:26:00
101,350,completed,9.99,2025-08-02 23:35:00
102,335,processing,9.99,2025-02-15 16:54:00
103,61,completed,0.0,2024-10-13 04:10:00
104,276,cancelled,14.99,2024-12-08 10:39:00
105,271,completed,0.0,2025-04-20 12:56:00
106,373,completed,0.0,2024-09-21 22:57:00
107,428,completed,0.0,2024-06-28 00:03:00
108,388,completed,4.99,2024-05-30 23:27:00
109,153,returned,0.0,2025-04-26 07:02:00
110,345,cancelled,0.0,2024-02-01 15:23:00
111,273,cancelled,4.99,2025-07-01 16:26:00
112,422,completed,4.99,2024-05-06 11:23:00
113,127,returned,9.99,2024-04-02 00:17:00
114,178,completed,4.99,2024-03-09 03:00:00
115,142,completed,4.99,2024-06-16 11:01:00
116,480,completed,9.99,2024-07-22 13:46:00
117,17,cancelled,0.0,2024-11-19 06:13:00
118,315,completed,4.99,2024-07-15 21:28:00
119,124,completed,14.99,2024-07-22 05:44:00
120,35,completed,4.99,2024-07-20 11:02:00
121,305,completed,0.0,2025-06-11 17:11:00
122,229,completed,14.99,2024-04-01 07:08:00
123,126,completed,0.0,2024-02-24 00:55:00
124,206,returned,4.99,2024-04-24 03:06:00
125,120,completed,4.99,2024-10-17 05:05:00
126,387,completed,0.0,2024-12-13 16:50:00
127,72,shipped,0.0,2024-06-20 20:31:00
128,120,processing,9.99,2025-01-12 21:46:00
129,296,processing,4.99,2024-06-26 06:14:00
130,122,shipped,14.99,2025-07-14 23:36:00
131,449,completed,4.99,2024-02-18 08:44:00
132,339,completed,4.99,2025-05-11 13:47:00
133,212,shipped,4.99,2024-06-29 05:30:00
134,141,completed,0.0,2024-09-09 19:04:00
135,286,completed,0.0,2025-03-24 08:23:00
136,321,cancelled,9.99,2024-01-12 15:43:00
137,285,returned,9.99,2024-07-02 17:49:00
138,25,processing,0.0,2024-07-12 03:35:00
139,483,cancelled,0.0,2025-04-18 03:40:00
140,403,processing,14.99,2025-02-26 19:30:00
141,357,cancelled,14.99,2024-06-10 00:55:00
142,210,completed,0.0,2024-01-11 13:35:00
143,154,cancelled,4.99,2024-12-15 21:05:00
144,95,returned,0.0,2025-06-21 03:37:00
145,124,completed,0.0,2025-03-16 01:26:00
146,154,completed,9.99,2024-12-28 08:39:00
147,413,returned,0.0,2024-04-25 00:03:00
148,469,completed,0.0,2024-12-29 20:52:00
149,288,cancelled,4.99,2025-01-13 14:11:00
150,496,cancelled,9.99,2024-12-03 18:40:00
151,286,completed,14.99,2025-04-10 13:16:00
152,199,completed,4.99,2025-04-07 03:25:00
153,131,completed,4.99,2025-07-28 00:02:00
154,170,completed,0.0,2025-04-30 10:24:00
155,473,returned,4.99,2025-04-16 21:39:00
156,434,processing,14.99,2024-08-28 11:08:00
157,48,completed,9.99,2024-06-10 04:40:00
158,27,shipped,0.0,2024-05-01 23:54:00
159,194,completed,9.99,2024-07-28 11:52:00
160,448,completed,4.99,2025-03-23 15:22:00
161,97,completed,9.99,2024-02-24 17:39:00
162,246,completed,0.0,2025-03-21 22:34:00
163,446,processing,9.99,2025-04-19 21:41:00
164,156,completed,0.0,2025-06-11 12:05:00
165,109,completed,14.99,2024-09-19 17:27:00
166,493,completed,9.99,2024-01-15 23:22:00
167,383,returned,4.99,2025-07-22 21:37:00
168,469,completed,4.99,2024-08-28 08:36:00
169,357,completed,14.99,2024-08-22 09:00:00
170,204,completed,0.0,2025-01-02 12:28:00
171,283,processing,0.0,2024-07-25 09:21:00
172,398,shipped,4.99,2024-08-28 07:09:00
173,195,returned,0.0,2024-01-29 08:01:00
174,274,processing,9.99,2025-08-05 04:05:00
175,158,shipped,0.0,2024-12-22 21:20:00
176,185,returned,4.99,2024-06-18 23:11:00
177,239,completed,0.0,2024-02-04 11:27:00
178,412,returned,14.99,2024-06-07 00:28:00
179,390,processing,0.0,2024-05-29 15:40:00
180,469,completed,0.0,2024-10-29 05:15:00
181,190,processing,14.99,2024-07-09 18:18:00
182,212,completed,14.99,2025-06-18 02:59:00
183,289,completed,0.0,2024-08-04 22:35:00
184,380,completed,4.99,2024-02-13 22:18:00
185,9,shipped,4.99,2024-09-16 02:48:00
186,284,cancelled,0.0,2025-05-30 09:32:00
187,152,completed,9.99,2024-02-19 06:27:00
188,101,processing,9.99,2024-04-07 08:35:00
189,118,cancelled,4.99,2025-03-27 07:50:00
190,292,completed,9.99,2024-08-14 02:45:00
191,256,processing,0.0,2024-01-27 04:36:00
192,132,returned,0.0,2025-07-28 05:53:00
193,495,returned,0.0,2024-08-22 06:10:00
194,236,completed,4.99,2025-05-31 15:24:00
195,376,processing,9.99,2024-04-22 05:52:00
196,87,completed,4.99,2025-03-09 13:52:00
197,369,returned,0.0,2024-11-22 12:43:00
198,95,completed,14.99,2024-05-31 07:09:00
199,269,completed,4.99,2024-02-15 21:00:00
200,430,completed,4.99,2025-04-19 06:29:00
201,484,completed,0.0,2024-08-27 12:49:00
202,392,completed,14.99,2024-09-22 08:07:00
203,212,completed,0.0,2024-02-24 11:50:00
204,432,completed,0.0,2025-08-04 08:33:00
205,35,completed,0.0,2024-04-10 06:52:00
206,5,completed,4.99,2024-01-19 03:55:00
207,259,returned,4.99,2025-07-12 14:04:00
208,192,completed,0.0,2024-10-10 12:31:00
209,317,returned,9.99,2025-05-27 23:08:00
210,338,returned,0.0,2025-05-14 08:28:00
211,9,completed,0.0,2025-05-20 22:40:00
212,273,cancelled,9.99,2024-07-27 22:20:00
213,7,completed,9.99,2025-02-05 14:03:00
214,272,shipped,14.99,2025-04-03 19:12:00
215,275,shipped,0.0,2024-11-19 10:17:00
216,9,cancelled,0.0,2025-01-24 13:59:00
217,413,completed,0.0,2025-06-19 01:23:00
218,55,completed,4.99,2024-10-06 10:09:00
219,269,completed,4.99,2024-10-30 09:09:00
220,124,completed,4.99,2025-07-16 09:43:00
221,318,shipped,4.99,2024-07-03 15:39:00
222,418,processing,4.99,2024-12-31 14:57:00
223,137,cancelled,9.99,2024-12-05 04:05:00
224,41,processing,4.99,2025-02-17 14:02:00
225,492,cancelled,14.99,2024-06-25 21:44:00
226,236,completed,4.99,2025-04-02 10:31:00
227,357,completed,4.99,2024-04-15 07:21:00
228,154,completed,4.99,2025-07-31 17:44:00
229,335,completed,4.99,2025-06-29 13:08:00
230,48,cancelled,4.99,2025-03-15 17:54:00
231,195,cancelled,4.99,2024-04-25 15:24:00
232,283,returned,0.0,2024-07-27 11:26:00
233,29,completed,4.99,2025-05-19 02:19:00
234,360,completed,0.0,2025-02-11 17:39:00
235,43,returned,9.99,2025-06-25 07:48:00
236,433,cancelled,0.0,2024-04-30 22:51:00
237,331,processing,0.0,2025-07-11 16:10:00
238,290,completed,0.0,2024-03-19 18:08:00
239,459,completed,0.0,2024-06-20 16:54:00
240,118,completed,9.99,2025-07-09 23:32:00
241,462,returned,0.0,2025-04-14 22:34:00
242,139,completed,4.99,2025-01-07 07:37:00
243,474,completed,4.99,2025-03-13 23:31:00
244,351,shipped,4.99,2024-08-31 13:01:00
245,461,completed,4.99,2025-03-03 21:57:00
246,92,processing,9.99,2025-01-07 04:56:00
247,9,completed,4.99,2024-07-19 07:51:00
248,301,completed,4.99,2024-11-28 10:37:00
249,386,cancelled,14.99,2025-05-08 05:24:00
250,476,completed,14.99,2025-07-10 07:50:00
251,154,completed,9.99,2024-01-13 17:59:00
252,289,completed,4.99,2025-04-11 02:28:00
253,291,cancelled,0.0,2025-03-02 05:36:00
254,347,processing,4.99,2025-01-28 07:15:00
255,197,completed,9.99,2024-08-09 09:17:00
256,405,completed,0.0,2024-05-13 06:51:00
257,257,processing,9.99,2024-08-11 00:02:00
258,28,completed,0.0,2024-07-24 03:50:00
259,224,completed,4.99,2025-03-02 18:36:00
260,430,completed,0.0,2024-03-11 10:59:00
261,175,cancelled,4.99,2025-07-30 03:01:00
262,497,processing,14.99,2024-09-14 21:55:00
263,16,shipped,9.99,2025-01-20 01:56:00
264,402,returned,9.99,2024-03-25 05:16:00
265,252,completed,9.99,2024-05-16 15:27:00
266,183,cancelled,4.99,2024-03-09 13:10:00
267,222,completed,4.99,2024-11-04 13:14:00
268,349,cancelled,14.99,2024-11-01 19:39:00
269,44,shipped,0.0,2024-01-15 23:01:00
270,409,completed,14.99,2024-11-11 16:43:00
271,366,completed,4.99,2024-07-14 07:17:00
272,43,shipped,4.99,2024-10-08 05:03:00
273,79,cancelled,9.99,2025-04-10 08:19:00
274,365,completed,4.99,2025-04-25 21:49:00
275,379,cancelled,9.99,2024-08-28 07:14:00
276,163,processing,9.99,2025-04-01 04:29:00
277,55,completed,0.0,2024-06-12 03:34:00
278,3,shipped,4.99,2025-06-20 07:09:00
279,228,processing,0.0,2024-06-20 01:30:00
280,390,shipped,9.99,2024-02-02 02:26:00
281,53,completed,9.99,2024-03-01 00:20:00
282,45,completed,0.0,2025-02-01 08:10:00
283,221,returned,4.99,2024-02-09 20:16:00
284,286,cancelled,0.0,2025-05-17 10:49:00
285,53,completed,0.0,2024-09-15 09:32:00
286,46,processing,4.99,2025-03-26 07:45:00
287,284,completed,4.99,2024-11-24 18:42:00
288,306,processing,0.0,2024-10-10 09:13:00
289,443,cancelled,0.0,2025-01-30 18:57:00
290,7,shipped,0.0,2024-03-13 08:10:00
291,212,cancelled,14.99,2024-01-27 19:03:00
292,399,completed,4.99,2024-08-31 20:08:00
293,372,completed,9.99,2024-04-19 10:55:00
294,293,completed,9.99,2024-08-27 22:58:00
295,351,cancelled,4.99,2024-10-04 04:37:00
296,87,completed,9.99,2024-05-14 22:17:00
297,138,shipped,9.99,2024-01-04 13:44:00
298,138,returned,0.0,2024-12-02 08:42:00
299,75,completed,4.99,2024-11-19 01:55:00
300,86,cancelled,4.99,2025-01-01 14:15:00
301,142,cancelled,4.99,2024-06-06 18:06:00
302,154,returned,0.0,2025-05-19 03:23:00
303,401,completed,4.99,2024-03-21 12:09:00
304,185,shipped,0.0,2024-07-10 15:40:00
305,484,completed,9.99,2024-08-09 00:00:00
306,370,returned,0.0,2024-05-09 18:38:00
307,305,completed,4.99,2025-05-27 21:05:00
308,235,completed,0.0,2024-10-13 20:56:00
309,70,shipped,0.0,2024-07-26 05:28:00
310,4,cancelled,0.0,2024-12-23 07:40:00
311,171,cancelled,4.99,2025-06-28 02:24:00
312,412,processing,0.0,2024-05-06 12:10:00
313,226,processing,4.99,2025-02-01 20:10:00
314,221,completed,4.99,2024-07-14 05:03:00
315,154,processing,0.0,2024-07-27 06:55:00
316,309,completed,14.99,2025-01-07 19:53:00
317,246,processing,0.0,2025-03-02 02:45:00
318,91,cancelled,0.0,2024-03-06 11:37:00
319,496,processing,9.99,2024-05-01 20:57:00
320,150,returned,14.99,2025-04-05 16:31:00
321,496,completed,4.99,2024-09-26 01:12:00
322,167,cancelled,4.99,2024-09-01 11:56:00
323,144,cancelled,14.99,2025-07-12 19:55:00
324,187,completed,4.99,2024-04-13 07:29:00
325,478,completed,4.99,2024-06-25 23:57:00
326,304,completed,0.0,2024-08-20 19:35:00
327,350,completed,0.0,2025-02-03 07:13:00
328,488,returned,4.99,2024-04-27 19:51:00
329,483,completed,4.99,2024-12-18 08:40:00
330,225,shipped,14.99,2024-09-06 19:37:00
331,426,completed,4.99,2025-05-04 22:43:00
332,420,cancelled,4.99,2024-08-26 06:27:00
333,345,returned,4.99,2024-08-22 11:17:00
334,72,shipped,4.99,2025-02-05 08:19:00
335,124,shipped,0.0,2024-02-13 09:31:00
336,338,completed,4.99,2024-02-27 12:43:00
337,367,cancelled,9.99,2025-06-10 05:46:00
338,405,cancelled,9.99,2024-12-09 12:15:00
339,38,returned,4.99,2025-08-15 22:10:00
340,307,returned,14.99,2024-12-30 23:03:00
341,299,cancelled,4.99,2025-05-31 09:06:00
342,274,cancelled,0.0,2025-07-17 23:00:00
343,279,completed,0.0,2025-07-24 16:54:00
344,405,processing,9.99,2024-12-09 08:44:00
345,360,completed,0.0,2024-05-26 11:12:00
346,56,completed,4.99,2024-10-11 13:47:00
347,337,processing,4.99,2025-06-21 21:59:00
348,86,completed,0.0,2024-08-15 01:16:00
349,289,cancelled,4.99,2024-09-22 18:08:00
350,496,processing,14.99,2024-10-29 05:57:00
351,495,cancelled,4.99,2025-04-28 20:51:00
352,55,completed,4.99,2024-04-24 23:52:00
353,51,shipped,4.99,2024-03-12 02:23:00
354,114,completed,14.99,2025-05-09 05:33:00
355,229,processing,4.99,2025-03-20 14:54:00
356,201,returned,0.0,2024-09-16 03:25:00
357,396,completed,0.0,2025-06-21 19:13:00
358,177,completed,9.99,2025-05-26 16:18:00
359,248,completed,4.99,2024-02-10 00:56:00
360,152,cancelled,0.0,2024-11-13 10:41:00
361,472,completed,4.99,2025-01-17 16:06:00
362,60,completed,4.99,2024-08-17 03:02:00
363,179,shipped,0.0,2025-08-09 12:55:00
364,176,returned,4.99,2024-05-10 13:11:00
365,402,completed,4.99,2024-04-23 02:30:00
366,267,returned,14.99,2025-07-31 05:48:00
367,179,returned,9.99,2024-05-29 01:34:00
368,50,returned,4.99,2025-02-01 21:38:00
369,370,returned,4.99,2024-03-22 10:21:00
370,164,completed,14.99,2024-01-22 08:59:00
371,154,completed,4.99,2025-02-07 00:12:00
372,415,completed,0.0,2025-03-06 12:54:00
373,12,processing,0.0,2024-07-08 22:45:00
374,332,completed,9.99,2025-05-25 06:03:00
375,347,completed,14.99,2025-07-25 03:43:00
376,477,completed,4.99,2024-11-22 20:34:00
377,265,completed,14.99,2025-04-28 10:59:00
378,283,completed,0.0,2024-02-08 06:18:00
379,170,cancelled,0.0,2024-11-09 06:11:00
380,491,returned,9.99,2025-08-11 16:52:00
381,119,cancelled,9.99,2024-11-25 19:07:00
382,323,completed,0.0,2025-08-18 08:56:00
383,96,cancelled,4.99,2025-07-16 19:18:00
384,203,completed,14.99,2024-11-28 23:53:00
385,378,completed,4.99,2024-09-24 16:45:00
386,231,cancelled,4.99,2024-10-21 20:23:00
387,200,completed,0.0,2024-04-28 09:06:00
388,361,completed,4.99,2024-02-24 13:46:00
389,106,shipped,0.0,2024-04-28 22:50:00
390,386,completed,0.0,2025-01-08 07:09:00
391,296,completed,4.99,2024-06-21 23:49:00
392,410,completed,14.99,2024-05-13 15:56:00
393,188,processing,0.0,2024-01-25 05:33:00
394,101,returned,0.0,2024-01-30 22:03:00
395,59,shipped,4.99,2024-03-31 13:21:00
396,344,returned,0.0,2025-07-10 15:37:00
397,271,processing,9.99,2024-11-05 19:51:00
398,306,cancelled,4.99,2025-01-11 14:56:00
399,313,cancelled,4.99,2024-03-09 02:28:00
400,301,completed,4.99,2024-05-17 14:56:00
401,179,processing,0.0,2024-07-17 18:07:00
402,433,returned,4.99,2024-11-25 14:19:00
403,317,completed,0.0,2024-04-16 16:09:00
404,417,shipped,0.0,2024-09-22 18:43:00
405,471,completed,0.0,2025-03-12 22:45:00
406,345,completed,4.99,2024-04-24 14:29:00
407,161,completed,14.99,2024-01-20 12:56:00
408,123,shipped,4.99,2024-09-23 02:29:00
409,60,completed,4.99,2025-07-16 10:58:00
410,192,completed,4.99,2024-02-10 05:13:00
411,262,cancelled,4.99,2025-01-07 01:35:00
412,215,completed,4.99,2025-08-21 11:53:00
413,295,cancelled,4.99,2025-03-13 01:48:00
414,217,completed,4.99,2025-05-16 17:46:00
415,250,completed,4.99,2024-10-05 15:11:00
416,285,completed,4.99,2025-06-06 07:20:00
417,251,shipped,4.99,2025-04-19 16:55:00
418,72,completed,9.99,2025-08-08 14:25:00
419,162,returned,4.99,2024-08-13 12:02:00
420,318,completed,9.99,2025-03-25 12:12:00
421,444,processing,4.99,2024-08-01 03:23:00
422,488,completed,9.99,2024-05-01 02:44:00
423,249,completed,14.99,2025-03-22 06:33:00
424,100,cancelled,0.0,2024-03-08 19:09:00
425,494,returned,9.99,2024-08-29 06:19:00
426,210,returned,9.99,2024-11-18 17:45:00
427,213,returned,4.99,2025-05-25 04:45:00
428,251,completed,0.0,2024-08-06 19:08:00
429,43,completed,4.99,2024-05-31 07:22:00
430,408,completed,0.0,2024-03-18 19:42:00
431,150,completed,9.99,2024-09-14 11:14:00
432,141,completed,4.99,2025-04-22 02:48:00
433,276,shipped,4.99,2024-09-25 19:16:00
434,87,returned,4.99,2024-05-26 04:10:00
435,290,returned,9.99,2024-07-28 09:43:00
436,282,completed,0.0,2024-05-26 04:18:00
437,294,completed,4.99,2024-08-10 03:00:00
438,138,processing,0.0,2024-09-24 20:22:00
439,278,completed,4.99,2024-11-24 18:03:00
440,390,returned,9.99,2025-07-21 15:38:00
441,280,completed,9.99,2025-01-15 23:28:00
442,218,completed,9.99,2025-01-09 19:54:00
443,377,completed,0.0,2024-08-06 11:45:00
444,153,completed,4.99,2024-02-19 13:28:00
445,231,shipped,4.99,2024-10-27 09:27:00
446,179,completed,0.0,2024-12-12 15:50:00
447,225,completed,9.99,2025-03-10 05:11:00
448,398,completed,9.99,2025-04-28 18:59:00
449,108,processing,4.99,2024-03-13 21:09:00
450,441,cancelled,4.99,2024-07-10 17:16:00
451,85,completed,4.99,2025-01-18 22:25:00
452,402,completed,0.0,2024-07-29 14:17:00
453,417,completed,14.99,2024-05-16 04:44:00
454,413,completed,9.99,2024-02-05 18:24:00
455,292,processing,0.0,2024-01-02 16:40:00
456,273,shipped,0.0,2024-04-27 05:48:00
457,306,completed,4.99,2025-07-16 21:46:00
458,166,shipped,0.0,2024-03-26 23:48:00
459,149,shipped,0.0,2025-08-08 06:20:00
460,488,completed,4.99,2025-08-11 00:25:00
461,70,cancelled,9.99,2025-03-02 06:46:00
462,471,completed,9.99,2025-04-18 13:22:00
463,142,completed,4.99,2025-05-28 05:40:00
464,360,completed,0.0,2024-01-03 08:59:00
465,128,completed,9.99,2024-05-07 04:53:00
466,365,processing,4.99,2024-11-12 18:05:00
467,425,completed,0.0,2024-07-25 17:09:00
468,390,cancelled,4.99,2024-08-14 04:11:00
469,251,completed,4.99,2024-09-22 11:44:00
470,296,shipped,14.99,2025-06-09 17:41:00
471,322,cancelled,14.99,2024-04-10 09:39:00
472,193,returned,9.99,2024-09-03 01:14:00
473,39,completed,4.99,2024-02-23 18:58:00
474,207,shipped,0.0,2024-02-29 03:12:00
475,356,processing,9.99,2024-09-03 11:14:00
476,233,returned,9.99,2024-06-25 05:54:00
477,168,completed,0.0,2025-01-23 06:36:00
478,445,completed,14.99,2024-06-16 06:08:00
479,375,returned,9.99,2024-11-09 09:55:00
480,326,processing,0.0,2024-05-17 15:23:00
481,436,completed,9.99,2024-02-21 03:47:00
482,408,cancelled,14.99,2025-01-24 03:12:00
483,112,cancelled,0.0,2025-01-09 20:14:00
484,423,completed,9.99,2025-06-01 12:03:00
485,254,shipped,9.99,2024-11-26 07:05:00
486,166,shipped,9.99,2025-01-12 14:07:00
487,173,completed,4.99,2024-04-07 22:06:00
488,290,returned,4.99,2025-03-20 01:52:00
489,404,processing,9.99,2025-08-23 17:02:00
490,458,completed,0.0,2025-05-15 14:17:00
491,24,completed,4.99,2025-08-24 05:18:00
492,321,returned,4.99,2024-11-02 12:34:00
493,9,completed,0.0,2025-05-22 18:57:00
494,476,completed,4.99,2025-07-11 18:44:00
495,226,returned,9.99,2024-06-03 12:47:00
496,1,cancelled,9.99,2024-04-25 10:57:00
497,104,completed,4.99,2025-05-11 22:09:00
498,452,shipped,4.99,2025-08-23 08:38:00
499,82,shipped,4.99,2024-02-13 23:13:00
500,48,processing,0.0,2024-02-27 14:52:00
501,129,completed,14.99,2024-11-11 18:36:00
502,191,completed,4.99,2024-08-21 11:53:00
503,27,cancelled,4.99,2024-06-01 18:12:00
504,321,shipped,9.99,2024-07-24 07:39:00
505,372,completed,9.99,2025-08-01 00:27:00
506,220,completed,4.99,2024-05-14 07:33:00
507,361,completed,9.99,2024-10-16 01:27:00
508,1,completed,4.99,2024-07-31 18:01:00
509,245,completed,9.99,2024-09-10 22:52:00
510,68,completed,9.99,2024-02-01 12:15:00
511,266,returned,0.0,2024-05-16 17:44:00
512,5,completed,9.99,2025-06-24 13:31:00
513,357,processing,0.0,2025-05-02 05:47:00
514,419,completed,9.99,2024-05-20 08:57:00
515,441,cancelled,4.99,2024-03-06 15:22:00
516,356,completed,4.99,2025-03-29 02:28:00
517,245,completed,9.99,2024-02-07 15:18:00
518,118,cancelled,4.99,2024-05-02 20:48:00
519,46,completed,14.99,2025-08-15 13:07:00
520,53,processing,14.99,2024-03-27 04:54:00
521,189,shipped,0.0,2025-05-18 07:49:00
522,71,cancelled,0.0,2024-04-13 03:05:00
523,397,completed,0.0,2024-08-20 01:03:00
524,329,completed,9.99,2025-08-26 00:07:00
525,36,completed,4.99,2025-03-24 13:05:00
526,313,completed,4.99,2025-04-17 09:52:00
527,226,processing,4.99,2024-09-25 12:56:00
528,370,completed,4.99,2025-03-10 16:20:00
529,322,completed,0.0,2024-02-11 04:25:00
530,471,cancelled,0.0,2025-04-30 10:09:00
531,316,returned,4.99,2025-05-02 20:41:00
532,441,completed,0.0,2024-07-20 15:51:00
533,45,completed,0.0,2025-06-21 18:12:00
534,72,completed,14.99,2024-07-06 10:41:00
535,302,cancelled,0.0,2024-03-09 07:59:00
536,180,cancelled,4.99,2024-12-12 08:33:00
537,162,completed,0.0,2024-09-28 14:09:00
538,127,shipped,4.99,2025-01-15 07:41:00
539,331,completed,4.99,2024-12-07 16:36:00
540,128,shipped,0.0,2024-02-15 01:24:00
541,399,completed,9.99,2025-08-30 05:19:00
542,435,shipped,9.99,2024-09-25 18:14:00
543,106,completed,4.99,2024-10-09 13:02:00
544,383,cancelled,4.99,2025-04-08 12:29:00
545,152,completed,4.99,2025-03-16 22:55:00
546,402,completed,9.99,2024-10-27 15:36:00
547,254,cancelled,4.99,2024-03-14 01:24:00
548,58,completed,4.99,2024-11-10 12:55:00
549,256,completed,4.99,2024-12-06 11:58:00
550,271,completed,0.0,2025-08-09 14:10:00
551,185,processing,4.99,2024-03-28 02:35:00
552,68,cancelled,9.99,2024-01-01 08:46:00
553,441,cancelled,0.0,2025-03-08 00:12:00
554,188,completed,0.0,2024-12-13 02:56:00
555,391,returned,4.99,2024-09-02 15:11:00
556,489,completed,9.99,2024-07-18 07:24:00
557,9,completed,4.99,2024-04-03 05:14:00
558,8,shipped,9.99,2025-07-06 03:45:00
559,111,completed,0.0,2024-08-07 23:48:00
560,473,completed,0.0,2024-05-16 08:15:00
561,486,cancelled,14.99,2025-01-24 13:45:00
562,260,shipped,4.99,2025-08-29 02:31:00
563,322,cancelled,0.0,2025-03-16 20:24:00
564,217,cancelled,9.99,2025-07-23 09:31:00
565,43,completed,14.99,2024-05-17 07:56:00
566,143,completed,14.99,2024-09-25 10:59:00
567,159,completed,4.99,2024-12-20 19:57:00
568,262,completed,4.99,2024-06-13 15:32:00
569,499,completed,4.99,2024-04-16 12:34:00
570,275,processing,4.99,2025-01-23 16:44:00
571,201,completed,0.0,2024-09-15 07:31:00
572,159,cancelled,4.99,2024-03-18 12:51:00
573,374,completed,4.99,2024-02-04 05:06:00
574,30,completed,4.99,2025-04-08 04:01:00
575,45,cancelled,0.0,2024-03-09 04:15:00
576,60,returned,0.0,2025-02-04 16:03:00
577,314,completed,9.99,2025-07-17 13:48:00
578,159,completed,4.99,2024-01-14 02:09:00
579,62,completed,0.0,2024-05-19 10:40:00
580,363,completed,9.99,2024-09-27 10:48:00
581,360,completed,14.99,2024-03-17 00:32:00
582,84,returned,0.0,2024-04-18 08:32:00
583,488,processing,9.99,2025-07-01 04:48:00
584,268,shipped,14.99,2025-02-06 04:35:00
585,86,processing,4.99,2025-06-15 11:33:00
586,65,shipped,0.0,2024-07-02 18:21:00
587,376,completed,9.99,2025-03-23 01:06:00
588,395,completed,4.99,2024-08-02 08:01:00
589,172,cancelled,9.99,2024-11-27 15:14:00
590,140,completed,9.99,2025-01-07 12:48:00
591,135,completed,4.99,2024-01-28 02:51:00
592,255,returned,0.0,2024-10-16 16:14:00
593,262,processing,4.99,2025-06-11 05:34:00
594,29,returned,9.99,2024-10-04 01:10:00
595,440,completed,14.99,2024-12-12 22:26:00
596,189,completed,14.99,2024-05-02 12:01:00
597,131,completed,9.99,2024-11-12 22:30:00
598,458,completed,14.99,2024-01-08 17:58:00
599,117,completed,0.0,2024-05-21 23:11:00
600,23,completed,4.99,2024-12-01 01:50:00
601,126,completed,4.99,2025-07-26 14:28:00
602,242,processing,9.99,2024-09-11 12:09:00
603,197,completed,9.99,2025-03-08 01:42:00
604,92,completed,4.99,2025-03-21 12:28:00
605,284,cancelled,9.99,2024-11-28 07:55:00
606,115,processing,0.0,2025-08-14 00:22:00
607,128,cancelled,14.99,2024-08-17 05:43:00
608,469,processing,0.0,2024-10-09 12:44:00
609,139,completed,9.99,2025-07-31 20:39:00
610,293,processing,4.99,2024-08-18 18:14:00
611,62,completed,4.99,2024-10-18 22:07:00
612,92,completed,0.0,2024-06-06 15:59:00
613,412,completed,4.99,2024-10-02 02:40:00
614,489,cancelled,4.99,2025-02-15 07:04:00
615,36,returned,4.99,2025-04-05 18:08:00
616,444,shipped,4.99,2024-06-22 00:50:00
617,397,shipped,14.99,2024-07-12 20:02:00
618,168,completed,0.0,2024-09-29 06:39:00
619,284,returned,0.0,2024-08-03 21:41:00
620,5,processing,4.99,2024-10-25 06:09:00
621,103,shipped,0.0,2024-03-21 01:32:00
622,289,shipped,4.99,2024-06-23 05:26:00
623,379,completed,0.0,2024-11-26 12:16:00
624,238,processing,4.99,2024-06-19 16:36:00
625,303,returned,0.0,2024-07-19 15:45:00
626,396,completed,4.99,2024-03-07 10:14:00
627,376,completed,4.99,2024-07-16 09:45:00
628,78,completed,4.99,2025-05-09 20:31:00
629,478,cancelled,4.99,2024-03-29 00:37:00
630,13,completed,0.0,2024-11-10 20:25:00
631,278,processing,0.0,2024-02-29 18:50:00
632,326,completed,9.99,2025-07-28 23:36:00
633,487,processing,4.99,2025-07-05 06:46:00
634,1,cancelled,14.99,2025-04-25 06:55:00
635,435,shipped,4.99,2025-03-25 01:21:00
636,54,completed,4.99,2024-09-28 12:08:00
637,272,completed,4.99,2024-02-26 23:11:00
638,215,returned,4.99,2024-01-10 02:50:00
639,493,completed,4.99,2024-01-02 11:09:00
640,498,completed,0.0,2025-08-19 00:07:00
641,365,shipped,4.99,2025-03-18 22:59:00
642,48,completed,4.99,2024-06-11 01:05:00
643,472,completed,14.99,2024-01-06 22:43:00
644,460,cancelled,4.99,2024-11-02 23:15:00
645,359,processing,0.0,2025-03-18 20:09:00
646,235,completed,4.99,2024-09-30 09:51:00
647,298,completed,0.0,2024-07-19 12:54:00
648,259,completed,0.0,2025-08-18 16:18:00
649,327,cancelled,4.99,2024-09-02 09:33:00
650,39,completed,4.99,2024-05-02 11:10:00
651,223,completed,4.99,2024-08-15 06:30:00
652,122,shipped,4.99,2024-08-04 07:43:00
653,134,processing,4.99,2025-02-02 08:06:00
654,475,cancelled,14.99,2025-06-04 06:12:00
655,359,processing,4.99,2024-09-18 08:44:00
656,163,returned,0.0,2024-01-24 13:07:00
657,140,completed,9.99,2025-02-17 17:20:00
658,39,completed,4.99,2024-03-20 21:56:00
659,70,completed,14.99,2024-04-02 17:24:00
660,80,completed,0.0,2025-03-11 11:20:00
661,85,returned,0.0,2024-03-09 12:49:00
662,239,processing,0.0,2024-11-21 10:36:00
663,209,completed,0.0,2024-02-14 22:36:00
664,275,processing,0.0,2024-06-10 22:06:00
665,494,completed,0.0,2024-07-23 06:49:00
666,232,shipped,4.99,2024-01-21 06:11:00
667,238,shipped,4.99,2024-09-12 09:58:00
668,437,completed,0.0,2024-07-25 07:05:00
669,47,completed,14.99,2024-05-17 04:17:00
670,414,shipped,4.99,2025-04-06 08:55:00
671,424,completed,9.99,2025-05-02 12:55:00
672,111,processing,9.99,2024-07-10 01:45:00
673,76,completed,9.99,2024-10-19 21:10:00
674,365,completed,4.99,2024-09-21 17:48:00
675,496,processing,14.99,2024-02-11 22:29:00
676,203,completed,0.0,2024-02-27 10:46:00
677,347,shipped,9.99,2024-06-17 15:08:00
678,134,completed,4.99,2024-01-21 17:47:00
679,16,cancelled,0.0,2024-11-12 20:20:00
680,438,returned,0.0,2024-02-29 23:24:00
681,285,completed,4.99,2025-02-06 10:27:00
682,49,returned,9.99,2024-06-10 20:25:00
683,53,completed,4.99,2024-04-22 06:51:00
684,63,completed,4.99,2025-06-29 18:19:00
685,32,completed,4.99,2024-02-01 10:28:00
686,67,completed,4.99,2024-06-05 01:09:00
687,422,cancelled,9.99,2025-01-06 13:33:00
688,191,completed,14.99,2024-09-09 23:15:00
689,299,shipped,9.99,2024-01-05 18:29:00
690,470,completed,4.99,2025-08-13 03:08:00
691,12,completed,4.99,2024-12-06 04:13:00
692,102,returned,14.99,2025-05-14 07:15:00
693,415,completed,9.99,2025-07-27 02:21:00
694,48,processing,4.99,2024-12-09 06:03:00
695,63,completed,4.99,2024-04-20 19:00:00
696,483,returned,4.99,2024-02-11 07:15:00
697,26,completed,9.99,2024-08-19 02:23:00
698,474,cancelled,4.99,2025-07-25 06:11:00
699,421,cancelled,4.99,2024-03-14 14:20:00
700,255,completed,0.0,2025-03-14 11:09:00
701,196,cancelled,9.99,2025-03-16 23:45:00
702,89,processing,14.99,2024-10-04 06:28:00
703,110,completed,14.99,2025-07-15 02:53:00
704,141,shipped,4.99,2024-03-10 15:56:00
705,229,completed,4.99,2024-07-17 08:40:00
706,18,completed,9.99,2024-10-02 07:11:00
707,332,shipped,0.0,2025-06-07 06:28:00
708,256,cancelled,4.99,2025-03-06 14:02:00
709,452,returned,0.0,2024-03-03 08:35:00
710,32,completed,9.99,2025-02-03 19:56:00
711,144,cancelled,4.99,2024-09-02 21:29:00
712,71,cancelled,4.99,2024-03-24 22:22:00
713,103,completed,4.99,2024-10-12 07:50:00
714,323,completed,4.99,2024-02-06 13:15:00
715,196,processing,4.99,2024-04-24 04:41:00
716,246,returned,4.99,2024-06-08 07:23:00
717,177,processing,4.99,2025-02-26 12:59:00
718,199,shipped,14.99,2025-04-15 06:35:00
719,93,completed,9.99,2024-07-01 12:07:00
720,164,completed,4.99,2025-07-08 08:03:00
721,16,shipped,4.99,2025-08-27 16:32:00
722,30,returned,4.99,2025-08-24 00:05:00
723,272,processing,4.99,2024-01-19 03:42:00
724,393,completed,9.99,2025-04-03 01:43:00
725,499,completed,9.99,2024-12-30 15:55:00
726,52,completed,9.99,2025-01-08 14:50:00
727,337,completed,0.0,2024-01-28 00:05:00
728,137,completed,4.99,2024-12-05 03:51:00
729,392,completed,4.99,2024-10-24 10:01:00
730,295,cancelled,0.0,2024-04-24 16:42:00
731,182,completed,9.99,2025-02-25 02:29:00
732,91,completed,0.0,2025-06-25 01:11:00
733,304,processing,4.99,2024-04-28 23:09:00
734,413,processing,0.0,2025-03-07 05:18:00
735,468,completed,0.0,2025-02-27 00:04:00
736,361,processing,9.99,2025-03-20 21:00:00
737,486,completed,4.99,2025-08-25 22:18:00
738,289,completed,4.99,2025-04-06 05:29:00
739,429,returned,4.99,2024-02-26 07:47:00
740,278,shipped,9.99,2024-11-14 07:35:00
741,90,returned,4.99,2025-01-11 23:49:00
742,20,completed,4.99,2024-02-18 00:10:00
743,29,completed,9.99,2024-03-31 06:16:00
744,309,completed,14.99,2024-04-16 19:29:00
745,11,returned,4.99,2025-05-29 00:57:00
746,1,processing,0.0,2024-02-10 17:04:00
747,470,completed,0.0,2024-08-30 23:19:00
748,413,completed,4.99,2024-05-07 03:34:00
749,175,completed,9.99,2025-05-22 13:09:00
750,471,processing,4.99,2024-08-17 07:08:00
751,31,completed,4.99,2024-02-28 16:12:00
752,76,completed,0.0,2025-06-13 13:34:00
753,397,completed,9.99,2024-07-17 04:41:00
754,434,processing,9.99,2024-02-12 22:17:00
755,492,completed,9.99,2024-01-01 01:59:00
756,192,cancelled,0.0,2025-06-10 01:05:00
757,301,completed,0.0,2025-06-25 01:32:00
758,173,shipped,4.99,2025-06-04 11:32:00
759,166,completed,4.99,2024-06-22 19:53:00
760,500,completed,0.0,2024-10-25 21:59:00
761,375,cancelled,4.99,2024-12-15 19:56:00
762,406,returned,4.99,2024-02-01 02:53:00
763,333,processing,4.99,2025-07-14 16:45:00
764,90,processing,4.99,2024-06-09 01:21:00
765,115,completed,4.99,2024-06-10 11:25:00
766,194,shipped,4.99,2024-07-18 18:15:00
767,376,shipped,4.99,2024-01-25 03:48:00
768,66,completed,4.99,2025-06-15 13:08:00
769,374,completed,0.0,2025-08-12 20:05:00
770,486,cancelled,0.0,2024-05-24 13:00:00
771,436,completed,0.0,2024-06-29 18:10:00
772,94,processing,0.0,2025-08-25 08:44:00
773,472,completed,4.99,2025-06-02 14:20:00
774,328,completed,4.99,2025-04-06 13:00:00
775,480,returned,0.0,2024-04-30 23:58:00
776,73,processing,4.99,2024-06-06 12:07:00
777,382,completed,9.99,2025-01-08 14:13:00
778,122,processing,9.99,2025-04-28 11:53:00
779,164,completed,0.0,2024-05-04 05:31:00
780,326,completed,14.99,2024-12-05 20:19:00
781,421,processing,4.99,2024-11-25 16:54:00
782,229,completed,4.99,2025-08-17 04:32:00
783,136,completed,4.99,2024-07-31 02:23:00
784,128,completed,14.99,2024-05-24 03:04:00
785,180,shipped,9.99,2025-04-10 02:05:00
786,403,completed,14.99,2024-04-30 20:05:00
787,369,completed,4.99,2025-07-20 17:06:00
788,25,cancelled,9.99,2024-02-11 20:37:00
789,225,cancelled,4.99,2024-02-06 19:53:00
790,497,completed,4.99,2025-03-14 11:19:00
791,453,cancelled,4.99,2024-04-26 22:03:00
792,253,cancelled,9.99,2024-12-24 09:26:00
793,180,cancelled,0.0,2024-08-19 23:29:00
794,52,returned,4.99,2024-04-07 16:32:00
795,404,completed,4.99,2025-05-26 13:03:00
796,84,returned,4.99,2024-01-30 20:34:00
797,38,completed,4.99,2024-07-29 15:37:00
798,151,completed,4.99,2025-03-15 06:47:00
799,164,shipped,0.0,2025-07-31 12:01:00
800,488,completed,4.99,2025-01-04 02:16:00
801,38,processing,0.0,2025-08-18 20:33:00
802,88,cancelled,0.0,2025-02-18 09:35:00
803,83,completed,4.99,2024-01-10 17:53:00
804,281,completed,4.99,2025-05-19 23:35:00
805,174,returned,9.99,2025-03-19 10:50:00
806,361,completed,4.99,2025-06-11 08:31:00
807,221,completed,0.0,2024-07-20 01:46:00
808,311,cancelled,14.99,2024-03-28 03:22:00
809,81,completed,0.0,2024-08-20 12:59:00
810,52,processing,9.99,2024-05-23 05:20:00
811,106,completed,9.99,2025-06-05 09:50:00
812,210,shipped,4.99,2025-04-16 13:06:00
813,339,shipped,0.0,2025-07-03 23:11:00
814,153,completed,9.99,2024-09-02 23:55:00
815,50,completed,0.0,2025-01-30 12:59:00
816,202,returned,4.99,2024-12-02 17:49:00
817,79,completed,14.99,2024-04-30 00:37:00
818,185,completed,0.0,2025-02-20 11:49:00
819,219,completed,14.99,2025-05-30 01:35:00
820,151,returned,4.99,2025-07-27 01:31:00
821,103,completed,0.0,2025-06-21 11:40:00
822,14,completed,0.0,2024-09-13 06:05:00
823,88,shipped,0.0,2024-07-12 20:21:00
824,42,returned,0.0,2024-03-29 21:32:00
825,433,completed,4.99,2024-08-02 03:23:00
826,158,cancelled,14.99,2024-12-09 18:37:00
827,242,returned,14.99,2024-09-21 03:57:00
828,459,shipped,4.99,2025-07-11 22:49:00
829,47,cancelled,4.99,2024-11-24 14:36:00
830,95,processing,14.99,2025-01-24 12:00:00
831,454,cancelled,4.99,2025-07-08 14:10:00
832,190,completed,4.99,2025-04-21 07:00:00
833,229,completed,4.99,2024-07-11 12:00:00
834,135,returned,4.99,2024-09-23 19:14:00
835,239,shipped,0.0,2025-06-25 09:02:00
836,116,shipped,0.0,2025-08-14 14:19:00
837,289,completed,4.99,2024-12-01 13:14:00
838,78,completed,0.0,2024-10-31 18:57:00
839,44,processing,0.0,2024-11-30 16:59:00
840,414,cancelled,0.0,2024-01-16 06:27:00
841,498,completed,9.99,2025-05-12 14:36:00
842,284,completed,4.99,2025-02-17 05:30:00
843,431,cancelled,0.0,2024-07-16 09:28:00
844,420,cancelled,14.99,2024-01-26 11:39:00
845,495,returned,9.99,2024-08-18 00:39:00
846,294,completed,4.99,2024-12-06 11:49:00
847,244,shipped,9.99,2024-04-06 14:15:00
848,41,cancelled,14.99,2025-03-01 22:07:00
849,463,completed,0.0,2024-08-20 00:17:00
850,258,completed,0.0,2025-05-25 17:11:00
851,62,returned,0.0,2025-01-02 10:52:00
852,89,completed,4.99,2024-07-22 04:27:00
853,498,completed,4.99,2025-06-05 18:38:00
854,414,completed,0.0,2025-06-28 20:07:00
855,65,completed,4.99,2025-03-23 21:29:00
856,217,completed,14.99,2024-02-24 22:56:00
857,350,cancelled,4.99,2024-09-23 09:50:00
858,104,completed,0.0,2025-02-11 16:45:00
859,428,shipped,0.0,2024-03-03 03:27:00
860,164,completed,4.99,2025-01-09 18:39:00
861,45,cancelled,4.99,2024-07-03 21:55:00
862,285,cancelled,0.0,2025-05-14 07:46:00
863,283,processing,9.99,2024-03-23 11:17:00
864,439,shipped,14.99,2024-04-30 13:49:00
865,267,returned,0.0,2024-08-02 21:54:00
866,470,completed,4.99,2025-08-08 14:55:00
867,403,cancelled,4.99,2024-04-01 10:42:00
868,58,cancelled,0.0,2024-12-07 01:17:00
869,77,completed,9.99,2025-08-28 01:35:00
870,291,completed,4.99,2024-10-29 13:37:00
871,474,completed,0.0,2024-04-22 10:14:00
872,289,completed,0.0,2024-10-10 05:49:00
873,403,shipped,4.99,2025-03-11 17:49:00
874,445,processing,0.0,2025-04-08 06:51:00
875,450,cancelled,9.99,2025-05-20 21:20:00
876,136,cancelled,9.99,2025-03-20 00:39:00
877,336,returned,9.99,2024-02-10 23:10:00
878,293,returned,4.99,2024-09-13 09:44:00
879,20,completed,4.99,2025-07-09 22:12:00
880,142,cancelled,0.0,2024-08-28 12:06:00
881,74,cancelled,4.99,2024-07-11 20:41:00
882,20,cancelled,4.99,2024-08-29 13:14:00
883,456,processing,0.0,2024-12-09 19:23:00
884,354,completed,4.99,2025-06-30 17:34:00
885,26,returned,4.99,2024-07-03 14:34:00
886,472,shipped,4.99,2024-09-29 11:28:00
887,460,processing,9.99,2024-05-18 12:07:00
888,11,processing,4.99,2024-10-15 16:44:00
889,419,shipped,0.0,2025-02-03 19:34:00
890,160,shipped,0.0,2025-06-04 02:34:00
891,432,returned,4.99,2025-04-23 17:21:00
892,440,completed,4.99,2024-05-25 04:15:00
893,498,completed,9.99,2024-04-11 22:23:00
894,69,shipped,9.99,2024-08-20 05:59:00
895,499,returned,0.0,2024-04-19 03:48:00
896,397,processing,9.99,2025-05-14 22:23:00
897,138,cancelled,4.99,2025-06-03 16:40:00
898,310,completed,9.99,2024-11-20 17:48:00
899,97,returned,0.0,2024-01-14 11:30:00
900,109,cancelled,4.99,2025-06-28 08:10:00
901,380,returned,0.0,2025-05-03 23:04:00
902,389,processing,9.99,2024-05-30 19:08:00
903,421,completed,14.99,2025-08-09 05:19:00
904,264,completed,4.99,2024-11-02 09:00:00
905,34,shipped,4.99,2024-11-11 12:55:00
906,364,cancelled,0.0,2025-05-07 16:24:00
907,70,completed,0.0,2024-06-04 17:50:00
908,89,completed,9.99,2025-04-23 03:23:00
909,449,completed,4.99,2025-07-02 00:42:00
910,429,completed,0.0,2024-07-01 00:20:00
911,128,completed,4.99,2024-12-27 11:47:00
912,234,completed,4.99,2024-04-20 06:42:00
913,471,processing,0.0,2025-08-26 02:18:00
914,361,completed,4.99,2025-05-30 05:45:00
915,141,processing,0.0,2024-10-16 18:10:00
916,422,returned,0.0,2024-05-05 18:29:00
917,259,cancelled,9.99,2025-07-31 05:02:00
918,326,completed,9.99,2025-03-17 02:04:00
919,349,completed,4.99,2024-09-04 19:54:00
920,124,processing,4.99,2025-06-14 12:40:00
921,251,returned,0.0,2024-09-23 15:45:00
922,91,returned,0.0,2025-07-14 14:18:00
923,301,processing,4.99,2024-12-26 22:30:00
924,177,completed,14.99,2024-09-28 01:50:00
925,429,shipped,9.99,2024-06-22 03:17:00
926,384,completed,9.99,2025-05-02 03:02:00
927,146,completed,4.99,2025-01-02 08:39:00
928,198,completed,0.0,2025-01-30 02:15:00
929,84,completed,4.99,2024-10-17 02:47:00
930,439,completed,0.0,2024-03-04 05:21:00
931,332,completed,4.99,2025-04-09 16:14:00
932,347,completed,4.99,2025-02-22 13:56:00
933,138,cancelled,9.99,2024-11-24 20:42:00
934,263,completed,9.99,2024-02-15 05:59:00
935,443,completed,4.99,2024-02-19 13:31:00
936,243,completed,9.99,2025-01-17 12:40:00
937,332,completed,0.0,2024-07-24 23:00:00
938,308,completed,0.0,2024-10-27 10:35:00
939,115,shipped,9.99,2024-06-18 05:38:00
940,312,shipped,0.0,2024-07-19 19:11:00
941,365,shipped,4.99,2024-01-14 01:12:00
942,217,cancelled,0.0,2025-06-16 10:02:00
943,437,processing,4.99,2024-10-17 13:31:00
944,236,shipped,14.99,2024-06-21 06:26:00
945,112,returned,0.0,2025-04-04 06:40:00
946,155,cancelled,14.99,2025-02-18 21:57:00
947,300,completed,0.0,2025-07-20 17:03:00
948,4,processing,9.99,2024-10-10 19:48:00
949,288,shipped,4.99,2024-03-19 05:51:00
950,153,completed,4.99,2024-10-02 04:49:00
951,247,completed,0.0,2024-08-03 15:57:00
952,173,shipped,0.0,2025-01-31 12:22:00
953,328,processing,4.99,2024-04-26 18:22:00
954,442,shipped,0.0,2024-09-21 18:14:00
955,134,shipped,0.0,2024-08-14 14:53:00
956,97,completed,4.99,2024-05-21 01:46:00
957,265,completed,9.99,2025-01-15 09:16:00
958,461,completed,9.99,2024-09-20 09:19:00
959,413,cancelled,4.99,2024-06-15 22:27:00
960,339,processing,4.99,2025-02-07 04:44:00
961,349,completed,4.99,2025-08-20 09:41:00
962,370,completed,4.99,2024-11-16 12:06:00
963,336,returned,4.99,2025-05-24 02:50:00
964,152,shipped,0.0,2024-09-07 07:55:00
965,465,cancelled,0.0,2025-04-02 14:53:00
966,208,cancelled,0.0,2024-10-06 10:14:00
967,378,completed,4.99,2025-06-21 05:07:00
968,299,completed,0.0,2024-06-16 07:31:00
969,176,completed,4.99,2024-03-17 03:11:00
970,352,returned,4.99,2024-02-27 07:19:00
971,465,processing,14.99,2024-07-20 05:24:00
972,260,shipped,0.0,2024-01-15 09:06:00
973,433,completed,4.99,2024-04-28 03:53:00
974,431,completed,14.99,2025-08-21 15:36:00
975,151,completed,0.0,2025-03-23 02:23:00
976,242,completed,4.99,2025-08-17 20:37:00
977,380,shipped,0.0,2024-03-16 09:26:00
978,372,completed,4.99,2025-07-22 10:59:00
979,485,processing,0.0,2025-02-10 15:17:00
980,336,completed,4.99,2025-08-13 09:55:00
981,114,processing,4.99,2025-01-08 16:52:00
982,115,shipped,4.99,2024-04-01 03:40:00
983,216,processing,9.99,2024-07-20 03:49:00
984,191,shipped,9.99,2024-05-28 21:02:00
985,300,shipped,0.0,2025-04-19 23:33:00
986,238,completed,0.0,2024-01-05 02:40:00
987,241,completed,4.99,2024-04-13 14:15:00
988,444,completed,4.99,2025-02-21 11:21:00
989,242,completed,4.99,2024-11-09 14:34:00
990,257,completed,4.99,2024-05-06 17:52:00
991,445,cancelled,0.0,2025-04-25 11:44:00
992,272,shipped,0.0,2024-07-15 21:14:00
993,212,completed,9.99,2024-04-04 23:50:00
994,446,completed,0.0,2024-05-15 23:10:00
995,71,completed,9.99,2025-03-30 10:07:00
996,176,cancelled,9.99,2024-07-16 00:57:00
997,292,returned,0.0,2025-07-21 03:05:00
998,74,processing,4.99,2025-04-18 11:54:00
999,442,completed,0.0,2024-04-29 08:41:00
1000,399,completed,14.99,2024-04-05 07:14:00
1001,250,processing,0.0,2024-03-30 19:39:00
1002,324,completed,0.0,2025-08-14 17:35:00
1003,161,completed,0.0,2025-07-19 13:20:00
1004,3,returned,0.0,2024-07-14 03:34:00
1005,141,completed,0.0,2024-06-04 11:11:00
1006,390,completed,4.99,2025-01-31 06:55:00
1007,296,completed,9.99,2024-09-01 19:11:00
1008,251,completed,9.99,2025-02-02 05:42:00
1009,67,cancelled,0.0,2024-04-16 14:49:00
1010,325,cancelled,0.0,2024-06-18 17:36:00
1011,207,cancelled,4.99,2025-03-30 05:29:00
1012,495,returned,4.99,2024-02-07 22:09:00
1013,197,completed,4.99,2025-01-03 18:55:00
1014,20,completed,4.99,2025-05-16 21:32:00
1015,375,processing,0.0,2024-01-31 11:49:00
1016,487,completed,0.0,2025-02-03 20:58:00
1017,457,processing,0.0,2025-01-12 19:38:00
1018,388,completed,0.0,2024-12-28 06:44:00
1019,10,completed,0.0,2024-08-29 18:39:00
1020,321,completed,9.99,2024-12-25 07:04:00
1021,116,processing,9.99,2024-06-06 07:19:00
1022,160,completed,0.0,2025-06-26 10:41:00
1023,53,cancelled,0.0,2025-06-18 17:46:00
1024,258,shipped,0.0,2025-08-01 13:19:00
1025,86,completed,4.99,2024-08-31 09:21:00
1026,422,completed,4.99,2025-03-28 02:34:00
1027,153,shipped,9.99,2024-09-10 03:23:00
1028,234,processing,4.99,2024-06-11 00:36:00
1029,223,completed,0.0,2024-10-13 18:22:00
1030,176,returned,14.99,2024-02-09 09:13:00
1031,184,completed,0.0,2024-03-19 16:43:00
1032,85,cancelled,4.99,2025-01-11 07:11:00
1033,10,completed,9.99,2025-07-01 09:14:00
1034,115,completed,9.99,2025-07-17 10:26:00
1035,109,completed,4.99,2024-05-08 23:10:00
1036,302,completed,0.0,2024-10-08 16:55:00
1037,64,processing,4.99,2024-05-06 21:29:00
1038,365,completed,4.99,2024-02-29 00:46:00
1039,193,shipped,0.0,2025-06-11 11:27:00
1040,395,completed,0.0,2025-01-11 20:12:00
1041,305,completed,0.0,2024-05-20 14:48:00
1042,339,completed,4.99,2024-09-26 03:52:00
1043,335,completed,0.0,2024-02-13 10:54:00
1044,25,completed,4.99,2024-09-06 03:43:00
1045,214,returned,9.99,2024-07-12 00:31:00
1046,195,completed,9.99,2025-08-11 12:43:00
1047,281,shipped,4.99,2024-01-07 21:39:00
1048,243,completed,0.0,2024-07-24 02:36:00
1049,106,completed,4.99,2024-05-25 05:13:00
1050,155,cancelled,9.99,2024-03-10 07:46:00
1051,339,completed,4.99,2024-11-25 07:55:00
1052,340,shipped,14.99,2024-05-05 17:32:00
1053,319,completed,9.99,2024-08-26 20:10:00
1054,215,completed,4.99,2025-07-12 09:57:00
1055,262,completed,4.99,2025-07-04 01:15:00
1056,145,completed,0.0,2024-02-20 14:15:00
1057,402,completed,14.99,2025-07-26 22:13:00
1058,255,completed,4.99,2024-04-29 16:45:00
1059,312,completed,4.99,2024-02-06 16:34:00
1060,399,shipped,14.99,2024-07-21 10:11:00
1061,426,completed,9.99,2024-06-20 07:40:00
1062,184,cancelled,4.99,2024-06-04 14:39:00
1063,152,completed,4.99,2024-10-16 15:09:00
1064,21,returned,0.0,2024-04-07 19:16:00
1065,467,completed,4.99,2025-02-01 03:55:00
1066,353,returned,0.0,2024-07-21 18:27:00
1067,170,completed,0.0,2025-02-20 04:16:00
1068,2,completed,14.99,2024-11-26 14:41:00
1069,344,completed,0.0,2024-03-16 10:14:00
1070,465,completed,9.99,2025-07-03 16:02:00
1071,428,returned,0.0,2024-11-04 18:34:00
1072,77,completed,4.99,2025-05-29 01:46:00
1073,400,completed,14.99,2024-01-10 07:35:00
1074,371,completed,9.99,2024-04-15 01:03:00
1075,464,shipped,9.99,2024-09-04 15:02:00
1076,330,completed,0.0,2025-03-24 03:51:00
1077,234,shipped,4.99,2024-07-24 00:09:00
1078,136,returned,0.0,2024-12-31 19:07:00
1079,26,completed,0.0,2024-10-21 07:02:00
1080,417,completed,4.99,2024-02-12 18:54:00
1081,448,completed,0.0,2025-04-18 23:07:00
1082,437,shipped,4.99,2025-08-11 01:42:00
1083,185,processing,0.0,2024-02-09 16:13:00
1084,219,completed,4.99,2024-02-28 12:04:00
1085,49,completed,9.99,2024-06-30 23:39:00
1086,5,completed,4.99,2025-02-13 13:59:00
1087,340,completed,4.99,2024-07-27 00:07:00
1088,169,processing,4.99,2025-06-12 16:00:00
1089,458,returned,4.99,2025-01-16 22:45:00
1090,490,shipped,0.0,2024-06-05 19:10:00
1091,450,completed,9.99,2025-08-27 01:56:00
1092,191,processing,0.0,2025-03-19 03:08:00
1093,94,completed,4.99,2024-06-26 04:36:00
1094,206,cancelled,4.99,2024-01-17 11:41:00
1095,493,returned,0.0,2025-04-08 09:15:00
1096,140,cancelled,14.99,2024-12-04 13:09:00
1097,354,returned,14.99,2024-11-23 18:18:00
1098,410,cancelled,14.99,2025-07-16 17:38:00
1099,333,completed,0.0,2025-06-01 10:05:00
1100,58,completed,0.0,2024-01-03 05:06:00
1101,357,completed,9.99,2025-01-17 08:10:00
1102,483,completed,0.0,2025-03-03 23:35:00
1103,54,cancelled,0.0,2025-06-03 17:15:00
1104,467,returned,4.99,2024-08-04 19:16:00
1105,411,returned,9.99,2025-05-24 06:32:00
1106,93,cancelled,0.0,2025-05-10 06:41:00
1107,399,processing,0.0,2025-04-25 19:58:00
1108,314,completed,4.99,2025-02-17 07:38:00
1109,442,completed,4.99,2024-04-12 10:14:00
1110,248,returned,0.0,2024-03-09 08:05:00
1111,58,cancelled,0.0,2024-01-10 03:26:00
1112,226,completed,4.99,2025-08-05 05:21:00
1113,33,shipped,14.99,2025-02-05 21:56:00
1114,336,processing,0.0,2024-12-09 18:17:00
1115,7,completed,9.99,2025-06-22 13:17:00
1116,490,processing,4.99,2024-07-29 14:52:00
1117,266,completed,0.0,2024-03-15 23:30:00
1118,222,completed,0.0,2024-12-03 22:29:00
1119,247,processing,4.99,2024-06-17 19:05:00
1120,340,cancelled,0.0,2024-03-02 06:33:00
1121,77,completed,0.0,2024-01-03 01:09:00
1122,6,completed,4.99,2025-02-28 00:28:00
1123,259,returned,9.99,2024-02-08 05:29:00
1124,437,returned,0.0,2024-04-25 08:57:00
1125,446,completed,4.99,2025-07-26 23:18:00
1126,39,returned,9.99,2024-12-28 16:42:00
1127,165,completed,4.99,2024-12-04 19:10:00
1128,170,shipped,0.0,2024-10-21 03:19:00
1129,26,completed,0.0,2025-01-22 15:28:00
1130,282,cancelled,0.0,2024-01-21 02:05:00
1131,207,completed,4.99,2025-05-26 15:01:00
1132,41,returned,4.99,2025-01-18 00:05:00
1133,228,returned,4.99,2024-10-09 08:37:00
1134,46,returned,4.99,2025-03-15 13:29:00
1135,229,processing,4.99,2024-01-07 23:22:00
1136,61,returned,0.0,2025-04-06 20:28:00
1137,382,completed,0.0,2024-03-23 22:28:00
1138,53,cancelled,9.99,2024-07-13 20:59:00
1139,212,completed,0.0,2024-07-23 01:55:00
1140,286,completed,0.0,2024-02-07 11:35:00
1141,423,completed,4.99,2024-03-11 22:48:00
1142,406,shipped,0.0,2025-07-25 18:36:00
1143,456,completed,0.0,2024-10-23 01:11:00
1144,336,returned,4.99,2025-03-25 02:05:00
1145,487,processing,9.99,2024-07-18 00:58:00
1146,187,completed,4.99,2024-09-21 03:48:00
1147,419,completed,9.99,2024-05-02 20:55:00
1148,433,returned,0.0,2024-09-04 21:30:00
1149,170,returned,0.0,2024-02-11 22:28:00
1150,367,processing,4.99,2024-06-16 01:14:00
1151,367,returned,9.99,2024-04-24 08:20:00
1152,59,completed,4.99,2024-11-16 19:17:00
1153,389,completed,0.0,2024-04-24 08:44:00
1154,2,processing,4.99,2025-05-16 04:06:00
1155,182,shipped,4.99,2024-10-02 16:49:00
1156,281,processing,4.99,2025-04-30 21:46:00
1157,360,completed,0.0,2025-06-27 00:31:00
1158,24,completed,4.99,2024-03-11 00:19:00
1159,253,completed,4.99,2024-07-01 08:33:00
1160,421,cancelled,4.99,2024-12-07 13:40:00
1161,55,shipped,4.99,2025-06-09 07:10:00
1162,313,completed,4.99,2024-07-30 20:35:00
1163,97,completed,4.99,2025-02-24 07:35:00
1164,477,cancelled,4.99,2025-02-27 09:08:00
1165,111,returned,9.99,2024-01-02 21:31:00
1166,423,completed,4.99,2024-01-23 00:09:00
1167,367,processing,14.99,2025-03-18 10:36:00
1168,56,cancelled,14.99,2024-01-07 12:27:00
1169,24,completed,14.99,2024-01-21 06:08:00
1170,396,returned,0.0,2025-06-12 15:33:00
1171,235,completed,14.99,2024-12-08 16:57:00
1172,494,returned,0.0,2024-11-30 12:26:00
1173,3,completed,14.99,2025-06-20 03:23:00
1174,284,cancelled,9.99,2025-03-02 15:01:00
1175,430,returned,0.0,2025-06-10 22:51:00
1176,474,completed,4.99,2024-02-15 01:41:00
1177,355,completed,4.99,2025-06-03 01:31:00
1178,375,completed,9.99,2025-05-23 11:54:00
1179,54,cancelled,0.0,2025-05-12 19:24:00
1180,337,processing,0.0,2024-11-10 21:30:00
1181,259,cancelled,4.99,2025-04-26 15:59:00
1182,215,completed,0.0,2024-03-22 12:03:00
1183,141,cancelled,9.99,2025-01-11 05:26:00
1184,494,processing,9.99,2025-01-13 17:03:00
1185,497,shipped,4.99,2024-06-21 20:29:00
1186,232,completed,0.0,2024-07-27 02:24:00
1187,71,cancelled,9.99,2024-08-03 12:40:00
1188,309,shipped,9.99,2024-02-22 16:55:00
1189,432,processing,14.99,2025-03-19 13:10:00
1190,365,completed,0.0,2024-12-06 10:14:00
1191,103,completed,4.99,2024-04-02 13:59:00
1192,320,shipped,4.99,2024-07-19 10:00:00
1193,352,processing,0.0,2024-07-11 06:45:00
1194,472,completed,9.99,2024-04-24 21:21:00
1195,364,completed,9.99,2024-03-31 08:01:00
1196,258,processing,9.99,2025-02-18 06:19:00
1197,364,completed,0.0,2024-01-23 16:48:00
1198,390,processing,14.99,2024-12-07 00:02:00
1199,288,returned,14.99,2025-01-21 18:17:00
1200,299,cancelled,9.99,2025-07-25 00:01:00
1201,346,shipped,0.0,2024-06-06 10:28:00
1202,450,cancelled,9.99,2025-04-26 09:17:00
1203,414,completed,4.99,2024-02-26 19:04:00
1204,268,completed,14.99,2025-01-13 11:18:00
1205,13,cancelled,4.99,2025-05-12 10:30:00
1206,75,completed,4.99,2024-09-29 11:24:00
1207,344,completed,14.99,2025-02-24 10:48:00
1208,103,shipped,4.99,2025-05-19 04:55:00
1209,385,completed,9.99,2024-06-21 10:20:00
1210,147,shipped,4.99,2025-03-06 21:33:00
1211,75,completed,9.99,2024-05-01 17:13:00
1212,354,shipped,4.99,2025-02-16 18:12:00
1213,105,completed,9.99,2024-06-28 14:59:00
1214,184,returned,0.0,2024-01-02 12:36:00
1215,53,completed,9.99,2024-12-14 19:13:00
1216,381,cancelled,9.99,2025-03-13 08:23:00
1217,122,shipped,0.0,2025-07-03 09:58:00
1218,355,completed,9.99,2024-12-14 14:38:00
1219,475,cancelled,9.99,2024-01-19 13:44:00
1220,199,cancelled,0.0,2024-10-29 14:40:00
1221,490,processing,14.99,2024-11-12 23:36:00
1222,495,completed,14.99,2025-03-07 05:58:00
1223,7,shipped,0.0,2025-06-28 18:54:00
1224,104,returned,9.99,2025-01-06 01:32:00
1225,425,completed,0.0,2024-11-18 12:36:00
1226,467,processing,4.99,2025-06-13 14:22:00
1227,387,completed,0.0,2025-08-27 10:40:00
1228,398,completed,4.99,2024-03-07 09:50:00
1229,151,returned,4.99,2024-10-22 01:58:00
1230,91,completed,9.99,2024-01-11 00:09:00
1231,96,completed,4.99,2024-06-30 19:36:00
1232,377,completed,4.99,2024-05-19 19:09:00
1233,194,completed,9.99,2024-07-27 21:43:00
1234,220,shipped,4.99,2024-11-27 10:13:00
1235,285,shipped,14.99,2025-02-02 11:25:00
1236,67,completed,9.99,2024-10-19 03:06:00
1237,300,shipped,4.99,2024-10-07 20:38:00
1238,3,processing,0.0,2024-12-03 03:31:00
1239,239,completed,14.99,2024-01-25 19:56:00
1240,21,completed,4.99,2024-10-30 12:37:00
1241,476,processing,14.99,2024-11-14 17:36:00
1242,306,completed,14.99,2024-11-03 21:11:00
1243,397,shipped,4.99,2024-07-14 19:47:00
1244,252,processing,4.99,2025-06-09 13:50:00
1245,38,processing,4.99,2024-04-19 18:59:00
1246,270,completed,4.99,2024-03-26 21:26:00
1247,490,completed,0.0,2024-12-30 09:08:00
1248,267,completed,0.0,2025-05-15 17:44:00
1249,403,completed,4.99,2024-01-28 18:37:00
1250,213,cancelled,14.99,2025-04-28 14:43:00
1251,48,processing,4.99,2025-07-02 19:59:00
1252,114,completed,0.0,2024-08-26 17:46:00
1253,340,processing,9.99,2024-09-28 19:03:00
1254,170,processing,0.0,2024-07-19 11:05:00
1255,151,completed,9.99,2024-10-17 23:34:00
1256,487,returned,4.99,2025-06-14 07:57:00
1257,288,completed,4.99,2025-02-19 06:15:00
1258,59,processing,14.99,2024-03-20 23:13:00
1259,229,completed,0.0,2025-04-16 00:30:00
1260,464,completed,0.0,2024-03-28 14:11:00
1261,491,completed,4.99,2024-08-05 15:23:00
1262,350,processing,4.99,2024-07-18 00:53:00
1263,196,completed,0.0,2024-12-16 16:26:00
1264,198,shipped,14.99,2024-08-10 20:19:00
1265,277,shipped,4.99,2024-11-05 14:14:00
1266,13,processing,4.99,2024-06-18 03:50:00
1267,264,returned,4.99,2024-07-27 13:46:00
1268,250,completed,0.0,2025-06-23 21:38:00
1269,152,completed,4.99,2024-05-03 02:45:00
1270,165,completed,4.99,2025-08-11 18:24:00
1271,486,completed,0.0,2024-07-04 01:34:00
1272,86,completed,4.99,2025-05-16 06:48:00
1273,321,completed,9.99,2025-01-28 06:42:00
1274,108,completed,0.0,2024-01-19 15:10:00
1275,443,cancelled,4.99,2025-02-13 18:16:00
1276,428,completed,9.99,2024-08-01 06:14:00
1277,106,cancelled,4.99,2025-04-10 07:56:00
1278,332,completed,4.99,2024-05-08 12:12:00
1279,383,completed,4.99,2025-06-16 01:30:00
1280,13,returned,0.0,2024-04-06 16:52:00
1281,368,processing,9.99,2024-05-14 05:54:00
1282,20,completed,0.0,2025-07-08 05:40:00
1283,38,completed,0.0,2024-06-01 10:20:00
1284,92,shipped,4.99,2024-05-08 23:22:00
1285,286,completed,0.0,2025-06-22 08:50:00
1286,295,completed,9.99,2025-01-07 00:20:00
1287,467,shipped,4.99,2025-04-23 21:22:00
1288,209,cancelled,0.0,2024-07-15 07:16:00
1289,231,cancelled,4.99,2024-02-07 17:00:00
1290,222,processing,0.0,2024-04-14 17:29:00
1291,9,cancelled,14.99,2025-04-09 02:35:00
1292,345,completed,4.99,2024-07-31 14:36:00
1293,274,completed,0.0,2025-02-22 00:14:00
1294,329,completed,9.99,2025-01-01 18:32:00
1295,388,completed,0.0,2025-08-27 10:17:00
1296,359,completed,4.99,2024-07-01 11:01:00
1297,184,completed,4.99,2025-03-30 21:05:00
1298,149,shipped,0.0,2024-05-28 23:41:00
1299,311,completed,4.99,2024-02-19 03:39:00
1300,145,returned,9.99,2024-07-21 19:26:00
1301,196,cancelled,14.99,2025-03-12 20:11:00
1302,421,completed,9.99,2025-04-07 13:45:00
1303,243,completed,9.99,2025-07-01 19:22:00
1304,274,completed,4.99,2025-03-21 19:56:00
1305,70,cancelled,9.99,2024-04-10 15:33:00
1306,408,shipped,9.99,2024-11-10 03:25:00
1307,492,completed,0.0,2025-04-19 19:51:00
1308,153,processing,9.99,2025-08-09 13:42:00
1309,491,completed,4.99,2024-11-27 22:12:00
1310,284,completed,0.0,2025-07-07 15:34:00
1311,64,completed,9.99,2025-03-21 23:13:00
1312,3,cancelled,4.99,2024-06-04 23:47:00
1313,276,completed,9.99,2025-01-28 05:27:00
1314,157,completed,0.0,2024-04-25 19:30:00
1315,384,processing,9.99,2024-03-09 17:12:00
1316,109,cancelled,0.0,2024-06-01 18:18:00
1317,464,completed,4.99,2025-06-07 02:44:00
1318,83,completed,4.99,2024-11-08 03:45:00
1319,114,shipped,0.0,2024-08-15 08:28:00
1320,100,completed,0.0,2024-06-08 00:55:00
1321,93,completed,0.0,2024-04-02 23:28:00
1322,436,returned,0.0,2024-07-18 07:14:00
1323,331,completed,4.99,2024-09-16 18:50:00
1324,149,completed,4.99,2024-11-08 05:39:00
1325,129,completed,4.99,2025-02-03 22:22:00
1326,102,returned,9.99,2025-08-09 15:49:00
1327,488,processing,0.0,2024-08-04 11:29:00
1328,183,completed,14.99,2025-03-05 19:45:00
1329,344,completed,14.99,2025-02-07 02:29:00
1330,52,shipped,4.99,2025-05-25 10:13:00
1331,318,completed,0.0,2025-02-23 22:11:00
1332,461,completed,4.99,2025-08-08 22:20:00
1333,163,returned,0.0,2024-01-09 05:41:00
1334,231,processing,4.99,2024-07-17 19:09:00
1335,316,shipped,9.99,2024-03-13 15:32:00
1336,356,completed,0.0,2025-01-30 15:24:00
1337,290,processing,4.99,2024-03-21 00:16:00
1338,414,processing,0.0,2024-05-06 12:10:00
1339,491,cancelled,4.99,2024-01-31 03:27:00
1340,87,completed,9.99,2025-02-10 14:56:00
1341,161,completed,4.99,2025-07-25 13:50:00
1342,403,completed,4.99,2024-03-24 05:03:00
1343,365,cancelled,0.0,2024-07-08 09:59:00
1344,142,processing,9.99,2024-09-17 03:41:00
1345,69,processing,4.99,2025-01-21 18:25:00
1346,450,returned,9.99,2025-01-17 13:01:00
1347,237,returned,4.99,2024-08-12 13:17:00
1348,184,shipped,4.99,2024-06-14 19:56:00
1349,250,completed,4.99,2025-01-09 11:25:00
1350,90,completed,0.0,2025-01-13 13:28:00
1351,431,shipped,0.0,2024-02-18 10:42:00
1352,440,completed,0.0,2025-02-22 18:47:00
1353,457,completed,4.99,2024-08-05 16:51:00
1354,135,completed,14.99,2025-01-27 01:36:00
1355,373,completed,9.99,2025-06-26 12:22:00
1356,457,completed,0.0,2025-03-22 12:14:00
1357,435,completed,4.99,2024-11-18 10:30:00
1358,417,cancelled,4.99,2024-06-18 20:23:00
1359,394,completed,4.99,2024-06-09 05:22:00
1360,465,completed,0.0,2025-05-05 16:42:00
1361,283,shipped,4.99,2024-01-10 11:48:00
1362,279,returned,14.99,2024-01-18 00:20:00
1363,335,completed,0.0,2024-12-04 07:16:00
1364,188,cancelled,4.99,2024-12-09 03:37:00
1365,115,shipped,0.0,2024-03-26 08:50:00
1366,69,returned,14.99,2024-05-04 19:07:00
1367,257,completed,14.99,2025-01-26 09:12:00
1368,204,processing,4.99,2024-01-02 03:01:00
1369,258,completed,9.99,2024-08-05 17:31:00
1370,340,completed,14.99,2025-07-11 21:27:00
1371,435,completed,9.99,2024-05-18 00:34:00
1372,388,completed,0.0,2025-08-25 19:55:00
1373,229,completed,4.99,2024-11-08 03:50:00
1374,92,completed,14.99,2025-02-08 17:31:00
1375,377,returned,4.99,2025-08-02 14:44:00
1376,481,processing,0.0,2024-07-08 20:08:00
1377,21,completed,9.99,2024-09-18 03:44:00
1378,390,returned,4.99,2025-05-09 05:31:00
1379,119,completed,9.99,2024-11-04 16:05:00
1380,136,processing,9.99,2025-05-10 12:32:00
1381,120,completed,9.99,2024-04-06 12:01:00
1382,343,completed,4.99,2024-10-16 06:23:00
1383,266,processing,4.99,2024-04-18 07:24:00
1384,199,returned,4.99,2024-11-12 09:39:00
1385,470,returned,4.99,2024-10-25 05:51:00
1386,452,completed,0.0,2025-06-12 06:55:00
1387,21,processing,9.99,2024-07-11 13:14:00
1388,53,shipped,14.99,2024-11-23 02:08:00
1389,428,shipped,4.99,2025-02-01 12:47:00
1390,297,completed,4.99,2024-12-23 16:02:00
1391,193,cancelled,4.99,2024-02-12 06:26:00
1392,188,completed,0.0,2024-07-28 09:29:00
1393,265,shipped,0.0,2024-08-07 01:55:00
1394,193,completed,0.0,2024-04-23 07:36:00
1395,265,cancelled,0.0,2024-05-10 21:19:00
1396,181,processing,0.0,2024-05-07 20:52:00
1397,250,returned,14.99,2024-03-10 10:20:00
1398,455,completed,0.0,2025-08-08 18:42:00
1399,257,completed,14.99,2024-01-29 14:12:00
1400,226,completed,4.99,2025-08-26 16:06:00
1401,118,completed,4.99,2024-07-25 07:31:00
1402,264,shipped,4.99,2024-03-20 23:16:00
1403,109,completed,0.0,2024-07-23 02:25:00
1404,96,completed,0.0,2024-10-30 04:25:00
1405,186,completed,4.99,2025-01-18 22:34:00
1406,339,completed,0.0,2024-03-29 17:11:00
1407,213,processing,0.0,2025-01-16 04:54:00
1408,369,completed,4.99,2024-02-03 16:29:00
1409,247,returned,4.99,2024-08-14 02:35:00
1410,246,completed,4.99,2024-09-26 05:14:00
1411,303,completed,4.99,2024-05-13 01:26:00
1412,332,cancelled,14.99,2024-05-14 01:59:00
1413,12,completed,0.0,2025-06-21 23:32:00
1414,23,completed,0.0,2024-09-15 20:19:00
1415,294,completed,4.99,2024-05-27 00:40:00
1416,69,completed,0.0,2024-02-28 17:20:00
1417,457,completed,9.99,2025-01-28 17:16:00
1418,29,completed,4.99,2024-08-05 09:14:00
1419,133,completed,0.0,2024-12-11 04:03:00
1420,265,cancelled,4.99,2024-10-29 09:09:00
1421,307,completed,14.99,2024-06-23 06:59:00
1422,450,shipped,4.99,2024-04-15 13:02:00
1423,485,completed,4.99,2024-06-03 13:38:00
1424,111,returned,9.99,2024-06-01 23:05:00
1425,311,returned,4.99,2025-06-29 05:58:00
1426,445,returned,9.99,2024-04-27 10:54:00
1427,88,completed,4.99,2024-06-03 22:26:00
1428,426,cancelled,14.99,2025-02-01 14:28:00
1429,308,completed,4.99,2024-08-25 12:10:00
1430,407,completed,0.0,2024-08-04 05:32:00
1431,320,shipped,9.99,2024-02-07 09:39:00
1432,86,processing,9.99,2024-07-10 12:22:00
1433,473,returned,0.0,2025-06-30 10:30:00
1434,306,completed,4.99,2025-04-04 16:55:00
1435,118,cancelled,0.0,2024-11-15 06:39:00
1436,198,completed,9.99,2024-05-27 08:22:00
1437,56,completed,4.99,2024-09-26 22:10:00
1438,104,cancelled,9.99,2025-02-12 11:26:00
1439,424,completed,14.99,2024-07-12 20:11:00
1440,311,completed,9.99,2024-06-27 02:23:00
1441,91,returned,0.0,2024-10-23 23:44:00
1442,462,completed,0.0,2025-03-05 10:35:00
1443,450,completed,4.99,2024-03-23 18:39:00
1444,48,returned,0.0,2024-06-20 19:54:00
1445,338,completed,4.99,2025-04-14 09:24:00
1446,462,completed,0.0,2025-01-29 23:10:00
1447,460,cancelled,4.99,2025-05-11 09:26:00
1448,268,cancelled,4.99,2025-01-31 01:09:00
1449,190,completed,9.99,2024-04-12 08:20:00
1450,358,cancelled,4.99,2024-06-16 02:18:00
1451,118,returned,4.99,2025-06-21 22:17:00
1452,405,cancelled,0.0,2024-11-24 03:04:00
1453,180,completed,9.99,2024-10-18 02:44:00
1454,218,completed,0.0,2025-04-11 10:11:00
1455,131,returned,4.99,2024-05-02 07:12:00
1456,393,completed,14.99,2024-12-26 08:41:00
1457,466,completed,4.99,2024-09-25 07:35:00
1458,146,cancelled,14.99,2025-02-05 11:18:00
1459,132,completed,9.99,2025-02-15 02:57:00
1460,3,completed,4.99,2025-03-10 14:54:00
1461,296,completed,9.99,2024-07-10 07:37:00
1462,267,completed,9.99,2025-05-19 14:30:00
1463,193,completed,9.99,2024-07-13 06:52:00
1464,353,processing,4.99,2024-12-25 23:19:00
1465,210,processing,9.99,2025-03-04 22:32:00
1466,55,completed,14.99,2025-05-01 09:23:00
1467,219,shipped,4.99,2025-01-07 03:02:00
1468,134,cancelled,14.99,2024-11-12 13:47:00
1469,290,processing,4.99,2025-01-24 17:46:00
1470,314,shipped,4.99,2025-01-17 03:30:00
1471,349,cancelled,9.99,2024-07-28 00:07:00
1472,387,completed,9.99,2024-11-02 18:42:00
1473,212,returned,0.0,2025-01-22 09:00:00
1474,92,processing,4.99,2024-11-18 01:22:00
1475,287,returned,4.99,2024-09-16 06:03:00
1476,130,shipped,4.99,2024-01-20 18:26:00
1477,296,processing,4.99,2025-08-24 05:29:00
1478,397,cancelled,4.99,2024-11-24 11:28:00
1479,377,completed,0.0,2024-02-02 00:24:00
1480,438,completed,0.0,2025-07-07 16:27:00
1481,383,completed,9.99,2025-02-09 12:38:00
1482,229,completed,4.99,2024-06-19 07:23:00
1483,52,completed,4.99,2024-01-20 05:42:00
1484,261,cancelled,4.99,2024-01-12 09:32:00
1485,403,processing,14.99,2025-06-23 23:12:00
1486,411,completed,9.99,2025-03-07 06:17:00
1487,83,cancelled,14.99,2024-03-19 13:20:00
1488,494,completed,9.99,2025-01-08 22:39:00
1489,412,completed,4.99,2024-04-21 17:46:00
1490,422,completed,14.99,2024-03-18 08:29:00
1491,242,cancelled,0.0,2025-08-14 19:39:00
1492,46,completed,4.99,2024-03-04 04:04:00
1493,135,completed,4.99,2024-05-23 01:24:00
1494,190,completed,0.0,2025-03-17 14:50:00
1495,312,completed,9.99,2025-08-28 12:55:00
1496,371,cancelled,0.0,2024-03-12 16:10:00
1497,477,cancelled,0.0,2025-02-20 04:04:00
1498,315,shipped,9.99,2025-05-06 02:36:00
1499,365,completed,0.0,2025-07-12 18:13:00
1500,485,completed,0.0,2024-04-25 12:26:00
1501,328,returned,4.99,2025-04-10 16:14:00
1502,225,completed,4.99,2024-08-05 06:06:00
1503,104,shipped,0.0,2024-02-22 04:04:00
1504,100,completed,4.99,2025-02-18 04:58:00
1505,402,completed,4.99,2024-10-12 04:18:00
1506,315,completed,0.0,2024-01-09 11:09:00
1507,346,completed,0.0,2024-12-11 20:42:00
1508,185,completed,0.0,2025-01-02 23:33:00
1509,336,completed,9.99,2025-03-30 23:41:00
1510,500,completed,0.0,2024-01-20 09:46:00
1511,45,shipped,9.99,2024-12-06 04:29:00
1512,400,cancelled,4.99,2024-08-22 11:32:00
1513,181,cancelled,4.99,2025-01-22 18:58:00
1514,208,completed,9.99,2025-05-20 11:30:00
1515,266,completed,0.0,2024-09-13 06:27:00
1516,378,completed,9.99,2025-06-05 23:11:00
1517,471,completed,0.0,2024-06-16 08:16:00
1518,282,shipped,9.99,2024-04-01 10:31:00
1519,372,processing,4.99,2025-02-16 01:50:00
1520,178,shipped,0.0,2024-01-19 12:57:00
1521,116,completed,0.0,2024-12-19 23:43:00
1522,233,cancelled,4.99,2025-06-25 12:49:00
1523,295,completed,9.99,2025-03-06 12:19:00
1524,134,completed,9.99,2024-09-14 13:47:00
1525,209,completed,9.99,2024-11-05 23:28:00
1526,287,completed,0.0,2024-10-18 16:51:00
1527,258,shipped,9.99,2025-06-18 01:30:00
1528,175,completed,9.99,2024-09-03 21:17:00
1529,412,shipped,4.99,2025-08-13 00:58:00
1530,449,shipped,9.99,2024-08-04 18:07:00
1531,356,returned,0.0,2025-07-23 03:54:00
1532,495,cancelled,4.99,2025-07-08 13:59:00
1533,289,returned,0.0,2024-04-30 02:15:00
1534,395,completed,9.99,2024-02-09 18:35:00
1535,388,processing,4.99,2024-09-07 09:12:00
1536,493,returned,4.99,2024-09-28 23:31:00
1537,349,returned,14.99,2025-05-15 11:15:00
1538,460,completed,0.0,2025-03-11 07:21:00
1539,247,completed,4.99,2024-05-03 03:23:00
1540,133,completed,4.99,2024-12-03 18:56:00
1541,196,completed,0.0,2024-01-16 12:52:00
1542,347,completed,0.0,2025-05-01 18:49:00
1543,410,processing,9.99,2024-09-28 14:26:00
1544,212,processing,4.99,2025-07-24 00:51:00
1545,265,completed,4.99,2024-12-25 19:54:00
1546,359,shipped,0.0,2024-12-02 16:03:00
1547,128,shipped,9.99,2025-06-27 13:19:00
1548,48,cancelled,14.99,2024-02-05 09:50:00
1549,345,processing,0.0,2025-07-28 02:38:00
1550,39,completed,9.99,2025-07-27 21:28:00
1551,244,processing,0.0,2025-02-18 01:15:00
1552,182,completed,9.99,2024-01-12 19:30:00
1553,458,shipped,4.99,2025-06-29 03:01:00
1554,94,completed,9.99,2024-03-17 02:14:00
1555,256,completed,9.99,2024-07-28 22:59:00
1556,121,completed,9.99,2025-04-12 17:31:00
1557,447,shipped,4.99,2024-12-05 04:59:00
1558,106,completed,9.99,2024-02-11 14:03:00
1559,104,completed,4.99,2024-05-26 16:51:00
1560,429,processing,9.99,2025-08-03 16:29:00
1561,80,completed,4.99,2025-03-09 05:45:00
1562,62,completed,9.99,2024-11-26 21:58:00
1563,347,returned,4.99,2024-12-30 02:23:00
1564,315,completed,4.99,2024-10-16 10:08:00
1565,392,completed,4.99,2024-01-23 06:52:00
1566,435,returned,4.99,2024-03-13 02:09:00
1567,191,processing,0.0,2024-05-08 04:25:00
1568,253,shipped,0.0,2025-03-17 17:53:00
1569,252,completed,0.0,2025-08-07 12:46:00
1570,392,shipped,9.99,2024-07-14 05:28:00
1571,204,completed,0.0,2024-11-07 21:30:00
1572,385,completed,4.99,2024-07-03 19:43:00
1573,28,cancelled,4.99,2024-11-24 04:07:00
1574,245,completed,4.99,2025-04-08 05:39:00
1575,258,processing,9.99,2024-11-29 10:36:00
1576,202,completed,9.99,2024-04-20 08:09:00
1577,235,completed,0.0,2025-02-19 19:46:00
1578,358,returned,4.99,2025-03-31 14:16:00
1579,162,completed,4.99,2025-07-06 14:33:00
1580,7,completed,0.0,2025-07-14 08:52:00
1581,195,completed,9.99,2024-10-27 08:38:00
1582,167,processing,0.0,2024-02-01 05:09:00
1583,314,shipped,0.0,2025-07-28 18:57:00
1584,96,shipped,4.99,2024-11-22 06:00:00
1585,122,shipped,4.99,2024-06-24 07:38:00
1586,242,processing,4.99,2024-04-19 05:13:00
1587,188,completed,0.0,2024-06-04 09:32:00
1588,256,cancelled,0.0,2024-04-23 03:14:00
1589,108,cancelled,9.99,2025-08-09 07:48:00
1590,359,processing,4.99,2025-07-04 02:22:00
1591,187,cancelled,0.0,2024-01-04 13:48:00
1592,144,returned,4.99,2025-05-20 07:17:00
1593,93,completed,9.99,2024-10-05 00:16:00
1594,295,completed,0.0,2024-07-10 16:54:00
1595,417,completed,4.99,2025-07-05 10:41:00
1596,370,shipped,0.0,2024-08-20 06:33:00
1597,412,completed,4.99,2024-03-20 20:34:00
1598,285,cancelled,4.99,2025-08-16 21:39:00
1599,439,cancelled,4.99,2024-05-23 08:40:00
1600,101,completed,9.99,2024-03-31 07:02:00
1601,410,completed,4.99,2025-03-21 10:39:00
1602,243,completed,0.0,2024-09-10 05:58:00
1603,91,cancelled,4.99,2025-06-11 03:35:00
1604,256,completed,0.0,2024-04-10 23:59:00
1605,458,processing,4.99,2024-02-27 21:55:00
1606,403,returned,4.99,2024-06-18 01:02:00
1607,154,shipped,0.0,2024-03-09 15:22:00
1608,288,completed,14.99,2024-11-23 15:49:00
1609,204,completed,9.99,2024-09-30 11:53:00
1610,354,completed,9.99,2025-01-22 17:14:00
1611,31,completed,0.0,2025-01-10 06:19:00
1612,417,shipped,4.99,2025-04-18 18:17:00
1613,244,completed,14.99,2025-08-31 12:52:00
1614,231,processing,0.0,2025-06-02 17:06:00
1615,134,processing,4.99,2024-01-10 08:59:00
1616,185,shipped,9.99,2024-10-19 05:51:00
1617,177,completed,4.99,2024-09-29 00:40:00
1618,211,completed,0.0,2024-10-04 18:27:00
1619,180,completed,0.0,2024-10-06 09:47:00
1620,296,completed,4.99,2024-09-08 09:45:00
1621,400,shipped,9.99,2025-04-03 14:46:00
1622,182,processing,0.0,2024-11-10 23:07:00
1623,345,returned,0.0,2024-05-19 07:38:00
1624,397,returned,0.0,2024-09-20 14:45:00
1625,456,completed,9.99,2025-03-23 02:32:00
1626,196,shipped,9.99,2024-09-09 22:51:00
1627,238,completed,4.99,2024-01-19 13:02:00
1628,445,completed,4.99,2025-03-17 20:14:00
1629,328,processing,4.99,2025-02-15 18:38:00
1630,216,cancelled,4.99,2024-07-12 20:28:00
1631,435,completed,9.99,2024-03-10 02:01:00
1632,41,completed,4.99,2025-02-10 16:08:00
1633,176,completed,14.99,2025-07-15 01:11:00
1634,161,processing,4.99,2024-01-19 16:29:00
1635,335,shipped,0.0,2024-11-15 06:42:00
1636,364,shipped,0.0,2025-08-20 03:43:00
1637,310,cancelled,0.0,2024-05-13 01:28:00
1638,139,returned,0.0,2025-02-20 11:40:00
1639,400,processing,9.99,2024-04-04 17:51:00
1640,383,returned,9.99,2025-04-14 09:01:00
1641,212,completed,0.0,2025-01-29 23:59:00
1642,95,completed,0.0,2024-05-28 21:48:00
1643,65,completed,0.0,2024-12-09 15:58:00
1644,339,shipped,4.99,2025-04-05 15:33:00
1645,482,completed,0.0,2024-11-01 07:05:00
1646,108,completed,9.99,2025-06-18 16:21:00
1647,204,completed,0.0,2025-05-28 04:18:00
1648,49,completed,0.0,2025-05-16 20:29:00
1649,480,returned,9.99,2025-02-19 16:39:00
1650,281,completed,4.99,2025-04-27 17:58:00
1651,14,cancelled,14.99,2024-11-26 18:04:00
1652,269,completed,9.99,2024-11-04 01:38:00
1653,54,shipped,9.99,2025-06-03 05:52:00
1654,317,completed,0.0,2024-10-30 00:12:00
1655,44,cancelled,0.0,2024-03-21 23:52:00
1656,159,completed,4.99,2024-09-22 21:19:00
1657,127,shipped,14.99,2024-10-04 14:20:00
1658,227,completed,4.99,2025-07-17 08:39:00
1659,68,completed,0.0,2025-03-30 07:56:00
1660,15,completed,14.99,2025-06-06 17:06:00
1661,340,processing,4.99,2024-04-03 20:25:00
1662,441,processing,4.99,2024-07-04 17:28:00
1663,443,returned,4.99,2024-12-02 06:34:00
1664,240,shipped,4.99,2024-03-23 13:26:00
1665,281,returned,4.99,2024-06-21 05:38:00
1666,70,completed,0.0,2025-07-26 22:53:00
1667,303,returned,4.99,2025-01-21 14:16:00
1668,324,cancelled,0.0,2025-06-02 11:11:00
1669,269,shipped,4.99,2024-08-11 06:09:00
1670,466,processing,4.99,2024-09-29 12:16:00
1671,247,completed,4.99,2025-08-08 01:51:00
1672,413,completed,0.0,2024-07-26 04:10:00
1673,227,shipped,4.99,2024-11-29 04:07:00
1674,188,cancelled,0.0,2024-01-01 10:02:00
1675,134,completed,0.0,2024-12-14 23:41:00
1676,156,completed,4.99,2025-07-14 18:18:00
1677,1,completed,0.0,2024-05-02 20:33:00
1678,177,shipped,4.99,2025-05-04 16:07:00
1679,241,completed,0.0,2025-04-27 20:24:00
1680,353,returned,0.0,2025-06-22 23:34:00
1681,485,returned,4.99,2024-06-25 16:49:00
1682,154,completed,4.99,2025-07-13 03:04:00
1683,393,cancelled,4.99,2024-03-04 09:38:00
1684,409,shipped,0.0,2025-05-09 09:52:00
1685,306,completed,0.0,2025-02-21 03:26:00
1686,408,completed,4.99,2024-07-05 20:16:00
1687,281,processing,0.0,2025-02-17 03:02:00
1688,97,cancelled,9.99,2024-03-08 16:04:00
1689,452,cancelled,9.99,2025-03-13 22:56:00
1690,203,completed,14.99,2024-01-29 08:44:00
1691,84,cancelled,4.99,2024-07-20 08:01:00
1692,425,cancelled,9.99,2024-06-23 10:51:00
1693,113,shipped,9.99,2024-01-04 11:43:00
1694,41,cancelled,4.99,2024-05-29 19:51:00
1695,321,completed,4.99,2024-08-21 16:25:00
1696,265,shipped,9.99,2024-09-01 05:31:00
1697,146,shipped,4.99,2024-10-18 23:58:00
1698,212,completed,0.0,2024-09-28 21:22:00
1699,437,completed,4.99,2025-05-29 07:48:00
1700,94,completed,4.99,2024-02-22 10:10:00
1701,149,completed,4.99,2024-10-13 19:27:00
1702,327,returned,4.99,2024-05-30 10:54:00
1703,317,returned,4.99,2024-02-08 04:51:00
1704,140,returned,0.0,2024-07-29 01:30:00
1705,97,processing,0.0,2024-09-12 10:11:00
1706,10,completed,0.0,2024-11-27 23:36:00
1707,26,completed,0.0,2025-04-13 08:42:00
1708,96,completed,4.99,2025-05-05 01:36:00
1709,145,shipped,4.99,2024-04-08 07:24:00
1710,65,returned,14.99,2025-07-12 15:14:00
1711,373,completed,0.0,2024-08-19 17:45:00
1712,120,completed,4.99,2025-02-19 08:07:00
1713,78,completed,9.99,2024-12-25 05:01:00
1714,253,completed,0.0,2024-05-17 08:17:00
1715,176,cancelled,4.99,2024-05-17 00:31:00
1716,160,returned,0.0,2024-09-27 09:52:00
1717,191,returned,4.99,2025-07-15 04:14:00
1718,357,completed,14.99,2024-11-19 04:28:00
1719,170,completed,14.99,2024-05-09 13:28:00
1720,432,completed,14.99,2024-09-10 09:03:00
1721,29,shipped,14.99,2024-07-15 12:51:00
1722,398,cancelled,4.99,2024-11-03 19:30:00
1723,37,returned,4.99,2025-02-16 06:32:00
1724,93,completed,9.99,2025-02-05 17:12:00
1725,459,shipped,0.0,2024-01-28 15:15:00
1726,419,cancelled,0.0,2024-08-30 00:26:00
1727,425,completed,0.0,2025-04-26 01:29:00
1728,63,completed,4.99,2024-09-19 18:16:00
1729,198,returned,14.99,2024-12-02 07:39:00
1730,127,completed,14.99,2025-08-31 05:35:00
1731,102,returned,9.99,2025-08-02 20:09:00
1732,377,completed,4.99,2024-07-13 08:08:00
1733,267,completed,0.0,2024-10-04 11:48:00
1734,243,cancelled,4.99,2024-01-11 22:57:00
1735,349,shipped,4.99,2024-05-22 04:59:00
1736,480,processing,9.99,2024-04-24 16:50:00
1737,82,completed,0.0,2024-12-11 10:09:00
1738,382,completed,9.99,2024-05-07 07:27:00
1739,130,returned,4.99,2025-08-13 17:04:00
1740,327,shipped,4.99,2024-09-06 10:26:00
1741,102,processing,4.99,2024-04-19 12:12:00
1742,455,completed,4.99,2025-02-19 09:56:00
1743,443,completed,4.99,2024-01-18 00:13:00
1744,499,completed,4.99,2024-05-24 23:32:00
1745,121,cancelled,4.99,2024-08-06 17:26:00
1746,167,completed,4.99,2024-06-16 09:42:00
1747,86,shipped,4.99,2024-06-29 09:50:00
1748,300,completed,14.99,2024-04-19 20:47:00
1749,203,completed,4.99,2024-04-22 14:05:00
1750,5,completed,4.99,2024-07-01 14:44:00
1751,298,returned,0.0,2025-02-16 19:53:00
1752,353,completed,0.0,2024-02-14 19:07:00
1753,191,completed,0.0,2024-01-10 21:26:00
1754,128,completed,4.99,2024-09-16 16:25:00
1755,256,completed,4.99,2024-01-04 07:35:00
1756,352,processing,9.99,2024-03-25 10:08:00
1757,477,completed,9.99,2024-01-22 04:22:00
1758,31,processing,0.0,2025-03-22 07:07:00
1759,331,completed,4.99,2024-03-20 22:31:00
1760,360,completed,0.0,2024-10-09 14:01:00
1761,65,returned,0.0,2025-05-07 12:07:00
1762,120,processing,4.99,2025-06-24 22:46:00
1763,286,processing,0.0,2025-07-09 02:35:00
1764,413,returned,4.99,2024-06-27 04:26:00
1765,376,completed,4.99,2024-08-01 10:31:00
1766,11,cancelled,4.99,2024-05-29 05:35:00
1767,184,completed,4.99,2024-06-27 13:47:00
1768,129,completed,4.99,2024-05-15 07:23:00
1769,249,returned,4.99,2024-12-30 03:55:00
1770,287,shipped,9.99,2024-12-30 08:20:00
1771,278,returned,4.99,2024-03-18 20:49:00
1772,98,completed,14.99,2024-03-07 20:23:00
1773,279,processing,4.99,2024-07-15 05:59:00
1774,166,returned,4.99,2024-06-20 12:16:00
1775,141,completed,4.99,2024-05-02 11:03:00
1776,36,completed,9.99,2024-05-14 14:53:00
1777,231,shipped,0.0,2025-03-10 11:37:00
1778,420,shipped,9.99,2024-06-24 21:52:00
1779,278,processing,0.0,2025-08-26 13:20:00
1780,233,completed,0.0,2025-06-20 05:40:00
1781,398,cancelled,4.99,2025-05-02 02:13:00
1782,376,completed,4.99,2024-10-11 21:56:00
1783,453,completed,4.99,2024-02-09 19:22:00
1784,318,processing,4.99,2025-04-01 14:55:00
1785,398,completed,0.0,2025-08-26 09:39:00
1786,165,completed,4.99,2024-04-08 13:52:00
1787,338,cancelled,4.99,2024-04-25 08:50:00
1788,98,returned,0.0,2024-05-11 07:42:00
1789,393,completed,9.99,2024-11-18 18:51:00
1790,314,shipped,4.99,2025-01-19 06:15:00
1791,166,cancelled,9.99,2025-01-29 03:46:00
1792,329,processing,0.0,2024-08-09 23:37:00
1793,57,completed,4.99,2024-08-31 20:22:00
1794,268,completed,4.99,2024-02-02 15:59:00
1795,23,completed,9.99,2024-12-04 19:02:00
1796,92,completed,4.99,2024-12-29 19:39:00
1797,104,completed,0.0,2024-12-19 05:17:00
1798,249,completed,0.0,2025-03-28 21:58:00
1799,51,completed,0.0,2025-07-26 05:25:00
1800,293,cancelled,9.99,2025-06-07 01:21:00
1801,337,returned,4.99,2024-05-15 03:42:00
1802,270,shipped,0.0,2024-04-07 13:14:00
1803,26,processing,4.99,2024-07-28 00:00:00
1804,114,completed,4.99,2024-08-13 13:01:00
1805,7,completed,4.99,2024-12-15 15:48:00
1806,336,returned,4.99,2024-02-13 16:52:00
1807,476,completed,0.0,2024-09-07 09:03:00
1808,240,completed,14.99,2024-10-10 18:48:00
1809,185,cancelled,4.99,2024-03-06 21:46:00
1810,421,processing,4.99,2024-05-16 19:09:00
1811,407,completed,0.0,2024-05-01 07:36:00
1812,422,shipped,0.0,2025-01-21 04:55:00
1813,271,completed,9.99,2024-10-03 00:20:00
1814,376,completed,4.99,2025-06-05 11:21:00
1815,428,shipped,4.99,2024-07-13 05:55:00
1816,40,completed,4.99,2024-04-12 23:21:00
1817,492,completed,9.99,2024-07-25 05:31:00
1818,52,completed,0.0,2025-02-08 15:09:00
1819,273,cancelled,4.99,2025-02-02 10:39:00
1820,98,completed,4.99,2025-04-17 20:42:00
1821,270,completed,0.0,2024-05-03 05:36:00
1822,292,completed,0.0,2024-11-20 23:43:00
1823,286,cancelled,4.99,2024-02-09 06:51:00
1824,383,completed,4.99,2024-11-04 11:36:00
1825,393,processing,9.99,2024-12-29 22:22:00
1826,346,returned,4.99,2025-05-27 11:37:00
1827,360,cancelled,4.99,2024-07-18 14:47:00
1828,453,completed,0.0,2024-09-22 17:35:00
1829,86,completed,0.0,2024-03-08 00:51:00
1830,282,cancelled,4.99,2025-06-03 18:31:00
1831,259,processing,0.0,2024-05-24 04:22:00
1832,337,completed,9.99,2025-06-30 13:53:00
1833,274,returned,4.99,2024-03-19 05:13:00
1834,478,processing,0.0,2024-04-01 13:23:00
1835,463,processing,9.99,2024-04-02 23:35:00
1836,282,processing,14.99,2024-05-20 23:09:00
1837,433,processing,4.99,2025-05-07 05:53:00
1838,212,cancelled,9.99,2024-09-14 18:07:00
1839,423,processing,4.99,2024-11-30 06:03:00
1840,312,completed,0.0,2024-12-01 23:36:00
1841,289,completed,4.99,2024-12-06 04:43:00
1842,193,shipped,14.99,2024-04-08 10:08:00
1843,185,returned,4.99,2024-06-22 12:58:00
1844,230,cancelled,4.99,2025-01-15 09:16:00
1845,1,completed,4.99,2024-08-17 07:24:00
1846,146,completed,14.99,2024-07-28 22:30:00
1847,266,completed,0.0,2025-01-09 05:23:00
1848,456,shipped,9.99,2024-10-24 02:20:00
1849,4,shipped,4.99,2025-05-28 04:24:00
1850,114,completed,14.99,2024-12-20 08:03:00
1851,439,processing,4.99,2024-02-19 09:31:00
1852,12,shipped,0.0,2025-04-23 17:56:00
1853,471,completed,4.99,2025-05-13 09:01:00
1854,49,completed,14.99,2025-04-07 10:21:00
1855,236,processing,4.99,2024-01-14 13:00:00
1856,80,completed,9.99,2025-02-24 14:49:00
1857,136,processing,0.0,2024-05-21 13:49:00
1858,456,completed,9.99,2024-06-28 21:36:00
1859,120,shipped,0.0,2024-05-13 10:51:00
1860,416,shipped,9.99,2024-04-10 13:30:00
1861,48,cancelled,9.99,2024-07-31 04:25:00
1862,292,completed,0.0,2025-01-08 08:56:00
1863,376,completed,9.99,2024-01-16 22:10:00
1864,371,processing,4.99,2025-01-01 22:03:00
1865,406,returned,4.99,2025-02-28 14:33:00
1866,89,returned,4.99,2024-07-06 06:33:00
1867,423,completed,0.0,2024-12-21 01:38:00
1868,305,shipped,14.99,2024-09-25 18:55:00
1869,20,cancelled,0.0,2024-04-19 07:55:00
1870,41,completed,9.99,2024-04-16 07:28:00
1871,472,processing,0.0,2025-08-16 12:31:00
1872,179,cancelled,9.99,2024-02-03 20:13:00
1873,214,completed,4.99,2025-03-11 14:02:00
1874,446,completed,4.99,2024-12-09 17:55:00
1875,383,completed,4.99,2024-07-15 20:04:00
1876,325,cancelled,0.0,2025-06-30 14:53:00
1877,28,shipped,4.99,2024-01-31 15:08:00
1878,269,completed,0.0,2024-02-23 15:13:00
1879,164,completed,4.99,2024-08-04 00:25:00
1880,168,completed,4.99,2024-07-17 07:27:00
1881,79,completed,0.0,2025-08-19 23:29:00
1882,345,cancelled,4.99,2025-07-27 20:24:00
1883,498,returned,9.99,2024-07-06 17:30:00
1884,386,completed,4.99,2024-08-11 05:07:00
1885,114,cancelled,9.99,2025-01-26 17:50:00
1886,149,cancelled,0.0,2025-01-16 22:02:00
1887,76,completed,0.0,2025-06-27 01:14:00
1888,173,completed,4.99,2024-04-27 00:30:00
1889,244,completed,0.0,2024-09-29 15:33:00
1890,281,cancelled,0.0,2024-08-22 05:40:00
1891,135,completed,4.99,2024-03-16 20:19:00
1892,205,cancelled,4.99,2024-01-14 10:53:00
1893,397,completed,0.0,2025-03-30 14:12:00
1894,391,completed,9.99,2025-02-19 03:40:00
1895,247,completed,4.99,2024-03-07 23:40:00
1896,250,cancelled,4.99,2024-09-27 17:45:00
1897,334,completed,0.0,2025-08-28 06:41:00
1898,288,completed,0.0,2024-04-15 07:27:00
1899,125,completed,14.99,2025-01-26 00:59:00
1900,137,cancelled,0.0,2024-02-01 03:04:00
1901,166,completed,14.99,2025-07-02 10:52:00
1902,58,cancelled,4.99,2024-05-29 18:54:00
1903,217,processing,0.0,2024-12-18 10:14:00
1904,179,completed,0.0,2024-08-16 08:17:00
1905,165,processing,0.0,2024-10-29 02:20:00
1906,305,completed,4.99,2024-12-08 10:06:00
1907,395,shipped,0.0,2025-05-02 10:56:00
1908,87,processing,0.0,2024-03-24 08:11:00
1909,316,returned,4.99,2025-08-17 19:01:00
1910,320,completed,9.99,2025-07-12 07:24:00
1911,226,completed,0.0,2024-12-28 15:43:00
1912,474,completed,4.99,2024-04-22 16:26:00
1913,103,processing,4.99,2024-06-15 03:58:00
1914,80,completed,4.99,2024-06-27 21:15:00
1915,58,completed,0.0,2025-06-09 15:02:00
1916,125,completed,9.99,2024-11-06 13:06:00
1917,445,shipped,0.0,2024-02-26 11:39:00
1918,8,processing,9.99,2024-02-07 00:48:00
1919,356,completed,4.99,2024-12-24 21:59:00
1920,157,returned,0.0,2025-01-02 19:25:00
1921,242,completed,0.0,2025-08-26 15:19:00
1922,170,completed,4.99,2024-12-22 20:53:00
1923,379,completed,9.99,2024-06-05 01:43:00
1924,105,shipped,4.99,2024-07-19 03:55:00
1925,281,returned,9.99,2024-10-16 22:39:00
1926,319,completed,4.99,2025-06-17 20:51:00
1927,356,completed,9.99,2025-08-23 18:55:00
1928,193,completed,9.99,2024-12-18 17:10:00
1929,131,completed,14.99,2025-04-09 22:19:00
1930,31,shipped,0.0,2024-07-03 04:22:00
1931,103,shipped,4.99,2025-04-22 02:10:00
1932,28,returned,4.99,2025-04-23 20:18:00
1933,336,completed,9.99,2025-03-27 07:38:00
1934,35,cancelled,9.99,2024-09-30 09:40:00
1935,339,shipped,0.0,2025-08-26 14:16:00
1936,340,processing,0.0,2025-08-27 07:15:00
1937,443,completed,9.99,2025-03-27 13:04:00
1938,10,shipped,0.0,2025-01-09 12:20:00
1939,445,cancelled,0.0,2024-08-07 15:02:00
1940,119,cancelled,0.0,2025-09-01 23:11:00
1941,261,completed,4.99,2024-08-19 10:59:00
1942,463,processing,4.99,2024-06-02 06:38:00
1943,249,completed,14.99,2024-03-22 09:32:00
1944,96,completed,4.99,2024-01-25 00:24:00
1945,257,returned,9.99,2024-10-28 02:47:00
1946,288,completed,0.0,2025-01-21 08:02:00
1947,21,completed,14.99,2024-11-21 03:55:00
1948,473,shipped,4.99,2025-01-02 18:26:00
1949,171,returned,0.0,2024-12-22 18:15:00
1950,202,completed,4.99,2025-03-28 10:09:00
1951,10,processing,4.99,2024-06-19 18:19:00
1952,351,processing,0.0,2025-02-27 06:49:00
1953,182,shipped,9.99,2025-06-17 08:41:00
1954,121,shipped,0.0,2024-01-26 17:34:00
1955,416,completed,9.99,2024-08-17 01:41:00
1956,321,shipped,0.0,2025-03-17 03:39:00
1957,450,cancelled,4.99,2024-10-17 21:24:00
1958,456,completed,14.99,2025-04-04 15:39:00
1959,484,shipped,4.99,2024-06-29 22:37:00
1960,116,completed,9.99,2024-12-29 15:21:00
1961,175,cancelled,0.0,2024-09-10 15:01:00
1962,337,completed,9.99,2024-02-17 19:54:00
1963,45,cancelled,9.99,2024-09-17 22:14:00
1964,267,completed,4.99,2024-09-17 01:49:00
1965,214,completed,0.0,2024-12-29 03:29:00
1966,294,completed,4.99,2025-08-31 14:35:00
1967,219,shipped,9.99,2024-11-13 16:17:00
1968,466,processing,9.99,2024-06-04 03:12:00
1969,230,completed,9.99,2024-05-03 05:48:00
1970,106,completed,0.0,2025-02-28 22:11:00
1971,298,completed,0.0,2024-02-03 18:39:00
1972,442,completed,14.99,2024-02-22 09:27:00
1973,159,completed,14.99,2024-05-09 13:26:00
1974,221,completed,4.99,2024-08-24 00:27:00
1975,336,completed,4.99,2025-01-11 09:18:00
1976,163,completed,0.0,2024-07-09 08:41:00
1977,286,completed,4.99,2024-11-11 16:15:00
1978,95,processing,4.99,2024-05-02 17:08:00
1979,430,completed,0.0,2024-08-27 17:30:00
1980,373,completed,9.99,2024-08-04 18:13:00
1981,392,processing,4.99,2025-07-01 06:06:00
1982,451,cancelled,9.99,2025-04-17 14:11:00
1983,493,cancelled,14.99,2024-07-01 11:20:00
1984,156,returned,4.99,2024-01-20 10:08:00
1985,382,shipped,9.99,2025-08-22 09:59:00
1986,78,completed,14.99,2024-10-25 00:00:00
1987,55,completed,9.99,2024-03-21 15:55:00
1988,95,completed,4.99,2025-08-02 15:55:00
1989,391,shipped,4.99,2024-01-15 08:00:00
1990,311,completed,9.99,2024-09-27 07:25:00
1991,306,completed,0.0,2024-06-11 02:30:00
1992,119,completed,0.0,2025-05-21 01:56:00
1993,184,completed,9.99,2024-02-15 03:22:00
1994,353,returned,14.99,2025-05-10 00:44:00
1995,69,returned,4.99,2024-10-17 06:14:00
1996,365,processing,4.99,2025-05-19 17:32:00
1997,95,cancelled,9.99,2024-02-09 00:02:00
1998,252,returned,14.99,2024-12-16 21:10:00
1999,71,completed,4.99,2025-01-10 12:10:00
2000,99,completed,0.0,2024-04-18 10:11:00
2001,17,cancelled,0.0,2025-01-25 16:37:00
2002,392,completed,0.0,2024-03-08 18:44:00
2003,474,shipped,0.0,2024-07-14 19:08:00
2004,487,cancelled,0.0,2025-04-30 22:31:00
2005,114,completed,14.99,2024-08-14 15:38:00
2006,388,completed,4.99,2024-02-08 18:12:00
2007,34,completed,4.99,2024-02-04 03:55:00
2008,475,returned,14.99,2024-05-07 12:34:00
2009,444,returned,4.99,2025-04-08 00:05:00
2010,353,processing,9.99,2024-01-01 22:21:00
2011,444,returned,0.0,2024-06-07 21:46:00
2012,455,completed,9.99,2025-06-21 15:24:00
2013,219,cancelled,0.0,2024-11-01 07:54:00
2014,398,completed,9.99,2025-02-08 20:19:00
2015,312,cancelled,4.99,2024-08-04 06:54:00
2016,369,processing,0.0,2025-08-11 05:01:00
2017,202,completed,0.0,2025-06-01 04:38:00
2018,267,completed,9.99,2024-11-05 11:37:00
2019,232,returned,4.99,2024-11-19 08:01:00
2020,424,completed,4.99,2024-04-12 20:47:00
2021,450,completed,4.99,2024-10-04 02:39:00
2022,266,cancelled,0.0,2024-11-23 17:19:00
2023,377,completed,0.0,2024-05-04 23:37:00
2024,286,cancelled,4.99,2024-04-17 10:08:00
2025,265,completed,4.99,2025-01-21 10:17:00
2026,98,shipped,0.0,2024-06-01 10:40:00
2027,226,cancelled,0.0,2025-06-04 21:55:00
2028,453,shipped,9.99,2024-07-05 03:57:00
2029,397,shipped,4.99,2025-03-21 08:28:00
2030,237,completed,9.99,2025-05-28 20:20:00
2031,217,shipped,4.99,2024-08-17 18:27:00
2032,314,completed,0.0,2024-06-30 11:22:00
2033,354,completed,4.99,2024-02-26 23:39:00
2034,238,returned,4.99,2024-12-01 10:35:00
2035,47,completed,4.99,2024-12-18 06:03:00
2036,93,completed,4.99,2025-08-15 18:40:00
2037,202,cancelled,4.99,2025-06-26 06:58:00
2038,166,returned,4.99,2024-02-09 14:10:00
2039,13,completed,4.99,2024-06-22 21:52:00
2040,233,completed,0.0,2024-07-03 08:40:00
2041,452,returned,0.0,2024-06-07 22:15:00
2042,47,shipped,14.99,2024-08-09 06:10:00
2043,166,completed,0.0,2025-04-05 05:36:00
2044,368,completed,9.99,2025-02-07 17:11:00
2045,47,completed,4.99,2024-02-07 03:48:00
2046,362,returned,4.99,2024-01-12 08:51:00
2047,325,processing,4.99,2024-01-03 03:06:00
2048,44,cancelled,9.99,2025-08-22 05:51:00
2049,373,completed,4.99,2024-10-12 16:32:00
2050,194,cancelled,9.99,2024-08-22 22:43:00
2051,23,completed,0.0,2024-09-30 22:12:00
2052,468,processing,4.99,2024-12-12 13:29:00
2053,290,completed,4.99,2024-09-07 10:36:00
2054,84,completed,4.99,2025-04-27 13:00:00
2055,92,completed,4.99,2024-05-27 15:40:00
2056,215,shipped,4.99,2025-07-12 04:34:00
2057,159,returned,9.99,2025-08-22 12:24:00
2058,148,completed,4.99,2024-02-11 10:54:00
2059,61,completed,4.99,2024-09-19 13:04:00
2060,492,completed,9.99,2024-02-05 13:25:00
2061,2,shipped,0.0,2025-01-03 01:27:00
2062,7,returned,4.99,2025-03-09 22:39:00
2063,255,returned,9.99,2025-06-15 05:09:00
2064,279,completed,0.0,2024-09-25 23:36:00
2065,312,returned,4.99,2025-01-20 10:16:00
2066,122,completed,0.0,2024-07-09 03:36:00
2067,302,returned,9.99,2025-06-19 14:20:00
2068,233,cancelled,4.99,2025-03-24 01:03:00
2069,227,completed,4.99,2024-05-25 10:43:00
2070,308,completed,0.0,2024-04-19 03:04:00
2071,126,shipped,9.99,2024-09-12 16:30:00
2072,318,completed,4.99,2024-06-09 11:02:00
2073,26,completed,9.99,2024-04-12 09:07:00
2074,76,completed,4.99,2025-05-01 01:22:00
2075,335,processing,0.0,2025-05-16 05:46:00
2076,19,completed,0.0,2024-12-20 23:26:00
2077,438,completed,4.99,2025-08-23 21:07:00
2078,342,shipped,0.0,2024-09-28 04:21:00
2079,170,completed,9.99,2025-08-09 04:42:00
2080,26,completed,9.99,2025-07-10 03:07:00
2081,214,completed,4.99,2025-03-28 10:31:00
2082,83,shipped,0.0,2024-01-10 03:07:00
2083,313,completed,9.99,2025-08-28 16:56:00
2084,495,returned,9.99,2024-06-05 08:39:00
2085,384,processing,4.99,2025-08-14 14:34:00
2086,477,completed,4.99,2025-06-13 15:32:00
2087,48,shipped,4.99,2025-01-15 21:34:00
2088,166,processing,4.99,2024-04-10 06:45:00
2089,460,cancelled,0.0,2025-05-27 20:31:00
2090,420,completed,4.99,2024-08-15 17:35:00
2091,389,cancelled,0.0,2025-05-22 00:45:00
2092,432,completed,9.99,2024-02-12 23:46:00
2093,150,returned,4.99,2024-06-02 13:05:00
2094,69,completed,9.99,2024-03-05 13:51:00
2095,356,shipped,14.99,2024-01-04 06:10:00
2096,169,cancelled,0.0,2024-03-16 16:51:00
2097,269,completed,0.0,2024-07-30 19:02:00
2098,357,completed,4.99,2024-02-29 23:45:00
2099,314,completed,9.99,2024-02-24 09:48:00
2100,56,completed,4.99,2025-07-05 18:03:00
2101,248,shipped,14.99,2024-11-27 18:53:00
2102,219,processing,0.0,2024-12-01 23:41:00
2103,133,processing,14.99,2024-09-01 04:30:00
2104,475,completed,0.0,2025-05-19 03:05:00
2105,315,returned,0.0,2025-03-24 18:19:00
2106,267,returned,9.99,2024-02-09 16:53:00
2107,253,completed,4.99,2025-04-17 21:46:00
2108,453,completed,0.0,2025-01-31 09:54:00
2109,363,shipped,4.99,2024-04-02 06:35:00
2110,100,completed,0.0,2025-06-24 18:53:00
2111,61,completed,4.99,2024-10-25 22:54:00
2112,239,completed,4.99,2025-01-08 01:54:00
2113,378,completed,9.99,2024-05-25 17:01:00
2114,410,cancelled,4.99,2025-01-25 07:53:00
2115,212,completed,14.99,2024-11-05 01:00:00
2116,171,processing,14.99,2024-04-21 09:58:00
2117,287,completed,9.99,2024-05-20 00:45:00
2118,6,completed,0.0,2024-08-21 07:45:00
2119,354,shipped,4.99,2024-07-17 14:13:00
2120,131,completed,0.0,2024-03-28 10:14:00
2121,158,shipped,9.99,2025-02-19 01:14:00
2122,260,processing,4.99,2025-07-09 08:55:00
2123,393,completed,4.99,2025-02-21 09:56:00
2124,59,processing,9.99,2024-08-06 15:21:00
2125,175,cancelled,0.0,2025-05-12 19:09:00
2126,371,completed,0.0,2025-06-18 23:31:00
2127,427,completed,4.99,2024-08-10 00:41:00
2128,100,processing,0.0,2025-03-07 08:43:00
2129,427,processing,4.99,2024-08-21 23:51:00
2130,473,returned,0.0,2025-08-29 03:51:00
2131,470,returned,9.99,2024-02-25 17:48:00
2132,409,completed,4.99,2025-06-20 18:48:00
2133,331,completed,0.0,2025-04-07 19:06:00
2134,247,completed,9.99,2025-02-25 04:06:00
2135,322,returned,14.99,2024-03-03 15:39:00
2136,457,processing,4.99,2024-11-12 12:39:00
2137,237,cancelled,9.99,2025-06-27 09:47:00
2138,476,completed,4.99,2025-01-04 17:33:00
2139,428,shipped,9.99,2024-07-25 17:52:00
2140,290,processing,9.99,2025-03-06 08:03:00
2141,285,completed,4.99,2025-05-12 12:46:00
2142,107,processing,4.99,2024-02-15 12:42:00
2143,410,processing,0.0,2025-01-03 19:14:00
2144,34,completed,4.99,2024-07-02 08:21:00
2145,144,completed,9.99,2024-11-03 16:18:00
2146,174,cancelled,4.99,2025-05-30 02:10:00
2147,321,completed,0.0,2024-10-29 03:28:00
2148,293,cancelled,9.99,2025-02-22 08:31:00
2149,96,completed,4.99,2024-08-26 16:53:00
2150,443,shipped,4.99,2024-07-01 08:39:00
2151,362,processing,4.99,2024-05-21 02:54:00
2152,364,completed,0.0,2025-06-17 21:28:00
2153,140,cancelled,0.0,2024-06-15 09:56:00
2154,45,returned,4.99,2024-07-22 15:34:00
2155,450,completed,0.0,2024-03-05 21:42:00
2156,191,returned,9.99,2025-07-28 16:06:00
2157,425,shipped,0.0,2025-02-19 23:50:00
2158,111,shipped,0.0,2025-06-10 23:15:00
2159,90,completed,4.99,2025-01-15 19:50:00
2160,192,completed,0.0,2024-12-20 10:33:00
2161,399,completed,4.99,2024-10-13 14:34:00
2162,468,completed,4.99,2024-01-19 16:44:00
2163,228,completed,9.99,2024-12-19 07:22:00
2164,410,returned,0.0,2025-05-19 02:07:00
2165,464,completed,0.0,2025-01-05 15:33:00
2166,98,processing,0.0,2024-06-25 11:09:00
2167,473,returned,0.0,2024-03-08 11:32:00
2168,376,shipped,0.0,2025-01-05 00:42:00
2169,398,processing,9.99,2024-05-04 07:12:00
2170,74,completed,4.99,2024-05-16 17:57:00
2171,421,completed,0.0,2024-08-19 01:23:00
2172,106,completed,0.0,2024-06-07 17:50:00
2173,236,cancelled,4.99,2024-03-12 23:50:00
2174,366,completed,0.0,2024-12-24 12:50:00
2175,3,shipped,9.99,2025-03-02 18:17:00
2176,478,completed,0.0,2024-03-12 10:31:00
2177,352,completed,0.0,2024-05-05 19:32:00
2178,171,returned,4.99,2024-01-17 18:47:00
2179,456,completed,4.99,2024-06-12 21:33:00
2180,53,shipped,0.0,2025-01-22 13:17:00
2181,12,shipped,4.99,2025-03-14 23:34:00
2182,328,completed,0.0,2024-03-04 13:16:00
2183,165,completed,9.99,2024-12-06 14:38:00
2184,99,shipped,0.0,2025-05-01 19:52:00
2185,142,processing,9.99,2024-11-21 11:42:00
2186,396,returned,4.99,2024-01-06 19:18:00
2187,344,completed,9.99,2024-10-18 04:30:00
2188,140,completed,0.0,2025-05-14 15:52:00
2189,81,shipped,4.99,2024-03-10 23:38:00
2190,59,completed,0.0,2024-05-31 14:14:00
2191,491,completed,4.99,2024-05-19 13:01:00
2192,106,processing,9.99,2024-05-26 15:39:00
2193,282,processing,0.0,2024-05-19 16:37:00
2194,139,completed,0.0,2024-12-28 09:48:00
2195,483,shipped,4.99,2024-10-14 06:10:00
2196,294,completed,4.99,2024-02-04 12:22:00
2197,88,completed,4.99,2025-07-08 08:14:00
2198,160,processing,4.99,2024-10-05 19:02:00
2199,277,returned,0.0,2024-05-08 15:48:00
2200,26,completed,4.99,2024-11-29 10:40:00
2201,15,returned,4.99,2025-06-08 00:04:00
2202,463,completed,4.99,2024-04-04 03:18:00
2203,55,cancelled,0.0,2024-05-16 05:04:00
2204,28,completed,9.99,2025-04-16 08:37:00
2205,219,cancelled,4.99,2024-06-30 09:23:00
2206,92,returned,14.99,2024-01-29 11:59:00
2207,316,processing,4.99,2025-02-19 05:40:00
2208,160,processing,4.99,2025-04-05 20:09:00
2209,419,completed,9.99,2025-07-06 12:08:00
2210,366,completed,4.99,2024-11-24 14:20:00
2211,499,returned,4.99,2025-02-18 08:34:00
2212,291,completed,4.99,2024-01-27 12:57:00
2213,48,returned,14.99,2025-01-29 02:28:00
2214,50,returned,4.99,2025-02-23 11:54:00
2215,159,returned,9.99,2024-02-25 09:45:00
2216,241,completed,9.99,2024-12-20 01:51:00
2217,486,completed,4.99,2024-11-05 10:04:00
2218,74,shipped,0.0,2024-03-13 13:09:00
2219,468,processing,9.99,2024-03-28 11:37:00
2220,201,completed,9.99,2025-02-03 09:46:00
2221,359,processing,0.0,2024-08-23 18:58:00
2222,404,processing,0.0,2025-03-04 04:37:00
2223,233,returned,9.99,2025-03-14 01:59:00
2224,16,completed,14.99,2024-04-05 12:44:00
2225,244,completed,0.0,2024-10-10 23:31:00
2226,180,returned,9.99,2025-06-28 15:52:00
2227,237,completed,0.0,2024-03-05 20:47:00
2228,145,processing,0.0,2024-04-02 13:55:00
2229,310,completed,0.0,2024-09-14 08:02:00
2230,261,completed,14.99,2024-10-05 06:01:00
2231,208,completed,0.0,2024-08-12 21:27:00
2232,167,completed,4.99,2025-07-10 17:13:00
2233,406,shipped,9.99,2024-09-03 10:47:00
2234,273,returned,4.99,2024-01-04 19:59:00
2235,206,cancelled,0.0,2024-10-11 09:49:00
2236,123,completed,4.99,2024-08-27 07:15:00
2237,281,completed,9.99,2025-03-13 10:09:00
2238,499,returned,0.0,2024-11-28 18:13:00
2239,197,completed,4.99,2024-08-10 00:56:00
2240,175,completed,9.99,2024-03-22 05:48:00
2241,417,cancelled,0.0,2025-03-27 15:52:00
2242,402,cancelled,4.99,2024-09-02 22:24:00
2243,291,processing,0.0,2025-08-05 20:18:00
2244,279,completed,0.0,2024-10-23 00:17:00
2245,89,completed,0.0,2024-07-22 22:04:00
2246,379,returned,9.99,2024-01-31 00:10:00
2247,59,returned,4.99,2024-03-15 12:42:00
2248,167,completed,9.99,2025-01-16 21:04:00
2249,421,returned,4.99,2024-02-11 04:10:00
2250,91,shipped,0.0,2024-01-21 15:04:00
2251,490,cancelled,0.0,2025-02-23 19:31:00
2252,36,completed,9.99,2024-10-26 20:20:00
2253,351,cancelled,4.99,2025-02-21 01:03:00
2254,168,returned,14.99,2024-03-12 03:36:00
2255,331,completed,4.99,2025-03-18 08:25:00
2256,47,completed,0.0,2024-02-09 00:38:00
2257,419,completed,9.99,2024-11-22 13:44:00
2258,455,completed,4.99,2024-04-30 06:50:00
2259,388,completed,0.0,2025-06-22 23:14:00
2260,339,completed,4.99,2025-08-20 01:22:00
2261,232,shipped,0.0,2025-01-11 02:30:00
2262,200,returned,4.99,2024-08-21 04:57:00
2263,101,completed,0.0,2024-02-15 18:28:00
2264,349,processing,0.0,2024-08-23 12:51:00
2265,154,shipped,4.99,2024-05-20 01:30:00
2266,471,cancelled,0.0,2024-08-10 04:20:00
2267,368,processing,0.0,2024-05-31 07:30:00
2268,46,completed,0.0,2024-05-29 22:32:00
2269,314,cancelled,9.99,2024-03-03 06:19:00
2270,434,completed,4.99,2025-01-26 07:15:00
2271,437,shipped,0.0,2025-05-26 05:16:00
2272,32,processing,4.99,2025-08-06 20:10:00
2273,462,completed,0.0,2025-02-25 04:45:00
2274,1,processing,4.99,2024-04-05 11:38:00
2275,57,shipped,4.99,2025-02-24 15:23:00
2276,444,completed,9.99,2025-04-16 17:55:00
2277,121,cancelled,4.99,2025-04-12 19:17:00
2278,360,cancelled,4.99,2025-03-15 22:16:00
2279,321,processing,0.0,2024-05-08 02:32:00
2280,365,cancelled,14.99,2024-10-02 06:00:00
2281,208,cancelled,4.99,2024-04-02 16:00:00
2282,223,completed,9.99,2024-12-08 04:34:00
2283,340,completed,4.99,2025-06-01 15:38:00
2284,244,completed,4.99,2025-01-02 23:20:00
2285,97,cancelled,4.99,2025-02-07 23:23:00
2286,432,processing,4.99,2024-09-16 18:25:00
2287,431,cancelled,4.99,2024-05-17 23:31:00
2288,79,shipped,4.99,2025-03-07 23:22:00
2289,447,completed,9.99,2024-01-14 00:58:00
2290,69,completed,0.0,2024-11-17 14:39:00
2291,37,completed,0.0,2024-02-23 17:01:00
2292,74,returned,4.99,2025-03-14 16:37:00
2293,337,cancelled,0.0,2024-01-30 20:12:00
2294,500,completed,0.0,2024-03-24 12:29:00
2295,44,completed,0.0,2024-03-06 09:28:00
2296,329,cancelled,14.99,2025-04-25 23:27:00
2297,441,returned,4.99,2024-02-01 12:25:00
2298,458,cancelled,0.0,2024-10-30 11:11:00
2299,320,completed,0.0,2025-05-29 16:23:00
2300,233,cancelled,9.99,2024-08-29 22:01:00
2301,283,returned,4.99,2024-11-13 00:29:00
2302,197,processing,0.0,2025-04-02 15:35:00
2303,116,completed,4.99,2024-06-17 03:39:00
2304,218,completed,4.99,2024-11-21 09:11:00
2305,296,returned,4.99,2024-09-04 10:54:00
2306,434,completed,4.99,2024-05-11 01:08:00
2307,365,shipped,4.99,2025-02-02 02:51:00
2308,211,processing,4.99,2024-10-23 05:27:00
2309,18,completed,9.99,2024-10-08 21:57:00
2310,291,returned,4.99,2024-10-25 19:13:00
2311,361,processing,4.99,2024-02-28 01:37:00
2312,58,returned,4.99,2024-09-13 02:50:00
2313,493,completed,0.0,2025-08-12 15:01:00
2314,73,shipped,0.0,2024-04-18 04:47:00
2315,239,completed,14.99,2024-11-03 02:15:00
2316,268,completed,4.99,2025-07-25 08:36:00
2317,126,returned,4.99,2024-04-16 19:11:00
2318,323,completed,14.99,2024-05-04 07:21:00
2319,351,shipped,0.0,2024-12-20 22:59:00
2320,314,completed,0.0,2025-02-01 22:28:00
2321,463,processing,0.0,2024-02-28 21:26:00
2322,274,completed,4.99,2024-03-25 10:42:00
2323,241,returned,9.99,2024-08-13 20:11:00
2324,263,returned,0.0,2024-02-15 11:02:00
2325,294,processing,4.99,2025-05-11 11:04:00
2326,216,processing,0.0,2024-05-14 19:01:00
2327,492,shipped,4.99,2024-08-28 17:39:00
2328,149,completed,0.0,2024-05-08 04:44:00
2329,19,shipped,4.99,2024-08-26 18:41:00
2330,373,shipped,9.99,2024-06-12 11:05:00
2331,32,returned,14.99,2024-04-28 13:46:00
2332,297,completed,9.99,2024-11-03 06:20:00
2333,294,completed,14.99,2024-11-01 17:54:00
2334,337,shipped,0.0,2025-07-20 22:59:00
2335,415,completed,4.99,2024-03-10 19:18:00
2336,147,returned,14.99,2025-05-05 18:16:00
2337,43,completed,4.99,2025-05-13 04:56:00
2338,259,completed,9.99,2024-10-31 14:09:00
2339,436,shipped,9.99,2025-05-28 02:04:00
2340,130,completed,9.99,2025-02-26 01:20:00
2341,316,shipped,14.99,2025-06-07 03:19:00
2342,141,shipped,4.99,2025-05-31 21:09:00
2343,8,completed,9.99,2024-01-07 12:03:00
2344,310,completed,4.99,2024-11-20 21:29:00
2345,466,completed,9.99,2025-08-23 05:14:00
2346,338,returned,4.99,2024-08-18 06:06:00
2347,190,completed,4.99,2024-08-16 04:50:00
2348,134,completed,0.0,2025-05-31 06:24:00
2349,249,completed,4.99,2024-10-01 10:04:00
2350,410,completed,9.99,2025-08-07 11:28:00
2351,176,completed,4.99,2025-06-13 09:15:00
2352,496,completed,9.99,2024-09-17 11:09:00
2353,305,completed,9.99,2024-11-17 20:59:00
2354,429,returned,0.0,2025-07-06 08:27:00
2355,386,cancelled,9.99,2025-06-19 15:58:00
2356,395,cancelled,4.99,2025-08-05 12:29:00
2357,122,returned,9.99,2025-07-10 18:37:00
2358,372,completed,0.0,2025-07-14 09:25:00
2359,108,processing,14.99,2025-06-23 11:20:00
2360,28,shipped,4.99,2024-07-19 02:30:00
2361,387,completed,4.99,2024-12-11 08:08:00
2362,27,completed,9.99,2025-01-25 10:07:00
2363,238,cancelled,0.0,2025-07-04 08:37:00
2364,244,shipped,9.99,2024-09-20 09:33:00
2365,244,completed,14.99,2024-10-06 21:16:00
2366,195,cancelled,0.0,2024-02-01 07:42:00
2367,243,shipped,9.99,2025-01-26 04:21:00
2368,75,cancelled,4.99,2024-06-29 06:17:00
2369,7,shipped,4.99,2024-11-08 16:08:00
2370,475,returned,0.0,2025-06-15 10:45:00
2371,196,processing,0.0,2024-04-24 21:31:00
2372,493,completed,0.0,2024-06-17 22:58:00
2373,50,processing,4.99,2024-09-12 03:32:00
2374,490,cancelled,4.99,2025-01-16 04:08:00
2375,313,shipped,0.0,2024-02-10 18:27:00
2376,172,shipped,9.99,2025-04-28 00:33:00
2377,137,completed,0.0,2025-06-19 03:18:00
2378,131,cancelled,0.0,2024-05-06 01:31:00
2379,237,completed,0.0,2024-03-12 17:38:00
2380,376,completed,0.0,2025-08-09 10:38:00
2381,267,processing,4.99,2024-09-14 00:23:00
2382,347,completed,4.99,2025-04-07 11:56:00
2383,161,completed,0.0,2025-07-21 03:05:00
2384,345,completed,4.99,2024-10-01 02:52:00
2385,426,completed,4.99,2024-03-13 08:37:00
2386,7,cancelled,0.0,2024-11-17 09:46:00
2387,51,completed,4.99,2025-07-11 00:17:00
2388,351,returned,0.0,2024-03-10 03:28:00
2389,180,completed,0.0,2025-07-19 09:35:00
2390,372,shipped,4.99,2024-09-26 14:54:00
2391,129,completed,4.99,2025-01-27 09:07:00
2392,18,completed,4.99,2024-11-05 20:51:00
2393,318,completed,9.99,2025-04-01 11:41:00
2394,30,completed,0.0,2025-07-09 19:48:00
2395,487,completed,4.99,2024-01-12 03:14:00
2396,363,completed,9.99,2025-02-24 00:41:00
2397,45,completed,4.99,2024-03-09 07:03:00
2398,193,completed,4.99,2024-06-22 10:16:00
2399,459,completed,9.99,2025-08-23 17:44:00
2400,357,completed,9.99,2024-10-14 19:30:00
2401,130,shipped,9.99,2025-07-15 05:09:00
2402,240,completed,4.99,2025-03-26 16:15:00
2403,328,returned,9.99,2024-09-05 20:21:00
2404,473,shipped,9.99,2024-06-01 14:57:00
2405,394,cancelled,14.99,2025-05-02 09:03:00
2406,355,processing,0.0,2025-01-05 16:34:00
2407,132,completed,4.99,2024-01-05 01:54:00
2408,400,completed,4.99,2025-04-27 11:14:00
2409,142,completed,9.99,2025-02-27 18:05:00
2410,196,cancelled,14.99,2024-10-10 19:44:00
2411,171,completed,4.99,2025-03-24 21:54:00
2412,133,shipped,14.99,2024-06-04 11:01:00
2413,92,returned,9.99,2024-08-09 06:39:00
2414,36,returned,9.99,2025-02-09 13:09:00
2415,476,completed,4.99,2024-02-24 00:39:00
2416,313,cancelled,4.99,2024-09-26 04:22:00
2417,92,returned,4.99,2025-02-14 21:04:00
2418,56,completed,9.99,2024-07-18 12:52:00
2419,277,cancelled,0.0,2024-05-01 00:53:00
2420,112,completed,4.99,2025-07-29 16:35:00
2421,468,returned,0.0,2025-04-08 18:00:00
2422,367,shipped,0.0,2024-03-31 04:45:00
2423,53,completed,4.99,2024-01-09 11:38:00
2424,38,completed,4.99,2025-03-22 18:12:00
2425,293,shipped,0.0,2024-02-09 23:14:00
2426,398,returned,4.99,2024-09-30 21:13:00
2427,10,returned,0.0,2024-03-28 23:11:00
2428,77,completed,0.0,2024-07-03 00:30:00
2429,478,completed,9.99,2024-06-26 06:25:00
2430,341,cancelled,4.99,2025-08-28 18:03:00
2431,137,completed,4.99,2024-11-05 04:27:00
2432,359,processing,9.99,2024-03-15 00:30:00
2433,464,cancelled,14.99,2024-06-15 21:11:00
2434,295,completed,0.0,2024-05-30 17:31:00
2435,264,returned,4.99,2024-02-13 20:57:00
2436,245,cancelled,0.0,2024-01-22 01:43:00
2437,207,completed,9.99,2024-06-28 20:21:00
2438,277,completed,0.0,2024-05-26 22:04:00
2439,2,cancelled,0.0,2024-03-25 09:26:00
2440,489,returned,0.0,2025-06-04 14:52:00
2441,63,processing,0.0,2024-03-19 10:28:00
2442,171,shipped,4.99,2024-08-03 12:56:00
2443,206,completed,4.99,2025-07-22 16:43:00
2444,324,completed,9.99,2024-12-16 14:36:00
2445,188,processing,4.99,2024-06-28 16:01:00
2446,42,returned,4.99,2024-11-20 06:36:00
2447,390,shipped,9.99,2024-05-19 14:11:00
2448,332,completed,14.99,2024-09-27 09:58:00
2449,91,completed,9.99,2024-08-02 19:56:00
2450,496,cancelled,4.99,2025-01-02 05:10:00
2451,339,completed,14.99,2025-03-29 06:33:00
2452,154,cancelled,4.99,2024-01-03 20:51:00
2453,459,completed,4.99,2025-02-15 06:44:00
2454,323,processing,14.99,2025-02-26 07:48:00
2455,250,completed,0.0,2025-04-15 08:46:00
2456,454,returned,4.99,2024-05-29 09:05:00
2457,377,completed,0.0,2024-12-01 00:50:00
2458,72,completed,9.99,2024-03-10 09:09:00
2459,99,completed,0.0,2024-02-17 02:36:00
2460,369,completed,0.0,2025-06-12 13:06:00
2461,251,cancelled,4.99,2024-10-31 17:24:00
2462,33,shipped,14.99,2024-06-05 03:06:00
2463,256,returned,9.99,2025-03-17 03:18:00
2464,495,completed,0.0,2024-09-08 22:14:00
2465,19,processing,0.0,2024-12-21 19:20:00
2466,29,processing,0.0,2024-06-15 00:25:00
2467,404,completed,4.99,2024-05-02 21:59:00
2468,208,completed,4.99,2025-01-26 08:12:00
2469,109,returned,9.99,2025-02-08 16:36:00
2470,482,completed,9.99,2024-02-06 15:34:00
2471,380,completed,9.99,2024-10-02 06:29:00
2472,474,completed,4.99,2024-03-15 07:47:00
2473,19,completed,0.0,2025-02-01 00:42:00
2474,251,completed,4.99,2025-05-14 17:20:00
2475,242,completed,0.0,2024-02-26 02:00:00
2476,125,completed,4.99,2024-02-13 22:54:00
2477,8,completed,4.99,2025-03-28 15:34:00
2478,324,completed,4.99,2025-08-26 12:31:00
2479,464,shipped,14.99,2025-07-14 09:07:00
2480,421,completed,4.99,2024-12-31 13:47:00
2481,234,completed,0.0,2024-09-12 07:42:00
2482,428,completed,0.0,2025-06-22 19:50:00
2483,419,completed,4.99,2025-03-14 17:47:00
2484,59,returned,9.99,2025-05-06 01:11:00
2485,305,completed,4.99,2024-01-07 08:14:00
2486,33,completed,4.99,2024-07-14 11:26:00
2487,219,processing,9.99,2024-01-27 03:20:00
2488,416,cancelled,4.99,2024-09-22 15:02:00
2489,167,completed,4.99,2024-12-24 15:08:00
2490,500,completed,0.0,2025-06-25 00:49:00
2491,165,completed,9.99,2024-07-13 08:01:00
2492,392,completed,4.99,2025-07-28 08:33:00
2493,304,completed,9.99,2024-12-25 10:46:00
2494,172,completed,4.99,2024-02-05 21:49:00
2495,62,shipped,0.0,2024-01-16 06:43:00
2496,73,cancelled,4.99,2024-07-28 11:43:00
2497,87,processing,14.99,2025-07-11 05:17:00
2498,284,completed,4.99,2025-01-15 01:07:00
2499,225,completed,4.99,2025-06-27 11:26:00
2500,474,completed,0.0,2024-04-11 14:36:00
2501,69,completed,4.99,2024-04-03 03:37:00
2502,406,cancelled,4.99,2025-06-06 01:37:00
2503,399,completed,9.99,2024-08-21 20:37:00
2504,9,returned,4.99,2025-03-27 12:37:00
2505,42,completed,4.99,2025-05-27 09:01:00
2506,4,completed,4.99,2024-08-19 01:07:00
2507,475,completed,0.0,2024-01-18 09:19:00
2508,362,shipped,4.99,2024-01-22 03:45:00
2509,214,returned,9.99,2025-02-09 19:32:00
2510,355,completed,0.0,2024-11-27 05:47:00
2511,106,completed,4.99,2025-01-08 23:08:00
2512,328,shipped,4.99,2024-01-09 05:47:00
2513,268,returned,0.0,2024-06-25 14:08:00
2514,211,completed,0.0,2024-08-08 18:00:00
2515,481,completed,4.99,2024-08-06 02:22:00
2516,313,completed,4.99,2025-01-07 18:27:00
2517,306,completed,9.99,2024-04-23 00:26:00
2518,368,returned,4.99,2024-06-14 14:54:00
2519,314,completed,9.99,2025-05-29 01:21:00
2520,322,shipped,0.0,2025-05-02 06:24:00
2521,179,cancelled,14.99,2025-08-13 01:15:00
2522,3,completed,4.99,2024-12-26 23:40:00
2523,99,completed,4.99,2025-05-06 15:01:00
2524,272,completed,4.99,2025-05-22 11:49:00
2525,317,processing,4.99,2024-01-24 08:05:00
2526,442,completed,4.99,2024-12-21 21:58:00
2527,238,completed,4.99,2024-11-18 09:49:00
2528,142,completed,9.99,2024-08-28 04:21:00
2529,100,completed,4.99,2024-06-18 09:04:00
2530,408,completed,4.99,2024-08-22 07:03:00
2531,351,returned,9.99,2024-02-21 12:05:00
2532,255,completed,9.99,2024-10-03 17:45:00
2533,82,completed,9.99,2024-08-01 08:47:00
2534,28,processing,4.99,2024-07-18 15:34:00
2535,146,completed,0.0,2024-05-01 13:30:00
2536,223,shipped,0.0,2025-04-16 02:33:00
2537,172,returned,4.99,2024-10-24 09:19:00
2538,23,completed,9.99,2025-02-09 20:22:00
2539,380,completed,14.99,2024-06-16 18:45:00
2540,474,completed,9.99,2024-11-17 16:25:00
2541,81,completed,4.99,2025-04-08 04:37:00
2542,249,completed,4.99,2024-06-23 02:06:00
2543,37,completed,0.0,2024-08-30 04:46:00
2544,370,returned,14.99,2025-01-21 02:07:00
2545,304,processing,4.99,2024-08-12 15:58:00
2546,215,completed,4.99,2025-07-25 11:02:00
2547,383,processing,9.99,2024-08-14 13:44:00
2548,118,completed,9.99,2024-01-10 17:37:00
2549,167,completed,0.0,2025-04-02 11:34:00
2550,51,completed,4.99,2025-01-12 19:58:00
2551,378,cancelled,4.99,2025-07-12 03:15:00
2552,446,completed,9.99,2024-02-04 08:59:00
2553,193,completed,9.99,2025-03-19 16:30:00
2554,38,returned,4.99,2025-08-27 03:20:00
2555,300,returned,4.99,2025-04-25 01:36:00
2556,28,cancelled,14.99,2024-05-15 13:12:00
2557,75,completed,9.99,2024-07-30 23:50:00
2558,476,returned,0.0,2024-08-14 11:24:00
2559,92,cancelled,4.99,2024-01-16 08:47:00
2560,192,completed,0.0,2024-05-22 14:12:00
2561,235,completed,0.0,2024-07-21 05:49:00
2562,324,processing,4.99,2025-07-06 02:19:00
2563,500,shipped,0.0,2024-07-04 08:17:00
2564,104,processing,4.99,2024-11-11 11:38:00
2565,66,completed,4.99,2024-11-16 16:22:00
2566,355,completed,0.0,2024-12-12 02:21:00
2567,144,completed,4.99,2024-09-12 12:56:00
2568,57,returned,0.0,2024-01-16 17:40:00
2569,235,cancelled,4.99,2025-08-12 01:52:00
2570,88,processing,14.99,2025-02-01 02:48:00
2571,113,shipped,0.0,2025-03-21 22:53:00
2572,310,completed,4.99,2024-09-16 19:36:00
2573,405,completed,0.0,2024-06-18 14:28:00
2574,296,completed,0.0,2024-07-15 18:12:00
2575,45,cancelled,0.0,2024-03-03 02:49:00
2576,439,returned,14.99,2025-07-19 20:36:00
2577,442,completed,4.99,2024-09-06 08:46:00
2578,303,returned,4.99,2024-11-17 20:19:00
2579,429,returned,9.99,2025-01-30 19:16:00
2580,143,completed,4.99,2025-03-30 19:59:00
2581,374,cancelled,4.99,2024-09-23 17:14:00
2582,377,completed,9.99,2025-01-02 10:44:00
2583,127,processing,4.99,2025-05-10 21:55:00
2584,223,completed,4.99,2024-08-01 02:16:00
2585,457,completed,4.99,2025-01-05 18:09:00
2586,468,completed,4.99,2025-04-27 11:30:00
2587,214,completed,14.99,2024-05-16 04:20:00
2588,21,returned,14.99,2024-06-07 02:18:00
2589,376,completed,4.99,2025-03-03 05:24:00
2590,218,cancelled,4.99,2025-03-17 06:41:00
2591,246,completed,4.99,2024-01-29 16:01:00
2592,232,returned,0.0,2025-07-06 15:04:00
2593,124,completed,4.99,2024-06-08 16:56:00
2594,286,completed,4.99,2024-10-28 06:35:00
2595,355,cancelled,9.99,2025-04-16 18:51:00
2596,487,completed,9.99,2025-03-17 23:42:00
2597,68,processing,0.0,2025-08-22 14:42:00
2598,152,completed,9.99,2025-08-12 21:37:00
2599,332,completed,4.99,2024-01-20 11:15:00
2600,9,returned,14.99,2024-06-24 03:21:00
2601,343,shipped,4.99,2024-06-26 08:20:00
2602,83,returned,0.0,2024-04-17 10:23:00
2603,440,completed,0.0,2025-07-22 13:13:00
2604,500,returned,4.99,2024-11-24 12:35:00
2605,238,completed,0.0,2025-03-25 18:53:00
2606,448,cancelled,4.99,2024-08-08 20:57:00
2607,95,processing,0.0,2025-05-16 00:42:00
2608,321,returned,9.99,2025-05-15 18:47:00
2609,361,completed,0.0,2025-01-16 23:02:00
2610,441,completed,4.99,2025-08-12 09:45:00
2611,198,processing,0.0,2025-08-23 15:11:00
2612,272,completed,0.0,2024-12-30 01:00:00
2613,152,cancelled,14.99,2025-07-22 03:04:00
2614,386,shipped,9.99,2024-06-06 06:31:00
2615,358,completed,4.99,2024-04-03 20:52:00
2616,404,completed,9.99,2025-03-24 21:51:00
2617,318,processing,4.99,2024-08-31 17:05:00
2618,377,completed,9.99,2025-07-03 04:31:00
2619,264,processing,0.0,2025-04-01 10:50:00
2620,455,completed,4.99,2025-05-10 06:00:00
2621,57,cancelled,0.0,2024-11-24 01:55:00
2622,188,returned,0.0,2025-08-18 09:43:00
2623,317,completed,0.0,2025-05-16 23:30:00
2624,188,processing,4.99,2024-08-20 12:01:00
2625,90,completed,4.99,2024-11-07 23:30:00
2626,288,completed,0.0,2025-08-20 22:28:00
2627,71,processing,0.0,2024-05-09 12:16:00
2628,123,completed,9.99,2024-12-31 15:36:00
2629,333,returned,0.0,2025-05-09 00:36:00
2630,378,completed,0.0,2024-05-19 10:07:00
2631,386,completed,9.99,2024-11-01 15:10:00
2632,165,processing,14.99,2024-03-03 06:53:00
2633,460,shipped,0.0,2024-03-10 15:01:00
2634,258,cancelled,14.99,2024-04-30 10:13:00
2635,142,completed,4.99,2025-08-21 23:09:00
2636,33,processing,0.0,2024-08-20 09:30:00
2637,177,returned,4.99,2025-08-20 23:19:00
2638,249,completed,0.0,2024-05-14 23:25:00
2639,241,shipped,0.0,2024-02-15 09:18:00
2640,232,processing,4.99,2025-06-06 22:35:00
2641,410,completed,0.0,2024-09-26 04:52:00
2642,97,returned,4.99,2024-01-08 03:03:00
2643,45,completed,14.99,2024-03-17 19:52:00
2644,201,completed,9.99,2025-03-15 08:25:00
2645,148,completed,4.99,2024-02-26 15:46:00
2646,56,completed,9.99,2024-05-12 09:31:00
2647,142,completed,14.99,2024-08-28 11:48:00
2648,357,completed,14.99,2024-05-18 09:06:00
2649,255,completed,9.99,2025-04-08 19:15:00
2650,448,completed,4.99,2025-05-26 21:12:00
2651,267,completed,0.0,2025-03-21 18:10:00
2652,151,cancelled,4.99,2025-03-30 02:10:00
2653,497,completed,9.99,2024-08-24 11:42:00
2654,243,processing,4.99,2024-12-16 11:46:00
2655,216,returned,4.99,2024-01-22 06:37:00
2656,378,completed,0.0,2024-10-19 01:14:00
2657,150,completed,4.99,2025-05-25 08:48:00
2658,33,completed,0.0,2024-06-05 20:03:00
2659,447,completed,4.99,2024-08-06 01:57:00
2660,428,processing,0.0,2025-01-26 03:20:00
2661,211,processing,4.99,2025-07-22 22:33:00
2662,336,processing,9.99,2024-12-22 01:31:00
2663,249,returned,4.99,2024-12-29 21:35:00
2664,235,shipped,4.99,2024-08-21 21:13:00
2665,291,completed,14.99,2025-04-10 09:38:00
2666,460,shipped,0.0,2024-01-05 13:52:00
2667,88,shipped,4.99,2025-08-17 23:52:00
2668,117,returned,4.99,2024-07-12 20:51:00
2669,191,shipped,0.0,2025-08-17 10:25:00
2670,395,completed,4.99,2025-02-10 23:25:00
2671,76,processing,0.0,2024-10-09 16:33:00
2672,146,returned,0.0,2024-03-23 06:42:00
2673,490,completed,9.99,2025-01-02 10:20:00
2674,317,completed,9.99,2025-03-10 09:05:00
2675,365,shipped,9.99,2024-12-09 17:08:00
2676,94,completed,4.99,2024-07-25 08:43:00
2677,430,completed,14.99,2024-05-07 13:04:00
2678,83,completed,9.99,2025-03-24 20:34:00
2679,60,completed,14.99,2024-03-28 17:22:00
2680,163,completed,0.0,2025-06-06 10:11:00
2681,226,shipped,4.99,2025-08-27 14:21:00
2682,190,completed,14.99,2024-10-01 10:47:00
2683,106,completed,0.0,2024-02-07 10:20:00
2684,341,processing,0.0,2025-03-13 11:32:00
2685,177,completed,9.99,2024-04-18 12:15:00
2686,191,returned,4.99,2024-11-28 04:38:00
2687,277,completed,14.99,2024-03-26 00:21:00
2688,274,shipped,4.99,2024-03-11 23:55:00
2689,63,completed,4.99,2024-09-29 06:50:00
2690,208,returned,0.0,2024-09-23 08:21:00
2691,394,completed,4.99,2024-01-24 09:59:00
2692,486,returned,4.99,2024-06-07 07:09:00
2693,476,processing,4.99,2024-08-01 12:28:00
2694,80,completed,9.99,2024-06-14 01:29:00
2695,497,processing,9.99,2024-07-06 22:36:00
2696,332,shipped,4.99,2024-03-20 06:42:00
2697,243,shipped,0.0,2024-02-25 08:20:00
2698,497,completed,4.99,2024-07-28 12:58:00
2699,410,returned,0.0,2025-08-31 09:36:00
2700,174,completed,4.99,2024-11-27 21:10:00
2701,375,returned,4.99,2024-12-17 12:58:00
2702,461,completed,9.99,2025-04-25 23:36:00
2703,72,completed,9.99,2025-06-13 01:54:00
2704,158,completed,0.0,2025-02-25 22:16:00
2705,206,completed,4.99,2024-06-02 05:26:00
2706,229,processing,4.99,2024-04-30 19:08:00
2707,48,processing,4.99,2025-03-06 02:44:00
2708,29,completed,14.99,2024-01-17 20:11:00
2709,299,completed,0.0,2025-08-08 07:05:00
2710,401,shipped,4.99,2024-05-15 15:22:00
2711,101,completed,4.99,2024-12-23 18:57:00
2712,43,returned,9.99,2024-08-10 19:28:00
2713,347,completed,9.99,2025-08-04 13:06:00
2714,500,cancelled,4.99,2024-06-25 16:49:00
2715,100,returned,0.0,2025-03-03 23:08:00
2716,163,completed,4.99,2025-06-20 20:47:00
2717,466,processing,9.99,2025-01-10 12:30:00
2718,204,completed,4.99,2024-11-09 08:36:00
2719,367,cancelled,14.99,2025-01-07 01:18:00
2720,190,cancelled,0.0,2024-09-30 21:42:00
2721,191,completed,4.99,2025-04-05 21:29:00
2722,146,processing,4.99,2025-05-19 05:01:00
2723,180,shipped,4.99,2024-04-03 01:58:00
2724,229,completed,4.99,2024-07-14 08:54:00
2725,111,returned,0.0,2024-06-11 20:35:00
2726,380,cancelled,9.99,2025-07-14 21:14:00
2727,412,returned,4.99,2024-05-21 18:04:00
2728,148,completed,9.99,2024-08-27 12:36:00
2729,413,cancelled,0.0,2024-04-07 17:03:00
2730,374,cancelled,14.99,2024-02-22 18:07:00
2731,72,completed,0.0,2024-04-18 21:20:00
2732,74,completed,0.0,2025-05-01 07:34:00
2733,156,returned,9.99,2024-04-23 08:12:00
2734,445,processing,4.99,2024-06-11 19:08:00
2735,34,cancelled,0.0,2025-01-17 23:38:00
2736,46,completed,4.99,2025-02-23 14:54:00
2737,210,shipped,9.99,2024-05-08 10:45:00
2738,213,completed,4.99,2025-02-06 22:28:00
2739,285,returned,9.99,2025-05-03 10:01:00
2740,364,completed,4.99,2024-02-14 18:07:00
2741,103,completed,4.99,2024-05-20 09:33:00
2742,427,cancelled,4.99,2024-06-19 17:37:00
2743,149,returned,14.99,2024-12-22 04:50:00
2744,22,shipped,4.99,2025-06-14 00:27:00
2745,428,shipped,4.99,2024-05-04 01:43:00
2746,253,returned,9.99,2024-01-23 23:55:00
2747,115,completed,4.99,2024-11-27 08:09:00
2748,406,completed,4.99,2025-08-13 03:16:00
2749,79,shipped,4.99,2024-12-23 05:04:00
2750,154,returned,4.99,2025-06-24 06:39:00
2751,64,shipped,4.99,2025-07-21 21:11:00
2752,214,completed,14.99,2025-01-26 00:07:00
2753,252,completed,9.99,2024-03-19 13:29:00
2754,15,completed,4.99,2024-06-22 05:03:00
2755,392,shipped,4.99,2025-03-19 12:01:00
2756,253,completed,0.0,2024-07-26 13:15:00
2757,307,processing,14.99,2024-02-19 00:37:00
2758,298,returned,4.99,2024-04-06 16:34:00
2759,290,cancelled,0.0,2025-06-27 09:49:00
2760,445,shipped,4.99,2025-03-08 00:16:00
2761,322,returned,9.99,2024-12-15 11:43:00
2762,499,completed,0.0,2025-04-14 08:49:00
2763,192,completed,9.99,2024-03-29 02:57:00
2764,433,shipped,14.99,2024-04-13 10:54:00
2765,84,completed,4.99,2024-10-30 07:02:00
2766,75,processing,4.99,2025-05-27 01:49:00
2767,237,completed,14.99,2025-02-06 03:03:00
2768,183,completed,4.99,2024-02-18 10:25:00
2769,28,shipped,14.99,2024-11-27 08:36:00
2770,185,cancelled,0.0,2024-08-19 04:03:00
2771,326,processing,0.0,2024-05-21 18:25:00
2772,25,shipped,0.0,2024-12-01 11:02:00
2773,150,completed,0.0,2025-07-09 06:12:00
2774,264,completed,9.99,2024-01-09 05:44:00
2775,393,completed,4.99,2025-08-06 21:27:00
2776,392,completed,9.99,2024-08-25 14:59:00
2777,307,completed,4.99,2025-07-24 12:21:00
2778,279,processing,4.99,2024-06-04 17:30:00
2779,447,processing,4.99,2025-05-08 00:01:00
2780,424,shipped,0.0,2025-08-08 21:35:00
2781,139,processing,0.0,2025-05-09 18:17:00
2782,50,processing,4.99,2025-03-25 03:35:00
2783,422,completed,9.99,2024-08-15 20:26:00
2784,7,completed,0.0,2024-05-05 16:27:00
2785,266,shipped,0.0,2024-04-03 02:31:00
2786,191,returned,9.99,2024-04-30 16:29:00
2787,211,processing,0.0,2024-10-25 04:41:00
2788,472,completed,14.99,2025-08-28 07:35:00
2789,53,completed,9.99,2025-07-23 19:34:00
2790,80,completed,0.0,2025-01-30 15:08:00
2791,426,completed,4.99,2024-09-16 10:59:00
2792,408,completed,14.99,2024-02-24 02:13:00
2793,214,returned,9.99,2024-08-24 21:44:00
2794,470,completed,0.0,2025-05-14 17:09:00
2795,60,completed,4.99,2025-03-25 15:45:00
2796,473,completed,4.99,2025-01-26 14:28:00
2797,246,processing,4.99,2024-11-23 05:38:00
2798,160,processing,14.99,2024-07-10 02:36:00
2799,72,returned,9.99,2024-06-22 12:30:00
2800,456,processing,4.99,2025-03-22 20:06:00
2801,89,shipped,0.0,2024-11-27 11:10:00
2802,15,completed,14.99,2024-12-15 14:54:00
2803,114,completed,0.0,2024-08-03 00:40:00
2804,439,completed,4.99,2024-05-09 22:46:00
2805,353,completed,4.99,2024-07-25 04:59:00
2806,158,completed,4.99,2025-05-11 19:27:00
2807,108,completed,0.0,2024-09-29 12:02:00
2808,41,cancelled,14.99,2024-10-19 08:25:00
2809,354,completed,4.99,2024-11-18 12:15:00
2810,40,completed,0.0,2025-07-12 04:46:00
2811,397,returned,0.0,2024-02-05 18:23:00
2812,388,cancelled,0.0,2024-06-10 11:09:00
2813,22,completed,9.99,2024-04-24 22:26:00
2814,56,completed,9.99,2025-09-01 02:06:00
2815,407,completed,4.99,2025-02-13 17:55:00
2816,241,completed,0.0,2024-07-21 13:39:00
2817,466,shipped,0.0,2024-02-15 12:34:00
2818,23,completed,4.99,2025-03-22 08:26:00
2819,155,completed,9.99,2025-01-22 17:21:00
2820,387,completed,4.99,2025-08-11 17:37:00
2821,401,completed,0.0,2024-03-20 14:42:00
2822,472,completed,9.99,2024-11-28 16:41:00
2823,301,completed,4.99,2025-04-20 12:02:00
2824,95,processing,0.0,2025-06-14 21:21:00
2825,15,completed,4.99,2025-06-23 01:32:00
2826,75,shipped,0.0,2024-08-02 22:10:00
2827,486,processing,9.99,2024-03-17 05:34:00
2828,181,completed,0.0,2025-04-21 17:22:00
2829,438,completed,4.99,2025-03-02 02:45:00
2830,259,completed,4.99,2024-02-23 16:02:00
2831,51,completed,9.99,2025-03-21 23:36:00
2832,271,completed,0.0,2024-11-05 02:07:00
2833,367,completed,4.99,2024-10-08 22:39:00
2834,494,shipped,4.99,2024-08-21 06:58:00
2835,88,completed,0.0,2025-07-05 07:28:00
2836,499,completed,0.0,2024-11-20 06:06:00
2837,474,completed,0.0,2024-07-12 21:34:00
2838,472,returned,4.99,2025-02-13 15:13:00
2839,188,completed,4.99,2025-06-18 22:01:00
2840,226,completed,9.99,2024-07-01 14:51:00
2841,93,processing,0.0,2025-06-22 21:04:00
2842,195,cancelled,0.0,2024-06-27 01:26:00
2843,110,completed,4.99,2025-08-21 21:56:00
2844,209,completed,14.99,2024-01-23 03:54:00
2845,390,processing,0.0,2024-03-10 15:07:00
2846,64,returned,0.0,2025-08-02 05:21:00
2847,57,completed,0.0,2025-07-18 23:32:00
2848,254,processing,4.99,2025-07-04 17:01:00
2849,361,shipped,0.0,2024-03-27 06:41:00
2850,286,completed,4.99,2025-05-31 21:47:00
2851,43,processing,14.99,2025-08-10 09:01:00
2852,253,completed,4.99,2024-03-29 17:37:00
2853,198,shipped,9.99,2024-01-24 08:37:00
2854,234,shipped,4.99,2025-07-06 00:48:00
2855,352,returned,9.99,2025-07-31 21:39:00
2856,116,cancelled,4.99,2024-07-01 12:24:00
2857,149,cancelled,4.99,2024-01-22 23:06:00
2858,97,completed,9.99,2025-08-23 10:34:00
2859,459,returned,0.0,2024-01-11 23:41:00
2860,481,processing,9.99,2025-04-19 09:19:00
2861,92,completed,4.99,2024-09-17 18:03:00
2862,346,returned,4.99,2025-03-28 09:24:00
2863,345,completed,4.99,2025-06-17 19:20:00
2864,203,returned,9.99,2024-06-28 04:43:00
2865,268,completed,0.0,2024-11-30 07:19:00
2866,62,completed,4.99,2025-03-28 16:08:00
2867,203,cancelled,14.99,2024-07-27 01:10:00
2868,356,completed,9.99,2025-08-01 22:02:00
2869,380,completed,9.99,2024-10-29 12:34:00
2870,34,processing,0.0,2025-03-04 15:34:00
2871,500,completed,14.99,2025-03-08 00:41:00
2872,174,completed,4.99,2024-10-30 13:34:00
2873,305,cancelled,4.99,2024-02-24 00:43:00
2874,63,completed,4.99,2025-07-12 14:42:00
2875,430,cancelled,4.99,2024-02-21 06:28:00
2876,372,returned,9.99,2024-02-08 23:19:00
2877,143,shipped,4.99,2025-02-26 19:50:00
2878,388,cancelled,0.0,2024-05-15 23:02:00
2879,183,returned,9.99,2024-05-06 18:12:00
2880,342,cancelled,4.99,2025-04-28 04:08:00
2881,249,shipped,4.99,2025-04-19 10:10:00
2882,76,returned,0.0,2025-08-27 16:56:00
2883,56,completed,4.99,2025-01-04 10:47:00
2884,129,returned,4.99,2025-04-15 10:37:00
2885,255,completed,14.99,2024-11-20 23:15:00
2886,322,completed,4.99,2024-04-16 14:24:00
2887,16,completed,14.99,2024-02-01 12:16:00
2888,378,completed,14.99,2024-06-10 04:54:00
2889,426,completed,4.99,2024-08-21 23:39:00
2890,256,completed,0.0,2025-02-12 12:51:00
2891,498,completed,4.99,2025-02-27 20:44:00
2892,196,processing,4.99,2024-10-30 15:22:00
2893,79,shipped,4.99,2024-01-28 00:04:00
2894,319,completed,0.0,2024-09-15 22:13:00
2895,390,completed,9.99,2024-07-01 14:18:00
2896,339,returned,4.99,2024-07-12 05:06:00
2897,406,returned,4.99,2025-08-08 03:02:00
2898,104,shipped,4.99,2024-11-18 22:38:00
2899,339,returned,4.99,2025-04-14 12:11:00
2900,252,shipped,4.99,2024-04-20 13:22:00
2901,278,processing,4.99,2024-01-05 10:22:00
2902,415,completed,0.0,2025-04-20 06:14:00
2903,488,completed,9.99,2025-04-08 01:01:00
2904,221,completed,4.99,2024-11-25 18:46:00
2905,197,returned,0.0,2024-09-16 04:34:00
2906,162,cancelled,9.99,2025-06-10 13:23:00
2907,227,returned,0.0,2025-08-02 09:54:00
2908,19,completed,0.0,2024-03-12 22:36:00
2909,91,shipped,4.99,2025-04-22 15:51:00
2910,453,completed,9.99,2024-09-24 14:14:00
2911,252,cancelled,4.99,2024-11-19 09:33:00
2912,69,shipped,4.99,2025-03-26 06:05:00
2913,367,cancelled,9.99,2024-11-27 12:46:00
2914,250,completed,9.99,2024-10-06 15:54:00
2915,292,returned,4.99,2025-03-01 13:00:00
2916,338,returned,9.99,2024-11-26 00:17:00
2917,244,completed,14.99,2024-09-28 20:47:00
2918,260,completed,4.99,2024-06-12 14:50:00
2919,201,shipped,0.0,2024-01-28 21:35:00
2920,254,cancelled,4.99,2024-03-14 06:20:00
2921,316,processing,0.0,2025-05-27 08:44:00
2922,393,shipped,4.99,2025-07-28 16:16:00
2923,165,completed,4.99,2024-06-27 00:50:00
2924,15,completed,4.99,2025-03-19 06:58:00
2925,66,processing,0.0,2024-09-25 01:14:00
2926,179,completed,4.99,2024-02-26 16:57:00
2927,392,processing,9.99,2025-06-20 10:26:00
2928,195,completed,9.99,2024-05-02 15:12:00
2929,220,processing,4.99,2024-02-17 18:12:00
2930,183,cancelled,4.99,2024-06-28 21:13:00
2931,180,completed,9.99,2025-06-06 23:27:00
2932,339,completed,0.0,2025-02-26 16:32:00
2933,127,completed,0.0,2024-08-09 17:01:00
2934,332,shipped,4.99,2024-11-01 19:24:00
2935,304,completed,9.99,2024-04-05 17:03:00
2936,467,completed,0.0,2024-05-28 01:22:00
2937,445,shipped,4.99,2025-08-13 04:38:00
2938,59,processing,0.0,2025-05-05 16:29:00
2939,87,completed,4.99,2025-04-01 16:31:00
2940,276,processing,0.0,2025-04-21 07:56:00
2941,20,returned,9.99,2025-04-27 03:51:00
2942,337,cancelled,4.99,2024-12-25 14:15:00
2943,291,cancelled,4.99,2024-11-28 07:00:00
2944,137,completed,4.99,2024-12-03 08:58:00
2945,357,returned,4.99,2025-03-08 15:37:00
2946,302,completed,14.99,2024-12-18 10:15:00
2947,163,cancelled,0.0,2025-01-06 04:55:00
2948,293,cancelled,0.0,2025-04-27 09:48:00
2949,166,completed,0.0,2024-04-06 23:26:00
2950,414,returned,4.99,2025-02-22 09:41:00
2951,52,completed,9.99,2024-09-24 08:15:00
2952,173,returned,4.99,2024-06-08 08:44:00
2953,258,processing,0.0,2025-07-17 21:24:00
2954,86,shipped,0.0,2024-06-12 10:35:00
2955,187,cancelled,0.0,2024-01-02 06:07:00
2956,104,returned,9.99,2024-11-05 10:12:00
2957,326,completed,4.99,2024-06-05 13:40:00
2958,431,completed,0.0,2025-05-27 21:29:00
2959,148,shipped,0.0,2025-04-29 19:18:00
2960,25,shipped,9.99,2024-04-30 17:50:00
2961,294,cancelled,0.0,2025-04-03 14:52:00
2962,412,completed,9.99,2024-01-24 21:29:00
2963,320,completed,0.0,2025-04-02 11:18:00
2964,368,completed,4.99,2024-01-11 20:35:00
2965,304,processing,0.0,2025-06-07 00:59:00
2966,140,completed,4.99,2024-01-27 20:05:00
2967,291,returned,9.99,2025-08-05 02:02:00
2968,219,completed,14.99,2025-01-30 00:58:00
2969,178,completed,4.99,2024-03-18 06:27:00
2970,334,shipped,0.0,2024-01-18 17:42:00
2971,259,shipped,0.0,2025-02-04 08:47:00
2972,222,processing,4.99,2024-06-30 06:42:00
2973,103,cancelled,0.0,2024-02-17 12:27:00
2974,206,shipped,4.99,2025-07-09 16:08:00
2975,320,returned,0.0,2025-04-23 15:27:00
2976,344,completed,4.99,2024-12-22 18:57:00
2977,452,completed,14.99,2024-08-06 08:42:00
2978,322,completed,14.99,2025-01-15 09:39:00
2979,296,returned,9.99,2024-08-03 04:22:00
2980,110,returned,4.99,2025-01-12 00:30:00
2981,138,cancelled,4.99,2025-07-29 23:09:00
2982,479,completed,14.99,2024-03-27 10:52:00
2983,268,completed,0.0,2025-04-22 23:43:00
2984,187,returned,4.99,2025-06-23 19:55:00
2985,76,completed,9.99,2024-12-14 15:40:00
2986,78,shipped,9.99,2024-08-28 22:34:00
2987,433,cancelled,4.99,2024-02-18 04:17:00
2988,211,processing,4.99,2024-04-22 05:00:00
2989,441,completed,0.0,2025-04-29 07:04:00
2990,325,completed,4.99,2024-12-05 19:10:00
2991,434,cancelled,0.0,2024-02-01 07:08:00
2992,137,shipped,4.99,2024-05-10 01:12:00
2993,331,completed,4.99,2025-08-16 04:43:00
2994,132,completed,4.99,2024-08-09 05:30:00
2995,208,completed,4.99,2024-03-23 06:44:00
2996,59,completed,14.99,2025-07-22 21:17:00
2997,99,completed,9.99,2025-08-14 15:41:00
2998,126,shipped,9.99,2025-01-09 00:03:00
2999,238,returned,0.0,2025-05-11 16:22:00
3000,287,cancelled,14.99,2024-08-07 10:06:00