order_id,customer_id,user_id,created_at,status,gross_amount,discount_amount,tax_amount,shipping_amount,total_amount,net_amount,currency,completed_at
1,276,48,2026-05-04,completed,102.43,0.0,8.19,8.99,119.61,102.43,USD,2026-05-04 09:00:00
2,399,763,2026-06-13,completed,100.16,0.0,8.01,13.87,122.04,100.16,USD,2026-06-13 05:00:00
3,171,433,2026-01-11,cancelled,54.46,13.44,3.28,13.03,57.33,41.02,USD,2026-01-12 23:00:00
4,56,321,2025-09-09,completed,145.14,9.46,10.85,3.92,150.45,135.68,USD,2025-09-09 19:00:00
5,294,486,2025-12-22,completed,344.23,19.96,25.94,13.27,363.48,324.27,USD,2025-12-24 19:00:00
6,392,57,2025-06-28,completed,202.78,0.0,16.22,4.5,223.5,202.78,USD,2025-06-28 07:00:00
7,8,661,2025-03-24,completed,153.55,26.47,10.17,6.61,143.86,127.08,USD,2025-03-25 08:00:00
8,407,146,2025-09-01,completed,272.35,0.0,21.79,12.77,306.91,272.35,USD,2025-09-02 23:00:00
9,402,207,2025-04-13,completed,338.69,32.9,24.46,4.86,335.11,305.79,USD,2025-04-14 01:00:00
10,289,447,2025-02-27,refunded,285.57,0.0,22.85,4.36,312.78,0.0,USD,2025-03-01 03:00:00
11,475,532,2026-03-30,pending,29.15,6.49,1.81,10.03,34.5,22.66,USD,2026-04-01 12:00:00
12,194,12,2026-05-24,completed,273.9,0.0,21.91,15.0,310.81,273.9,USD,2026-05-25 22:00:00
13,67,465,2026-03-31,refunded,225.44,0.0,18.04,1.97,245.45,0.0,USD,2026-04-01 19:00:00
14,329,126,2026-07-10,completed,87.04,2.45,6.77,10.52,101.88,84.59,USD,2026-07-11 17:00:00
15,305,764,2025-10-22,completed,226.08,0.0,18.09,7.9,252.07,226.08,USD,2025-10-24 23:00:00
16,458,300,2026-02-15,completed,344.67,0.0,27.57,6.16,378.4,344.67,USD,2026-02-17 08:00:00
17,113,393,2025-05-04,refunded,105.98,9.73,7.7,11.25,115.2,0.0,USD,2025-05-04 04:00:00
18,79,500,2025-09-27,completed,299.04,0.0,23.92,8.32,331.28,299.04,USD,2025-09-29 07:00:00
19,340,126,2025-03-03,completed,205.87,12.59,15.46,11.97,220.71,193.28,USD,2025-03-03 11:00:00
20,156,133,2026-01-08,completed,6.05,0.53,0.44,11.16,17.12,5.52,USD,2026-01-10 14:00:00
21,93,768,2025-09-22,refunded,161.82,0.25,12.93,14.78,189.28,0.0,USD,2025-09-22 23:00:00
22,336,460,2025-12-01,completed,200.25,0.0,16.02,12.16,228.43,200.25,USD,2025-12-03 01:00:00
23,93,182,2026-06-03,completed,131.48,3.92,10.2,1.0,138.76,127.56,USD,2026-06-05 05:00:00
24,417,531,2025-02-01,completed,211.19,0.0,16.9,11.69,239.78,211.19,USD,2025-02-02 01:00:00
25,156,715,2025-09-28,completed,149.53,0.0,11.96,9.75,171.24,149.53,USD,2025-09-30 21:00:00
26,327,611,2025-08-28,completed,621.93,108.27,41.09,1.35,556.1,513.66,USD,2025-08-29 13:00:00
27,289,321,2026-03-26,completed,124.63,29.02,7.65,9.08,112.34,95.61,USD,2026-03-27 06:00:00
28,296,529,2026-02-03,cancelled,89.09,0.0,7.13,11.26,107.48,89.09,USD,2026-02-04 11:00:00
29,153,717,2026-03-14,completed,289.15,0.0,23.13,2.96,315.24,289.15,USD,2026-03-14 22:00:00
30,43,201,2026-05-30,completed,136.87,33.86,8.24,6.52,117.77,103.01,USD,2026-05-30 07:00:00
31,320,633,2025-06-30,completed,155.44,0.0,12.44,8.14,176.02,155.44,USD,2025-07-02 22:00:00
32,217,798,2025-08-06,completed,145.93,17.08,10.31,6.2,145.36,128.85,USD,2025-08-08 10:00:00
33,489,277,2025-07-30,completed,278.68,0.0,22.29,13.14,314.11,278.68,USD,2025-08-01 10:00:00
34,446,711,2026-05-13,completed,69.09,0.0,5.53,2.53,77.15,69.09,USD,2026-05-15 17:00:00
35,38,18,2025-10-10,completed,298.64,71.78,18.15,11.57,256.58,226.86,USD,2025-10-11 20:00:00
36,181,299,2026-04-05,pending,238.1,46.35,15.34,11.67,218.76,191.75,USD,2026-04-07 22:00:00
37,208,222,2025-05-29,completed,496.94,0.0,39.76,6.72,543.42,496.94,USD,2025-05-31 22:00:00
38,191,24,2026-07-19,completed,189.54,28.94,12.85,8.09,181.54,160.6,USD,2026-07-19 17:00:00
39,362,483,2025-10-21,cancelled,73.52,0.0,5.88,2.3,81.7,73.52,USD,2025-10-22 07:00:00
40,179,423,2026-08-24,completed,191.01,0.0,15.28,2.93,209.22,191.01,USD,2026-08-24 06:00:00
41,77,304,2025-09-29,completed,207.81,0.0,16.62,7.97,232.4,207.81,USD,2025-10-01 02:00:00
42,182,693,2025-01-26,pending,364.14,0.0,29.13,3.37,396.64,364.14,USD,2025-01-26 07:00:00
43,394,199,2025-06-09,completed,73.36,2.66,5.66,12.1,88.46,70.7,USD,2025-06-11 06:00:00
44,203,658,2025-09-23,completed,42.91,0.0,3.43,9.24,55.58,42.91,USD,2025-09-25 09:00:00
45,143,509,2025-03-22,completed,193.81,0.0,15.5,0.85,210.16,193.81,USD,2025-03-23 05:00:00
46,387,719,2026-04-15,pending,510.66,0.0,40.85,5.37,556.88,510.66,USD,2026-04-16 21:00:00
47,33,6,2025-07-31,completed,261.92,1.68,20.82,12.88,293.94,260.24,USD,2025-08-02 20:00:00
48,228,776,2026-05-15,refunded,272.15,38.53,18.69,4.16,256.47,0.0,USD,2026-05-17 06:00:00
49,52,2,2026-08-09,completed,53.15,0.0,4.25,10.8,68.2,53.15,USD,2026-08-10 07:00:00
50,304,571,2025-02-20,completed,171.91,0.0,13.75,1.41,187.07,171.91,USD,2025-02-22 17:00:00
51,450,603,2025-06-19,cancelled,368.61,28.06,27.24,13.96,381.75,340.55,USD,2025-06-19 02:00:00
52,222,130,2026-01-04,pending,209.53,0.0,16.76,6.74,233.03,209.53,USD,2026-01-04 16:00:00
53,491,29,2026-06-10,completed,40.08,5.93,2.73,7.37,44.25,34.15,USD,2026-06-10 23:00:00
54,437,30,2026-06-30,completed,169.47,40.72,10.3,8.55,147.6,128.75,USD,2026-07-01 02:00:00
55,364,104,2025-04-28,completed,249.77,21.86,18.23,5.45,251.59,227.91,USD,2025-04-30 00:00:00
56,90,122,2025-05-18,completed,156.44,0.0,12.52,10.88,179.84,156.44,USD,2025-05-20 09:00:00
57,17,774,2025-05-01,completed,81.31,0.0,6.5,0.22,88.03,81.31,USD,2025-05-01 03:00:00
58,62,161,2025-07-30,completed,295.01,0.0,23.6,2.43,321.04,295.01,USD,2025-07-30 18:00:00
59,175,645,2026-01-07,pending,120.86,0.0,9.67,2.83,133.36,120.86,USD,2026-01-09 10:00:00
60,204,50,2025-08-28,completed,223.43,0.0,17.87,9.53,250.83,223.43,USD,2025-08-29 12:00:00
61,106,524,2026-03-17,completed,166.24,27.47,11.1,13.36,163.23,138.77,USD,2026-03-17 22:00:00
62,488,363,2025-08-28,completed,117.36,0.0,9.39,0.95,127.7,117.36,USD,2025-08-29 07:00:00
63,372,433,2025-12-24,completed,547.2,0.0,43.78,12.79,603.77,547.2,USD,2025-12-25 19:00:00
64,350,628,2025-12-07,completed,107.35,0.0,8.59,12.29,128.23,107.35,USD,2025-12-08 18:00:00
65,326,168,2025-06-03,completed,176.4,0.0,14.11,1.15,191.66,176.4,USD,2025-06-05 11:00:00
66,309,4,2025-02-06,completed,165.87,0.0,13.27,2.15,181.29,165.87,USD,2025-02-08 23:00:00
67,441,177,2025-05-15,completed,190.43,0.0,15.23,5.25,210.91,190.43,USD,2025-05-17 10:00:00
68,196,643,2026-04-18,completed,521.64,101.94,33.58,1.72,455.0,419.7,USD,2026-04-18 07:00:00
69,71,474,2026-03-30,cancelled,249.99,45.18,16.38,11.37,232.56,204.81,USD,2026-03-31 06:00:00
70,148,741,2025-03-16,completed,116.48,0.0,9.32,7.56,133.36,116.48,USD,2025-03-17 10:00:00
71,115,668,2025-08-22,completed,421.27,46.12,30.01,6.16,411.32,375.15,USD,2025-08-23 21:00:00
72,479,122,2026-05-09,completed,279.52,0.0,22.36,10.87,312.75,279.52,USD,2026-05-11 21:00:00
73,284,47,2026-05-05,completed,118.26,0.0,9.46,4.39,132.11,118.26,USD,2026-05-06 08:00:00
74,214,18,2025-01-11,refunded,380.48,59.46,25.68,13.07,359.77,0.0,USD,2025-01-12 01:00:00
75,13,152,2026-04-23,completed,52.59,6.39,3.7,9.81,59.71,46.2,USD,2026-04-25 16:00:00
76,356,384,2026-04-23,refunded,66.62,0.0,5.33,5.2,77.15,0.0,USD,2026-04-25 05:00:00
77,324,14,2025-03-12,completed,37.41,0.0,2.99,8.1,48.5,37.41,USD,2025-03-13 09:00:00
78,406,695,2025-08-04,pending,22.08,0.0,1.77,3.89,27.74,22.08,USD,2025-08-06 18:00:00
79,66,383,2025-02-02,completed,363.06,0.0,29.04,14.77,406.87,363.06,USD,2025-02-02 21:00:00
80,329,590,2026-02-03,completed,192.12,39.77,12.19,6.53,171.07,152.35,USD,2026-02-03 17:00:00
81,181,699,2026-06-08,completed,41.06,0.0,3.28,13.45,57.79,41.06,USD,2026-06-08 01:00:00
82,117,28,2025-04-19,completed,162.74,28.09,10.77,14.67,160.09,134.65,USD,2025-04-19 05:00:00
83,112,348,2025-08-02,completed,305.18,37.57,21.41,8.04,297.06,267.61,USD,2025-08-04 14:00:00
84,144,539,2025-11-22,completed,92.65,0.0,7.41,10.95,111.01,92.65,USD,2025-11-22 05:00:00
85,367,798,2025-02-13,completed,131.5,12.83,9.49,8.58,136.74,118.67,USD,2025-02-15 07:00:00
86,12,655,2025-07-01,completed,563.61,75.47,39.05,1.37,528.56,488.14,USD,2025-07-01 05:00:00
87,474,174,2025-05-12,completed,140.76,0.0,11.26,14.29,166.31,140.76,USD,2025-05-12 16:00:00
88,485,217,2025-01-03,completed,44.53,0.0,3.56,6.85,54.94,44.53,USD,2025-01-04 01:00:00
89,484,640,2026-02-10,completed,110.98,21.69,7.14,13.41,109.84,89.29,USD,2026-02-10 15:00:00
90,418,523,2026-03-17,refunded,38.25,3.65,2.77,9.83,47.2,0.0,USD,2026-03-17 09:00:00
91,162,200,2025-02-18,completed,263.97,0.0,21.12,1.58,286.67,263.97,USD,2025-02-20 23:00:00
92,203,396,2025-03-21,completed,82.09,3.44,6.29,6.26,91.2,78.65,USD,2025-03-22 05:00:00
93,64,744,2025-02-12,completed,79.9,8.22,5.73,2.94,80.35,71.68,USD,2025-02-13 06:00:00
94,447,165,2026-07-25,completed,596.29,107.02,39.14,2.55,530.96,489.27,USD,2026-07-27 06:00:00
95,386,264,2025-12-12,completed,60.2,0.0,4.82,10.73,75.75,60.2,USD,2025-12-14 17:00:00
96,77,722,2025-11-27,completed,50.57,0.0,4.05,0.45,55.07,50.57,USD,2025-11-27 21:00:00
97,496,539,2025-02-22,refunded,69.74,14.96,4.38,14.49,73.65,0.0,USD,2025-02-23 08:00:00
98,22,179,2025-01-02,pending,311.56,0.0,24.92,6.75,343.23,311.56,USD,2025-01-03 10:00:00
99,384,230,2026-07-18,completed,240.86,0.0,19.27,7.35,267.48,240.86,USD,2026-07-18 18:00:00
100,68,673,2026-07-28,completed,109.84,3.48,8.51,4.49,119.36,106.36,USD,2026-07-28 09:00:00
101,375,225,2025-11-27,completed,101.98,0.0,8.16,1.28,111.42,101.98,USD,2025-11-29 18:00:00
102,442,562,2025-03-22,completed,228.32,5.57,17.82,8.82,249.39,222.75,USD,2025-03-24 02:00:00
103,476,397,2025-01-19,completed,197.36,0.0,15.79,5.17,218.32,197.36,USD,2025-01-21 00:00:00
104,81,177,2026-05-22,completed,147.74,2.38,11.63,9.36,166.35,145.36,USD,2026-05-22 22:00:00
105,83,295,2025-11-17,completed,246.6,0.0,19.73,8.34,274.67,246.6,USD,2025-11-18 23:00:00
106,35,570,2025-07-19,completed,65.65,13.72,4.15,3.25,59.33,51.93,USD,2025-07-19 09:00:00
107,412,642,2025-01-08,completed,83.28,0.0,6.66,6.92,96.86,83.28,USD,2025-01-08 08:00:00
108,93,21,2025-12-11,completed,255.48,0.0,20.44,4.62,280.54,255.48,USD,2025-12-13 20:00:00
109,196,725,2026-06-17,completed,208.81,28.08,14.46,3.6,198.79,180.73,USD,2026-06-17 16:00:00
110,208,190,2026-05-23,completed,171.19,26.91,11.54,11.55,167.37,144.28,USD,2026-05-25 07:00:00
111,176,520,2026-03-20,completed,582.87,0.0,46.63,0.18,629.68,582.87,USD,2026-03-20 20:00:00
112,249,229,2025-01-31,refunded,284.2,0.0,22.74,4.03,310.97,0.0,USD,2025-02-01 22:00:00
113,175,215,2026-04-05,cancelled,112.49,10.84,8.13,7.97,117.75,101.65,USD,2026-04-06 20:00:00
114,118,712,2026-02-17,pending,89.55,20.85,5.5,7.14,81.34,68.7,USD,2026-02-19 04:00:00
115,194,561,2026-05-25,refunded,215.82,0.0,17.27,14.1,247.19,0.0,USD,2026-05-27 20:00:00
116,403,733,2025-04-01,completed,362.32,17.98,27.55,12.65,384.54,344.34,USD,2025-04-02 06:00:00
117,59,17,2026-06-08,completed,32.47,0.0,2.6,11.27,46.34,32.47,USD,2026-06-10 14:00:00
118,480,217,2026-03-11,completed,205.0,32.71,13.78,7.71,193.78,172.29,USD,2026-03-11 21:00:00
119,205,39,2026-04-10,completed,129.83,0.0,10.39,6.43,146.65,129.83,USD,2026-04-12 21:00:00
120,146,380,2025-04-08,completed,192.08,0.0,15.37,0.55,208.0,192.08,USD,2025-04-09 11:00:00
121,223,370,2026-06-04,completed,47.15,7.71,3.16,12.33,54.93,39.44,USD,2026-06-06 12:00:00
122,466,786,2025-01-14,pending,362.15,0.0,28.97,6.46,397.58,362.15,USD,2025-01-16 11:00:00
123,405,185,2025-05-16,completed,427.2,36.87,31.23,4.81,426.37,390.33,USD,2025-05-17 21:00:00
124,409,533,2025-04-05,completed,266.86,0.0,21.35,9.1,297.31,266.86,USD,2025-04-07 21:00:00
125,111,796,2025-05-21,cancelled,483.5,0.0,38.68,11.31,533.49,483.5,USD,2025-05-23 00:00:00
126,444,56,2026-01-15,completed,124.88,29.06,7.67,7.85,111.34,95.82,USD,2026-01-16 19:00:00
127,354,357,2026-07-16,completed,201.59,5.52,15.69,2.24,214.0,196.07,USD,2026-07-16 18:00:00
128,30,314,2026-08-22,completed,269.56,0.0,21.56,13.82,304.94,269.56,USD,2026-08-23 03:00:00
129,214,22,2025-03-07,refunded,217.82,16.25,16.13,1.69,219.39,0.0,USD,2025-03-07 00:00:00
130,418,338,2026-08-12,refunded,137.54,0.0,11.0,14.54,163.08,0.0,USD,2026-08-14 03:00:00
131,267,203,2025-03-08,completed,148.94,26.09,9.83,6.64,139.32,122.85,USD,2025-03-09 19:00:00
132,293,246,2026-03-29,completed,402.35,0.0,32.19,14.2,448.74,402.35,USD,2026-03-31 02:00:00
133,188,171,2025-04-22,refunded,164.91,0.0,13.19,13.72,191.82,0.0,USD,2025-04-23 21:00:00
134,20,416,2026-05-16,completed,348.77,0.0,27.9,6.09,382.76,348.77,USD,2026-05-16 17:00:00
135,443,319,2025-07-31,completed,158.66,16.02,11.41,12.0,166.05,142.64,USD,2025-08-02 23:00:00
136,377,589,2026-06-15,completed,347.4,2.28,27.61,1.35,374.08,345.12,USD,2026-06-16 07:00:00
137,136,283,2025-11-25,completed,178.04,42.9,10.81,1.24,147.19,135.14,USD,2025-11-27 02:00:00
138,121,554,2025-11-17,completed,254.54,0.0,20.36,5.34,280.24,254.54,USD,2025-11-17 09:00:00
139,260,422,2025-09-25,pending,98.92,0.0,7.91,9.15,115.98,98.92,USD,2025-09-26 18:00:00
140,399,282,2025-05-19,completed,201.29,0.0,16.1,0.14,217.53,201.29,USD,2025-05-20 04:00:00
141,44,659,2025-11-09,completed,100.11,18.46,6.53,7.73,95.91,81.65,USD,2025-11-11 18:00:00
142,313,590,2026-02-06,completed,122.51,0.0,9.8,14.63,146.94,122.51,USD,2026-02-08 06:00:00
143,424,421,2025-03-27,completed,130.34,12.94,9.39,12.88,139.67,117.4,USD,2025-03-29 19:00:00
144,247,428,2025-03-27,completed,147.04,0.0,11.76,3.49,162.29,147.04,USD,2025-03-27 22:00:00
145,27,611,2025-09-17,completed,321.33,73.03,19.86,7.92,276.08,248.3,USD,2025-09-18 23:00:00
146,12,616,2026-05-21,completed,118.87,0.0,9.51,2.57,130.95,118.87,USD,2026-05-22 21:00:00
147,82,570,2025-08-03,completed,186.89,0.0,14.95,3.95,205.79,186.89,USD,2025-08-03 18:00:00
148,445,92,2025-09-08,completed,348.13,38.42,24.78,13.85,348.34,309.71,USD,2025-09-08 23:00:00
149,229,185,2026-08-06,completed,250.94,55.64,15.62,14.97,225.89,195.3,USD,2026-08-08 00:00:00
150,74,324,2025-06-11,refunded,33.19,0.29,2.63,3.64,39.17,0.0,USD,2025-06-11 10:00:00
151,453,461,2025-08-11,pending,45.92,0.26,3.65,3.18,52.49,45.66,USD,2025-08-12 04:00:00
152,415,316,2026-05-27,completed,220.66,11.35,16.74,5.76,231.81,209.31,USD,2026-05-29 05:00:00
153,74,663,2025-11-11,cancelled,114.23,0.0,9.14,6.69,130.06,114.23,USD,2025-11-13 12:00:00
154,345,282,2025-03-09,completed,39.91,0.0,3.19,1.34,44.44,39.91,USD,2025-03-10 18:00:00
155,166,436,2025-05-11,cancelled,107.77,7.69,8.01,2.22,110.31,100.08,USD,2025-05-13 00:00:00
156,35,559,2026-08-15,completed,226.43,35.61,15.27,6.37,212.46,190.82,USD,2026-08-17 11:00:00
157,32,302,2026-05-08,completed,129.23,0.0,10.34,3.53,143.1,129.23,USD,2026-05-08 16:00:00
158,272,446,2026-07-31,completed,174.19,0.0,13.94,12.67,200.8,174.19,USD,2026-08-02 00:00:00
159,422,582,2025-10-19,completed,138.24,16.14,9.77,11.27,143.14,122.1,USD,2025-10-21 04:00:00
160,481,309,2026-01-05,completed,96.07,0.0,7.69,8.05,111.81,96.07,USD,2026-01-07 10:00:00
161,353,777,2025-03-25,completed,198.54,49.26,11.94,6.49,167.71,149.28,USD,2025-03-26 19:00:00
162,462,430,2026-03-09,completed,35.76,1.46,2.74,12.46,49.5,34.3,USD,2026-03-09 11:00:00
163,118,630,2025-12-12,completed,86.37,0.0,6.91,2.49,95.77,86.37,USD,2025-12-12 03:00:00
164,74,564,2025-01-23,pending,283.48,0.0,22.68,13.31,319.47,283.48,USD,2025-01-24 20:00:00
165,56,652,2026-05-30,completed,47.34,0.0,3.79,0.74,51.87,47.34,USD,2026-05-30 19:00:00
166,87,541,2025-09-23,completed,167.92,0.0,13.43,13.85,195.2,167.92,USD,2025-09-24 02:00:00
167,377,432,2026-08-26,completed,121.54,15.2,8.51,2.08,116.93,106.34,USD,2026-08-27 09:00:00
168,77,609,2026-06-21,completed,112.73,9.96,8.22,12.18,123.17,102.77,USD,2026-06-23 05:00:00
169,217,374,2025-09-13,completed,301.72,17.7,22.72,0.27,307.01,284.02,USD,2025-09-14 01:00:00
170,379,682,2025-01-07,completed,341.53,0.0,27.32,12.23,381.08,341.53,USD,2025-01-08 17:00:00
171,464,402,2025-03-30,completed,69.59,8.06,4.92,8.76,75.21,61.53,USD,2025-03-31 11:00:00
172,81,592,2025-06-26,completed,147.94,0.0,11.84,0.29,160.07,147.94,USD,2025-06-26 03:00:00
173,94,166,2025-06-30,completed,26.42,1.08,2.03,11.61,38.98,25.34,USD,2025-07-02 01:00:00
174,33,145,2025-08-03,completed,290.45,0.0,23.24,1.52,315.21,290.45,USD,2025-08-04 14:00:00
175,57,452,2026-08-03,refunded,161.6,24.08,11.0,8.1,156.62,0.0,USD,2026-08-03 15:00:00
176,196,678,2026-02-14,refunded,44.26,0.0,3.54,4.98,52.78,0.0,USD,2026-02-16 05:00:00
177,158,588,2025-04-26,completed,89.9,0.0,7.19,11.39,108.48,89.9,USD,2025-04-26 07:00:00
178,484,266,2026-03-04,completed,64.22,1.52,5.02,12.8,80.52,62.7,USD,2026-03-04 18:00:00
179,223,685,2025-02-04,pending,85.66,0.0,6.85,6.96,99.47,85.66,USD,2025-02-04 17:00:00
180,155,533,2025-02-09,completed,29.32,0.0,2.35,11.37,43.04,29.32,USD,2025-02-10 23:00:00
181,235,446,2026-01-27,completed,399.56,28.19,29.71,13.75,414.83,371.37,USD,2026-01-29 23:00:00
182,363,793,2025-05-13,completed,71.94,0.0,5.76,10.34,88.04,71.94,USD,2025-05-15 12:00:00
183,169,624,2025-09-23,completed,167.63,0.0,13.41,4.83,185.87,167.63,USD,2025-09-23 09:00:00
184,72,236,2026-05-17,refunded,225.0,0.0,18.0,6.95,249.95,0.0,USD,2026-05-17 04:00:00
185,211,53,2025-08-24,refunded,341.85,0.0,27.35,3.45,372.65,0.0,USD,2025-08-26 08:00:00
186,311,217,2025-04-27,completed,171.86,21.49,12.03,6.88,169.28,150.37,USD,2025-04-28 17:00:00
187,159,142,2026-08-30,completed,136.64,29.74,8.55,3.69,119.14,106.9,USD,2026-08-31 01:00:00
188,291,146,2025-06-23,refunded,177.12,0.0,14.17,12.11,203.4,0.0,USD,2025-06-25 15:00:00
189,163,419,2026-02-04,completed,69.25,0.0,5.54,9.15,83.94,69.25,USD,2026-02-04 12:00:00
190,453,788,2025-04-09,completed,74.27,7.6,5.33,9.5,81.5,66.67,USD,2025-04-09 09:00:00
191,444,520,2025-04-09,completed,134.24,27.79,8.52,1.65,116.62,106.45,USD,2025-04-10 11:00:00
192,359,342,2026-04-03,cancelled,18.93,0.0,1.51,0.02,20.46,18.93,USD,2026-04-03 19:00:00
193,419,199,2026-06-29,completed,97.75,13.04,6.78,11.84,103.33,84.71,USD,2026-06-29 16:00:00
194,61,628,2025-01-17,completed,115.8,0.0,9.26,8.13,133.19,115.8,USD,2025-01-18 21:00:00
195,327,439,2026-08-15,completed,530.3,0.0,42.42,13.97,586.69,530.3,USD,2026-08-15 21:00:00
196,203,40,2025-07-03,completed,371.01,38.98,26.56,8.06,366.65,332.03,USD,2025-07-04 18:00:00
197,389,373,2026-08-22,completed,224.43,21.98,16.2,3.22,221.87,202.45,USD,2026-08-23 16:00:00
198,1,145,2025-11-20,refunded,295.31,0.0,23.62,10.48,329.41,0.0,USD,2025-11-22 09:00:00
199,94,399,2026-04-10,pending,73.72,9.89,5.11,10.51,79.45,63.83,USD,2026-04-12 22:00:00
200,121,51,2025-01-04,completed,180.56,40.8,11.18,0.98,151.92,139.76,USD,2025-01-05 21:00:00
201,279,171,2025-04-06,completed,271.35,49.3,17.76,10.4,250.21,222.05,USD,2025-04-06 20:00:00
202,486,653,2026-08-03,pending,74.31,6.52,5.42,3.19,76.4,67.79,USD,2026-08-04 17:00:00
203,449,136,2025-04-11,completed,46.05,0.0,3.68,3.82,53.55,46.05,USD,2025-04-12 10:00:00
204,228,86,2026-06-12,completed,208.32,20.3,15.04,0.47,203.53,188.02,USD,2026-06-13 08:00:00
205,1,177,2025-03-13,completed,51.22,0.0,4.1,9.41,64.73,51.22,USD,2025-03-14 00:00:00
206,434,739,2026-01-28,completed,238.72,0.0,19.1,10.98,268.8,238.72,USD,2026-01-28 05:00:00
207,287,759,2025-08-14,completed,338.02,0.0,27.04,3.46,368.52,338.02,USD,2025-08-14 17:00:00
208,12,532,2025-09-24,completed,76.38,11.08,5.22,11.89,82.41,65.3,USD,2025-09-25 18:00:00
209,323,625,2026-03-08,completed,81.53,0.0,6.52,11.43,99.48,81.53,USD,2026-03-08 05:00:00
210,441,728,2025-04-05,completed,331.53,0.0,26.52,6.15,364.2,331.53,USD,2025-04-05 11:00:00
211,436,237,2025-07-28,completed,172.54,23.92,11.89,1.02,161.53,148.62,USD,2025-07-29 17:00:00
212,445,328,2025-12-03,completed,302.93,0.0,24.23,4.2,331.36,302.93,USD,2025-12-05 23:00:00
213,488,23,2025-08-07,completed,138.01,0.0,11.04,2.48,151.53,138.01,USD,2025-08-07 12:00:00
214,327,421,2025-05-26,completed,145.93,0.0,11.67,14.38,171.98,145.93,USD,2025-05-26 05:00:00
215,307,741,2025-01-27,cancelled,169.3,24.65,11.57,12.27,168.49,144.65,USD,2025-01-28 01:00:00
216,59,23,2026-01-23,pending,462.68,0.0,37.01,1.18,500.87,462.68,USD,2026-01-23 05:00:00
217,317,570,2025-02-07,completed,287.4,0.0,22.99,7.7,318.09,287.4,USD,2025-02-09 16:00:00
218,439,373,2025-03-30,completed,95.13,0.0,7.61,4.0,106.74,95.13,USD,2025-04-01 08:00:00
219,407,773,2025-05-25,cancelled,189.95,8.53,14.51,0.48,196.41,181.42,USD,2025-05-25 08:00:00
220,450,473,2026-03-12,completed,130.8,24.03,8.54,4.83,120.14,106.77,USD,2026-03-12 07:00:00
221,86,325,2025-03-16,pending,112.72,0.0,9.02,1.91,123.65,112.72,USD,2025-03-17 14:00:00
222,101,81,2025-07-16,completed,234.18,32.28,16.15,3.34,221.39,201.9,USD,2025-07-17 05:00:00
223,430,449,2025-02-14,completed,202.52,34.06,13.48,4.9,186.84,168.46,USD,2025-02-16 01:00:00
224,471,785,2025-11-01,completed,77.14,12.59,5.16,6.13,75.84,64.55,USD,2025-11-03 18:00:00
225,264,11,2025-04-20,completed,169.61,0.0,13.57,7.03,190.21,169.61,USD,2025-04-21 00:00:00
226,441,4,2025-04-09,refunded,110.01,0.0,8.8,7.8,126.61,0.0,USD,2025-04-11 08:00:00
227,342,713,2025-07-14,completed,224.14,6.19,17.44,5.55,240.94,217.95,USD,2025-07-14 23:00:00
228,103,214,2025-06-05,completed,106.18,0.0,8.49,7.48,122.15,106.18,USD,2025-06-05 16:00:00
229,254,487,2025-01-30,completed,146.59,0.0,11.73,6.27,164.59,146.59,USD,2025-02-01 21:00:00
230,197,493,2025-10-01,pending,115.17,0.0,9.21,14.47,138.85,115.17,USD,2025-10-01 18:00:00
231,395,385,2025-11-02,cancelled,34.45,0.0,2.76,1.01,38.22,34.45,USD,2025-11-02 10:00:00
232,169,399,2025-10-06,completed,448.04,35.04,33.04,8.79,454.83,413.0,USD,2025-10-07 18:00:00
233,88,551,2025-09-26,completed,168.26,0.0,13.46,2.9,184.62,168.26,USD,2025-09-27 18:00:00
234,250,192,2026-08-30,completed,458.04,18.01,35.2,5.63,480.86,440.03,USD,2026-08-31 11:00:00
235,248,144,2025-06-16,completed,173.8,12.97,12.87,8.2,181.9,160.83,USD,2025-06-16 06:00:00
236,445,790,2025-07-23,refunded,263.17,0.0,21.05,11.4,295.62,0.0,USD,2025-07-23 08:00:00
237,5,7,2025-11-07,completed,100.32,0.0,8.03,14.67,123.02,100.32,USD,2025-11-09 06:00:00
238,438,152,2025-02-21,pending,102.35,0.0,8.19,7.4,117.94,102.35,USD,2025-02-21 11:00:00
239,106,584,2026-08-24,completed,161.54,0.0,12.92,3.85,178.31,161.54,USD,2026-08-24 19:00:00
240,88,455,2025-11-15,pending,455.42,15.82,35.17,11.87,486.64,439.6,USD,2025-11-17 09:00:00
241,210,258,2026-02-27,pending,79.47,15.13,5.15,3.32,72.81,64.34,USD,2026-02-28 00:00:00
242,276,93,2025-07-15,completed,26.31,0.09,2.1,7.62,35.94,26.22,USD,2025-07-16 00:00:00
243,465,294,2026-02-24,cancelled,326.52,33.19,23.47,12.7,329.5,293.33,USD,2026-02-26 17:00:00
244,268,45,2026-06-17,completed,274.08,0.0,21.93,6.06,302.07,274.08,USD,2026-06-19 09:00:00
245,73,443,2025-12-18,completed,120.29,21.17,7.93,8.35,115.4,99.12,USD,2025-12-20 03:00:00
246,226,391,2025-05-08,completed,569.88,0.0,45.59,1.79,617.26,569.88,USD,2025-05-08 13:00:00
247,461,736,2026-02-20,completed,585.52,0.0,46.84,0.84,633.2,585.52,USD,2026-02-20 20:00:00
248,358,644,2026-06-04,completed,31.99,0.0,2.56,14.79,49.34,31.99,USD,2026-06-05 19:00:00
249,109,376,2026-02-26,completed,98.43,0.0,7.87,2.68,108.98,98.43,USD,2026-02-28 12:00:00
250,323,426,2026-02-07,completed,160.69,36.05,9.97,5.03,139.64,124.64,USD,2026-02-08 12:00:00
251,367,552,2025-10-09,completed,219.97,19.86,16.01,7.57,223.69,200.11,USD,2025-10-11 05:00:00
252,138,235,2025-04-25,completed,197.76,0.0,15.82,5.62,219.2,197.76,USD,2025-04-25 23:00:00
253,264,481,2026-03-13,completed,167.81,0.0,13.42,1.46,182.69,167.81,USD,2026-03-14 02:00:00
254,175,14,2025-09-03,pending,69.49,5.89,5.09,2.95,71.64,63.6,USD,2025-09-04 19:00:00
255,91,752,2025-05-21,completed,239.06,11.86,18.18,7.4,252.78,227.2,USD,2025-05-22 16:00:00
256,445,753,2025-10-26,completed,248.32,31.7,17.33,6.58,240.53,216.62,USD,2025-10-26 08:00:00
257,161,712,2025-01-14,pending,311.56,0.0,24.92,11.97,348.45,311.56,USD,2025-01-15 03:00:00
258,163,170,2025-11-13,completed,61.18,0.0,4.89,4.68,70.75,61.18,USD,2025-11-15 13:00:00
259,51,631,2025-11-29,completed,142.41,15.2,10.18,14.1,151.49,127.21,USD,2025-11-30 14:00:00
260,223,460,2025-08-30,completed,115.78,22.63,7.45,4.24,104.84,93.15,USD,2025-09-01 05:00:00
261,322,787,2026-03-03,pending,60.16,0.0,4.81,4.97,69.94,60.16,USD,2026-03-05 11:00:00
262,487,13,2025-12-21,completed,140.73,0.0,11.26,14.24,166.23,140.73,USD,2025-12-21 20:00:00
263,388,318,2025-08-11,refunded,72.56,0.0,5.8,12.61,90.97,0.0,USD,2025-08-11 16:00:00
264,429,78,2026-03-12,completed,51.45,2.85,3.89,4.75,57.24,48.6,USD,2026-03-13 17:00:00
265,494,757,2025-03-12,completed,276.45,0.0,22.12,5.93,304.5,276.45,USD,2025-03-13 10:00:00
266,350,137,2025-11-04,completed,119.79,28.39,7.31,12.63,111.34,91.4,USD,2025-11-06 16:00:00
267,429,31,2025-03-27,refunded,94.61,12.53,6.57,1.29,89.94,0.0,USD,2025-03-27 13:00:00
268,153,90,2026-01-01,cancelled,362.25,0.0,28.98,4.42,395.65,362.25,USD,2026-01-02 06:00:00
269,358,773,2025-01-11,pending,253.36,0.0,20.27,7.97,281.6,253.36,USD,2025-01-11 03:00:00
270,315,425,2026-06-06,completed,23.3,0.0,1.86,12.43,37.59,23.3,USD,2026-06-07 02:00:00
271,226,87,2025-01-20,completed,220.97,0.0,17.68,8.47,247.12,220.97,USD,2025-01-21 18:00:00
272,322,318,2025-10-30,pending,220.25,0.2,17.6,7.35,245.0,220.05,USD,2025-11-01 09:00:00
273,361,341,2026-02-09,completed,136.37,34.0,8.19,14.43,124.99,102.37,USD,2026-02-11 12:00:00
274,206,642,2025-09-10,completed,132.51,0.0,10.6,1.75,144.86,132.51,USD,2025-09-10 00:00:00
275,422,176,2025-05-11,completed,38.69,9.41,2.34,11.7,43.32,29.28,USD,2025-05-13 14:00:00
276,19,93,2025-05-31,completed,565.74,0.0,45.26,1.91,612.91,565.74,USD,2025-06-02 01:00:00
277,163,600,2026-05-27,completed,140.33,31.71,8.69,10.99,128.3,108.62,USD,2026-05-27 14:00:00
278,184,345,2025-03-21,refunded,212.77,51.45,12.91,8.15,182.38,0.0,USD,2025-03-21 15:00:00
279,416,100,2026-03-08,completed,146.19,0.0,11.7,3.97,161.86,146.19,USD,2026-03-10 07:00:00
280,255,343,2025-06-27,refunded,95.89,0.0,7.67,8.15,111.71,0.0,USD,2025-06-29 01:00:00
281,467,341,2025-01-08,completed,290.74,55.77,18.8,13.19,266.96,234.97,USD,2025-01-08 14:00:00
282,476,185,2025-09-04,pending,185.88,0.0,14.87,7.08,207.83,185.88,USD,2025-09-05 07:00:00
283,230,161,2025-02-27,completed,141.22,23.12,9.45,0.1,127.65,118.1,USD,2025-03-01 13:00:00
284,364,77,2026-04-09,completed,211.2,0.0,16.9,0.85,228.95,211.2,USD,2026-04-09 01:00:00
285,124,673,2026-04-12,completed,156.35,0.0,12.51,9.49,178.35,156.35,USD,2026-04-13 12:00:00
286,54,9,2025-05-12,completed,478.07,30.69,35.79,10.17,493.34,447.38,USD,2025-05-14 14:00:00
287,246,407,2026-04-15,completed,284.23,0.0,22.74,6.03,313.0,284.23,USD,2026-04-15 00:00:00
288,151,16,2026-03-03,completed,235.3,0.0,18.82,3.64,257.76,235.3,USD,2026-03-04 15:00:00
289,366,644,2026-02-15,completed,43.44,0.0,3.48,10.74,57.66,43.44,USD,2026-02-16 16:00:00
290,261,319,2025-02-17,completed,240.9,0.0,19.27,4.56,264.73,240.9,USD,2025-02-17 22:00:00
291,68,786,2025-03-19,completed,236.84,0.0,18.95,1.11,256.9,236.84,USD,2025-03-20 14:00:00
292,226,44,2025-04-07,completed,73.68,0.0,5.89,6.14,85.71,73.68,USD,2025-04-09 02:00:00
293,201,266,2026-05-12,completed,42.47,0.0,3.4,8.09,53.96,42.47,USD,2026-05-12 20:00:00
294,3,316,2025-07-18,completed,276.52,0.0,22.12,14.48,313.12,276.52,USD,2025-07-19 11:00:00
295,273,55,2025-11-18,completed,299.74,46.47,20.26,8.88,282.41,253.27,USD,2025-11-19 14:00:00
296,468,350,2025-10-13,completed,102.77,5.29,7.8,3.12,108.4,97.48,USD,2025-10-13 02:00:00
297,449,368,2026-08-30,refunded,99.11,0.0,7.93,12.48,119.52,0.0,USD,2026-08-30 15:00:00
298,453,357,2025-04-20,completed,183.62,8.03,14.05,4.37,194.01,175.59,USD,2025-04-21 22:00:00
299,447,427,2026-04-18,completed,119.49,4.52,9.2,14.39,138.56,114.97,USD,2026-04-19 11:00:00
300,462,154,2025-03-10,pending,41.56,3.3,3.06,4.88,46.2,38.26,USD,2025-03-12 21:00:00
301,49,192,2026-08-17,pending,72.96,10.46,5.0,13.64,81.14,62.5,USD,2026-08-19 13:00:00
302,215,399,2025-12-10,completed,207.43,0.0,16.59,13.18,237.2,207.43,USD,2025-12-10 15:00:00
303,273,516,2025-06-10,completed,76.54,0.0,6.12,12.96,95.62,76.54,USD,2025-06-12 23:00:00
304,417,314,2025-09-08,completed,309.76,60.25,19.96,0.59,270.06,249.51,USD,2025-09-10 14:00:00
305,187,366,2026-03-19,completed,234.25,0.0,18.74,12.75,265.74,234.25,USD,2026-03-20 06:00:00
306,355,792,2025-09-10,completed,213.22,15.8,15.79,10.82,224.03,197.42,USD,2025-09-11 20:00:00
307,391,517,2025-02-11,completed,180.91,14.57,13.31,5.01,184.66,166.34,USD,2025-02-11 20:00:00
308,256,37,2025-07-06,completed,92.42,0.0,7.39,7.35,107.16,92.42,USD,2025-07-06 05:00:00
309,121,289,2026-07-10,pending,256.28,0.0,20.5,9.6,286.38,256.28,USD,2026-07-10 17:00:00
310,39,44,2025-08-14,completed,90.28,0.92,7.15,14.15,110.66,89.36,USD,2025-08-16 04:00:00
311,223,701,2025-10-25,refunded,321.18,0.0,25.69,11.7,358.57,0.0,USD,2025-10-26 17:00:00
312,84,660,2025-04-22,pending,430.97,2.4,34.29,6.43,469.29,428.57,USD,2025-04-23 07:00:00
313,323,373,2025-01-17,completed,185.1,36.02,11.93,9.68,170.69,149.08,USD,2025-01-18 10:00:00
314,120,213,2025-06-14,completed,394.89,0.0,31.59,2.79,429.27,394.89,USD,2025-06-16 09:00:00
315,439,576,2026-06-11,refunded,73.84,0.0,5.91,6.36,86.11,0.0,USD,2026-06-13 02:00:00
316,448,148,2025-11-26,completed,236.04,0.0,18.88,11.87,266.79,236.04,USD,2025-11-27 21:00:00
317,419,617,2025-08-17,completed,164.77,37.41,10.19,9.1,146.65,127.36,USD,2025-08-18 12:00:00
318,333,700,2025-11-14,completed,279.68,0.0,22.37,11.75,313.8,279.68,USD,2025-11-14 00:00:00
319,58,144,2026-05-09,completed,24.84,0.0,1.99,7.65,34.48,24.84,USD,2026-05-10 00:00:00
320,492,427,2026-07-04,completed,268.72,0.0,21.5,5.7,295.92,268.72,USD,2026-07-04 09:00:00
321,33,124,2025-07-12,pending,99.65,0.0,7.97,11.14,118.76,99.65,USD,2025-07-14 07:00:00
322,284,493,2026-05-21,completed,170.68,0.0,13.65,1.41,185.74,170.68,USD,2026-05-22 01:00:00
323,403,540,2026-05-02,pending,559.62,0.0,44.77,14.68,619.07,559.62,USD,2026-05-02 17:00:00
324,43,7,2025-01-05,completed,241.42,19.24,17.77,14.23,254.18,222.18,USD,2025-01-06 10:00:00
325,249,756,2026-06-27,cancelled,220.31,0.0,17.62,13.21,251.14,220.31,USD,2026-06-28 10:00:00
326,239,209,2025-05-20,completed,208.19,19.79,15.07,13.26,216.73,188.4,USD,2025-05-22 19:00:00
327,99,371,2026-04-10,completed,343.3,9.7,26.69,7.67,367.96,333.6,USD,2026-04-10 12:00:00
328,56,208,2026-06-23,pending,286.07,61.99,17.93,7.47,249.48,224.08,USD,2026-06-25 11:00:00
329,455,725,2025-12-15,pending,209.78,36.78,13.84,12.3,199.14,173.0,USD,2025-12-15 15:00:00
330,451,609,2025-07-11,completed,192.2,0.0,15.38,4.25,211.83,192.2,USD,2025-07-13 09:00:00
331,47,792,2026-06-04,refunded,183.35,5.31,14.24,12.75,205.03,0.0,USD,2026-06-05 14:00:00
332,140,309,2025-10-17,completed,158.31,0.0,12.66,3.01,173.98,158.31,USD,2025-10-18 14:00:00
333,197,451,2026-04-12,completed,60.27,0.0,4.82,13.19,78.28,60.27,USD,2026-04-14 02:00:00
334,99,462,2026-02-14,completed,237.94,3.51,18.75,8.12,261.3,234.43,USD,2026-02-14 06:00:00
335,34,185,2025-07-14,completed,107.68,0.0,8.61,12.65,128.94,107.68,USD,2025-07-16 09:00:00
336,256,746,2025-11-26,completed,144.64,0.0,11.57,7.4,163.61,144.64,USD,2025-11-28 05:00:00
337,222,692,2025-05-02,completed,298.94,61.9,18.96,9.13,265.13,237.04,USD,2025-05-02 14:00:00
338,404,788,2025-01-03,pending,161.02,0.0,12.88,13.9,187.8,161.02,USD,2025-01-03 06:00:00
339,149,366,2026-02-23,completed,152.08,0.0,12.17,6.27,170.52,152.08,USD,2026-02-25 04:00:00
340,256,102,2025-05-06,refunded,185.5,0.0,14.84,3.3,203.64,0.0,USD,2025-05-06 06:00:00
341,157,128,2025-11-12,completed,131.23,0.0,10.5,1.36,143.09,131.23,USD,2025-11-13 17:00:00
342,20,445,2025-03-02,completed,552.02,0.0,44.16,8.85,605.03,552.02,USD,2025-03-02 18:00:00
343,364,655,2026-02-02,refunded,504.51,0.0,40.36,9.17,554.04,0.0,USD,2026-02-04 03:00:00
344,372,560,2025-04-12,completed,496.17,0.0,39.69,9.31,545.17,496.17,USD,2025-04-14 18:00:00
345,332,587,2025-05-31,completed,208.66,41.94,13.34,0.56,180.62,166.72,USD,2025-06-02 12:00:00
346,18,626,2025-03-31,pending,102.36,14.24,7.05,0.41,95.58,88.12,USD,2025-04-02 05:00:00
347,349,675,2026-07-11,completed,304.26,16.2,23.04,13.43,324.53,288.06,USD,2026-07-12 22:00:00
348,303,737,2026-01-14,completed,132.0,0.0,10.56,10.43,152.99,132.0,USD,2026-01-14 05:00:00
349,221,291,2026-02-09,completed,321.97,33.73,23.06,1.7,313.0,288.24,USD,2026-02-11 20:00:00
350,309,583,2025-09-04,completed,98.59,2.26,7.71,1.12,105.16,96.33,USD,2025-09-06 18:00:00
351,56,223,2026-06-06,completed,219.1,9.27,16.79,2.43,229.05,209.83,USD,2026-06-06 04:00:00
352,105,552,2025-02-10,completed,351.99,0.0,28.16,12.1,392.25,351.99,USD,2025-02-12 08:00:00
353,65,45,2025-09-09,completed,137.58,0.0,11.01,10.85,159.44,137.58,USD,2025-09-09 07:00:00
354,224,44,2025-02-19,completed,137.21,0.0,10.98,9.58,157.77,137.21,USD,2025-02-20 19:00:00
355,448,160,2026-02-28,completed,46.76,4.43,3.39,9.61,55.33,42.33,USD,2026-02-28 17:00:00
356,4,436,2026-07-31,completed,101.03,0.0,8.08,12.88,121.99,101.03,USD,2026-07-31 09:00:00
357,224,729,2026-04-11,pending,205.86,20.76,14.81,5.0,204.91,185.1,USD,2026-04-11 16:00:00
358,142,480,2025-04-04,completed,227.74,0.0,18.22,4.83,250.79,227.74,USD,2025-04-04 23:00:00
359,469,450,2026-04-24,completed,250.68,42.23,16.68,6.38,231.51,208.45,USD,2026-04-25 01:00:00
360,310,558,2025-06-04,pending,31.09,0.0,2.49,14.85,48.43,31.09,USD,2025-06-04 21:00:00
361,111,710,2025-07-31,refunded,132.47,0.0,10.6,8.32,151.39,0.0,USD,2025-08-01 09:00:00
362,143,467,2025-12-15,completed,52.16,0.0,4.17,8.2,64.53,52.16,USD,2025-12-16 22:00:00
363,291,591,2025-10-03,completed,198.76,1.8,15.76,12.14,224.86,196.96,USD,2025-10-04 09:00:00
364,24,328,2025-04-24,completed,38.74,0.0,3.1,2.67,44.51,38.74,USD,2025-04-25 18:00:00
365,34,797,2025-11-18,completed,66.77,0.0,5.34,6.08,78.19,66.77,USD,2025-11-19 03:00:00
366,338,390,2025-04-30,completed,282.84,64.17,17.49,9.62,245.78,218.67,USD,2025-04-30 19:00:00
367,402,715,2026-03-12,completed,110.42,5.68,8.38,14.82,127.94,104.74,USD,2026-03-12 10:00:00
368,372,774,2025-02-14,pending,397.05,73.72,25.87,2.32,351.52,323.33,USD,2025-02-14 22:00:00
369,86,707,2026-05-07,completed,255.11,50.58,16.36,6.78,227.67,204.53,USD,2026-05-07 13:00:00
370,432,264,2026-08-19,completed,138.15,0.0,11.05,13.58,162.78,138.15,USD,2026-08-20 13:00:00
371,113,299,2026-03-30,pending,312.67,20.29,23.39,10.88,326.65,292.38,USD,2026-03-31 23:00:00
372,438,628,2026-01-03,completed,147.01,0.0,11.76,9.21,167.98,147.01,USD,2026-01-05 12:00:00
373,148,743,2025-09-25,completed,272.24,15.08,20.57,3.86,281.59,257.16,USD,2025-09-25 21:00:00
374,249,486,2025-11-18,completed,97.1,0.59,7.72,2.81,107.04,96.51,USD,2025-11-18 09:00:00
375,479,622,2025-11-07,completed,324.62,0.0,25.97,5.61,356.2,324.62,USD,2025-11-09 10:00:00
376,204,356,2026-06-24,completed,42.45,0.0,3.4,3.83,49.68,42.45,USD,2026-06-26 04:00:00
377,334,686,2025-03-19,completed,66.68,4.14,5.0,12.13,79.67,62.54,USD,2025-03-19 22:00:00
378,293,332,2025-12-27,refunded,77.0,16.31,4.86,10.81,76.36,0.0,USD,2025-12-29 23:00:00
379,38,498,2025-11-30,completed,105.46,13.07,7.39,12.53,112.31,92.39,USD,2025-12-01 22:00:00
380,397,430,2025-06-09,cancelled,210.96,52.46,12.68,2.57,173.75,158.5,USD,2025-06-11 05:00:00
381,180,670,2025-09-08,completed,167.29,0.0,13.38,4.65,185.32,167.29,USD,2025-09-09 01:00:00
382,238,640,2025-10-14,completed,274.32,0.0,21.95,11.53,307.8,274.32,USD,2025-10-15 07:00:00
383,153,672,2025-01-22,completed,355.17,68.67,22.92,2.45,311.87,286.5,USD,2025-01-23 01:00:00
384,498,98,2025-10-17,completed,37.96,0.0,3.04,2.18,43.18,37.96,USD,2025-10-19 04:00:00
385,276,197,2025-04-14,completed,383.05,6.23,30.15,5.75,412.72,376.82,USD,2025-04-16 10:00:00
386,319,729,2025-08-30,completed,144.62,33.08,8.92,2.8,123.26,111.54,USD,2025-09-01 13:00:00
387,262,105,2025-06-18,completed,490.08,0.0,39.21,1.18,530.47,490.08,USD,2025-06-18 23:00:00
388,155,620,2026-04-03,completed,93.66,9.16,6.76,4.69,95.95,84.5,USD,2026-04-05 07:00:00
389,294,508,2026-08-06,completed,27.52,4.2,1.87,13.13,38.32,23.32,USD,2026-08-08 01:00:00
390,397,280,2025-03-08,completed,257.03,0.0,20.56,0.85,278.44,257.03,USD,2025-03-08 00:00:00
391,48,31,2025-06-05,completed,246.4,13.88,18.6,8.49,259.61,232.52,USD,2025-06-07 09:00:00
392,76,9,2025-04-07,pending,68.25,7.96,4.82,8.45,73.56,60.29,USD,2025-04-07 09:00:00
393,83,714,2025-10-21,completed,74.35,0.0,5.95,7.96,88.26,74.35,USD,2025-10-21 09:00:00
394,468,85,2025-08-14,completed,288.01,0.0,23.04,7.58,318.63,288.01,USD,2025-08-14 07:00:00
395,289,596,2025-10-04,completed,217.99,0.0,17.44,0.26,235.69,217.99,USD,2025-10-05 15:00:00
396,171,116,2025-02-13,completed,134.05,16.38,9.41,0.71,127.79,117.67,USD,2025-02-13 02:00:00
397,100,318,2026-06-13,refunded,233.23,0.0,18.66,7.67,259.56,0.0,USD,2026-06-14 12:00:00
398,343,83,2026-08-23,pending,203.32,0.0,16.27,14.52,234.11,203.32,USD,2026-08-25 03:00:00
399,263,510,2026-07-08,completed,81.24,2.36,6.31,6.12,91.31,78.88,USD,2026-07-09 14:00:00
400,313,83,2025-10-28,pending,302.32,14.94,22.99,7.08,317.45,287.38,USD,2025-10-28 19:00:00
401,358,502,2026-02-09,completed,264.69,53.2,16.92,14.73,243.14,211.49,USD,2026-02-10 00:00:00
402,48,769,2025-01-31,pending,170.04,10.0,12.8,11.69,184.53,160.04,USD,2025-02-02 03:00:00
403,340,594,2026-01-06,cancelled,288.14,0.0,23.05,11.55,322.74,288.14,USD,2026-01-07 00:00:00
404,361,527,2026-01-04,completed,528.98,0.0,42.32,7.57,578.87,528.98,USD,2026-01-05 23:00:00
405,139,725,2026-03-23,refunded,73.59,4.32,5.54,13.47,88.28,0.0,USD,2026-03-25 01:00:00
406,156,657,2026-04-20,completed,138.61,0.0,11.09,8.72,158.42,138.61,USD,2026-04-21 13:00:00
407,297,587,2025-01-01,completed,143.76,0.0,11.5,9.85,165.11,143.76,USD,2025-01-02 02:00:00
408,191,451,2025-09-05,completed,283.98,28.2,20.46,11.81,288.05,255.78,USD,2025-09-05 04:00:00
409,466,313,2025-10-22,completed,104.43,0.0,8.35,6.1,118.88,104.43,USD,2025-10-24 05:00:00
410,49,496,2025-10-19,completed,273.55,0.0,21.88,14.3,309.73,273.55,USD,2025-10-19 21:00:00
411,85,86,2025-11-30,completed,114.38,11.03,8.27,14.82,126.44,103.35,USD,2025-12-01 08:00:00
412,406,705,2026-03-02,completed,66.41,13.12,4.26,8.81,66.36,53.29,USD,2026-03-02 01:00:00
413,341,709,2025-12-23,completed,177.29,0.0,14.18,3.33,194.8,177.29,USD,2025-12-25 05:00:00
414,431,210,2025-05-22,completed,112.44,0.0,9.0,11.62,133.06,112.44,USD,2025-05-24 17:00:00
415,12,606,2026-02-08,completed,189.93,21.45,13.48,4.83,186.79,168.48,USD,2026-02-10 15:00:00
416,68,556,2025-12-29,completed,222.49,19.08,16.27,8.66,228.34,203.41,USD,2025-12-29 22:00:00
417,419,684,2025-05-02,completed,40.82,0.0,3.27,1.3,45.39,40.82,USD,2025-05-02 06:00:00
418,407,720,2026-01-18,completed,122.73,0.0,9.82,12.11,144.66,122.73,USD,2026-01-18 06:00:00
419,413,595,2025-11-13,completed,177.39,7.89,13.56,14.39,197.45,169.5,USD,2025-11-14 03:00:00
420,449,750,2026-05-04,completed,288.95,0.0,23.12,1.41,313.48,288.95,USD,2026-05-04 00:00:00
421,116,261,2025-08-26,completed,265.99,0.0,21.28,10.97,298.24,265.99,USD,2025-08-26 12:00:00
422,49,356,2026-06-25,completed,87.1,0.0,6.97,12.91,106.98,87.1,USD,2026-06-26 20:00:00
423,149,120,2025-11-22,completed,149.04,0.0,11.92,1.64,162.6,149.04,USD,2025-11-22 03:00:00
424,499,686,2026-07-26,completed,230.42,0.0,18.43,3.7,252.55,230.42,USD,2026-07-27 20:00:00
425,259,222,2025-03-03,completed,141.53,0.0,11.32,5.88,158.73,141.53,USD,2025-03-05 14:00:00
426,3,404,2025-03-18,pending,94.18,11.74,6.6,12.55,101.59,82.44,USD,2025-03-20 23:00:00
427,372,131,2025-05-13,completed,162.71,0.0,13.02,7.4,183.13,162.71,USD,2025-05-15 21:00:00
428,422,207,2026-05-11,completed,215.85,0.0,17.27,2.05,235.17,215.85,USD,2026-05-11 20:00:00
429,62,541,2025-11-04,completed,80.28,0.0,6.42,3.85,90.55,80.28,USD,2025-11-05 22:00:00
430,280,201,2026-02-14,completed,247.45,7.3,19.21,7.01,266.37,240.15,USD,2026-02-14 03:00:00
431,373,413,2025-01-12,completed,184.83,0.0,14.79,0.59,200.21,184.83,USD,2025-01-12 17:00:00
432,479,362,2025-08-14,completed,253.49,0.0,20.28,9.46,283.23,253.49,USD,2025-08-16 08:00:00
433,304,492,2025-08-03,completed,160.11,15.94,11.53,0.38,156.08,144.17,USD,2025-08-03 14:00:00
434,170,207,2026-07-15,completed,479.26,100.04,30.34,11.71,421.27,379.22,USD,2026-07-15 21:00:00
435,456,388,2025-03-05,completed,213.01,21.52,15.32,11.01,217.82,191.49,USD,2025-03-06 05:00:00
436,181,24,2026-06-07,completed,272.76,0.0,21.82,12.98,307.56,272.76,USD,2026-06-07 23:00:00
437,317,415,2025-08-12,refunded,246.78,0.0,19.74,2.37,268.89,0.0,USD,2025-08-14 05:00:00
438,421,85,2026-04-16,completed,147.62,0.0,11.81,9.04,168.47,147.62,USD,2026-04-18 17:00:00
439,266,583,2025-06-26,completed,200.14,44.27,12.47,11.72,180.06,155.87,USD,2025-06-27 14:00:00
440,356,680,2025-02-04,completed,106.37,0.0,8.51,7.74,122.62,106.37,USD,2025-02-05 17:00:00
441,421,322,2026-02-17,completed,457.45,0.0,36.6,1.96,496.01,457.45,USD,2026-02-19 04:00:00
442,301,707,2025-04-18,completed,229.24,0.0,18.34,1.48,249.06,229.24,USD,2025-04-19 04:00:00
443,211,314,2025-03-31,completed,89.73,8.3,6.51,9.09,97.03,81.43,USD,2025-04-01 08:00:00
444,323,699,2026-07-12,completed,392.75,0.0,31.42,7.46,431.63,392.75,USD,2026-07-14 20:00:00
445,201,416,2025-05-18,completed,153.17,0.0,12.25,13.94,179.36,153.17,USD,2025-05-19 03:00:00
446,342,443,2026-08-20,completed,298.31,42.44,20.47,12.51,288.85,255.87,USD,2026-08-20 19:00:00
447,41,327,2025-07-31,refunded,39.74,1.34,3.07,10.86,52.33,0.0,USD,2025-07-31 01:00:00
448,24,749,2025-06-18,completed,347.74,69.21,22.28,14.74,315.55,278.53,USD,2025-06-18 01:00:00
449,238,566,2025-10-03,completed,222.92,32.53,15.23,10.42,216.04,190.39,USD,2025-10-05 07:00:00
450,59,400,2025-06-18,pending,83.98,0.0,6.72,1.39,92.09,83.98,USD,2025-06-18 16:00:00
451,366,637,2026-07-17,completed,220.29,3.01,17.38,1.16,235.82,217.28,USD,2026-07-19 05:00:00
452,91,371,2026-01-06,completed,428.66,0.0,34.29,12.24,475.19,428.66,USD,2026-01-06 03:00:00
453,250,702,2026-03-28,completed,108.85,15.34,7.48,5.41,106.4,93.51,USD,2026-03-30 09:00:00
454,89,380,2025-02-16,pending,107.73,0.0,8.62,13.86,130.21,107.73,USD,2025-02-17 05:00:00
455,461,648,2025-05-26,completed,145.99,24.73,9.7,1.77,132.73,121.26,USD,2025-05-28 10:00:00
456,422,204,2025-12-28,completed,176.22,0.0,14.1,2.98,193.3,176.22,USD,2025-12-30 11:00:00
457,1,454,2025-10-23,pending,311.13,0.0,24.89,11.6,347.62,311.13,USD,2025-10-24 17:00:00
458,198,491,2026-08-11,completed,231.32,0.0,18.51,12.71,262.54,231.32,USD,2026-08-13 22:00:00
459,472,422,2026-03-15,completed,145.9,5.37,11.24,13.01,164.78,140.53,USD,2026-03-17 20:00:00
460,245,360,2025-06-30,refunded,206.08,0.0,16.49,1.49,224.06,0.0,USD,2025-07-02 02:00:00
461,423,2,2025-10-03,cancelled,473.22,77.0,31.7,5.73,433.65,396.22,USD,2025-10-04 11:00:00
462,45,780,2026-03-27,completed,258.45,0.0,20.68,9.7,288.83,258.45,USD,2026-03-29 18:00:00
463,215,173,2025-09-06,completed,157.41,2.03,12.43,13.78,181.59,155.38,USD,2025-09-08 21:00:00
464,436,138,2025-11-15,completed,142.8,4.52,11.06,3.59,152.93,138.28,USD,2025-11-16 05:00:00
465,98,649,2026-05-01,pending,197.82,0.0,15.83,9.01,222.66,197.82,USD,2026-05-01 23:00:00
466,6,62,2025-06-24,completed,308.66,45.74,21.03,2.15,286.1,262.92,USD,2025-06-24 21:00:00
467,368,611,2025-03-02,completed,97.23,11.03,6.9,11.21,104.31,86.2,USD,2025-03-04 19:00:00
468,42,281,2025-09-08,completed,281.75,45.58,18.89,1.91,256.97,236.17,USD,2025-09-08 11:00:00
469,151,577,2025-05-14,completed,155.16,29.32,10.07,15.0,150.91,125.84,USD,2025-05-14 00:00:00
470,407,173,2025-12-01,completed,171.91,40.81,10.49,1.38,142.97,131.1,USD,2025-12-02 12:00:00
471,446,563,2026-06-02,completed,712.24,0.0,56.98,10.28,779.5,712.24,USD,2026-06-04 20:00:00
472,66,794,2026-04-08,completed,263.36,0.0,21.07,11.66,296.09,263.36,USD,2026-04-08 23:00:00
473,249,404,2026-03-19,completed,115.15,0.0,9.21,3.87,128.23,115.15,USD,2026-03-20 12:00:00
474,397,447,2025-11-25,completed,222.48,8.24,17.14,3.82,235.2,214.24,USD,2025-11-25 07:00:00
475,196,491,2026-06-24,completed,318.7,31.41,22.98,8.94,319.21,287.29,USD,2026-06-26 11:00:00
476,176,288,2026-07-16,completed,265.26,0.0,21.22,9.46,295.94,265.26,USD,2026-07-18 19:00:00
477,272,441,2026-04-06,completed,22.69,0.0,1.82,10.81,35.32,22.69,USD,2026-04-07 21:00:00
478,389,515,2025-03-12,completed,166.94,0.0,13.36,8.7,189.0,166.94,USD,2025-03-12 08:00:00
479,21,20,2025-06-30,completed,229.05,29.93,15.93,2.62,217.67,199.12,USD,2025-06-30 07:00:00
480,26,363,2026-08-05,completed,216.83,53.77,13.04,13.86,189.96,163.06,USD,2026-08-07 05:00:00
481,54,422,2025-02-14,completed,122.29,5.75,9.32,2.5,128.36,116.54,USD,2025-02-14 09:00:00
482,171,168,2025-12-01,completed,268.24,52.16,17.29,8.48,241.85,216.08,USD,2025-12-01 04:00:00
483,140,377,2026-01-23,pending,348.69,71.77,22.15,13.8,312.87,276.92,USD,2026-01-25 16:00:00
484,241,316,2025-08-26,completed,42.09,0.0,3.37,13.69,59.15,42.09,USD,2025-08-27 13:00:00
485,151,444,2026-03-04,completed,38.39,0.0,3.07,2.52,43.98,38.39,USD,2026-03-05 18:00:00
486,313,230,2025-02-16,completed,221.17,0.0,17.69,3.58,242.44,221.17,USD,2025-02-18 00:00:00
487,161,719,2025-05-14,completed,282.82,18.55,21.14,9.03,294.44,264.27,USD,2025-05-15 00:00:00
488,419,511,2025-06-29,pending,109.21,11.63,7.81,5.06,110.45,97.58,USD,2025-06-29 16:00:00
489,155,502,2025-04-14,completed,24.21,0.0,1.94,10.96,37.11,24.21,USD,2025-04-15 13:00:00
490,123,654,2025-09-23,refunded,168.91,0.0,13.51,7.84,190.26,0.0,USD,2025-09-23 05:00:00
491,431,18,2025-10-12,pending,219.03,0.0,17.52,3.99,240.54,219.03,USD,2025-10-12 21:00:00
492,330,211,2026-07-23,refunded,137.55,10.57,10.16,6.17,143.31,0.0,USD,2026-07-24 18:00:00
493,24,145,2025-10-22,completed,323.79,0.0,25.9,10.37,360.06,323.79,USD,2025-10-24 19:00:00
494,76,498,2026-04-05,cancelled,210.16,12.2,15.84,11.78,225.58,197.96,USD,2026-04-06 19:00:00
495,25,274,2025-02-23,completed,100.36,0.0,8.03,5.54,113.93,100.36,USD,2025-02-25 06:00:00
496,398,567,2025-02-05,completed,108.56,18.01,7.24,1.57,99.36,90.55,USD,2025-02-05 22:00:00
497,314,754,2025-08-28,completed,171.5,5.75,13.26,5.3,184.31,165.75,USD,2025-08-28 04:00:00
498,467,297,2025-07-19,pending,130.79,0.0,10.46,9.46,150.71,130.79,USD,2025-07-20 03:00:00
499,165,265,2026-07-15,refunded,36.01,2.45,2.68,11.4,47.64,0.0,USD,2026-07-17 01:00:00
500,24,391,2025-10-26,completed,198.11,0.0,15.85,13.19,227.15,198.11,USD,2025-10-26 03:00:00
501,230,392,2025-10-23,cancelled,110.76,10.2,8.04,14.43,123.03,100.56,USD,2025-10-25 14:00:00
502,40,288,2026-06-01,completed,125.5,0.0,10.04,7.94,143.48,125.5,USD,2026-06-01 21:00:00
503,73,277,2026-06-10,completed,73.04,13.71,4.75,13.2,77.28,59.33,USD,2026-06-12 01:00:00
504,394,299,2026-04-17,completed,435.71,0.0,34.86,3.93,474.5,435.71,USD,2026-04-19 15:00:00
505,190,390,2025-09-23,completed,253.23,12.72,19.24,8.39,268.14,240.51,USD,2025-09-24 20:00:00
506,441,357,2025-05-12,completed,503.64,0.0,40.29,8.09,552.02,503.64,USD,2025-05-12 12:00:00
507,257,366,2025-01-22,cancelled,137.04,11.65,10.03,11.53,146.95,125.39,USD,2025-01-22 18:00:00
508,325,237,2025-01-31,pending,262.74,0.0,21.02,11.6,295.36,262.74,USD,2025-02-01 09:00:00
509,418,507,2026-05-11,completed,200.48,0.0,16.04,4.28,220.8,200.48,USD,2026-05-13 22:00:00
510,231,391,2025-03-22,completed,103.44,14.84,7.09,13.29,108.98,88.6,USD,2025-03-24 00:00:00
511,160,184,2025-09-09,completed,136.02,0.0,10.88,13.37,160.27,136.02,USD,2025-09-10 20:00:00
512,385,602,2025-11-02,completed,252.92,0.0,20.23,14.22,287.37,252.92,USD,2025-11-04 09:00:00
513,416,705,2025-12-04,completed,72.95,9.87,5.05,6.86,74.99,63.08,USD,2025-12-04 10:00:00
514,150,316,2025-02-24,completed,325.85,0.0,26.07,14.81,366.73,325.85,USD,2025-02-24 05:00:00
515,412,419,2025-11-14,completed,189.35,12.39,14.16,11.77,202.89,176.96,USD,2025-11-15 18:00:00
516,496,757,2025-06-01,completed,298.78,0.0,23.9,9.8,332.48,298.78,USD,2025-06-02 18:00:00
517,97,253,2025-07-26,pending,219.61,40.4,14.34,6.48,200.03,179.21,USD,2025-07-26 18:00:00
518,424,175,2026-05-14,completed,42.41,1.12,3.3,12.64,57.23,41.29,USD,2026-05-15 21:00:00
519,44,277,2025-10-07,completed,167.03,0.0,13.36,11.46,191.85,167.03,USD,2025-10-07 11:00:00
520,444,360,2025-09-01,completed,330.37,0.0,26.43,8.78,365.58,330.37,USD,2025-09-01 14:00:00
521,446,356,2025-01-10,completed,187.43,36.81,12.05,14.96,177.63,150.62,USD,2025-01-12 16:00:00
522,428,482,2026-08-28,completed,170.07,3.17,13.35,3.74,183.99,166.9,USD,2026-08-28 02:00:00
523,175,222,2025-12-27,completed,187.31,0.0,14.98,9.63,211.92,187.31,USD,2025-12-28 16:00:00
524,467,435,2026-04-04,completed,33.24,0.0,2.66,4.82,40.72,33.24,USD,2026-04-06 12:00:00
525,277,87,2025-09-21,completed,352.26,0.0,28.18,6.87,387.31,352.26,USD,2025-09-23 03:00:00
526,33,758,2025-06-10,completed,17.85,2.04,1.26,5.08,22.15,15.81,USD,2025-06-11 07:00:00
527,425,236,2025-06-15,completed,399.2,74.62,25.97,5.02,355.57,324.58,USD,2025-06-15 22:00:00
528,455,260,2025-01-05,completed,129.97,0.0,10.4,5.65,146.02,129.97,USD,2025-01-05 04:00:00
529,152,129,2026-06-24,completed,229.97,0.0,18.4,0.85,249.22,229.97,USD,2026-06-24 08:00:00
530,125,303,2025-11-17,cancelled,30.35,6.84,1.88,0.6,25.99,23.51,USD,2025-11-18 17:00:00
531,285,780,2025-08-02,completed,280.84,7.63,21.86,10.87,305.94,273.21,USD,2025-08-03 14:00:00
532,180,477,2026-03-05,refunded,250.45,0.0,20.04,4.66,275.15,0.0,USD,2026-03-06 03:00:00
533,320,534,2025-03-20,completed,240.51,0.0,19.24,0.32,260.07,240.51,USD,2025-03-20 21:00:00
534,186,478,2025-10-13,completed,28.92,0.0,2.31,1.22,32.45,28.92,USD,2025-10-13 05:00:00
535,109,268,2025-09-23,completed,92.78,2.24,7.24,2.94,100.72,90.54,USD,2025-09-23 08:00:00
536,117,630,2026-07-05,completed,220.39,0.0,17.63,0.72,238.74,220.39,USD,2026-07-05 20:00:00
537,329,275,2026-04-30,completed,346.2,0.0,27.7,14.19,388.09,346.2,USD,2026-05-02 18:00:00
538,220,636,2026-04-12,completed,81.94,6.08,6.07,8.53,90.46,75.86,USD,2026-04-12 23:00:00
539,8,789,2025-06-07,completed,83.83,0.0,6.71,5.91,96.45,83.83,USD,2025-06-07 08:00:00
540,253,9,2025-11-12,completed,210.76,0.0,16.86,7.99,235.61,210.76,USD,2025-11-13 17:00:00
541,394,134,2026-08-19,completed,673.12,0.0,53.85,1.69,728.66,673.12,USD,2026-08-19 09:00:00
542,75,612,2025-01-12,completed,104.88,0.0,8.39,10.53,123.8,104.88,USD,2025-01-13 05:00:00
543,123,97,2026-01-31,completed,128.8,0.0,10.3,14.54,153.64,128.8,USD,2026-02-02 04:00:00
544,180,575,2025-07-25,completed,114.94,0.0,9.2,1.96,126.1,114.94,USD,2025-07-25 07:00:00
545,464,197,2026-03-27,completed,155.42,0.0,12.43,2.29,170.14,155.42,USD,2026-03-29 18:00:00
546,175,469,2025-10-28,completed,363.75,0.0,29.1,9.43,402.28,363.75,USD,2025-10-29 21:00:00
547,419,522,2026-03-02,completed,161.41,21.37,11.2,2.28,153.52,140.04,USD,2026-03-04 17:00:00
548,338,254,2025-06-01,completed,713.37,177.07,42.9,1.89,581.09,536.3,USD,2025-06-03 04:00:00
549,497,687,2026-06-20,completed,182.77,0.0,14.62,10.06,207.45,182.77,USD,2026-06-22 21:00:00
550,291,726,2026-05-24,completed,386.14,69.04,25.37,9.28,351.75,317.1,USD,2026-05-25 12:00:00
551,159,175,2026-01-23,completed,136.05,0.0,10.88,3.27,150.2,136.05,USD,2026-01-23 01:00:00
552,359,591,2025-09-15,completed,60.43,1.03,4.75,12.35,76.5,59.4,USD,2025-09-15 04:00:00
553,46,539,2025-04-03,completed,161.22,32.0,10.34,1.58,141.14,129.22,USD,2025-04-03 13:00:00
554,392,206,2025-05-04,completed,242.9,22.86,17.6,4.99,242.63,220.04,USD,2025-05-04 07:00:00
555,118,653,2025-08-31,completed,93.44,15.61,6.23,11.08,95.14,77.83,USD,2025-09-02 10:00:00
556,334,245,2026-04-18,completed,348.1,0.0,27.85,9.21,385.16,348.1,USD,2026-04-20 20:00:00
557,291,205,2026-07-29,completed,119.25,0.0,9.54,9.0,137.79,119.25,USD,2026-07-30 20:00:00
558,121,569,2026-01-05,completed,73.07,0.0,5.85,10.29,89.21,73.07,USD,2026-01-05 13:00:00
559,241,96,2026-07-24,completed,631.04,0.0,50.48,9.7,691.22,631.04,USD,2026-07-26 22:00:00
560,252,735,2025-04-30,completed,89.54,19.5,5.6,13.11,88.75,70.04,USD,2025-04-30 22:00:00
561,384,308,2026-03-27,refunded,116.58,0.0,9.33,8.53,134.44,0.0,USD,2026-03-29 15:00:00
562,234,393,2025-11-20,completed,269.79,0.0,21.58,6.02,297.39,269.79,USD,2025-11-22 01:00:00
563,30,544,2025-03-27,completed,132.6,31.8,8.06,11.49,120.35,100.8,USD,2025-03-28 07:00:00
564,38,704,2026-02-26,cancelled,75.33,12.82,5.0,3.89,71.4,62.51,USD,2026-02-28 09:00:00
565,333,617,2026-07-03,completed,107.9,14.59,7.46,11.39,112.16,93.31,USD,2026-07-04 23:00:00
566,448,306,2025-09-30,completed,524.6,0.0,41.97,4.2,570.77,524.6,USD,2025-10-02 17:00:00
567,218,600,2025-06-05,completed,248.67,25.56,17.85,7.21,248.17,223.11,USD,2025-06-06 19:00:00
568,46,317,2025-07-03,completed,281.76,0.0,22.54,11.09,315.39,281.76,USD,2025-07-04 04:00:00
569,86,414,2025-12-31,pending,203.79,43.69,12.81,9.41,182.32,160.1,USD,2025-12-31 06:00:00
570,489,549,2026-02-23,cancelled,227.89,0.0,18.23,1.29,247.41,227.89,USD,2026-02-25 23:00:00
571,352,441,2025-05-12,completed,125.2,0.0,10.02,6.7,141.92,125.2,USD,2025-05-14 08:00:00
572,16,41,2026-02-22,completed,186.63,12.87,13.9,12.18,199.84,173.76,USD,2026-02-22 07:00:00
573,130,36,2026-03-30,completed,26.28,0.0,2.1,14.95,43.33,26.28,USD,2026-03-31 19:00:00
574,365,112,2025-01-11,completed,316.85,0.0,25.35,7.0,349.2,316.85,USD,2025-01-13 11:00:00
575,316,67,2025-08-22,completed,124.34,0.0,9.95,1.29,135.58,124.34,USD,2025-08-24 02:00:00
576,144,583,2025-05-23,pending,65.17,15.74,3.95,5.49,58.87,49.43,USD,2025-05-23 19:00:00
577,348,154,2026-04-27,completed,194.13,22.92,13.7,7.35,192.26,171.21,USD,2026-04-27 09:00:00
578,453,194,2026-01-28,cancelled,147.39,0.0,11.79,1.1,160.28,147.39,USD,2026-01-30 19:00:00
579,451,252,2025-11-20,completed,309.6,50.94,20.69,12.96,292.31,258.66,USD,2025-11-21 02:00:00
580,413,141,2025-05-17,completed,163.77,0.0,13.1,8.08,184.95,163.77,USD,2025-05-19 14:00:00
581,178,695,2025-10-20,cancelled,106.08,1.12,8.4,6.24,119.6,104.96,USD,2025-10-21 09:00:00
582,13,72,2026-08-08,completed,166.62,0.0,13.33,5.96,185.91,166.62,USD,2026-08-10 06:00:00
583,196,154,2026-08-27,completed,414.35,0.0,33.15,0.42,447.92,414.35,USD,2026-08-27 17:00:00
584,11,180,2025-04-09,completed,316.26,9.87,24.51,7.78,338.68,306.39,USD,2025-04-10 19:00:00
585,286,68,2025-10-22,completed,248.24,49.39,15.91,7.13,221.89,198.85,USD,2025-10-23 16:00:00
586,302,201,2026-03-31,completed,325.14,0.0,26.01,5.19,356.34,325.14,USD,2026-03-31 15:00:00
587,171,150,2025-06-30,completed,261.03,0.0,20.88,9.88,291.79,261.03,USD,2025-07-02 01:00:00
588,75,273,2026-08-29,cancelled,84.32,17.37,5.36,6.17,78.48,66.95,USD,2026-08-30 09:00:00
589,263,123,2025-10-11,completed,283.26,0.0,22.66,8.58,314.5,283.26,USD,2025-10-12 23:00:00
590,8,751,2025-07-30,refunded,350.15,0.0,28.01,13.28,391.44,0.0,USD,2025-07-30 02:00:00
591,139,630,2026-07-26,refunded,362.8,0.0,29.02,5.46,397.28,0.0,USD,2026-07-26 08:00:00
592,484,516,2026-01-02,completed,70.03,0.0,5.6,5.97,81.6,70.03,USD,2026-01-04 03:00:00
593,458,475,2025-02-07,completed,116.84,0.0,9.35,12.99,139.18,116.84,USD,2025-02-09 23:00:00
594,317,555,2025-03-06,completed,103.82,0.0,8.31,5.37,117.5,103.82,USD,2025-03-06 08:00:00
595,188,753,2026-08-19,completed,135.07,0.0,10.81,6.59,152.47,135.07,USD,2026-08-19 01:00:00
596,6,107,2026-01-13,completed,231.26,0.0,18.5,12.01,261.77,231.26,USD,2026-01-13 18:00:00
597,326,426,2026-06-13,completed,190.75,0.54,15.22,8.88,214.31,190.21,USD,2026-06-13 03:00:00
598,246,155,2026-08-23,pending,190.79,0.0,15.26,14.01,220.06,190.79,USD,2026-08-23 17:00:00
599,357,362,2026-03-28,pending,54.68,5.4,3.94,7.06,60.28,49.28,USD,2026-03-30 01:00:00
600,79,719,2026-08-14,completed,113.51,0.0,9.08,7.19,129.78,113.51,USD,2026-08-16 08:00:00
601,416,505,2026-08-03,refunded,379.92,0.0,30.39,0.64,410.95,0.0,USD,2026-08-04 21:00:00
602,403,508,2025-09-07,completed,349.19,0.0,27.94,2.96,380.09,349.19,USD,2025-09-08 04:00:00
603,215,77,2026-01-23,cancelled,161.81,0.0,12.94,8.1,182.85,161.81,USD,2026-01-23 11:00:00
604,15,648,2026-05-14,completed,283.76,49.36,18.75,2.81,255.96,234.4,USD,2026-05-15 14:00:00
605,234,572,2026-07-30,pending,217.46,0.0,17.4,6.8,241.66,217.46,USD,2026-08-01 21:00:00
606,186,286,2026-05-17,pending,304.23,9.87,23.55,4.25,322.16,294.36,USD,2026-05-17 15:00:00
607,381,267,2026-05-06,completed,291.89,5.96,22.87,0.31,309.11,285.93,USD,2026-05-07 15:00:00
608,120,462,2025-07-18,pending,171.18,0.0,13.69,7.13,192.0,171.18,USD,2025-07-19 00:00:00
609,10,607,2025-09-18,completed,249.26,0.55,19.9,9.69,278.3,248.71,USD,2025-09-19 01:00:00
610,491,402,2026-05-15,completed,227.18,0.0,18.17,5.07,250.42,227.18,USD,2026-05-16 12:00:00
611,121,686,2025-03-18,completed,174.4,0.0,13.95,11.65,200.0,174.4,USD,2025-03-18 12:00:00
612,40,165,2025-04-09,completed,148.84,0.0,11.91,2.19,162.94,148.84,USD,2025-04-09 13:00:00
613,429,553,2026-04-24,completed,480.19,94.34,30.87,1.37,418.09,385.85,USD,2026-04-24 02:00:00
614,360,660,2026-08-18,completed,174.55,43.31,10.5,14.02,155.76,131.24,USD,2026-08-20 01:00:00
615,135,566,2025-09-11,completed,272.42,3.19,21.54,13.82,304.59,269.23,USD,2025-09-13 17:00:00
616,240,268,2026-06-09,completed,457.38,70.27,30.97,6.1,424.18,387.11,USD,2026-06-10 08:00:00
617,345,372,2025-08-04,completed,248.98,0.0,19.92,6.3,275.2,248.98,USD,2025-08-05 20:00:00
618,409,374,2025-11-06,refunded,241.65,18.48,17.85,12.77,253.79,0.0,USD,2025-11-08 22:00:00
619,187,247,2026-08-15,completed,175.27,39.12,10.89,7.96,155.0,136.15,USD,2026-08-17 06:00:00
620,108,107,2025-08-22,completed,229.92,26.27,16.29,1.76,221.7,203.65,USD,2025-08-22 17:00:00
621,8,150,2026-06-21,completed,139.91,5.75,10.73,1.72,146.61,134.16,USD,2026-06-23 07:00:00
622,428,511,2026-07-29,cancelled,770.3,164.54,48.46,1.97,656.19,605.76,USD,2026-07-30 04:00:00
623,408,180,2026-03-25,completed,55.84,0.0,4.47,11.71,72.02,55.84,USD,2026-03-27 21:00:00
624,476,633,2025-02-13,refunded,155.62,3.87,12.14,9.03,172.92,0.0,USD,2025-02-15 18:00:00
625,374,635,2026-08-07,completed,251.69,47.3,16.35,4.5,225.24,204.39,USD,2026-08-07 02:00:00
626,107,329,2025-10-30,cancelled,241.79,13.0,18.3,2.43,249.52,228.79,USD,2025-11-01 15:00:00
627,121,292,2025-06-25,completed,139.73,0.0,11.18,1.85,152.76,139.73,USD,2025-06-25 17:00:00
628,122,783,2025-10-23,completed,38.79,0.0,3.1,11.12,53.01,38.79,USD,2025-10-24 10:00:00
629,230,11,2025-09-25,completed,64.38,13.76,4.05,13.29,67.96,50.62,USD,2025-09-27 05:00:00
630,482,207,2025-08-20,completed,200.01,7.06,15.44,7.97,216.36,192.95,USD,2025-08-20 08:00:00
631,346,553,2026-02-16,completed,28.13,0.92,2.18,11.59,40.98,27.21,USD,2026-02-16 01:00:00
632,218,699,2025-03-10,completed,263.46,48.68,17.18,4.25,236.21,214.78,USD,2025-03-11 05:00:00
633,369,368,2026-01-20,completed,368.06,0.0,29.44,8.78,406.28,368.06,USD,2026-01-21 17:00:00
634,418,577,2025-06-02,completed,294.5,10.93,22.69,6.57,312.83,283.57,USD,2025-06-03 18:00:00
635,202,175,2026-04-26,completed,332.8,0.0,26.62,1.32,360.74,332.8,USD,2026-04-28 20:00:00
636,422,742,2026-08-20,completed,29.32,0.0,2.35,7.31,38.98,29.32,USD,2026-08-20 18:00:00
637,10,466,2025-10-14,completed,143.84,0.0,11.51,12.7,168.05,143.84,USD,2025-10-16 03:00:00
638,156,593,2026-05-06,completed,78.98,0.0,6.32,0.78,86.08,78.98,USD,2026-05-06 13:00:00
639,85,142,2025-07-14,completed,45.42,0.0,3.63,7.16,56.21,45.42,USD,2025-07-15 08:00:00
640,90,396,2026-05-24,completed,122.53,14.03,8.68,13.1,130.28,108.5,USD,2026-05-25 14:00:00
641,102,583,2025-11-20,completed,450.33,0.0,36.03,11.85,498.21,450.33,USD,2025-11-21 06:00:00
642,184,331,2025-11-06,refunded,528.68,35.13,39.48,7.4,540.43,0.0,USD,2025-11-06 12:00:00
643,363,769,2025-03-03,completed,87.73,0.0,7.02,2.57,97.32,87.73,USD,2025-03-03 13:00:00
644,296,664,2026-02-06,completed,183.33,17.5,13.27,12.73,191.83,165.83,USD,2026-02-08 14:00:00
645,221,104,2026-04-26,completed,227.75,0.0,18.22,2.3,248.27,227.75,USD,2026-04-28 20:00:00
646,249,673,2025-11-03,completed,144.6,6.7,11.03,4.15,153.08,137.9,USD,2025-11-03 05:00:00
647,92,307,2025-04-07,completed,384.89,91.79,23.45,1.86,318.41,293.1,USD,2025-04-07 16:00:00
648,369,472,2026-02-16,completed,123.96,0.0,9.92,6.89,140.77,123.96,USD,2026-02-18 23:00:00
649,378,327,2026-01-15,completed,108.69,0.0,8.7,9.44,126.83,108.69,USD,2026-01-15 08:00:00
650,275,562,2026-06-09,completed,91.59,0.0,7.33,12.41,111.33,91.59,USD,2026-06-10 14:00:00
651,408,344,2026-08-03,completed,143.85,0.0,11.51,6.92,162.28,143.85,USD,2026-08-03 20:00:00
652,403,371,2025-05-28,completed,10.37,0.0,0.83,14.56,25.76,10.37,USD,2025-05-30 22:00:00
653,403,467,2025-06-27,completed,148.93,0.0,11.91,8.94,169.78,148.93,USD,2025-06-29 05:00:00
654,52,175,2026-08-01,refunded,191.25,19.71,13.72,9.07,194.33,0.0,USD,2026-08-03 06:00:00
655,44,342,2025-03-13,pending,199.69,0.0,15.98,2.63,218.3,199.69,USD,2025-03-13 04:00:00
656,220,40,2026-07-09,completed,75.0,0.0,6.0,2.85,83.85,75.0,USD,2026-07-09 11:00:00
657,29,47,2025-04-04,completed,197.06,0.0,15.76,8.65,221.47,197.06,USD,2025-04-06 09:00:00
658,9,523,2025-09-12,completed,194.24,0.0,15.54,10.81,220.59,194.24,USD,2025-09-12 16:00:00
659,66,223,2025-03-25,refunded,197.23,0.0,15.78,3.07,216.08,0.0,USD,2025-03-26 07:00:00
660,61,536,2026-08-16,completed,298.22,53.02,19.62,7.26,272.08,245.2,USD,2026-08-16 07:00:00
661,163,608,2025-10-31,completed,72.35,15.84,4.52,5.34,66.37,56.51,USD,2025-10-31 01:00:00
662,166,533,2026-06-20,pending,145.87,0.0,11.67,6.58,164.12,145.87,USD,2026-06-22 04:00:00
663,410,337,2025-01-20,completed,36.23,0.0,2.9,3.33,42.46,36.23,USD,2025-01-20 12:00:00
664,451,450,2025-01-25,pending,280.43,0.0,22.43,2.11,304.97,280.43,USD,2025-01-25 12:00:00
665,86,627,2025-11-20,completed,82.3,11.33,5.68,4.81,81.46,70.97,USD,2025-11-22 12:00:00
666,191,274,2025-01-26,completed,328.36,0.0,26.27,13.03,367.66,328.36,USD,2025-01-28 03:00:00
667,255,334,2025-11-27,pending,335.83,41.15,23.57,12.08,330.33,294.68,USD,2025-11-27 15:00:00
668,137,194,2026-03-06,completed,156.49,12.95,11.48,1.52,156.54,143.54,USD,2026-03-08 13:00:00
669,166,161,2025-10-24,completed,150.6,20.23,10.43,1.32,142.12,130.37,USD,2025-10-26 21:00:00
670,336,53,2026-04-21,completed,51.43,0.0,4.11,7.39,62.93,51.43,USD,2026-04-22 05:00:00
671,213,57,2025-03-03,completed,179.18,7.94,13.7,4.16,189.1,171.24,USD,2025-03-04 08:00:00
672,352,119,2025-05-31,completed,296.53,0.0,23.72,12.35,332.6,296.53,USD,2025-06-01 23:00:00
673,38,616,2025-04-08,completed,214.34,0.0,17.15,7.29,238.78,214.34,USD,2025-04-08 10:00:00
674,241,503,2025-10-30,completed,414.55,74.85,27.18,12.79,379.67,339.7,USD,2025-11-01 16:00:00
675,156,71,2025-08-29,completed,133.57,10.87,9.82,1.62,134.14,122.7,USD,2025-08-29 09:00:00
676,145,615,2025-11-24,completed,133.44,0.0,10.68,14.55,158.67,133.44,USD,2025-11-26 06:00:00
677,235,601,2025-04-03,pending,87.0,0.0,6.96,11.51,105.47,87.0,USD,2025-04-04 17:00:00
678,151,727,2025-09-28,refunded,590.49,0.0,47.24,10.98,648.71,0.0,USD,2025-09-28 09:00:00
679,380,775,2026-04-10,completed,50.98,5.01,3.68,14.1,63.75,45.97,USD,2026-04-11 07:00:00
680,93,68,2025-02-11,pending,282.72,0.0,22.62,7.05,312.39,282.72,USD,2025-02-11 21:00:00
681,447,419,2026-04-23,completed,300.53,0.0,24.04,2.23,326.8,300.53,USD,2026-04-25 19:00:00
682,182,652,2025-05-13,completed,292.23,0.0,23.38,7.45,323.06,292.23,USD,2025-05-14 14:00:00
683,264,192,2026-06-12,completed,93.07,2.58,7.24,12.23,109.96,90.49,USD,2026-06-13 02:00:00
684,85,478,2026-05-10,cancelled,156.43,8.57,11.83,12.89,172.58,147.86,USD,2026-05-10 19:00:00
685,460,73,2025-09-29,completed,256.54,0.0,20.52,7.33,284.39,256.54,USD,2025-09-29 10:00:00
686,322,242,2025-02-14,completed,110.25,9.13,8.09,10.98,120.19,101.12,USD,2025-02-15 12:00:00
687,385,784,2025-08-22,pending,140.85,0.0,11.27,3.7,155.82,140.85,USD,2025-08-23 12:00:00
688,448,581,2026-01-13,completed,111.76,9.69,8.17,3.46,113.7,102.07,USD,2026-01-15 20:00:00
689,498,209,2025-07-26,completed,187.85,11.42,14.11,8.79,199.33,176.43,USD,2025-07-27 22:00:00
690,128,792,2026-01-20,completed,179.32,0.0,14.35,6.33,200.0,179.32,USD,2026-01-21 08:00:00
691,165,163,2026-05-15,completed,461.8,100.51,28.9,2.42,392.61,361.29,USD,2026-05-16 02:00:00
692,122,304,2026-08-04,completed,260.28,19.88,19.23,11.42,271.05,240.4,USD,2026-08-04 18:00:00
693,251,356,2025-08-30,completed,62.36,0.0,4.99,7.98,75.33,62.36,USD,2025-08-31 22:00:00
694,450,502,2026-08-23,completed,66.86,0.0,5.35,7.81,80.02,66.86,USD,2026-08-23 10:00:00
695,370,210,2025-05-31,completed,286.02,8.81,22.18,2.84,302.23,277.21,USD,2025-05-31 00:00:00
696,285,209,2026-07-28,pending,177.97,0.0,14.24,3.62,195.83,177.97,USD,2026-07-30 16:00:00
697,237,537,2025-03-28,completed,568.69,0.0,45.5,10.39,624.58,568.69,USD,2025-03-28 02:00:00
698,365,165,2025-11-25,completed,567.67,0.0,45.41,12.78,625.86,567.67,USD,2025-11-25 16:00:00
699,234,114,2026-02-13,completed,86.6,20.43,5.29,2.66,74.12,66.17,USD,2026-02-14 16:00:00
700,445,120,2025-01-26,refunded,216.58,8.61,16.64,12.19,236.8,0.0,USD,2025-01-26 13:00:00
701,280,263,2025-09-27,pending,67.59,3.4,5.14,11.82,81.15,64.19,USD,2025-09-29 00:00:00
702,333,26,2025-06-18,completed,282.86,0.0,22.63,12.22,317.71,282.86,USD,2025-06-19 15:00:00
703,340,29,2026-05-11,completed,503.83,123.42,30.43,8.73,419.57,380.41,USD,2026-05-11 05:00:00
704,372,580,2025-10-16,completed,196.37,0.0,15.71,5.28,217.36,196.37,USD,2025-10-17 09:00:00
705,240,434,2025-03-05,completed,130.08,21.09,8.72,11.57,129.28,108.99,USD,2025-03-07 11:00:00
706,194,117,2025-01-24,completed,231.83,8.83,17.84,7.2,248.04,223.0,USD,2025-01-25 03:00:00
707,208,205,2025-01-15,completed,321.71,0.0,25.74,3.33,350.78,321.71,USD,2025-01-17 00:00:00
708,470,542,2025-01-23,completed,323.11,20.41,24.22,6.04,332.96,302.7,USD,2025-01-24 17:00:00
709,55,642,2025-10-22,completed,131.16,0.0,10.49,6.87,148.52,131.16,USD,2025-10-23 09:00:00
710,352,696,2025-07-16,completed,108.13,0.0,8.65,7.58,124.36,108.13,USD,2025-07-17 16:00:00
711,481,174,2025-05-07,completed,208.71,27.39,14.51,13.46,209.29,181.32,USD,2025-05-08 11:00:00
712,36,678,2025-08-24,refunded,137.77,0.0,11.02,6.17,154.96,0.0,USD,2025-08-24 04:00:00
713,309,342,2025-09-23,completed,384.98,65.61,25.55,4.27,349.19,319.37,USD,2025-09-24 07:00:00
714,298,240,2025-12-19,completed,136.55,0.0,10.92,14.44,161.91,136.55,USD,2025-12-20 05:00:00
715,168,462,2025-10-30,completed,186.58,0.0,14.93,3.63,205.14,186.58,USD,2025-11-01 08:00:00
716,48,100,2026-07-21,completed,227.94,56.55,13.71,0.17,185.27,171.39,USD,2026-07-23 03:00:00
717,339,371,2025-08-16,completed,52.71,0.0,4.22,12.75,69.68,52.71,USD,2025-08-17 17:00:00
718,262,355,2025-08-26,completed,115.32,19.33,7.68,14.32,117.99,95.99,USD,2025-08-27 03:00:00
719,376,477,2025-09-08,completed,553.03,2.55,44.04,10.23,604.75,550.48,USD,2025-09-09 21:00:00
720,45,146,2025-01-30,refunded,312.92,0.0,25.03,6.11,344.06,0.0,USD,2025-02-01 23:00:00
721,468,50,2026-03-31,completed,135.2,0.0,10.82,8.16,154.18,135.2,USD,2026-04-02 12:00:00
722,314,299,2025-11-24,refunded,283.62,0.0,22.69,12.48,318.79,0.0,USD,2025-11-24 16:00:00
723,222,787,2025-08-31,completed,380.93,41.36,27.17,13.28,380.02,339.57,USD,2025-08-31 20:00:00
724,229,456,2025-08-06,completed,151.16,0.0,12.09,1.54,164.79,151.16,USD,2025-08-07 11:00:00
725,476,439,2025-11-11,completed,303.27,63.19,19.21,13.02,272.31,240.08,USD,2025-11-12 23:00:00
726,277,516,2026-07-01,pending,275.73,55.69,17.6,9.26,246.9,220.04,USD,2026-07-03 00:00:00
727,291,407,2025-08-30,completed,68.55,0.0,5.48,0.48,74.51,68.55,USD,2025-09-01 08:00:00
728,325,175,2025-09-19,completed,151.77,14.08,11.02,1.63,150.34,137.69,USD,2025-09-20 15:00:00
729,157,788,2025-03-23,completed,469.52,0.0,37.56,0.68,507.76,469.52,USD,2025-03-25 11:00:00
730,126,182,2025-07-15,completed,543.17,0.0,43.45,14.23,600.85,543.17,USD,2025-07-15 02:00:00
731,376,513,2026-03-31,completed,314.6,0.0,25.17,6.4,346.17,314.6,USD,2026-03-31 15:00:00
732,160,693,2026-03-16,completed,112.34,16.8,7.64,10.73,113.91,95.54,USD,2026-03-17 12:00:00
733,18,527,2026-05-04,completed,20.66,0.0,1.65,0.03,22.34,20.66,USD,2026-05-05 13:00:00
734,242,756,2025-10-27,completed,100.81,17.97,6.63,11.9,101.37,82.84,USD,2025-10-29 21:00:00
735,6,143,2026-07-01,completed,60.67,0.0,4.85,7.23,72.75,60.67,USD,2026-07-02 23:00:00
736,284,514,2025-12-03,refunded,491.52,107.56,30.72,13.85,428.53,0.0,USD,2025-12-04 05:00:00
737,323,74,2025-03-21,refunded,35.35,7.6,2.22,7.81,37.78,0.0,USD,2025-03-22 18:00:00
738,462,446,2025-04-03,pending,70.21,7.76,5.0,11.83,79.28,62.45,USD,2025-04-03 08:00:00
739,304,147,2025-10-29,completed,205.76,0.0,16.46,9.44,231.66,205.76,USD,2025-10-30 04:00:00
740,176,527,2025-08-16,completed,177.08,0.0,14.17,7.81,199.06,177.08,USD,2025-08-16 01:00:00
741,322,262,2025-03-07,completed,454.93,0.0,36.39,14.22,505.54,454.93,USD,2025-03-07 10:00:00
742,296,103,2025-01-29,completed,264.56,0.0,21.16,7.43,293.15,264.56,USD,2025-01-30 05:00:00
743,371,693,2026-01-11,completed,159.92,35.61,9.94,13.39,147.64,124.31,USD,2026-01-11 00:00:00
744,462,718,2026-04-04,completed,389.51,0.0,31.16,0.54,421.21,389.51,USD,2026-04-04 13:00:00
745,49,137,2025-05-14,completed,132.33,0.0,10.59,9.86,152.78,132.33,USD,2025-05-16 16:00:00
746,359,167,2025-05-30,refunded,478.46,103.56,29.99,13.67,418.56,0.0,USD,2025-06-01 12:00:00
747,403,31,2025-11-21,completed,90.17,0.0,7.21,13.49,110.87,90.17,USD,2025-11-22 16:00:00
748,165,536,2025-03-15,pending,172.52,18.37,12.33,7.28,173.76,154.15,USD,2025-03-17 20:00:00
749,202,715,2026-05-24,completed,24.5,0.0,1.96,7.08,33.54,24.5,USD,2026-05-24 02:00:00
750,208,178,2025-12-24,pending,325.25,0.0,26.02,12.16,363.43,325.25,USD,2025-12-26 19:00:00
751,187,362,2025-08-08,completed,197.79,22.56,14.02,5.03,194.28,175.23,USD,2025-08-09 11:00:00
752,440,565,2025-12-18,completed,479.27,0.0,38.34,14.06,531.67,479.27,USD,2025-12-19 02:00:00
753,164,354,2025-04-09,completed,147.77,10.14,11.01,3.76,152.4,137.63,USD,2025-04-11 08:00:00
754,219,603,2025-07-11,completed,51.99,0.0,4.16,1.12,57.27,51.99,USD,2025-07-12 08:00:00
755,293,604,2025-11-19,refunded,242.33,0.0,19.39,11.58,273.3,0.0,USD,2025-11-20 19:00:00
756,127,593,2026-08-08,completed,117.96,0.0,9.44,6.07,133.47,117.96,USD,2026-08-08 22:00:00
757,349,572,2026-05-28,refunded,295.41,0.0,23.63,5.34,324.38,0.0,USD,2026-05-29 13:00:00
758,262,343,2026-01-21,completed,91.73,8.65,6.65,4.81,94.54,83.08,USD,2026-01-21 09:00:00
759,86,315,2025-07-23,pending,425.99,0.0,34.08,14.71,474.78,425.99,USD,2025-07-23 15:00:00
760,93,486,2026-07-17,completed,186.49,16.39,13.61,8.58,192.29,170.1,USD,2026-07-18 16:00:00
761,14,86,2025-03-20,completed,160.37,38.14,9.78,14.88,146.89,122.23,USD,2025-03-22 19:00:00
762,292,479,2025-07-02,refunded,408.03,0.0,32.64,5.15,445.82,0.0,USD,2025-07-02 13:00:00
763,401,26,2025-09-18,completed,328.39,49.76,22.29,6.21,307.13,278.63,USD,2025-09-19 17:00:00
764,496,577,2025-12-01,completed,102.23,0.0,8.18,3.18,113.59,102.23,USD,2025-12-01 04:00:00
765,330,485,2026-02-14,completed,322.24,70.59,20.13,6.46,278.24,251.65,USD,2026-02-15 12:00:00
766,485,400,2025-09-09,completed,280.05,0.0,22.4,0.93,303.38,280.05,USD,2025-09-11 13:00:00
767,495,243,2026-07-27,refunded,166.97,18.12,11.91,0.01,160.77,0.0,USD,2026-07-28 00:00:00
768,307,406,2025-09-08,completed,305.49,0.0,24.44,6.8,336.73,305.49,USD,2025-09-10 09:00:00
769,188,509,2026-01-18,cancelled,424.78,0.0,33.98,11.19,469.95,424.78,USD,2026-01-19 04:00:00
770,444,548,2025-01-29,pending,170.53,0.0,13.64,6.56,190.73,170.53,USD,2025-01-31 18:00:00
771,317,739,2025-04-06,completed,170.95,0.0,13.68,7.77,192.4,170.95,USD,2025-04-07 21:00:00
772,408,137,2025-05-14,completed,164.34,40.5,9.91,6.68,140.43,123.84,USD,2025-05-14 23:00:00
773,114,36,2025-01-01,completed,98.96,0.0,7.92,7.9,114.78,98.96,USD,2025-01-01 19:00:00
774,476,522,2026-06-12,pending,169.27,0.45,13.51,11.63,193.96,168.82,USD,2026-06-14 14:00:00
775,215,131,2026-01-15,completed,156.02,0.0,12.48,12.06,180.56,156.02,USD,2026-01-16 10:00:00
776,437,119,2026-05-31,completed,149.48,0.0,11.96,12.57,174.01,149.48,USD,2026-06-01 04:00:00
777,188,220,2025-07-21,pending,147.83,0.0,11.83,3.19,162.85,147.83,USD,2025-07-22 18:00:00
778,450,580,2025-03-05,completed,70.05,0.0,5.6,6.87,82.52,70.05,USD,2025-03-05 05:00:00
779,337,51,2025-07-19,completed,349.94,13.06,26.95,12.47,376.3,336.88,USD,2025-07-19 13:00:00
780,115,312,2025-01-12,completed,115.18,0.0,9.21,14.13,138.52,115.18,USD,2025-01-13 08:00:00
781,75,85,2025-07-04,refunded,440.03,48.4,31.33,8.14,431.1,0.0,USD,2025-07-04 20:00:00
782,80,672,2025-03-03,completed,83.42,0.0,6.67,7.39,97.48,83.42,USD,2025-03-04 15:00:00
783,188,610,2025-05-10,completed,504.27,0.0,40.34,11.47,556.08,504.27,USD,2025-05-11 01:00:00
784,22,71,2026-01-23,completed,137.19,0.0,10.98,14.88,163.05,137.19,USD,2026-01-24 07:00:00
785,275,220,2026-08-08,pending,324.79,20.21,24.37,6.39,335.34,304.58,USD,2026-08-10 08:00:00
786,330,369,2025-05-26,completed,196.45,0.0,15.72,2.48,214.65,196.45,USD,2025-05-28 08:00:00
787,373,366,2026-08-20,completed,61.9,0.75,4.89,12.51,78.55,61.15,USD,2026-08-20 21:00:00
788,467,134,2026-04-08,pending,64.85,0.0,5.19,10.66,80.7,64.85,USD,2026-04-09 01:00:00
789,401,374,2025-03-15,completed,107.84,0.0,8.63,2.18,118.65,107.84,USD,2025-03-16 22:00:00
790,497,696,2025-01-04,completed,131.43,19.91,8.92,4.85,125.29,111.52,USD,2025-01-06 18:00:00
791,302,177,2025-03-10,pending,174.42,13.81,12.85,8.3,181.76,160.61,USD,2025-03-11 15:00:00
792,427,101,2026-03-11,completed,226.44,43.68,14.62,10.97,208.35,182.76,USD,2026-03-11 05:00:00
793,388,309,2026-02-12,cancelled,158.45,0.0,12.68,11.71,182.84,158.45,USD,2026-02-13 18:00:00
794,416,389,2026-06-23,cancelled,218.23,30.35,15.03,2.34,205.25,187.88,USD,2026-06-25 03:00:00
795,206,228,2025-11-15,completed,243.03,0.0,19.44,3.25,265.72,243.03,USD,2025-11-17 19:00:00
796,260,85,2025-01-28,completed,153.36,0.85,12.2,11.16,175.87,152.51,USD,2025-01-30 18:00:00
797,457,69,2026-08-30,refunded,277.03,0.0,22.16,1.74,300.93,0.0,USD,2026-09-01 01:00:00
798,226,639,2026-06-11,completed,318.66,24.56,23.53,7.47,325.1,294.1,USD,2026-06-12 15:00:00
799,304,106,2026-03-11,completed,247.24,0.0,19.78,8.19,275.21,247.24,USD,2026-03-11 12:00:00
800,321,226,2026-07-12,completed,256.75,61.79,15.6,5.09,215.65,194.96,USD,2026-07-14 15:00:00
801,93,610,2025-06-19,completed,205.09,4.65,16.04,11.95,228.43,200.44,USD,2025-06-20 10:00:00
802,12,476,2025-11-22,completed,369.76,65.0,24.38,0.83,329.97,304.76,USD,2025-11-24 01:00:00
803,348,20,2025-11-20,completed,177.3,0.0,14.18,11.66,203.14,177.3,USD,2025-11-22 04:00:00
804,398,137,2025-06-22,refunded,109.37,0.0,8.75,9.69,127.81,0.0,USD,2025-06-22 01:00:00
805,292,377,2026-08-28,completed,181.05,23.36,12.62,7.61,177.92,157.69,USD,2026-08-29 02:00:00
806,329,282,2025-12-08,completed,62.86,15.19,3.81,13.09,64.57,47.67,USD,2025-12-10 00:00:00
807,34,792,2026-07-12,completed,56.33,7.07,3.94,3.03,56.23,49.26,USD,2026-07-13 10:00:00
808,86,91,2025-07-08,completed,319.66,0.0,25.57,12.01,357.24,319.66,USD,2025-07-09 23:00:00
809,369,22,2025-10-28,completed,444.57,0.0,35.57,2.82,482.96,444.57,USD,2025-10-29 16:00:00
810,318,441,2026-07-21,completed,140.4,0.0,11.23,14.86,166.49,140.4,USD,2026-07-21 00:00:00
811,99,768,2025-04-19,completed,321.65,80.13,19.32,0.49,261.33,241.52,USD,2025-04-19 22:00:00
812,300,3,2025-11-26,completed,31.14,0.0,2.49,8.3,41.93,31.14,USD,2025-11-27 05:00:00
813,18,664,2026-04-29,completed,247.76,0.0,19.82,2.52,270.1,247.76,USD,2026-04-30 03:00:00
814,394,795,2026-04-30,cancelled,177.8,37.61,11.22,6.12,157.53,140.19,USD,2026-04-30 02:00:00
815,14,333,2026-04-02,completed,490.87,0.0,39.27,2.22,532.36,490.87,USD,2026-04-02 01:00:00
816,419,334,2026-01-06,completed,160.49,27.19,10.66,2.91,146.87,133.3,USD,2026-01-06 21:00:00
817,112,795,2025-01-05,completed,78.37,0.0,6.27,0.91,85.55,78.37,USD,2025-01-07 13:00:00
818,127,504,2025-06-25,completed,49.48,0.0,3.96,0.12,53.56,49.48,USD,2025-06-27 23:00:00
819,463,438,2026-04-28,pending,180.95,0.0,14.48,10.79,206.22,180.95,USD,2026-04-30 12:00:00
820,408,230,2025-10-31,completed,204.81,0.0,16.38,6.8,227.99,204.81,USD,2025-11-02 19:00:00
821,169,746,2025-08-06,pending,153.49,8.87,11.57,0.68,156.87,144.62,USD,2025-08-08 18:00:00
822,92,203,2026-06-19,completed,326.33,0.0,26.11,14.08,366.52,326.33,USD,2026-06-21 01:00:00
823,55,315,2025-07-28,completed,414.41,0.0,33.15,9.98,457.54,414.41,USD,2025-07-28 08:00:00
824,198,677,2025-08-21,completed,139.27,0.0,11.14,3.96,154.37,139.27,USD,2025-08-22 02:00:00
825,291,409,2025-09-03,completed,37.17,6.86,2.42,6.58,39.31,30.31,USD,2025-09-05 04:00:00
826,247,607,2025-07-27,completed,219.09,43.21,14.07,7.34,197.29,175.88,USD,2025-07-28 04:00:00
827,449,796,2025-11-03,completed,374.51,0.0,29.96,8.55,413.02,374.51,USD,2025-11-03 19:00:00
828,403,515,2026-08-04,completed,139.73,0.0,11.18,12.86,163.77,139.73,USD,2026-08-04 02:00:00
829,131,131,2026-08-29,completed,256.72,0.0,20.54,8.85,286.11,256.72,USD,2026-08-30 00:00:00
830,451,602,2025-07-22,completed,73.63,9.36,5.14,14.68,84.09,64.27,USD,2025-07-23 00:00:00
831,231,480,2025-08-13,completed,215.49,0.0,17.24,10.9,243.63,215.49,USD,2025-08-15 10:00:00
832,9,141,2026-06-06,completed,259.86,0.0,20.79,14.83,295.48,259.86,USD,2026-06-08 08:00:00
833,426,89,2025-12-16,refunded,219.63,39.54,14.41,8.26,202.76,0.0,USD,2025-12-16 08:00:00
834,369,748,2025-04-19,completed,572.83,0.0,45.83,10.18,628.84,572.83,USD,2025-04-20 13:00:00
835,178,85,2025-11-30,cancelled,441.16,82.27,28.71,11.07,398.67,358.89,USD,2025-12-02 17:00:00
836,439,364,2026-04-26,completed,288.07,0.0,23.05,11.32,322.44,288.07,USD,2026-04-27 10:00:00
837,453,789,2025-09-02,completed,352.16,67.03,22.81,0.37,308.31,285.13,USD,2025-09-04 20:00:00
838,478,695,2026-01-09,refunded,214.46,0.0,17.16,1.91,233.53,0.0,USD,2026-01-09 06:00:00
839,457,672,2026-04-16,pending,172.3,0.0,13.78,3.42,189.5,172.3,USD,2026-04-16 23:00:00
840,134,589,2025-03-14,pending,128.9,0.0,10.31,4.07,143.28,128.9,USD,2025-03-16 18:00:00
841,279,382,2026-08-15,completed,72.3,0.0,5.78,13.58,91.66,72.3,USD,2026-08-17 03:00:00
842,87,229,2025-02-08,completed,454.13,55.32,31.9,10.84,441.55,398.81,USD,2025-02-08 20:00:00
843,341,718,2025-03-11,completed,586.87,0.0,46.95,2.15,635.97,586.87,USD,2025-03-13 16:00:00
844,250,456,2025-07-01,refunded,184.01,0.0,14.72,6.4,205.13,0.0,USD,2025-07-02 03:00:00
845,440,317,2025-01-13,completed,186.24,8.64,14.21,3.65,195.46,177.6,USD,2025-01-15 09:00:00
846,451,774,2026-02-04,completed,267.08,0.0,21.37,12.45,300.9,267.08,USD,2026-02-04 23:00:00
847,159,296,2025-11-15,completed,161.02,36.75,9.94,13.77,147.98,124.27,USD,2025-11-16 00:00:00
848,158,30,2025-08-07,completed,80.25,6.35,5.91,2.46,82.27,73.9,USD,2025-08-07 23:00:00
849,16,481,2026-08-23,completed,61.22,0.0,4.9,6.25,72.37,61.22,USD,2026-08-24 02:00:00
850,253,342,2025-06-14,completed,573.96,123.67,36.02,14.29,500.6,450.29,USD,2025-06-15 19:00:00
851,193,499,2026-06-18,completed,42.57,4.82,3.02,9.86,50.63,37.75,USD,2026-06-20 10:00:00
852,498,497,2025-12-20,completed,225.33,46.83,14.28,13.02,205.8,178.5,USD,2025-12-21 21:00:00
853,409,504,2026-02-25,completed,47.99,0.0,3.84,5.37,57.2,47.99,USD,2026-02-25 01:00:00
854,229,272,2026-08-02,completed,166.77,0.0,13.34,3.15,183.26,166.77,USD,2026-08-03 19:00:00
855,284,202,2025-06-04,completed,138.75,5.45,10.66,10.37,154.33,133.3,USD,2025-06-05 07:00:00
856,315,255,2025-03-15,pending,55.4,1.73,4.29,2.06,60.02,53.67,USD,2025-03-15 04:00:00
857,452,773,2026-04-27,completed,273.28,0.0,21.86,12.6,307.74,273.28,USD,2026-04-27 23:00:00
858,498,599,2026-01-27,cancelled,75.63,0.0,6.05,11.32,93.0,75.63,USD,2026-01-29 21:00:00
859,210,315,2025-04-30,completed,48.95,1.66,3.78,4.57,55.64,47.29,USD,2025-05-01 01:00:00
860,184,734,2026-07-08,completed,293.35,66.74,18.13,7.48,252.22,226.61,USD,2026-07-10 03:00:00
861,357,612,2026-03-12,pending,139.2,12.49,10.14,11.99,148.84,126.71,USD,2026-03-12 14:00:00
862,137,431,2025-11-25,completed,100.22,10.65,7.17,14.02,110.76,89.57,USD,2025-11-27 15:00:00
863,71,641,2025-03-22,completed,305.24,0.0,24.42,5.28,334.94,305.24,USD,2025-03-24 10:00:00
864,142,759,2026-08-09,pending,72.43,16.23,4.5,11.85,72.55,56.2,USD,2026-08-09 11:00:00
865,159,455,2025-11-15,completed,38.18,0.0,3.05,2.92,44.15,38.18,USD,2025-11-17 01:00:00
866,309,82,2025-12-29,completed,396.93,0.0,31.75,13.55,442.23,396.93,USD,2025-12-31 19:00:00
867,368,345,2025-01-17,pending,524.23,0.0,41.94,10.29,576.46,524.23,USD,2025-01-19 17:00:00
868,82,182,2026-02-13,completed,163.61,11.11,12.2,2.29,166.99,152.5,USD,2026-02-15 03:00:00
869,23,560,2026-05-22,completed,7.08,0.0,0.57,11.1,18.75,7.08,USD,2026-05-24 04:00:00
870,83,71,2026-04-26,refunded,162.05,0.0,12.96,10.86,185.87,0.0,USD,2026-04-27 12:00:00
871,456,375,2025-08-17,refunded,316.73,0.0,25.34,11.13,353.2,0.0,USD,2025-08-17 10:00:00
872,131,349,2025-05-02,completed,371.7,0.0,29.74,5.17,406.61,371.7,USD,2025-05-02 01:00:00
873,265,309,2025-09-27,completed,79.52,0.0,6.36,11.1,96.98,79.52,USD,2025-09-27 21:00:00
874,271,502,2025-12-07,refunded,144.28,0.0,11.54,12.4,168.22,0.0,USD,2025-12-07 18:00:00
875,140,437,2025-06-13,refunded,213.46,0.0,17.08,5.21,235.75,0.0,USD,2025-06-15 17:00:00
876,423,161,2026-01-08,completed,304.86,0.0,24.39,3.12,332.37,304.86,USD,2026-01-10 12:00:00
877,33,641,2026-07-16,completed,283.95,70.34,17.09,13.32,244.02,213.61,USD,2026-07-16 23:00:00
878,265,359,2025-03-14,completed,254.51,57.26,15.78,9.31,222.34,197.25,USD,2025-03-15 03:00:00
879,207,126,2025-05-30,completed,371.08,64.56,24.52,6.91,337.95,306.52,USD,2025-06-01 05:00:00
880,392,548,2025-10-04,refunded,172.12,0.0,13.77,13.2,199.09,0.0,USD,2025-10-06 00:00:00
881,99,315,2025-04-16,pending,456.77,0.0,36.54,2.04,495.35,456.77,USD,2025-04-18 15:00:00
882,479,512,2026-04-13,completed,118.17,0.0,9.45,12.16,139.78,118.17,USD,2026-04-15 04:00:00
883,397,604,2025-02-06,pending,286.89,63.6,17.86,7.36,248.51,223.29,USD,2025-02-08 01:00:00
884,371,504,2025-01-25,refunded,131.45,0.0,10.52,0.64,142.61,0.0,USD,2025-01-27 07:00:00
885,248,753,2025-08-03,completed,165.34,0.0,13.23,14.59,193.16,165.34,USD,2025-08-05 16:00:00
886,322,485,2025-09-08,pending,184.37,34.77,11.97,11.67,173.24,149.6,USD,2025-09-09 03:00:00
887,104,305,2026-03-05,completed,125.94,12.23,9.1,3.22,126.03,113.71,USD,2026-03-05 18:00:00
888,5,790,2025-03-30,pending,381.54,0.0,30.52,13.86,425.92,381.54,USD,2025-04-01 17:00:00
889,373,412,2026-04-21,completed,136.27,13.31,9.84,14.03,146.83,122.96,USD,2026-04-21 11:00:00
890,225,572,2025-04-17,completed,177.77,0.0,14.22,12.01,204.0,177.77,USD,2025-04-17 21:00:00
891,177,265,2026-07-30,completed,265.04,0.0,21.2,1.91,288.15,265.04,USD,2026-07-30 09:00:00
892,135,727,2025-11-08,completed,731.27,0.0,58.5,2.8,792.57,731.27,USD,2025-11-10 12:00:00
893,311,752,2026-04-11,completed,271.49,43.96,18.2,11.31,257.04,227.53,USD,2026-04-13 18:00:00
894,257,762,2025-01-18,completed,188.95,0.0,15.12,13.71,217.78,188.95,USD,2025-01-19 06:00:00
895,338,311,2026-03-12,completed,32.06,0.43,2.53,3.23,37.39,31.63,USD,2026-03-12 07:00:00
896,476,688,2025-09-15,completed,162.2,0.0,12.98,6.91,182.09,162.2,USD,2025-09-15 16:00:00
897,418,538,2025-11-01,completed,109.56,11.28,7.86,2.32,108.46,98.28,USD,2025-11-02 17:00:00
898,161,77,2025-01-16,completed,142.88,16.05,10.15,7.17,144.15,126.83,USD,2025-01-17 00:00:00
899,121,734,2026-01-12,completed,129.41,14.75,9.17,9.64,133.47,114.66,USD,2026-01-14 06:00:00
900,81,424,2026-07-16,pending,263.28,24.03,19.14,0.28,258.67,239.25,USD,2026-07-18 09:00:00
901,285,427,2026-08-28,completed,159.74,26.94,10.62,9.64,153.06,132.8,USD,2026-08-29 07:00:00
902,413,306,2026-06-20,completed,90.16,0.31,7.19,9.6,106.64,89.85,USD,2026-06-21 20:00:00
903,127,683,2026-03-12,completed,325.41,0.0,26.03,6.83,358.27,325.41,USD,2026-03-12 04:00:00
904,496,78,2025-05-09,completed,66.14,1.69,5.16,13.43,83.04,64.45,USD,2025-05-09 09:00:00
905,215,308,2025-08-13,completed,182.93,0.0,14.63,2.02,199.58,182.93,USD,2025-08-14 00:00:00
906,391,452,2025-02-09,completed,163.04,0.0,13.04,0.77,176.85,163.04,USD,2025-02-09 08:00:00
907,150,157,2025-05-17,completed,229.82,0.0,18.39,7.44,255.65,229.82,USD,2025-05-17 01:00:00
908,70,171,2025-06-02,completed,373.58,0.0,29.89,8.0,411.47,373.58,USD,2025-06-04 01:00:00
909,257,493,2026-02-09,cancelled,801.08,66.35,58.78,4.0,797.51,734.73,USD,2026-02-09 01:00:00
910,276,466,2025-01-18,completed,188.86,0.0,15.11,14.42,218.39,188.86,USD,2025-01-18 17:00:00
911,240,655,2026-07-19,completed,108.19,0.0,8.66,3.81,120.66,108.19,USD,2026-07-21 03:00:00
912,203,654,2026-03-23,completed,100.28,12.71,7.01,4.05,98.63,87.57,USD,2026-03-23 15:00:00
913,325,15,2026-02-13,completed,99.91,10.73,7.13,12.16,108.47,89.18,USD,2026-02-13 16:00:00
914,317,316,2025-12-15,pending,224.14,0.0,17.93,13.84,255.91,224.14,USD,2025-12-17 05:00:00
915,76,678,2025-06-03,completed,24.97,4.17,1.66,8.04,30.5,20.8,USD,2025-06-03 01:00:00
916,335,760,2025-11-27,completed,62.73,0.0,5.02,0.29,68.04,62.73,USD,2025-11-27 23:00:00
917,167,76,2026-01-22,completed,224.28,0.0,17.94,5.33,247.55,224.28,USD,2026-01-23 14:00:00
918,404,614,2026-06-02,completed,335.98,27.26,24.7,3.36,336.78,308.72,USD,2026-06-02 04:00:00
919,249,186,2026-02-19,completed,337.28,59.48,22.22,7.67,307.69,277.8,USD,2026-02-20 22:00:00
920,121,644,2026-05-07,completed,195.12,28.68,13.32,10.24,190.0,166.44,USD,2026-05-08 06:00:00
921,91,357,2025-10-05,completed,308.31,0.0,24.66,5.89,338.86,308.31,USD,2025-10-05 22:00:00
922,483,90,2025-09-06,completed,377.77,0.0,30.22,8.06,416.05,377.77,USD,2025-09-07 16:00:00
923,360,164,2026-04-19,completed,134.75,0.0,10.78,11.4,156.93,134.75,USD,2026-04-19 02:00:00
924,108,754,2026-01-06,completed,353.33,42.17,24.89,3.69,339.74,311.16,USD,2026-01-07 19:00:00
925,251,615,2025-08-28,pending,45.33,0.0,3.63,2.94,51.9,45.33,USD,2025-08-29 09:00:00
926,63,28,2025-09-26,completed,61.2,0.0,4.9,12.08,78.18,61.2,USD,2025-09-26 04:00:00
927,418,759,2025-12-04,completed,140.81,0.0,11.26,0.56,152.63,140.81,USD,2025-12-06 08:00:00
928,415,676,2026-01-14,completed,40.0,3.27,2.94,2.26,41.93,36.73,USD,2026-01-15 08:00:00
929,402,437,2025-08-07,refunded,266.15,0.0,21.29,0.19,287.63,0.0,USD,2025-08-07 04:00:00
930,232,24,2025-04-02,completed,120.14,26.82,7.47,8.33,109.12,93.32,USD,2025-04-03 01:00:00
931,83,348,2026-06-30,completed,164.29,0.0,13.14,9.0,186.43,164.29,USD,2026-07-02 05:00:00
932,246,130,2025-07-02,completed,168.68,0.0,13.49,7.97,190.14,168.68,USD,2025-07-03 08:00:00
933,256,293,2025-04-09,completed,138.2,0.0,11.06,6.21,155.47,138.2,USD,2025-04-10 03:00:00
934,160,253,2025-06-02,completed,99.41,0.0,7.95,7.94,115.3,99.41,USD,2025-06-02 03:00:00
935,189,571,2026-06-12,completed,257.68,3.75,20.31,2.91,277.15,253.93,USD,2026-06-12 04:00:00
936,24,591,2025-04-12,completed,118.21,23.39,7.59,12.39,114.8,94.82,USD,2025-04-12 21:00:00
937,262,139,2026-02-28,completed,167.09,0.0,13.37,14.71,195.17,167.09,USD,2026-02-28 19:00:00
938,97,720,2025-09-09,completed,231.39,0.0,18.51,8.11,258.01,231.39,USD,2025-09-10 22:00:00
939,421,537,2026-01-04,completed,375.77,0.0,30.06,5.62,411.45,375.77,USD,2026-01-05 09:00:00
940,381,534,2026-03-17,completed,356.86,39.78,25.37,11.88,354.33,317.08,USD,2026-03-17 09:00:00
941,302,621,2025-05-15,completed,126.35,28.6,7.82,2.9,108.47,97.75,USD,2025-05-16 22:00:00
942,113,583,2025-08-29,cancelled,95.35,18.79,6.12,4.81,87.49,76.56,USD,2025-08-31 21:00:00
943,334,632,2026-04-26,completed,425.32,0.0,34.03,14.1,473.45,425.32,USD,2026-04-28 13:00:00
944,497,232,2026-08-20,completed,117.71,0.0,9.42,2.79,129.92,117.71,USD,2026-08-22 23:00:00
945,316,550,2026-06-02,completed,250.79,61.07,15.18,1.68,206.58,189.72,USD,2026-06-03 10:00:00
946,394,781,2025-07-03,pending,37.93,0.0,3.03,8.2,49.16,37.93,USD,2025-07-04 01:00:00
947,451,604,2025-05-25,completed,24.24,1.38,1.83,8.81,33.5,22.86,USD,2025-05-25 04:00:00
948,425,327,2026-07-30,completed,188.73,18.38,13.63,8.96,192.94,170.35,USD,2026-08-01 01:00:00
949,82,506,2026-02-21,completed,151.17,28.42,9.82,2.47,135.04,122.75,USD,2026-02-22 07:00:00
950,437,731,2025-04-28,completed,294.72,11.57,22.65,10.82,316.62,283.15,USD,2025-04-29 21:00:00
951,383,525,2026-01-28,completed,100.34,0.0,8.03,3.63,112.0,100.34,USD,2026-01-28 21:00:00
952,360,624,2025-07-14,refunded,219.66,11.27,16.67,14.22,239.28,0.0,USD,2025-07-14 12:00:00
953,114,712,2025-04-06,pending,284.42,0.0,22.75,3.42,310.59,284.42,USD,2025-04-08 01:00:00
954,234,294,2025-04-10,completed,103.55,12.52,7.28,0.26,98.57,91.03,USD,2025-04-11 03:00:00
955,452,269,2025-08-18,completed,140.69,0.0,11.26,8.52,160.47,140.69,USD,2025-08-19 14:00:00
956,459,275,2025-05-25,cancelled,72.03,17.26,4.38,3.04,62.19,54.77,USD,2025-05-27 22:00:00
957,58,296,2026-04-22,cancelled,301.71,31.84,21.59,9.43,300.89,269.87,USD,2026-04-22 20:00:00
958,214,544,2025-04-06,completed,259.91,45.26,17.17,3.44,235.26,214.65,USD,2025-04-06 09:00:00
959,304,389,2025-04-24,completed,272.97,0.0,21.84,6.42,301.23,272.97,USD,2025-04-26 03:00:00
960,48,753,2026-01-15,pending,150.72,0.0,12.06,2.69,165.47,150.72,USD,2026-01-16 17:00:00
961,124,550,2025-09-21,completed,256.94,52.67,16.34,6.43,227.04,204.27,USD,2025-09-22 04:00:00
962,299,538,2025-05-02,completed,160.6,11.85,11.9,2.05,162.7,148.75,USD,2025-05-03 19:00:00
963,329,761,2025-02-11,completed,471.74,0.0,37.74,5.07,514.55,471.74,USD,2025-02-13 18:00:00
964,53,686,2025-02-21,completed,178.23,19.21,12.72,2.98,174.72,159.02,USD,2025-02-21 12:00:00
965,212,27,2025-06-26,completed,343.64,14.6,26.32,12.24,367.6,329.04,USD,2025-06-28 08:00:00
966,328,774,2025-06-11,completed,151.33,30.97,9.63,10.94,140.93,120.36,USD,2025-06-12 14:00:00
967,496,706,2025-12-19,pending,409.84,26.75,30.65,2.5,416.24,383.09,USD,2025-12-21 09:00:00
968,499,265,2026-02-16,completed,95.15,22.45,5.82,1.24,79.76,72.7,USD,2026-02-18 18:00:00
969,156,189,2025-04-11,pending,238.78,58.01,14.46,0.39,195.62,180.77,USD,2025-04-11 11:00:00
970,338,431,2025-09-18,pending,110.48,0.0,8.84,3.4,122.72,110.48,USD,2025-09-18 08:00:00
971,277,800,2025-10-11,refunded,213.22,31.96,14.5,7.2,202.96,0.0,USD,2025-10-11 00:00:00
972,106,488,2025-04-05,completed,118.15,0.0,9.45,6.0,133.6,118.15,USD,2025-04-05 13:00:00
973,254,464,2025-10-24,cancelled,177.73,35.87,11.35,14.57,167.78,141.86,USD,2025-10-25 00:00:00
974,69,174,2025-02-08,completed,131.47,23.06,8.67,11.88,128.96,108.41,USD,2025-02-08 18:00:00
975,61,719,2025-07-09,completed,277.78,67.86,16.79,1.17,227.88,209.92,USD,2025-07-11 11:00:00
976,179,639,2026-03-19,pending,245.54,0.0,19.64,2.38,267.56,245.54,USD,2026-03-21 06:00:00
977,131,46,2025-05-29,completed,107.48,0.0,8.6,0.4,116.48,107.48,USD,2025-05-30 01:00:00
978,73,210,2026-03-04,pending,105.11,0.0,8.41,2.07,115.59,105.11,USD,2026-03-05 17:00:00
979,26,706,2025-03-06,completed,88.68,18.58,5.61,7.94,83.65,70.1,USD,2025-03-06 22:00:00
980,285,566,2025-10-08,completed,75.05,4.16,5.67,1.15,77.71,70.89,USD,2025-10-09 12:00:00
981,3,323,2026-07-02,completed,290.24,0.0,23.22,0.9,314.36,290.24,USD,2026-07-02 20:00:00
982,392,420,2025-11-17,completed,84.66,0.0,6.77,1.77,93.2,84.66,USD,2025-11-19 09:00:00
983,37,101,2026-05-11,completed,225.57,31.46,15.53,10.04,219.68,194.11,USD,2026-05-11 16:00:00
984,330,670,2025-05-26,cancelled,123.15,0.0,9.85,0.29,133.29,123.15,USD,2025-05-28 22:00:00
985,75,505,2025-04-23,completed,337.23,0.0,26.98,14.54,378.75,337.23,USD,2025-04-25 19:00:00
986,309,410,2025-10-22,completed,544.47,0.0,43.56,5.71,593.74,544.47,USD,2025-10-22 14:00:00
987,72,490,2025-05-31,completed,6.59,0.45,0.49,5.05,11.68,6.14,USD,2025-06-01 17:00:00
988,218,470,2026-03-19,completed,94.2,10.71,6.68,7.12,97.29,83.49,USD,2026-03-21 10:00:00
989,330,348,2025-08-02,completed,121.63,7.55,9.13,7.77,130.98,114.08,USD,2025-08-04 12:00:00
990,87,145,2026-04-14,completed,154.53,0.0,12.36,6.3,173.19,154.53,USD,2026-04-15 02:00:00
991,67,385,2025-01-22,completed,147.7,0.0,11.82,7.29,166.81,147.7,USD,2025-01-23 15:00:00
992,319,647,2025-07-26,pending,60.43,10.74,3.98,5.1,58.77,49.69,USD,2025-07-26 10:00:00
993,321,43,2025-05-28,completed,551.47,93.36,36.65,4.83,499.59,458.11,USD,2025-05-28 18:00:00
994,210,322,2026-02-17,completed,151.67,0.0,12.13,0.41,164.21,151.67,USD,2026-02-17 18:00:00
995,62,657,2025-05-06,completed,244.81,2.4,19.39,10.08,271.88,242.41,USD,2025-05-06 20:00:00
996,153,464,2025-10-23,completed,249.88,52.02,15.83,9.26,222.95,197.86,USD,2025-10-24 04:00:00
997,109,20,2025-08-07,pending,48.81,10.64,3.05,10.03,51.25,38.17,USD,2025-08-09 01:00:00
998,330,677,2026-03-25,completed,137.13,0.0,10.97,14.12,162.22,137.13,USD,2026-03-27 16:00:00
999,151,43,2025-08-13,completed,290.23,0.0,23.22,7.1,320.55,290.23,USD,2025-08-14 17:00:00
1000,190,384,2026-02-24,refunded,426.64,0.0,34.13,13.23,474.0,0.0,USD,2026-02-25 10:00:00
1001,131,92,2025-02-24,completed,139.29,31.14,8.65,6.66,123.46,108.15,USD,2025-02-26 02:00:00
1002,85,220,2026-04-01,completed,57.48,6.44,4.08,7.16,62.28,51.04,USD,2026-04-02 20:00:00
1003,406,315,2026-01-23,refunded,113.88,0.0,9.11,9.49,132.48,0.0,USD,2026-01-24 08:00:00
1004,242,213,2025-04-11,pending,134.87,0.0,10.79,3.24,148.9,134.87,USD,2025-04-11 02:00:00
1005,286,701,2025-03-08,completed,131.11,0.0,10.49,3.26,144.86,131.11,USD,2025-03-09 15:00:00
1006,145,454,2025-07-15,completed,88.76,9.23,6.36,7.65,93.54,79.53,USD,2025-07-15 04:00:00
1007,44,290,2026-08-23,completed,52.06,4.92,3.77,1.03,51.94,47.14,USD,2026-08-24 19:00:00
1008,367,233,2025-06-10,completed,71.44,0.0,5.72,3.55,80.71,71.44,USD,2025-06-12 19:00:00
1009,362,399,2025-10-16,completed,114.65,10.52,8.33,11.9,124.36,104.13,USD,2025-10-18 09:00:00
1010,24,271,2025-09-29,completed,287.06,0.0,22.96,6.96,316.98,287.06,USD,2025-10-01 12:00:00
1011,444,646,2025-06-29,completed,361.03,63.32,23.82,0.4,321.93,297.71,USD,2025-06-30 09:00:00
1012,427,188,2025-10-10,completed,191.69,11.97,14.38,0.91,195.01,179.72,USD,2025-10-11 11:00:00
1013,425,552,2025-04-17,completed,73.19,0.0,5.86,13.79,92.84,73.19,USD,2025-04-18 13:00:00
1014,231,358,2026-02-10,completed,119.73,11.36,8.67,14.35,131.39,108.37,USD,2026-02-10 14:00:00
1015,347,212,2025-04-08,completed,25.52,3.56,1.76,9.62,33.34,21.96,USD,2025-04-10 22:00:00
1016,8,373,2025-12-12,completed,431.87,39.99,31.35,2.77,426.0,391.88,USD,2025-12-12 02:00:00
1017,300,96,2025-07-13,completed,105.83,13.8,7.36,5.52,104.91,92.03,USD,2025-07-15 23:00:00
1018,67,421,2025-12-18,completed,231.12,0.0,18.49,4.58,254.19,231.12,USD,2025-12-20 22:00:00
1019,455,574,2025-11-29,completed,344.82,63.03,22.54,11.78,316.11,281.79,USD,2025-12-01 19:00:00
1020,473,475,2026-01-20,completed,508.78,95.8,33.04,8.06,454.08,412.98,USD,2026-01-20 00:00:00
1021,76,13,2026-01-03,completed,308.08,0.0,24.65,11.69,344.42,308.08,USD,2026-01-05 20:00:00
1022,269,471,2025-06-15,completed,130.49,22.53,8.64,5.41,122.01,107.96,USD,2025-06-15 17:00:00
1023,297,21,2025-12-24,completed,252.42,0.0,20.19,13.04,285.65,252.42,USD,2025-12-24 18:00:00
1024,385,294,2025-05-18,completed,496.98,59.32,35.01,6.44,479.11,437.66,USD,2025-05-20 01:00:00
1025,245,508,2025-08-24,completed,105.04,0.0,8.4,6.26,119.7,105.04,USD,2025-08-25 04:00:00
1026,442,721,2025-05-11,completed,49.66,0.0,3.97,7.34,60.97,49.66,USD,2025-05-13 19:00:00
1027,173,782,2025-11-21,completed,89.33,0.0,7.15,8.88,105.36,89.33,USD,2025-11-22 11:00:00
1028,161,410,2026-04-19,completed,241.19,18.38,17.82,13.41,254.04,222.81,USD,2026-04-19 08:00:00
1029,365,171,2026-01-03,completed,133.02,28.11,8.39,6.87,120.17,104.91,USD,2026-01-03 17:00:00
1030,274,666,2025-03-01,pending,166.1,0.0,13.29,13.95,193.34,166.1,USD,2025-03-03 07:00:00
1031,41,285,2025-02-16,completed,268.94,0.0,21.52,5.91,296.37,268.94,USD,2025-02-17 17:00:00
1032,326,446,2025-07-11,completed,87.71,18.16,5.56,4.87,79.98,69.55,USD,2025-07-11 23:00:00
1033,140,159,2025-12-24,refunded,160.25,28.97,10.5,4.43,146.21,0.0,USD,2025-12-24 15:00:00
1034,421,297,2025-06-20,pending,118.14,0.0,9.45,0.32,127.91,118.14,USD,2025-06-22 00:00:00
1035,419,384,2026-08-28,completed,484.41,98.68,30.86,12.74,429.33,385.73,USD,2026-08-28 19:00:00
1036,211,591,2025-12-26,completed,301.79,0.0,24.14,1.19,327.12,301.79,USD,2025-12-26 06:00:00
1037,427,720,2026-06-27,completed,133.71,0.0,10.7,5.01,149.42,133.71,USD,2026-06-28 16:00:00
1038,476,142,2026-07-15,refunded,128.14,0.0,10.25,3.76,142.15,0.0,USD,2026-07-17 14:00:00
1039,365,448,2025-02-28,completed,519.39,55.86,37.08,11.17,511.78,463.53,USD,2025-02-28 22:00:00
1040,304,776,2026-06-18,completed,492.76,0.0,39.42,13.99,546.17,492.76,USD,2026-06-20 02:00:00
1041,467,14,2025-01-31,completed,240.11,18.22,17.75,12.25,251.89,221.89,USD,2025-02-01 08:00:00
1042,437,458,2025-03-05,completed,171.68,0.0,13.73,4.8,190.21,171.68,USD,2025-03-07 20:00:00
1043,240,615,2025-11-24,completed,61.43,14.6,3.75,6.84,57.42,46.83,USD,2025-11-25 19:00:00
1044,42,84,2025-11-24,completed,89.98,0.0,7.2,3.71,100.89,89.98,USD,2025-11-25 12:00:00
1045,301,535,2026-01-29,completed,57.33,0.0,4.59,13.86,75.78,57.33,USD,2026-01-29 16:00:00
1046,232,338,2025-01-23,completed,353.78,0.0,28.3,1.78,383.86,353.78,USD,2025-01-25 15:00:00
1047,183,481,2025-03-07,completed,62.29,0.0,4.98,14.28,81.55,62.29,USD,2025-03-07 03:00:00
1048,90,571,2026-04-26,completed,126.9,0.0,10.15,12.2,149.25,126.9,USD,2026-04-27 14:00:00
1049,359,116,2025-12-25,pending,31.13,0.96,2.41,10.67,43.25,30.17,USD,2025-12-25 19:00:00
1050,456,55,2025-08-16,completed,45.1,1.19,3.51,11.61,59.03,43.91,USD,2025-08-17 12:00:00
1051,299,254,2025-04-21,completed,277.17,10.6,21.33,5.09,292.99,266.57,USD,2025-04-23 22:00:00
1052,118,210,2025-05-11,completed,215.64,0.0,17.25,4.44,237.33,215.64,USD,2025-05-11 06:00:00
1053,1,231,2025-07-06,completed,176.14,33.19,11.44,5.72,160.11,142.95,USD,2025-07-06 03:00:00
1054,357,740,2025-10-21,completed,128.69,0.0,10.3,2.72,141.71,128.69,USD,2025-10-23 10:00:00
1055,79,550,2026-05-10,completed,39.66,4.33,2.83,11.2,49.36,35.33,USD,2026-05-12 02:00:00
1056,32,285,2025-09-22,completed,115.89,17.34,7.88,7.13,113.56,98.55,USD,2025-09-23 05:00:00
1057,99,485,2025-09-23,completed,153.3,0.0,12.26,13.29,178.85,153.3,USD,2025-09-23 16:00:00
1058,101,128,2026-07-27,refunded,264.75,0.0,21.18,13.18,299.11,0.0,USD,2026-07-28 19:00:00
1059,170,147,2025-02-26,completed,341.21,55.08,22.89,2.34,311.36,286.13,USD,2025-02-26 18:00:00
1060,160,79,2025-01-21,refunded,282.96,0.0,22.64,3.28,308.88,0.0,USD,2025-01-22 22:00:00
1061,99,342,2026-08-26,cancelled,214.75,38.62,14.09,6.16,196.38,176.13,USD,2026-08-27 05:00:00
1062,391,496,2026-07-31,completed,174.22,30.06,11.53,1.78,157.47,144.16,USD,2026-08-02 07:00:00
1063,414,407,2025-09-02,completed,200.32,0.0,16.03,10.34,226.69,200.32,USD,2025-09-03 23:00:00
1064,126,447,2025-05-23,completed,109.95,0.0,8.8,11.06,129.81,109.95,USD,2025-05-24 17:00:00
1065,185,131,2025-03-16,refunded,185.02,0.0,14.8,10.82,210.64,0.0,USD,2025-03-16 07:00:00
1066,409,519,2025-03-30,completed,152.66,15.07,11.01,7.05,155.65,137.59,USD,2025-03-31 20:00:00
1067,477,443,2026-06-26,completed,653.0,0.0,52.24,12.65,717.89,653.0,USD,2026-06-28 02:00:00
1068,395,767,2026-03-27,completed,203.87,0.0,16.31,9.09,229.27,203.87,USD,2026-03-28 13:00:00
1069,277,198,2026-05-28,completed,23.23,0.0,1.86,14.9,39.99,23.23,USD,2026-05-29 18:00:00
1070,497,49,2025-11-14,completed,123.53,17.89,8.45,12.23,126.32,105.64,USD,2025-11-15 20:00:00
1071,364,365,2026-02-04,completed,140.55,17.56,9.84,10.83,143.66,122.99,USD,2026-02-04 16:00:00
1072,339,159,2026-06-28,completed,308.49,8.33,24.01,1.85,326.02,300.16,USD,2026-06-29 07:00:00
1073,15,140,2025-08-06,completed,222.09,18.88,16.26,12.49,231.96,203.21,USD,2025-08-06 09:00:00
1074,319,188,2025-11-26,completed,214.46,20.17,15.54,4.58,214.41,194.29,USD,2025-11-28 07:00:00
1075,144,544,2025-06-24,pending,401.92,71.03,26.47,6.28,363.64,330.89,USD,2025-06-24 10:00:00
1076,301,342,2025-11-03,completed,494.22,0.0,39.54,6.94,540.7,494.22,USD,2025-11-05 10:00:00
1077,287,700,2025-05-09,completed,276.89,0.0,22.15,4.97,304.01,276.89,USD,2025-05-10 21:00:00
1078,55,97,2025-05-06,completed,130.84,2.76,10.25,1.63,139.96,128.08,USD,2025-05-07 13:00:00
1079,231,746,2025-08-05,completed,133.83,0.0,10.71,2.99,147.53,133.83,USD,2025-08-06 12:00:00
1080,257,328,2026-07-31,completed,369.23,0.0,29.54,12.05,410.82,369.23,USD,2026-07-31 10:00:00
1081,24,428,2025-06-14,completed,133.53,16.51,9.36,9.78,136.16,117.02,USD,2025-06-15 22:00:00
1082,426,653,2026-02-08,cancelled,165.85,23.81,11.36,14.14,167.54,142.04,USD,2026-02-09 02:00:00
1083,469,394,2025-12-13,cancelled,121.51,0.0,9.72,12.32,143.55,121.51,USD,2025-12-15 08:00:00
1084,11,131,2026-01-01,completed,72.1,0.0,5.77,6.03,83.9,72.1,USD,2026-01-03 12:00:00
1085,61,193,2025-03-21,completed,621.24,0.0,49.7,11.79,682.73,621.24,USD,2025-03-23 18:00:00
1086,64,734,2026-04-25,completed,166.67,0.0,13.33,8.65,188.65,166.67,USD,2026-04-27 18:00:00
1087,221,56,2026-04-22,refunded,438.92,0.0,35.11,4.29,478.32,0.0,USD,2026-04-24 06:00:00
1088,301,730,2025-03-03,completed,134.89,0.0,10.79,14.63,160.31,134.89,USD,2025-03-03 19:00:00
1089,121,541,2025-08-28,completed,105.78,24.46,6.51,13.93,101.76,81.32,USD,2025-08-28 19:00:00
1090,424,411,2026-06-10,completed,261.46,0.0,20.92,1.68,284.06,261.46,USD,2026-06-12 19:00:00
1091,156,253,2025-05-25,completed,340.26,0.0,27.22,12.59,380.07,340.26,USD,2025-05-27 21:00:00
1092,154,689,2025-10-31,cancelled,354.57,21.42,26.65,1.17,360.97,333.15,USD,2025-10-31 19:00:00
1093,295,27,2026-05-18,completed,151.8,0.0,12.14,13.93,177.87,151.8,USD,2026-05-19 22:00:00
1094,436,570,2026-05-02,completed,279.81,0.0,22.38,9.36,311.55,279.81,USD,2026-05-04 18:00:00
1095,125,168,2025-08-23,completed,115.01,0.0,9.2,2.5,126.71,115.01,USD,2025-08-25 13:00:00
1096,169,286,2026-03-09,cancelled,183.35,14.7,13.49,12.26,194.4,168.65,USD,2026-03-11 19:00:00
1097,170,52,2026-07-20,completed,141.19,0.0,11.3,7.74,160.23,141.19,USD,2026-07-21 01:00:00
1098,233,450,2025-10-01,completed,125.64,0.0,10.05,0.89,136.58,125.64,USD,2025-10-02 12:00:00
1099,215,119,2026-08-15,completed,188.77,18.15,13.65,11.98,196.25,170.62,USD,2026-08-16 19:00:00
1100,477,94,2026-04-13,completed,70.47,12.28,4.66,11.83,74.68,58.19,USD,2026-04-15 20:00:00
1101,74,264,2026-01-29,completed,322.28,78.06,19.54,7.23,270.99,244.22,USD,2026-01-31 22:00:00
1102,209,397,2026-03-14,completed,126.03,13.84,8.98,10.97,132.14,112.19,USD,2026-03-15 15:00:00
1103,127,756,2025-04-24,pending,312.38,38.72,21.89,0.6,296.15,273.66,USD,2025-04-26 13:00:00
1104,300,664,2025-01-03,completed,83.64,0.0,6.69,4.77,95.1,83.64,USD,2025-01-04 03:00:00
1105,391,321,2026-05-18,completed,125.7,0.0,10.06,10.1,145.86,125.7,USD,2026-05-19 19:00:00
1106,468,469,2026-03-07,completed,70.27,0.0,5.62,3.46,79.35,70.27,USD,2026-03-09 10:00:00
1107,219,617,2026-07-24,refunded,68.0,0.0,5.44,6.76,80.2,0.0,USD,2026-07-26 15:00:00
1108,133,306,2025-11-05,completed,93.02,0.0,7.44,13.98,114.44,93.02,USD,2025-11-05 07:00:00
1109,482,615,2025-08-23,completed,84.72,0.0,6.78,12.4,103.9,84.72,USD,2025-08-23 05:00:00
1110,46,531,2026-05-25,completed,70.78,4.83,5.28,8.37,79.6,65.95,USD,2026-05-25 15:00:00
1111,66,563,2026-07-26,cancelled,174.58,20.78,12.3,8.65,174.75,153.8,USD,2026-07-26 07:00:00
1112,480,782,2026-05-07,completed,258.05,0.0,20.64,13.31,292.0,258.05,USD,2026-05-07 15:00:00
1113,444,302,2026-05-18,pending,267.1,0.0,21.37,12.95,301.42,267.1,USD,2026-05-20 20:00:00
1114,280,54,2025-04-14,completed,36.73,0.0,2.94,1.32,40.99,36.73,USD,2025-04-15 20:00:00
1115,165,430,2026-06-12,completed,140.52,0.0,11.24,6.98,158.74,140.52,USD,2026-06-12 06:00:00
1116,483,265,2025-01-14,completed,130.32,0.0,10.43,2.86,143.61,130.32,USD,2025-01-16 03:00:00
1117,480,48,2026-04-04,completed,406.52,0.0,32.52,1.25,440.29,406.52,USD,2026-04-06 19:00:00
1118,434,125,2025-04-30,completed,144.56,0.0,11.56,4.39,160.51,144.56,USD,2025-05-02 12:00:00
1119,386,427,2025-01-26,completed,164.32,37.04,10.18,9.16,146.62,127.28,USD,2025-01-28 13:00:00
1120,298,766,2026-03-26,completed,50.74,0.0,4.06,11.92,66.72,50.74,USD,2026-03-28 16:00:00
1121,186,271,2025-07-26,completed,91.05,19.69,5.71,13.69,90.76,71.36,USD,2025-07-28 06:00:00
1122,236,437,2026-06-13,pending,47.88,0.0,3.83,6.34,58.05,47.88,USD,2026-06-15 15:00:00
1123,272,142,2025-06-21,refunded,182.61,0.0,14.61,6.33,203.55,0.0,USD,2025-06-23 09:00:00
1124,241,104,2026-03-02,completed,414.8,0.0,33.18,2.3,450.28,414.8,USD,2026-03-04 01:00:00
1125,431,626,2026-01-26,completed,93.62,16.9,6.14,2.92,85.78,76.72,USD,2026-01-26 14:00:00
1126,84,490,2026-05-14,completed,145.42,0.0,11.63,1.54,158.59,145.42,USD,2026-05-16 17:00:00
1127,42,152,2026-06-07,completed,85.16,0.0,6.81,14.64,106.61,85.16,USD,2026-06-07 06:00:00
1128,227,401,2025-12-23,completed,108.03,26.32,6.54,1.91,90.16,81.71,USD,2025-12-23 19:00:00
1129,104,465,2025-07-30,completed,185.32,0.0,14.83,11.35,211.5,185.32,USD,2025-08-01 04:00:00
1130,411,48,2025-11-04,refunded,541.41,0.0,43.31,4.77,589.49,0.0,USD,2025-11-06 04:00:00
1131,425,241,2026-01-01,completed,401.79,50.85,28.08,8.06,387.08,350.94,USD,2026-01-03 15:00:00
1132,495,692,2026-08-13,completed,478.16,0.0,38.25,13.09,529.5,478.16,USD,2026-08-13 05:00:00
1133,194,291,2025-04-15,completed,314.2,50.55,21.09,14.04,298.78,263.65,USD,2025-04-17 08:00:00
1134,481,568,2025-02-18,completed,144.01,0.0,11.52,3.6,159.13,144.01,USD,2025-02-18 09:00:00
1135,51,485,2025-10-09,completed,129.79,18.45,8.91,13.67,133.92,111.34,USD,2025-10-10 19:00:00
1136,482,5,2025-09-13,completed,94.08,0.0,7.53,3.78,105.39,94.08,USD,2025-09-13 16:00:00
1137,124,759,2026-07-01,completed,12.93,1.18,0.94,12.07,24.76,11.75,USD,2026-07-02 16:00:00
1138,10,768,2025-06-18,completed,142.32,32.51,8.78,0.23,118.82,109.81,USD,2025-06-18 07:00:00
1139,413,535,2025-04-01,completed,418.57,67.84,28.06,8.03,386.82,350.73,USD,2025-04-01 02:00:00
1140,258,128,2025-03-16,pending,415.54,83.44,26.57,10.89,369.56,332.1,USD,2025-03-18 21:00:00
1141,207,676,2026-06-27,completed,668.83,45.65,49.85,12.58,685.61,623.18,USD,2026-06-28 12:00:00
1142,101,1,2026-01-03,completed,195.06,0.0,15.6,12.62,223.28,195.06,USD,2026-01-04 09:00:00
1143,208,408,2026-08-16,completed,61.38,0.0,4.91,4.48,70.77,61.38,USD,2026-08-17 04:00:00
1144,308,342,2025-06-09,refunded,246.77,0.0,19.74,12.8,279.31,0.0,USD,2025-06-11 17:00:00
1145,72,559,2025-02-19,completed,545.11,0.0,43.61,4.85,593.57,545.11,USD,2025-02-21 08:00:00
1146,473,113,2025-10-09,completed,453.83,0.0,36.31,3.51,493.65,453.83,USD,2025-10-10 10:00:00
1147,362,701,2025-04-15,completed,118.81,22.09,7.74,0.02,104.48,96.72,USD,2025-04-15 08:00:00
1148,439,457,2025-03-24,pending,66.6,14.18,4.19,3.54,60.15,52.42,USD,2025-03-26 02:00:00
1149,23,209,2026-06-20,completed,64.98,12.01,4.24,1.78,58.99,52.97,USD,2026-06-20 14:00:00
1150,434,250,2025-08-25,completed,98.95,0.0,7.92,10.12,116.99,98.95,USD,2025-08-25 23:00:00
1151,433,550,2025-02-12,completed,111.1,13.84,7.78,2.17,107.21,97.26,USD,2025-02-13 23:00:00
1152,183,149,2025-05-02,completed,136.15,21.25,9.19,8.78,132.87,114.9,USD,2025-05-04 20:00:00
1153,285,238,2025-08-11,completed,268.97,57.0,16.96,1.9,230.83,211.97,USD,2025-08-11 15:00:00
1154,251,789,2026-06-29,cancelled,132.68,23.28,8.75,10.57,128.72,109.4,USD,2026-06-29 02:00:00
1155,414,704,2026-01-23,completed,177.53,0.0,14.2,4.28,196.01,177.53,USD,2026-01-24 06:00:00
1156,141,267,2025-11-14,pending,44.79,0.0,3.58,4.63,53.0,44.79,USD,2025-11-16 02:00:00
1157,460,445,2025-12-20,pending,94.18,13.01,6.49,9.61,97.27,81.17,USD,2025-12-21 23:00:00
1158,277,332,2026-05-01,completed,90.72,17.12,5.89,14.08,93.57,73.6,USD,2026-05-03 20:00:00
1159,1,161,2025-04-28,cancelled,37.83,5.14,2.62,14.87,50.18,32.69,USD,2025-04-28 14:00:00
1160,152,236,2025-10-22,completed,130.2,25.31,8.39,5.36,118.64,104.89,USD,2025-10-24 08:00:00
1161,72,87,2025-08-23,completed,45.1,9.44,2.85,14.19,52.7,35.66,USD,2025-08-25 07:00:00
1162,405,670,2025-01-26,completed,123.35,8.18,9.21,9.18,133.56,115.17,USD,2025-01-28 11:00:00
1163,205,197,2025-12-01,pending,187.38,28.86,12.68,13.6,184.8,158.52,USD,2025-12-03 16:00:00
1164,233,158,2026-02-26,completed,423.11,58.93,29.13,0.42,393.73,364.18,USD,2026-02-26 21:00:00
1165,176,511,2026-02-09,completed,87.01,0.0,6.96,0.5,94.47,87.01,USD,2026-02-09 22:00:00
1166,351,103,2025-01-30,completed,183.72,0.0,14.7,1.12,199.54,183.72,USD,2025-01-31 08:00:00
1167,497,765,2025-08-28,refunded,104.46,0.0,8.36,12.07,124.89,0.0,USD,2025-08-29 01:00:00
1168,437,706,2025-08-28,completed,42.76,0.0,3.42,2.07,48.25,42.76,USD,2025-08-28 09:00:00
1169,495,331,2025-04-05,completed,426.25,49.12,30.17,2.65,409.95,377.13,USD,2025-04-05 23:00:00
1170,150,147,2025-11-28,completed,193.4,3.91,15.16,8.78,213.43,189.49,USD,2025-11-29 03:00:00
1171,333,113,2025-11-19,completed,238.31,0.0,19.06,14.36,271.73,238.31,USD,2025-11-21 06:00:00
1172,312,687,2026-04-19,completed,470.89,0.0,37.67,8.51,517.07,470.89,USD,2026-04-19 00:00:00
1173,152,353,2026-04-09,completed,122.89,0.0,9.83,10.99,143.71,122.89,USD,2026-04-11 06:00:00
1174,423,463,2026-06-30,completed,58.63,4.67,4.32,2.82,61.1,53.96,USD,2026-07-02 08:00:00
1175,460,100,2025-09-15,completed,86.0,19.8,5.3,13.71,85.21,66.2,USD,2025-09-15 09:00:00
1176,476,659,2025-05-05,completed,53.89,0.0,4.31,0.84,59.04,53.89,USD,2025-05-07 20:00:00
1177,494,415,2025-11-25,completed,352.84,0.0,28.23,4.24,385.31,352.84,USD,2025-11-27 04:00:00
1178,82,57,2026-02-07,completed,558.43,61.03,39.79,6.81,544.0,497.4,USD,2026-02-09 02:00:00
1179,74,61,2025-07-22,completed,185.95,0.0,14.88,3.39,204.22,185.95,USD,2025-07-24 07:00:00
1180,341,771,2025-10-13,cancelled,274.04,57.26,17.34,9.96,244.08,216.78,USD,2025-10-15 10:00:00
1181,363,46,2026-07-12,completed,322.91,4.73,25.45,10.18,353.81,318.18,USD,2026-07-13 04:00:00
1182,218,240,2026-04-11,cancelled,490.87,0.0,39.27,3.18,533.32,490.87,USD,2026-04-12 12:00:00
1183,82,11,2026-01-06,completed,543.87,0.0,43.51,0.13,587.51,543.87,USD,2026-01-07 19:00:00
1184,143,47,2026-07-25,completed,29.42,0.0,2.35,1.11,32.88,29.42,USD,2026-07-25 13:00:00
1185,65,651,2025-01-09,completed,106.81,0.0,8.54,0.01,115.36,106.81,USD,2025-01-09 04:00:00
1186,79,612,2025-11-20,completed,171.32,0.0,13.71,13.58,198.61,171.32,USD,2025-11-22 03:00:00
1187,94,265,2025-06-11,pending,96.77,0.0,7.74,9.32,113.83,96.77,USD,2025-06-11 17:00:00
1188,293,143,2025-06-24,completed,138.75,0.0,11.1,2.08,151.93,138.75,USD,2025-06-24 21:00:00
1189,257,200,2026-04-21,refunded,227.92,53.35,13.97,1.39,189.93,0.0,USD,2026-04-21 07:00:00
1190,168,281,2026-04-30,completed,223.71,0.0,17.9,12.26,253.87,223.71,USD,2026-05-01 09:00:00
1191,272,622,2025-10-23,refunded,316.07,42.57,21.88,12.17,307.55,0.0,USD,2025-10-24 16:00:00
1192,334,476,2025-11-16,completed,174.07,0.0,13.93,13.91,201.91,174.07,USD,2025-11-18 16:00:00
1193,49,356,2025-12-31,completed,14.71,0.0,1.18,2.39,18.28,14.71,USD,2026-01-01 11:00:00
1194,141,55,2026-06-20,completed,130.2,0.0,10.42,7.83,148.45,130.2,USD,2026-06-21 02:00:00
1195,101,93,2025-01-14,refunded,212.87,0.0,17.03,1.82,231.72,0.0,USD,2025-01-16 09:00:00
1196,1,162,2025-12-10,completed,330.91,0.0,26.47,11.93,369.31,330.91,USD,2025-12-10 20:00:00
1197,59,170,2025-02-11,completed,300.33,56.88,19.48,6.19,269.12,243.45,USD,2025-02-11 00:00:00
1198,384,392,2026-07-23,completed,157.48,38.02,9.56,10.44,139.46,119.46,USD,2026-07-23 02:00:00
1199,438,691,2025-05-25,completed,101.37,0.0,8.11,0.45,109.93,101.37,USD,2025-05-27 12:00:00
1200,81,338,2025-01-11,completed,162.87,0.0,13.03,11.67,187.57,162.87,USD,2025-01-13 02:00:00
1201,384,264,2026-05-07,completed,34.32,0.0,2.75,3.44,40.51,34.32,USD,2026-05-07 12:00:00
1202,127,447,2026-03-25,completed,109.34,14.22,7.61,12.64,115.37,95.12,USD,2026-03-25 15:00:00
1203,70,61,2026-07-02,completed,371.19,0.0,29.7,2.79,403.68,371.19,USD,2026-07-04 12:00:00
1204,118,583,2025-07-30,completed,162.51,0.0,13.0,11.85,187.36,162.51,USD,2025-07-31 22:00:00
1205,460,45,2025-06-17,completed,219.15,17.75,16.11,2.01,219.52,201.4,USD,2025-06-18 10:00:00
1206,172,283,2026-02-10,completed,51.82,4.16,3.81,9.95,61.42,47.66,USD,2026-02-11 02:00:00
1207,371,763,2026-07-29,completed,329.44,72.29,20.57,11.69,289.41,257.15,USD,2026-07-30 03:00:00
1208,243,324,2026-07-27,refunded,151.66,0.0,12.13,5.79,169.58,0.0,USD,2026-07-29 08:00:00
1209,218,599,2025-08-31,pending,214.07,0.0,17.13,3.66,234.86,214.07,USD,2025-08-31 14:00:00
1210,407,218,2026-02-01,pending,246.9,0.0,19.75,5.17,271.82,246.9,USD,2026-02-03 16:00:00
1211,496,682,2026-05-18,completed,321.55,34.37,22.97,4.45,314.6,287.18,USD,2026-05-18 17:00:00
1212,326,272,2026-03-29,completed,191.94,15.25,14.14,9.5,200.33,176.69,USD,2026-03-29 16:00:00
1213,425,182,2025-12-31,completed,154.28,0.0,12.34,0.67,167.29,154.28,USD,2026-01-01 03:00:00
1214,73,41,2025-04-06,completed,62.9,15.0,3.83,0.62,52.35,47.9,USD,2025-04-08 09:00:00
1215,451,246,2026-01-19,completed,47.46,0.0,3.8,4.32,55.58,47.46,USD,2026-01-19 00:00:00
1216,92,465,2025-04-14,completed,189.24,46.04,11.46,4.15,158.81,143.2,USD,2025-04-14 11:00:00
1217,96,51,2025-10-01,pending,215.03,0.0,17.2,2.66,234.89,215.03,USD,2025-10-02 03:00:00
1218,424,139,2025-12-15,completed,239.84,0.0,19.19,10.75,269.78,239.84,USD,2025-12-15 10:00:00
1219,242,278,2025-01-16,completed,87.46,0.0,7.0,0.36,94.82,87.46,USD,2025-01-17 03:00:00
1220,125,574,2025-09-19,refunded,110.13,9.91,8.02,13.86,122.1,0.0,USD,2025-09-20 06:00:00
1221,14,478,2025-07-10,completed,186.86,0.0,14.95,11.36,213.17,186.86,USD,2025-07-11 20:00:00
1222,110,34,2025-03-09,completed,121.14,0.0,9.69,6.04,136.87,121.14,USD,2025-03-09 23:00:00
1223,413,30,2026-01-29,completed,703.49,139.94,45.08,12.88,621.51,563.55,USD,2026-01-30 14:00:00
1224,2,48,2026-03-19,pending,108.31,5.46,8.23,9.27,120.35,102.85,USD,2026-03-21 23:00:00
1225,461,265,2026-06-27,completed,225.27,11.1,17.13,8.55,239.85,214.17,USD,2026-06-28 09:00:00
1226,388,228,2026-03-01,completed,294.38,32.8,20.93,4.7,287.21,261.58,USD,2026-03-03 09:00:00
1227,103,94,2025-04-22,completed,306.41,72.38,18.72,9.95,262.7,234.03,USD,2025-04-22 19:00:00
1228,370,351,2025-02-25,completed,119.52,17.49,8.16,2.1,112.29,102.03,USD,2025-02-27 16:00:00
1229,260,474,2026-05-15,completed,247.71,0.0,19.82,7.87,275.4,247.71,USD,2026-05-16 16:00:00
1230,174,555,2025-01-30,completed,227.35,0.0,18.19,1.74,247.28,227.35,USD,2025-01-30 09:00:00
1231,253,797,2025-08-19,completed,254.94,0.0,20.4,6.68,282.02,254.94,USD,2025-08-21 17:00:00
1232,4,554,2025-08-18,pending,185.12,0.0,14.81,9.24,209.17,185.12,USD,2025-08-20 03:00:00
1233,441,789,2025-04-21,completed,295.78,0.0,23.66,2.33,321.77,295.78,USD,2025-04-22 00:00:00
1234,393,779,2026-01-20,completed,200.86,0.0,16.07,3.33,220.26,200.86,USD,2026-01-21 19:00:00
1235,90,678,2026-04-13,completed,56.33,0.0,4.51,12.2,73.04,56.33,USD,2026-04-15 20:00:00
1236,50,282,2026-06-27,completed,196.69,29.99,13.34,3.84,183.88,166.7,USD,2026-06-27 07:00:00
1237,212,35,2025-10-12,completed,213.04,31.1,14.56,1.43,197.93,181.94,USD,2025-10-12 02:00:00
1238,231,48,2025-09-21,completed,282.22,28.96,20.26,4.96,278.48,253.26,USD,2025-09-23 09:00:00
1239,387,697,2025-05-04,completed,189.4,0.2,15.14,14.03,218.37,189.2,USD,2025-05-04 20:00:00
1240,421,690,2025-02-21,completed,498.4,0.0,39.87,10.41,548.68,498.4,USD,2025-02-23 13:00:00
1241,32,248,2026-05-26,completed,158.25,0.0,12.66,8.63,179.54,158.25,USD,2026-05-28 07:00:00
1242,123,585,2026-05-26,completed,114.82,0.0,9.19,12.61,136.62,114.82,USD,2026-05-28 17:00:00
1243,294,364,2026-08-19,completed,402.56,0.0,32.2,9.9,444.66,402.56,USD,2026-08-21 06:00:00
1244,190,55,2025-03-17,completed,155.13,0.0,12.41,12.17,179.71,155.13,USD,2025-03-19 19:00:00
1245,496,524,2025-09-13,refunded,177.24,40.23,10.96,9.86,157.83,0.0,USD,2025-09-14 20:00:00
1246,331,67,2026-01-22,completed,213.1,0.0,17.05,12.96,243.11,213.1,USD,2026-01-22 07:00:00
1247,162,105,2026-06-19,refunded,200.97,0.0,16.08,9.36,226.41,0.0,USD,2026-06-19 15:00:00
1248,337,382,2025-09-08,completed,253.58,0.0,20.29,3.97,277.84,253.58,USD,2025-09-10 15:00:00
1249,216,57,2025-03-26,pending,271.32,0.0,21.71,0.62,293.65,271.32,USD,2025-03-26 20:00:00
1250,232,274,2026-07-07,completed,106.97,22.51,6.76,1.58,92.8,84.46,USD,2026-07-09 20:00:00
1251,358,603,2025-02-20,completed,67.65,9.14,4.68,7.69,70.88,58.51,USD,2025-02-22 14:00:00
1252,217,478,2026-03-04,completed,74.79,11.43,5.07,14.58,83.01,63.36,USD,2026-03-06 01:00:00
1253,349,45,2025-08-11,completed,374.48,18.96,28.44,11.39,395.35,355.52,USD,2025-08-11 09:00:00
1254,210,176,2025-01-01,completed,145.91,0.0,11.67,11.63,169.21,145.91,USD,2025-01-01 13:00:00
1255,298,795,2025-11-16,completed,292.65,0.0,23.41,9.96,326.02,292.65,USD,2025-11-18 05:00:00
1256,244,768,2025-08-15,pending,276.23,42.86,18.67,13.55,265.59,233.37,USD,2025-08-16 04:00:00
1257,287,736,2025-09-22,cancelled,177.21,0.0,14.18,11.03,202.42,177.21,USD,2025-09-23 04:00:00
1258,174,410,2025-04-20,completed,86.39,0.0,6.91,3.88,97.18,86.39,USD,2025-04-20 06:00:00
1259,60,345,2026-02-13,refunded,280.68,0.0,22.45,7.49,310.62,0.0,USD,2026-02-14 09:00:00
1260,129,601,2025-06-22,completed,172.95,23.28,11.97,6.07,167.71,149.67,USD,2025-06-22 00:00:00
1261,179,766,2025-04-03,completed,63.95,0.0,5.12,2.48,71.55,63.95,USD,2025-04-03 10:00:00
1262,159,101,2025-08-31,completed,121.91,24.42,7.8,3.34,108.63,97.49,USD,2025-09-02 18:00:00
1263,211,717,2025-04-24,completed,43.86,0.0,3.51,4.28,51.65,43.86,USD,2025-04-26 06:00:00
1264,239,494,2025-11-25,pending,126.34,0.0,10.11,2.6,139.05,126.34,USD,2025-11-27 22:00:00
1265,126,113,2025-11-20,refunded,183.76,0.0,14.7,3.26,201.72,0.0,USD,2025-11-22 17:00:00
1266,192,693,2026-04-30,pending,160.07,0.0,12.81,13.75,186.63,160.07,USD,2026-05-02 18:00:00
1267,142,26,2026-08-18,completed,146.5,0.0,11.72,5.15,163.37,146.5,USD,2026-08-19 05:00:00
1268,293,19,2025-02-22,completed,182.43,7.94,13.96,12.41,200.86,174.49,USD,2025-02-22 18:00:00
1269,239,295,2025-01-23,completed,243.44,0.0,19.48,0.97,263.89,243.44,USD,2025-01-25 01:00:00
1270,316,432,2025-09-25,completed,308.09,0.0,24.65,14.73,347.47,308.09,USD,2025-09-26 20:00:00
1271,216,343,2025-02-10,cancelled,335.45,0.0,26.84,11.47,373.76,335.45,USD,2025-02-11 07:00:00
1272,499,198,2026-06-01,completed,97.68,0.0,7.81,13.6,119.09,97.68,USD,2026-06-02 11:00:00
1273,243,526,2026-05-06,refunded,356.94,66.46,23.24,7.89,321.61,0.0,USD,2026-05-06 14:00:00
1274,308,383,2025-09-20,completed,173.14,0.0,13.85,9.52,196.51,173.14,USD,2025-09-21 11:00:00
1275,222,96,2026-08-07,completed,134.84,17.94,9.35,5.41,131.66,116.9,USD,2026-08-09 21:00:00
1276,368,653,2025-11-12,completed,76.74,0.0,6.14,6.48,89.36,76.74,USD,2025-11-13 06:00:00
1277,280,248,2025-11-28,completed,13.24,0.0,1.06,11.26,25.56,13.24,USD,2025-11-29 13:00:00
1278,50,553,2026-04-18,completed,232.17,5.81,18.11,0.75,245.22,226.36,USD,2026-04-20 19:00:00
1279,365,281,2025-12-01,cancelled,226.16,0.0,18.09,0.55,244.8,226.16,USD,2025-12-03 13:00:00
1280,381,604,2026-03-09,completed,113.59,10.57,8.24,13.12,124.38,103.02,USD,2026-03-11 08:00:00
1281,202,226,2025-05-26,completed,116.18,0.0,9.29,1.65,127.12,116.18,USD,2025-05-26 00:00:00
1282,255,170,2025-11-06,completed,155.86,0.0,12.47,10.82,179.15,155.86,USD,2025-11-08 12:00:00
1283,6,60,2026-05-07,completed,133.11,19.92,9.06,2.99,125.24,113.19,USD,2026-05-07 05:00:00
1284,434,667,2026-08-11,completed,94.16,0.0,7.53,5.49,107.18,94.16,USD,2026-08-11 02:00:00
1285,390,578,2025-04-27,cancelled,69.74,7.42,4.99,4.4,71.71,62.32,USD,2025-04-28 01:00:00
1286,486,492,2025-01-22,completed,359.51,79.43,22.41,7.36,309.85,280.08,USD,2025-01-23 05:00:00
1287,300,487,2025-12-27,pending,121.44,0.0,9.72,12.4,143.56,121.44,USD,2025-12-27 08:00:00
1288,116,56,2025-02-03,completed,225.29,0.0,18.02,13.13,256.44,225.29,USD,2025-02-04 19:00:00
1289,145,330,2026-02-19,completed,255.69,6.06,19.97,3.33,272.93,249.63,USD,2026-02-21 18:00:00
1290,465,691,2025-09-17,completed,232.93,0.0,18.63,5.06,256.62,232.93,USD,2025-09-18 23:00:00
1291,22,232,2026-05-01,completed,264.95,63.41,16.12,12.55,230.21,201.54,USD,2026-05-03 21:00:00
1292,336,45,2025-04-06,completed,231.18,0.0,18.49,1.34,251.01,231.18,USD,2025-04-08 16:00:00
1293,35,672,2025-01-28,completed,105.4,0.0,8.43,1.75,115.58,105.4,USD,2025-01-30 10:00:00
1294,370,24,2025-05-12,completed,138.74,0.0,11.1,7.19,157.03,138.74,USD,2025-05-12 12:00:00
1295,291,552,2025-02-08,completed,353.31,82.24,21.69,11.85,304.61,271.07,USD,2025-02-09 21:00:00
1296,237,667,2025-04-02,completed,118.77,14.0,8.38,5.04,118.19,104.77,USD,2025-04-02 06:00:00
1297,351,597,2026-04-05,completed,173.31,11.57,12.94,1.04,175.72,161.74,USD,2026-04-07 07:00:00
1298,178,11,2026-02-25,completed,244.16,0.0,19.53,14.52,278.21,244.16,USD,2026-02-27 16:00:00
1299,287,717,2026-01-13,completed,437.39,0.0,34.99,14.08,486.46,437.39,USD,2026-01-13 08:00:00
1300,401,71,2025-09-13,completed,333.25,0.0,26.66,9.78,369.69,333.25,USD,2025-09-14 12:00:00
1301,230,682,2025-05-16,completed,83.58,0.0,6.69,10.23,100.5,83.58,USD,2025-05-16 09:00:00
1302,11,14,2026-05-22,completed,220.46,0.0,17.64,14.01,252.11,220.46,USD,2026-05-23 14:00:00
1303,497,393,2026-06-16,completed,203.48,41.16,12.99,9.66,184.97,162.32,USD,2026-06-17 08:00:00
1304,271,705,2025-06-01,completed,139.63,0.0,11.17,11.83,162.63,139.63,USD,2025-06-03 16:00:00
1305,215,211,2026-06-29,completed,176.92,0.0,14.15,6.95,198.02,176.92,USD,2026-06-29 19:00:00
1306,37,36,2026-01-14,completed,104.6,2.19,8.19,3.42,114.02,102.41,USD,2026-01-16 05:00:00
1307,46,71,2025-07-29,refunded,153.84,0.0,12.31,12.49,178.64,0.0,USD,2025-07-30 23:00:00
1308,128,299,2025-05-10,completed,119.61,21.53,7.85,10.27,116.2,98.08,USD,2025-05-12 04:00:00
1309,462,289,2025-12-25,completed,186.37,0.0,14.91,4.34,205.62,186.37,USD,2025-12-27 21:00:00
1310,363,174,2025-01-09,completed,135.88,0.0,10.87,9.35,156.1,135.88,USD,2025-01-09 13:00:00
1311,207,366,2025-07-12,pending,458.51,66.29,31.38,12.25,435.85,392.22,USD,2025-07-12 00:00:00
1312,378,274,2026-02-23,completed,190.69,32.87,12.63,4.06,174.51,157.82,USD,2026-02-24 20:00:00
1313,196,473,2025-10-29,completed,166.07,35.84,10.42,11.52,152.17,130.23,USD,2025-10-29 08:00:00
1314,445,233,2025-03-30,completed,147.97,0.0,11.84,1.09,160.9,147.97,USD,2025-03-31 08:00:00
1315,164,252,2025-04-07,refunded,136.15,0.0,10.89,9.37,156.41,0.0,USD,2025-04-08 13:00:00
1316,358,711,2026-02-26,completed,63.97,10.17,4.3,14.98,73.08,53.8,USD,2026-02-27 19:00:00
1317,219,628,2026-05-24,completed,292.19,0.0,23.38,13.0,328.57,292.19,USD,2026-05-24 00:00:00
1318,338,615,2026-02-24,completed,402.93,18.01,30.79,13.13,428.84,384.92,USD,2026-02-25 17:00:00
1319,94,304,2025-04-06,completed,118.24,0.0,9.46,10.21,137.91,118.24,USD,2025-04-08 08:00:00
1320,473,709,2026-02-10,completed,352.14,0.0,28.17,6.92,387.23,352.14,USD,2026-02-10 01:00:00
1321,144,273,2025-06-18,pending,699.13,0.0,55.93,10.16,765.22,699.13,USD,2025-06-19 04:00:00
1322,269,577,2025-12-26,cancelled,546.1,84.47,36.93,4.82,503.38,461.63,USD,2025-12-27 00:00:00
1323,344,602,2025-12-25,completed,391.65,0.0,31.33,8.29,431.27,391.65,USD,2025-12-26 00:00:00
1324,327,265,2026-06-22,pending,71.0,0.6,5.63,8.1,84.13,70.4,USD,2026-06-23 08:00:00
1325,278,493,2026-05-16,refunded,70.3,0.0,5.62,8.16,84.08,0.0,USD,2026-05-16 10:00:00
1326,435,149,2025-02-15,completed,264.1,0.0,21.13,6.18,291.41,264.1,USD,2025-02-16 12:00:00
1327,485,308,2025-01-01,completed,174.52,0.0,13.96,5.29,193.77,174.52,USD,2025-01-01 05:00:00
1328,382,424,2026-07-20,completed,27.47,5.69,1.74,4.96,28.48,21.78,USD,2026-07-20 07:00:00
1329,93,533,2025-07-05,completed,128.63,11.0,9.41,3.37,130.41,117.63,USD,2025-07-06 14:00:00
1330,385,286,2025-02-10,completed,256.47,0.0,20.52,6.58,283.57,256.47,USD,2025-02-12 16:00:00
1331,252,570,2025-04-27,refunded,155.43,0.0,12.43,1.77,169.63,0.0,USD,2025-04-29 02:00:00
1332,269,515,2025-10-28,pending,175.12,13.23,12.95,13.52,188.36,161.89,USD,2025-10-29 00:00:00
1333,471,692,2026-06-24,completed,70.22,0.0,5.62,1.05,76.89,70.22,USD,2026-06-25 00:00:00
1334,264,32,2026-07-15,completed,127.4,12.3,9.21,12.56,136.87,115.1,USD,2026-07-16 11:00:00
1335,426,411,2026-02-03,completed,264.83,22.64,19.38,3.62,265.19,242.19,USD,2026-02-03 02:00:00
1336,325,571,2025-06-13,cancelled,122.82,0.0,9.83,12.8,145.45,122.82,USD,2025-06-14 23:00:00
1337,44,338,2026-03-09,completed,370.31,1.03,29.54,10.8,409.62,369.28,USD,2026-03-09 09:00:00
1338,351,240,2026-05-24,completed,177.92,39.42,11.08,13.81,163.39,138.5,USD,2026-05-26 03:00:00
1339,248,466,2025-09-07,completed,231.58,0.0,18.53,13.05,263.16,231.58,USD,2025-09-08 02:00:00
1340,274,370,2025-12-27,completed,260.92,0.0,20.87,10.52,292.31,260.92,USD,2025-12-28 03:00:00
1341,152,344,2025-10-24,completed,254.11,0.0,20.33,2.28,276.72,254.11,USD,2025-10-25 07:00:00
1342,93,783,2026-06-07,completed,81.66,15.33,5.31,8.24,79.88,66.33,USD,2026-06-07 09:00:00
1343,372,339,2026-01-07,completed,93.62,13.41,6.42,5.1,91.73,80.21,USD,2026-01-07 17:00:00
1344,125,173,2025-01-30,cancelled,26.93,0.0,2.15,13.29,42.37,26.93,USD,2025-01-30 14:00:00
1345,47,14,2026-06-14,completed,138.39,0.0,11.07,13.08,162.54,138.39,USD,2026-06-16 13:00:00
1346,247,95,2025-12-04,completed,88.13,0.0,7.05,4.71,99.89,88.13,USD,2025-12-04 11:00:00
1347,356,430,2025-09-19,completed,120.1,0.0,9.61,10.08,139.79,120.1,USD,2025-09-19 09:00:00
1348,103,168,2025-04-25,completed,148.9,0.0,11.91,5.07,165.88,148.9,USD,2025-04-25 17:00:00
1349,181,88,2026-03-01,completed,194.25,0.0,15.54,10.17,219.96,194.25,USD,2026-03-02 06:00:00
1350,212,282,2025-01-11,refunded,157.1,0.0,12.57,9.21,178.88,0.0,USD,2025-01-12 19:00:00
1351,462,193,2025-04-16,completed,155.05,6.16,11.91,7.66,168.46,148.89,USD,2025-04-17 06:00:00
1352,74,429,2026-02-23,completed,219.48,8.24,16.9,13.18,241.32,211.24,USD,2026-02-24 14:00:00
1353,460,46,2025-06-15,completed,169.81,0.0,13.58,3.69,187.08,169.81,USD,2025-06-16 13:00:00
1354,74,785,2026-04-01,completed,306.14,43.79,20.99,11.96,295.3,262.35,USD,2026-04-01 12:00:00
1355,290,730,2025-06-09,completed,170.19,0.0,13.62,10.34,194.15,170.19,USD,2025-06-09 00:00:00
1356,422,696,2026-03-23,completed,439.08,0.0,35.13,4.22,478.43,439.08,USD,2026-03-25 01:00:00
1357,453,138,2026-02-17,completed,79.03,17.29,4.94,6.33,73.01,61.74,USD,2026-02-19 19:00:00
1358,272,572,2026-03-18,completed,136.61,0.0,10.93,1.04,148.58,136.61,USD,2026-03-18 04:00:00
1359,247,11,2026-03-22,completed,106.07,0.0,8.49,8.96,123.52,106.07,USD,2026-03-24 18:00:00
1360,391,577,2026-05-01,completed,199.4,0.0,15.95,13.32,228.67,199.4,USD,2026-05-03 17:00:00
1361,455,639,2025-08-12,completed,78.98,12.62,5.31,1.77,73.44,66.36,USD,2025-08-14 08:00:00
1362,6,228,2025-10-13,completed,52.26,0.0,4.18,1.98,58.42,52.26,USD,2025-10-14 16:00:00
1363,132,372,2025-02-12,completed,91.43,21.16,5.62,7.12,83.01,70.27,USD,2025-02-13 00:00:00
1364,143,743,2025-07-30,pending,55.59,0.0,4.45,4.22,64.26,55.59,USD,2025-07-31 18:00:00
1365,417,159,2025-10-07,completed,150.31,0.0,12.02,4.15,166.48,150.31,USD,2025-10-07 00:00:00
1366,9,432,2026-04-13,completed,193.87,0.0,15.51,9.58,218.96,193.87,USD,2026-04-13 20:00:00
1367,63,244,2026-07-03,completed,45.53,3.23,3.38,6.15,51.83,42.3,USD,2026-07-04 04:00:00
1368,2,131,2026-02-09,completed,130.51,0.0,10.44,12.67,153.62,130.51,USD,2026-02-10 12:00:00
1369,477,546,2025-03-19,completed,332.67,75.29,20.59,6.43,284.4,257.38,USD,2025-03-19 19:00:00
1370,17,761,2025-05-02,pending,394.94,48.48,27.72,9.23,383.41,346.46,USD,2025-05-03 06:00:00
1371,133,453,2025-11-20,completed,278.61,0.0,22.29,5.97,306.87,278.61,USD,2025-11-22 04:00:00
1372,261,406,2025-09-22,completed,17.07,0.0,1.37,3.84,22.28,17.07,USD,2025-09-24 20:00:00
1373,175,427,2026-07-19,completed,182.07,0.0,14.57,7.07,203.71,182.07,USD,2026-07-21 11:00:00
1374,46,125,2025-04-21,pending,357.57,9.0,27.89,10.81,387.27,348.57,USD,2025-04-21 05:00:00
1375,207,161,2025-12-13,completed,121.06,1.47,9.57,14.29,143.45,119.59,USD,2025-12-14 18:00:00
1376,400,589,2026-04-18,cancelled,64.9,0.0,5.19,0.63,70.72,64.9,USD,2026-04-19 09:00:00
1377,145,469,2025-09-23,completed,340.66,45.55,23.61,7.98,326.7,295.11,USD,2025-09-24 13:00:00
1378,259,188,2025-05-31,pending,372.81,0.0,29.82,9.54,412.17,372.81,USD,2025-06-02 08:00:00
1379,235,16,2025-03-20,completed,168.95,14.11,12.39,1.29,168.52,154.84,USD,2025-03-20 23:00:00
1380,123,151,2026-01-13,pending,65.41,0.85,5.16,12.44,82.16,64.56,USD,2026-01-14 15:00:00
1381,2,405,2026-01-19,cancelled,40.38,0.0,3.23,4.14,47.75,40.38,USD,2026-01-21 15:00:00
1382,420,215,2026-03-23,refunded,213.15,0.0,17.05,13.12,243.32,0.0,USD,2026-03-24 16:00:00
1383,497,585,2026-05-24,pending,106.75,0.0,8.54,8.29,123.58,106.75,USD,2026-05-25 15:00:00
1384,255,463,2026-08-25,completed,161.63,36.1,10.04,2.28,137.85,125.53,USD,2026-08-27 17:00:00
1385,416,118,2025-04-24,completed,149.74,0.0,11.98,11.09,172.81,149.74,USD,2025-04-24 02:00:00
1386,176,235,2025-09-20,completed,87.65,4.81,6.63,2.36,91.83,82.84,USD,2025-09-21 03:00:00
1387,472,29,2025-07-16,completed,38.35,0.0,3.07,10.81,52.23,38.35,USD,2025-07-17 11:00:00
1388,284,33,2026-06-14,completed,123.44,0.0,9.88,12.12,145.44,123.44,USD,2026-06-14 00:00:00
1389,401,602,2025-03-13,completed,186.99,9.07,14.23,8.63,200.78,177.92,USD,2025-03-14 10:00:00
1390,337,310,2026-02-08,completed,193.02,0.0,15.44,4.07,212.53,193.02,USD,2026-02-10 18:00:00
1391,462,706,2025-07-11,refunded,101.62,3.2,7.87,6.56,112.85,0.0,USD,2025-07-13 08:00:00
1392,280,188,2025-01-06,cancelled,368.01,0.0,29.44,7.92,405.37,368.01,USD,2025-01-06 02:00:00
1393,424,258,2025-12-29,completed,70.99,0.0,5.68,9.99,86.66,70.99,USD,2025-12-31 15:00:00
1394,467,410,2025-08-26,completed,316.04,0.0,25.28,9.51,350.83,316.04,USD,2025-08-28 09:00:00
1395,381,225,2026-02-24,cancelled,182.92,0.0,14.63,6.01,203.56,182.92,USD,2026-02-26 15:00:00
1396,177,368,2025-08-28,completed,124.24,27.39,7.75,11.37,115.97,96.85,USD,2025-08-28 10:00:00
1397,46,98,2025-04-26,completed,231.95,0.0,18.56,11.57,262.08,231.95,USD,2025-04-28 16:00:00
1398,205,63,2025-03-14,completed,143.45,0.0,11.48,10.44,165.37,143.45,USD,2025-03-14 01:00:00
1399,347,689,2025-04-20,completed,51.67,0.0,4.13,4.08,59.88,51.67,USD,2025-04-20 02:00:00
1400,430,197,2025-09-23,completed,66.77,11.64,4.41,7.04,66.58,55.13,USD,2025-09-24 01:00:00
1401,385,82,2025-06-13,completed,136.88,11.92,10.0,6.49,141.45,124.96,USD,2025-06-15 10:00:00
1402,319,226,2025-03-12,completed,112.44,0.04,8.99,12.25,133.64,112.4,USD,2025-03-14 14:00:00
1403,269,336,2025-07-12,cancelled,311.4,7.31,24.33,12.12,340.54,304.09,USD,2025-07-13 21:00:00
1404,484,388,2026-05-23,pending,108.6,0.0,8.69,12.99,130.28,108.6,USD,2026-05-23 02:00:00
1405,122,613,2026-05-25,completed,103.61,0.0,8.29,3.47,115.37,103.61,USD,2026-05-27 14:00:00
1406,397,658,2025-08-08,pending,93.57,0.0,7.49,11.23,112.29,93.57,USD,2025-08-08 18:00:00
1407,276,234,2025-11-13,completed,87.49,0.0,7.0,13.06,107.55,87.49,USD,2025-11-15 05:00:00
1408,257,175,2025-04-22,completed,89.74,16.63,5.85,2.5,81.46,73.11,USD,2025-04-22 20:00:00
1409,200,100,2025-09-08,completed,58.6,6.06,4.2,0.6,57.34,52.54,USD,2025-09-09 16:00:00
1410,318,127,2026-01-01,completed,188.23,0.0,15.06,1.58,204.87,188.23,USD,2026-01-01 06:00:00
1411,500,23,2025-01-12,completed,152.16,35.09,9.37,9.09,135.53,117.07,USD,2025-01-14 23:00:00
1412,204,1,2026-06-05,pending,147.7,0.0,11.82,6.32,165.84,147.7,USD,2026-06-05 06:00:00
1413,57,335,2026-07-04,completed,42.68,4.33,3.07,2.93,44.35,38.35,USD,2026-07-06 20:00:00
1414,64,486,2026-07-22,completed,218.83,0.0,17.51,7.92,244.26,218.83,USD,2026-07-24 17:00:00
1415,89,656,2025-05-09,completed,233.51,12.55,17.68,11.78,250.42,220.96,USD,2025-05-09 10:00:00
1416,204,261,2026-06-27,completed,425.83,0.0,34.07,12.84,472.74,425.83,USD,2026-06-29 02:00:00
1417,3,232,2025-03-11,completed,225.25,6.12,17.53,11.28,247.94,219.13,USD,2025-03-12 00:00:00
1418,141,537,2026-06-20,completed,480.35,15.0,37.23,13.28,515.86,465.35,USD,2026-06-20 22:00:00
1419,348,510,2025-03-24,completed,99.8,0.0,7.98,9.06,116.84,99.8,USD,2025-03-24 23:00:00
1420,340,553,2025-07-31,completed,440.31,0.0,35.22,12.56,488.09,440.31,USD,2025-07-31 17:00:00
1421,335,137,2026-07-30,completed,230.09,19.49,16.85,6.26,233.71,210.6,USD,2026-08-01 21:00:00
1422,335,36,2025-11-03,pending,211.22,36.41,13.98,12.79,201.58,174.81,USD,2025-11-03 03:00:00
1423,38,436,2025-05-12,completed,145.04,0.0,11.6,13.44,170.08,145.04,USD,2025-05-13 01:00:00
1424,469,335,2025-08-14,cancelled,123.87,27.18,7.74,10.3,114.73,96.69,USD,2025-08-15 01:00:00
1425,149,207,2025-07-20,pending,105.66,1.18,8.36,6.47,119.31,104.48,USD,2025-07-21 06:00:00
1426,40,775,2026-07-14,completed,449.75,87.0,29.02,4.23,396.0,362.75,USD,2026-07-14 21:00:00
1427,406,128,2025-09-08,completed,141.77,0.0,11.34,4.88,157.99,141.77,USD,2025-09-09 23:00:00
1428,234,221,2025-02-26,completed,232.84,40.65,15.38,1.99,209.56,192.19,USD,2025-02-28 18:00:00
1429,174,600,2025-04-11,pending,267.09,0.0,21.37,0.71,289.17,267.09,USD,2025-04-13 00:00:00
1430,200,424,2025-12-03,completed,264.62,0.0,21.17,6.22,292.01,264.62,USD,2025-12-03 15:00:00
1431,292,186,2025-01-09,completed,188.81,10.09,14.3,0.64,193.66,178.72,USD,2025-01-11 23:00:00
1432,264,431,2025-05-30,completed,435.19,0.0,34.82,13.21,483.22,435.19,USD,2025-05-31 05:00:00
1433,7,336,2026-01-02,refunded,220.86,0.0,17.67,9.75,248.28,0.0,USD,2026-01-02 22:00:00
1434,60,209,2026-06-01,completed,103.64,4.4,7.94,12.66,119.84,99.24,USD,2026-06-03 01:00:00
1435,474,537,2025-02-28,completed,128.14,19.68,8.68,6.67,123.81,108.46,USD,2025-03-02 22:00:00
1436,246,624,2025-07-25,completed,44.92,0.0,3.59,3.36,51.87,44.92,USD,2025-07-25 23:00:00
1437,495,55,2025-08-26,pending,202.91,0.0,16.23,4.35,223.49,202.91,USD,2025-08-26 14:00:00
1438,329,3,2026-06-09,completed,245.81,0.0,19.66,12.82,278.29,245.81,USD,2026-06-11 08:00:00
1439,369,723,2026-04-23,completed,259.84,0.0,20.79,1.83,282.46,259.84,USD,2026-04-24 10:00:00
1440,157,182,2026-07-18,cancelled,230.1,0.0,18.41,10.47,258.98,230.1,USD,2026-07-20 04:00:00
1441,419,70,2026-01-12,completed,145.4,0.0,11.63,3.39,160.42,145.4,USD,2026-01-13 08:00:00
1442,326,475,2025-04-15,pending,165.26,37.66,10.21,5.3,143.11,127.6,USD,2025-04-15 02:00:00
1443,376,259,2026-07-24,completed,165.59,3.33,12.98,0.05,175.29,162.26,USD,2026-07-25 02:00:00
1444,133,734,2026-04-03,completed,312.1,44.6,21.4,7.19,296.09,267.5,USD,2026-04-05 13:00:00
1445,294,769,2026-02-06,completed,30.16,5.65,1.96,1.93,28.4,24.51,USD,2026-02-08 19:00:00
1446,185,8,2025-08-01,completed,117.75,6.39,8.91,12.89,133.16,111.36,USD,2025-08-02 02:00:00
1447,455,154,2026-04-28,refunded,74.54,4.91,5.57,1.47,76.67,0.0,USD,2026-04-30 01:00:00
1448,454,481,2025-09-02,completed,547.04,0.0,43.76,3.76,594.56,547.04,USD,2025-09-02 06:00:00
1449,177,269,2025-07-16,completed,352.01,50.37,24.13,0.22,325.99,301.64,USD,2025-07-16 15:00:00
1450,13,3,2025-06-16,completed,121.45,0.0,9.72,14.89,146.06,121.45,USD,2025-06-18 02:00:00
1451,125,370,2026-02-05,completed,53.42,0.0,4.27,9.62,67.31,53.42,USD,2026-02-05 02:00:00
1452,137,499,2026-01-10,completed,66.94,0.0,5.36,9.65,81.95,66.94,USD,2026-01-12 05:00:00
1453,10,792,2025-05-18,completed,309.4,0.0,24.75,7.78,341.93,309.4,USD,2025-05-20 21:00:00
1454,468,330,2025-07-28,pending,43.71,0.0,3.5,13.02,60.23,43.71,USD,2025-07-28 05:00:00
1455,234,632,2025-05-18,completed,167.13,32.06,10.81,2.16,148.04,135.07,USD,2025-05-19 17:00:00
1456,74,348,2026-03-26,cancelled,277.56,0.0,22.2,11.89,311.65,277.56,USD,2026-03-27 01:00:00
1457,305,538,2025-07-28,completed,61.57,0.0,4.93,12.11,78.61,61.57,USD,2025-07-29 22:00:00
1458,199,775,2026-04-18,completed,165.88,0.0,13.27,0.54,179.69,165.88,USD,2026-04-20 16:00:00
1459,88,650,2025-05-21,completed,122.95,9.25,9.1,1.99,124.79,113.7,USD,2025-05-21 05:00:00
1460,228,546,2025-08-28,completed,111.37,0.0,8.91,8.21,128.49,111.37,USD,2025-08-30 00:00:00
1461,300,662,2025-01-16,completed,97.6,0.0,7.81,1.35,106.76,97.6,USD,2025-01-16 13:00:00
1462,327,158,2025-01-03,pending,292.5,1.45,23.28,4.24,318.57,291.05,USD,2025-01-04 14:00:00
1463,113,637,2025-01-18,completed,399.75,14.15,30.85,6.06,422.51,385.6,USD,2025-01-19 07:00:00
1464,306,798,2025-02-10,completed,137.31,0.0,10.98,2.36,150.65,137.31,USD,2025-02-11 12:00:00
1465,397,779,2026-07-18,completed,211.83,21.33,15.24,10.56,216.3,190.5,USD,2026-07-20 07:00:00
1466,314,206,2025-06-16,completed,168.55,0.0,13.48,7.43,189.46,168.55,USD,2025-06-17 19:00:00
1467,476,342,2025-11-19,completed,34.23,3.85,2.43,9.6,42.41,30.38,USD,2025-11-20 00:00:00
1468,471,549,2026-08-03,refunded,133.42,27.98,8.44,7.11,120.99,0.0,USD,2026-08-04 23:00:00
1469,248,59,2025-10-23,completed,27.95,0.33,2.21,6.19,36.02,27.62,USD,2025-10-24 18:00:00
1470,197,545,2025-08-28,pending,115.45,0.0,9.24,7.39,132.08,115.45,USD,2025-08-28 04:00:00
1471,229,221,2026-03-19,completed,162.7,32.01,10.46,13.49,154.64,130.69,USD,2026-03-20 20:00:00
1472,245,680,2026-03-28,completed,263.29,0.0,21.06,5.94,290.29,263.29,USD,2026-03-29 00:00:00
1473,87,492,2025-03-03,cancelled,199.23,0.0,15.94,9.63,224.8,199.23,USD,2025-03-03 10:00:00
1474,482,320,2026-07-23,completed,297.38,20.36,22.16,12.51,311.69,277.02,USD,2026-07-24 13:00:00
1475,285,41,2025-03-16,completed,85.71,10.73,6.0,9.32,90.3,74.98,USD,2025-03-17 13:00:00
1476,65,557,2025-07-27,completed,368.29,0.0,29.46,3.39,401.14,368.29,USD,2025-07-29 04:00:00
1477,452,430,2026-08-02,completed,400.02,16.85,30.65,1.83,415.65,383.17,USD,2026-08-03 07:00:00
1478,475,501,2025-12-07,completed,26.51,0.0,2.12,8.86,37.49,26.51,USD,2025-12-09 05:00:00
1479,281,15,2025-12-11,completed,41.38,3.22,3.05,10.91,52.12,38.16,USD,2025-12-11 20:00:00
1480,475,350,2026-06-02,completed,160.03,0.0,12.8,11.53,184.36,160.03,USD,2026-06-03 19:00:00
1481,486,605,2025-09-30,completed,109.09,0.0,8.73,10.41,128.23,109.09,USD,2025-10-02 21:00:00
1482,477,733,2026-01-09,completed,122.15,21.53,8.05,0.05,108.72,100.62,USD,2026-01-10 18:00:00
1483,482,281,2025-11-28,completed,198.0,0.0,15.84,11.61,225.45,198.0,USD,2025-11-30 01:00:00
1484,34,202,2025-03-10,refunded,305.01,68.02,18.96,9.07,265.02,0.0,USD,2025-03-11 02:00:00
1485,16,565,2025-07-04,pending,82.14,0.0,6.57,14.82,103.53,82.14,USD,2025-07-06 00:00:00
1486,289,180,2026-04-13,completed,337.85,54.17,22.69,11.47,317.84,283.68,USD,2026-04-15 12:00:00
1487,375,711,2025-07-19,cancelled,96.25,0.0,7.7,6.45,110.4,96.25,USD,2025-07-21 14:00:00
1488,420,505,2026-07-03,pending,593.22,36.16,44.56,10.14,611.76,557.06,USD,2026-07-05 17:00:00
1489,321,741,2026-08-06,completed,369.97,43.74,26.1,9.24,361.57,326.23,USD,2026-08-06 22:00:00
1490,157,153,2026-04-12,completed,103.99,23.66,6.43,5.06,91.82,80.33,USD,2026-04-14 12:00:00
1491,467,68,2025-01-01,refunded,54.49,0.0,4.36,8.0,66.85,0.0,USD,2025-01-02 01:00:00
1492,296,664,2026-04-02,completed,102.17,23.71,6.28,3.07,87.81,78.46,USD,2026-04-04 14:00:00
1493,341,232,2026-08-19,completed,91.63,11.18,6.44,1.32,88.21,80.45,USD,2026-08-19 00:00:00
1494,129,272,2026-04-04,completed,242.31,0.0,19.38,11.0,272.69,242.31,USD,2026-04-06 17:00:00
1495,380,215,2026-01-22,completed,27.22,4.23,1.84,5.76,30.59,22.99,USD,2026-01-22 15:00:00
1496,65,337,2026-01-07,cancelled,41.87,7.03,2.79,11.34,48.97,34.84,USD,2026-01-07 14:00:00
1497,436,720,2025-10-28,completed,237.8,45.95,15.35,7.33,214.53,191.85,USD,2025-10-29 16:00:00
1498,427,546,2025-05-31,completed,88.59,0.0,7.09,12.15,107.83,88.59,USD,2025-06-01 12:00:00
1499,342,58,2025-10-17,completed,116.57,0.0,9.33,11.09,136.99,116.57,USD,2025-10-17 11:00:00
1500,491,709,2026-07-07,refunded,276.74,63.92,17.03,11.46,241.31,0.0,USD,2026-07-08 14:00:00
1501,456,354,2025-02-21,completed,313.78,75.0,19.1,6.44,264.32,238.78,USD,2025-02-23 09:00:00
1502,35,552,2025-03-20,completed,358.75,0.0,28.7,14.42,401.87,358.75,USD,2025-03-21 10:00:00
1503,111,293,2026-06-16,completed,261.85,42.28,17.57,6.08,243.22,219.57,USD,2026-06-17 17:00:00
1504,61,76,2026-05-18,completed,141.94,0.0,11.36,11.9,165.2,141.94,USD,2026-05-20 13:00:00
1505,161,336,2025-11-06,pending,133.54,0.0,10.68,7.34,151.56,133.54,USD,2025-11-06 12:00:00
1506,295,271,2025-08-07,completed,122.45,18.6,8.31,3.53,115.69,103.85,USD,2025-08-07 23:00:00
1507,72,15,2025-03-09,cancelled,61.77,9.45,4.19,9.43,65.94,52.32,USD,2025-03-11 16:00:00
1508,44,601,2026-02-14,completed,79.49,0.84,6.29,7.04,91.98,78.65,USD,2026-02-14 11:00:00
1509,323,690,2025-11-24,pending,329.42,7.32,25.77,3.96,351.83,322.1,USD,2025-11-24 18:00:00
1510,316,727,2026-05-04,completed,95.72,0.0,7.66,5.74,109.12,95.72,USD,2026-05-04 19:00:00
1511,184,196,2025-08-09,completed,62.1,0.0,4.97,2.4,69.47,62.1,USD,2025-08-11 11:00:00
1512,360,508,2026-04-30,completed,346.98,0.0,27.76,14.81,389.55,346.98,USD,2026-04-30 10:00:00
1513,296,426,2026-08-03,completed,189.87,9.18,14.46,9.65,204.8,180.69,USD,2026-08-04 02:00:00
1514,208,477,2025-04-08,refunded,455.9,0.0,36.47,2.6,494.97,0.0,USD,2025-04-09 05:00:00
1515,35,639,2026-04-10,completed,425.81,0.0,34.06,11.47,471.34,425.81,USD,2026-04-10 05:00:00
1516,379,304,2026-01-06,completed,66.83,0.0,5.35,9.03,81.21,66.83,USD,2026-01-06 08:00:00
1517,313,220,2025-09-05,completed,152.67,0.0,12.21,10.84,175.72,152.67,USD,2025-09-06 03:00:00
1518,57,383,2025-05-11,completed,74.74,0.0,5.98,8.77,89.49,74.74,USD,2025-05-11 06:00:00
1519,94,533,2025-04-04,completed,74.2,4.04,5.61,0.91,76.68,70.16,USD,2025-04-06 22:00:00
1520,151,346,2025-03-10,completed,119.84,0.0,9.59,3.05,132.48,119.84,USD,2025-03-11 08:00:00
1521,90,243,2025-06-11,refunded,246.99,13.06,18.71,11.53,264.17,0.0,USD,2025-06-11 00:00:00
1522,404,45,2025-11-08,completed,247.95,5.96,19.36,11.32,272.67,241.99,USD,2025-11-09 19:00:00
1523,467,459,2025-11-23,completed,228.08,0.0,18.25,11.31,257.64,228.08,USD,2025-11-25 06:00:00
1524,45,18,2026-08-23,completed,141.62,10.01,10.53,0.23,142.37,131.61,USD,2026-08-24 19:00:00
1525,120,377,2026-03-26,completed,256.73,0.0,20.54,12.08,289.35,256.73,USD,2026-03-27 17:00:00
1526,143,494,2026-08-19,completed,61.31,0.0,4.9,6.59,72.8,61.31,USD,2026-08-19 06:00:00
1527,496,369,2026-04-03,pending,191.95,0.0,15.36,10.4,217.71,191.95,USD,2026-04-05 04:00:00
1528,311,408,2025-12-15,completed,166.38,40.96,10.03,4.08,139.53,125.42,USD,2025-12-17 21:00:00
1529,478,222,2026-05-11,completed,135.54,32.3,8.26,11.54,123.04,103.24,USD,2026-05-12 02:00:00
1530,124,196,2026-04-14,completed,197.04,0.0,15.76,14.73,227.53,197.04,USD,2026-04-14 08:00:00
1531,34,676,2026-05-06,refunded,24.68,4.88,1.58,3.8,25.18,0.0,USD,2026-05-06 15:00:00
1532,241,715,2025-06-01,cancelled,75.95,18.56,4.59,11.76,73.74,57.39,USD,2025-06-02 23:00:00
1533,409,129,2026-03-16,completed,234.07,35.14,15.91,9.07,223.91,198.93,USD,2026-03-17 22:00:00
1534,419,166,2025-05-17,completed,163.36,0.0,13.07,4.1,180.53,163.36,USD,2025-05-19 15:00:00
1535,237,286,2025-07-12,completed,45.62,0.74,3.59,4.42,52.89,44.88,USD,2025-07-13 05:00:00
1536,135,561,2026-03-05,completed,160.74,22.27,11.08,10.97,160.52,138.47,USD,2026-03-07 15:00:00
1537,24,50,2025-11-03,completed,109.92,0.0,8.79,4.27,122.98,109.92,USD,2025-11-03 19:00:00
1538,218,631,2026-04-23,completed,334.72,3.16,26.52,0.72,358.8,331.56,USD,2026-04-24 12:00:00
1539,268,6,2026-03-14,completed,65.21,0.0,5.22,13.11,83.54,65.21,USD,2026-03-15 23:00:00
1540,10,673,2026-03-27,refunded,67.21,0.37,5.35,8.83,81.02,0.0,USD,2026-03-27 19:00:00
1541,468,33,2025-03-31,completed,214.34,15.75,15.89,11.38,225.86,198.59,USD,2025-04-01 02:00:00
1542,355,672,2025-03-05,completed,145.73,0.0,11.66,9.05,166.44,145.73,USD,2025-03-07 11:00:00
1543,164,755,2025-05-31,pending,140.74,0.0,11.26,7.75,159.75,140.74,USD,2025-06-01 17:00:00
1544,178,636,2025-08-05,completed,595.36,120.97,37.95,11.55,523.89,474.39,USD,2025-08-06 20:00:00
1545,179,788,2026-05-13,completed,252.61,38.76,17.11,0.48,231.44,213.85,USD,2026-05-14 20:00:00
1546,431,367,2025-01-27,completed,128.04,21.57,8.52,4.68,119.67,106.47,USD,2025-01-29 08:00:00
1547,362,514,2025-11-24,completed,40.4,0.32,3.21,9.41,52.7,40.08,USD,2025-11-26 21:00:00
1548,45,500,2026-04-23,refunded,122.76,0.0,9.82,14.16,146.74,0.0,USD,2026-04-24 04:00:00
1549,154,10,2025-08-09,cancelled,59.63,0.0,4.77,5.9,70.3,59.63,USD,2025-08-10 01:00:00
1550,392,687,2025-07-09,completed,79.97,6.05,5.91,14.63,94.46,73.92,USD,2025-07-11 17:00:00
1551,179,565,2025-05-05,pending,82.17,0.0,6.57,11.33,100.07,82.17,USD,2025-05-06 10:00:00
1552,407,337,2025-09-18,completed,317.76,73.88,19.51,7.27,270.66,243.88,USD,2025-09-20 18:00:00
1553,254,172,2026-01-09,completed,49.2,0.0,3.94,6.44,59.58,49.2,USD,2026-01-11 15:00:00
1554,389,537,2025-12-18,completed,297.45,0.0,23.8,1.94,323.19,297.45,USD,2025-12-20 05:00:00
1555,264,786,2026-06-01,completed,220.96,40.29,14.45,9.23,204.35,180.67,USD,2026-06-03 03:00:00
1556,368,128,2025-01-01,completed,218.77,28.86,15.19,0.79,205.89,189.91,USD,2025-01-03 19:00:00
1557,216,737,2025-06-27,completed,77.36,12.87,5.16,6.44,76.09,64.49,USD,2025-06-27 19:00:00
1558,119,452,2025-08-03,pending,272.14,0.0,21.77,3.57,297.48,272.14,USD,2025-08-04 08:00:00
1559,442,632,2025-08-26,completed,70.08,4.72,5.23,14.34,84.93,65.36,USD,2025-08-27 15:00:00
1560,209,113,2026-03-18,completed,404.06,0.0,32.32,5.45,441.83,404.06,USD,2026-03-18 14:00:00
1561,5,84,2025-03-03,completed,322.6,79.01,19.49,7.34,270.42,243.59,USD,2025-03-04 13:00:00
1562,193,529,2025-06-23,completed,448.55,36.22,32.99,5.63,450.95,412.33,USD,2025-06-24 23:00:00
1563,206,227,2025-02-03,completed,166.99,0.0,13.36,2.06,182.41,166.99,USD,2025-02-04 12:00:00
1564,121,302,2025-12-13,completed,145.66,8.36,10.98,5.29,153.57,137.3,USD,2025-12-14 23:00:00
1565,439,498,2026-08-09,completed,120.28,14.58,8.46,11.68,125.84,105.7,USD,2026-08-09 07:00:00
1566,246,183,2026-08-17,refunded,587.38,0.0,46.99,9.32,643.69,0.0,USD,2026-08-18 11:00:00
1567,186,274,2025-01-30,completed,245.52,39.8,16.46,6.56,228.74,205.72,USD,2025-02-01 18:00:00
1568,349,289,2025-03-13,completed,60.22,0.0,4.82,12.31,77.35,60.22,USD,2025-03-13 18:00:00
1569,320,283,2025-12-13,completed,374.69,9.71,29.2,0.06,394.24,364.98,USD,2025-12-14 08:00:00
1570,240,562,2025-06-12,refunded,141.66,0.0,11.33,12.4,165.39,0.0,USD,2025-06-13 20:00:00
1571,488,122,2025-05-21,pending,12.26,0.0,0.98,0.89,14.13,12.26,USD,2025-05-22 21:00:00
1572,488,727,2026-02-20,completed,91.37,7.38,6.72,13.05,103.76,83.99,USD,2026-02-20 13:00:00
1573,239,573,2025-07-06,completed,322.46,0.0,25.8,14.21,362.47,322.46,USD,2025-07-06 08:00:00
1574,355,10,2025-12-30,completed,221.47,36.36,14.81,12.29,212.21,185.11,USD,2026-01-01 06:00:00
1575,27,453,2025-01-24,completed,251.6,0.0,20.13,0.29,272.02,251.6,USD,2025-01-25 14:00:00
1576,222,135,2026-08-17,refunded,372.34,0.0,29.79,7.89,410.02,0.0,USD,2026-08-19 17:00:00
1577,221,123,2025-02-21,completed,33.99,0.0,2.72,12.43,49.14,33.99,USD,2025-02-23 23:00:00
1578,202,565,2025-01-22,completed,92.26,0.0,7.38,8.18,107.82,92.26,USD,2025-01-22 11:00:00
1579,421,200,2025-09-11,completed,169.65,0.0,13.57,5.4,188.62,169.65,USD,2025-09-12 01:00:00
1580,292,455,2026-06-17,cancelled,328.68,0.0,26.29,7.06,362.03,328.68,USD,2026-06-19 11:00:00
1581,236,228,2026-01-23,completed,69.74,0.0,5.58,1.21,76.53,69.74,USD,2026-01-23 21:00:00
1582,216,256,2025-10-24,completed,127.47,0.0,10.2,7.44,145.11,127.47,USD,2025-10-24 14:00:00
1583,310,537,2025-06-18,cancelled,162.1,0.0,12.97,0.42,175.49,162.1,USD,2025-06-18 11:00:00
1584,111,522,2025-05-18,completed,88.66,0.0,7.09,9.66,105.41,88.66,USD,2025-05-19 12:00:00
1585,123,18,2026-02-01,completed,160.79,0.0,12.86,5.86,179.51,160.79,USD,2026-02-02 03:00:00
1586,261,694,2025-11-02,completed,145.14,0.0,11.61,2.87,159.62,145.14,USD,2025-11-04 18:00:00
1587,160,470,2026-01-08,completed,107.87,0.0,8.63,0.26,116.76,107.87,USD,2026-01-10 21:00:00
1588,337,207,2025-09-08,completed,271.68,0.0,21.73,13.83,307.24,271.68,USD,2025-09-08 05:00:00
1589,451,91,2025-07-02,pending,240.15,0.0,19.21,8.34,267.7,240.15,USD,2025-07-04 17:00:00
1590,180,389,2025-04-19,refunded,279.69,0.0,22.38,9.7,311.77,0.0,USD,2025-04-19 06:00:00
1591,289,557,2025-06-27,completed,295.99,53.39,19.41,11.69,273.7,242.6,USD,2025-06-29 03:00:00
1592,142,17,2025-05-14,completed,433.0,0.0,34.64,9.4,477.04,433.0,USD,2025-05-16 21:00:00
1593,397,232,2025-10-24,pending,44.01,0.0,3.52,6.2,53.73,44.01,USD,2025-10-25 00:00:00
1594,109,757,2025-06-24,completed,48.78,11.3,3.0,9.41,49.89,37.48,USD,2025-06-24 11:00:00
1595,262,81,2026-04-28,completed,256.6,0.0,20.53,3.79,280.92,256.6,USD,2026-04-28 04:00:00
1596,182,642,2025-12-02,refunded,115.65,0.0,9.25,8.42,133.32,0.0,USD,2025-12-03 00:00:00
1597,383,191,2025-07-05,completed,104.74,6.01,7.9,3.08,109.71,98.73,USD,2025-07-07 20:00:00
1598,123,405,2025-02-20,completed,92.82,12.33,6.44,13.76,100.69,80.49,USD,2025-02-21 09:00:00
1599,101,611,2025-03-16,completed,286.13,52.66,18.68,7.64,259.79,233.47,USD,2025-03-17 06:00:00
1600,382,794,2025-02-23,completed,564.07,137.65,34.11,3.51,464.04,426.42,USD,2025-02-23 00:00:00
1601,279,483,2025-07-15,completed,294.97,0.86,23.53,9.59,327.23,294.11,USD,2025-07-16 23:00:00
1602,320,177,2025-07-21,completed,111.7,9.13,8.21,1.35,112.13,102.57,USD,2025-07-21 13:00:00
1603,398,66,2025-01-30,completed,276.64,0.0,22.13,6.51,305.28,276.64,USD,2025-02-01 01:00:00
1604,144,596,2026-03-06,completed,47.39,3.42,3.52,12.99,60.48,43.97,USD,2026-03-08 11:00:00
1605,121,463,2025-11-17,completed,137.82,28.16,8.77,11.52,129.95,109.66,USD,2025-11-19 07:00:00
1606,496,616,2026-08-17,completed,34.04,0.0,2.72,10.55,47.31,34.04,USD,2026-08-18 13:00:00
1607,56,790,2026-06-23,completed,115.82,0.0,9.27,7.06,132.15,115.82,USD,2026-06-24 22:00:00
1608,323,665,2025-01-08,pending,182.91,32.54,12.03,6.7,169.1,150.37,USD,2025-01-09 04:00:00
1609,195,402,2026-03-01,completed,630.14,0.0,50.41,0.17,680.72,630.14,USD,2026-03-03 03:00:00
1610,72,549,2026-08-14,completed,345.86,12.46,26.67,9.0,369.07,333.4,USD,2026-08-16 01:00:00
1611,477,501,2026-05-02,completed,34.74,0.0,2.78,8.66,46.18,34.74,USD,2026-05-02 13:00:00
1612,415,153,2026-02-21,pending,38.17,4.99,2.65,0.08,35.91,33.18,USD,2026-02-21 23:00:00
1613,112,248,2025-03-26,cancelled,89.15,0.0,7.13,2.06,98.34,89.15,USD,2025-03-28 07:00:00
1614,377,74,2026-07-01,refunded,484.65,90.69,31.52,0.19,425.67,0.0,USD,2026-07-02 07:00:00
1615,384,295,2026-05-14,completed,36.37,0.0,2.91,3.8,43.08,36.37,USD,2026-05-14 16:00:00
1616,251,145,2025-11-22,completed,93.39,0.0,7.47,0.06,100.92,93.39,USD,2025-11-24 23:00:00
1617,479,718,2026-07-14,completed,92.99,0.0,7.44,6.26,106.69,92.99,USD,2026-07-16 14:00:00
1618,117,687,2025-10-09,completed,214.07,0.0,17.13,7.15,238.35,214.07,USD,2025-10-11 07:00:00
1619,37,583,2025-11-20,completed,281.32,0.0,22.51,6.56,310.39,281.32,USD,2025-11-21 06:00:00
1620,406,322,2026-04-22,cancelled,241.74,28.26,17.08,2.99,233.55,213.48,USD,2026-04-23 15:00:00
1621,179,7,2026-03-14,completed,193.89,0.0,15.51,7.85,217.25,193.89,USD,2026-03-16 20:00:00
1622,63,437,2025-12-01,completed,45.58,0.52,3.6,12.21,60.87,45.06,USD,2025-12-02 13:00:00
1623,485,20,2026-04-21,cancelled,173.24,36.31,10.95,4.37,152.25,136.93,USD,2026-04-23 11:00:00
1624,210,21,2026-06-29,pending,379.19,0.0,30.34,4.69,414.22,379.19,USD,2026-07-01 12:00:00
1625,433,124,2026-01-29,completed,462.08,18.78,35.46,8.14,486.9,443.3,USD,2026-01-31 09:00:00
1626,409,394,2026-06-27,completed,210.15,33.9,14.1,3.51,193.86,176.25,USD,2026-06-28 19:00:00
1627,152,600,2025-09-07,refunded,35.08,6.47,2.29,5.07,35.97,0.0,USD,2025-09-08 00:00:00
1628,401,328,2025-11-18,pending,212.61,29.64,14.64,6.79,204.4,182.97,USD,2025-11-19 00:00:00
1629,235,621,2026-01-29,completed,144.81,11.48,10.67,5.79,149.79,133.33,USD,2026-01-31 10:00:00
1630,315,428,2025-12-15,completed,40.79,8.98,2.54,12.27,46.62,31.81,USD,2025-12-16 06:00:00
1631,144,715,2025-04-19,completed,66.29,0.0,5.3,12.73,84.32,66.29,USD,2025-04-19 17:00:00
1632,4,301,2025-10-04,refunded,77.33,0.0,6.19,6.04,89.56,0.0,USD,2025-10-04 13:00:00
1633,96,241,2025-03-23,completed,257.2,41.93,17.22,6.72,239.21,215.27,USD,2025-03-24 20:00:00
1634,167,61,2026-02-23,completed,449.69,0.0,35.98,14.35,500.02,449.69,USD,2026-02-25 21:00:00
1635,274,176,2026-04-30,cancelled,231.28,8.39,17.83,7.55,248.27,222.89,USD,2026-05-01 03:00:00
1636,427,36,2026-02-19,completed,262.71,0.0,21.02,14.9,298.63,262.71,USD,2026-02-20 22:00:00
1637,89,139,2026-06-10,completed,152.37,0.0,12.19,11.44,176.0,152.37,USD,2026-06-10 22:00:00
1638,361,760,2026-01-30,completed,103.46,21.64,6.55,3.96,92.33,81.82,USD,2026-01-31 04:00:00
1639,375,436,2025-08-19,completed,235.61,0.0,18.85,3.44,257.9,235.61,USD,2025-08-20 05:00:00
1640,406,484,2025-02-07,completed,195.69,0.0,15.66,2.39,213.74,195.69,USD,2025-02-08 01:00:00
1641,408,308,2025-01-21,completed,83.41,12.48,5.67,12.09,88.69,70.93,USD,2025-01-23 13:00:00
1642,32,515,2026-08-08,completed,186.64,5.09,14.52,4.6,200.67,181.55,USD,2026-08-10 17:00:00
1643,109,450,2026-04-18,pending,159.71,17.42,11.38,10.14,163.81,142.29,USD,2026-04-18 19:00:00
1644,471,733,2025-07-23,completed,126.72,0.0,10.14,8.1,144.96,126.72,USD,2025-07-24 01:00:00
1645,317,637,2026-08-04,refunded,100.61,2.06,7.88,12.39,118.82,0.0,USD,2026-08-04 01:00:00
1646,115,441,2025-05-30,completed,210.01,5.85,16.33,11.26,231.75,204.16,USD,2025-06-01 06:00:00
1647,499,626,2026-04-14,cancelled,105.87,26.29,6.37,0.96,86.91,79.58,USD,2026-04-16 02:00:00
1648,167,493,2025-05-09,pending,564.54,0.0,45.16,5.08,614.78,564.54,USD,2025-05-11 12:00:00
1649,145,796,2026-03-07,pending,226.0,0.0,18.08,7.8,251.88,226.0,USD,2026-03-08 16:00:00
1650,421,419,2025-02-12,cancelled,212.45,0.0,17.0,12.05,241.5,212.45,USD,2025-02-14 17:00:00
1651,481,681,2026-02-19,completed,140.64,22.71,9.43,10.71,138.07,117.93,USD,2026-02-19 10:00:00
1652,204,141,2025-10-05,completed,118.43,0.0,9.47,8.24,136.14,118.43,USD,2025-10-06 02:00:00
1653,323,135,2025-12-20,completed,27.23,0.0,2.18,12.13,41.54,27.23,USD,2025-12-21 08:00:00
1654,322,250,2025-01-26,completed,88.06,11.28,6.14,6.52,89.44,76.78,USD,2025-01-28 07:00:00
1655,113,659,2025-08-13,completed,34.3,0.0,2.74,0.83,37.87,34.3,USD,2025-08-13 15:00:00
1656,277,708,2025-04-08,completed,33.82,0.0,2.71,13.06,49.59,33.82,USD,2025-04-08 23:00:00
1657,28,321,2026-01-10,completed,57.81,0.0,4.62,7.9,70.33,57.81,USD,2026-01-10 06:00:00
1658,434,356,2025-01-04,completed,353.75,73.12,22.45,12.13,315.21,280.63,USD,2025-01-06 19:00:00
1659,415,392,2026-07-04,completed,352.63,10.02,27.41,5.88,375.9,342.61,USD,2026-07-05 08:00:00
1660,79,164,2025-04-17,completed,89.76,4.87,6.79,8.83,100.51,84.89,USD,2025-04-17 00:00:00
1661,305,430,2025-11-13,completed,44.55,5.12,3.15,4.97,47.55,39.43,USD,2025-11-13 16:00:00
1662,49,663,2026-08-28,completed,114.35,5.58,8.7,6.14,123.61,108.77,USD,2026-08-29 17:00:00
1663,44,601,2025-09-06,cancelled,255.45,0.0,20.44,2.21,278.1,255.45,USD,2025-09-07 11:00:00
1664,317,70,2025-11-25,completed,307.55,35.42,21.77,11.12,305.02,272.13,USD,2025-11-26 12:00:00
1665,399,283,2026-08-06,refunded,184.75,43.99,11.26,4.2,156.22,0.0,USD,2026-08-06 04:00:00
1666,423,512,2025-02-10,completed,208.19,0.0,16.66,4.53,229.38,208.19,USD,2025-02-12 15:00:00
1667,166,475,2025-12-08,completed,194.35,28.02,13.31,5.31,184.95,166.33,USD,2025-12-10 11:00:00
1668,462,561,2025-12-09,completed,36.84,0.0,2.95,6.48,46.27,36.84,USD,2025-12-09 15:00:00
1669,270,598,2026-03-16,completed,48.82,1.56,3.78,8.64,59.68,47.26,USD,2026-03-17 02:00:00
1670,200,244,2025-12-31,refunded,461.58,73.44,31.05,10.24,429.43,0.0,USD,2025-12-31 06:00:00
1671,173,376,2025-10-19,pending,184.14,39.79,11.55,10.14,166.04,144.35,USD,2025-10-19 09:00:00
1672,368,134,2025-11-29,completed,20.44,4.02,1.31,6.36,24.09,16.42,USD,2025-12-01 12:00:00
1673,186,574,2025-06-22,completed,216.93,0.0,17.35,7.23,241.51,216.93,USD,2025-06-22 08:00:00
1674,196,359,2025-07-23,completed,74.24,0.0,5.94,2.1,82.28,74.24,USD,2025-07-24 01:00:00
1675,194,279,2026-07-31,completed,323.97,31.91,23.36,7.82,323.24,292.06,USD,2026-08-02 23:00:00
1676,160,605,2026-02-03,completed,301.5,0.0,24.12,13.16,338.78,301.5,USD,2026-02-03 23:00:00
1677,199,751,2026-02-19,completed,245.97,0.0,19.68,6.91,272.56,245.97,USD,2026-02-21 01:00:00
1678,13,710,2025-03-28,pending,182.65,26.65,12.48,14.07,182.55,156.0,USD,2025-03-28 07:00:00
1679,438,108,2025-08-23,completed,376.17,0.0,30.09,2.34,408.6,376.17,USD,2025-08-25 14:00:00
1680,126,653,2025-05-14,completed,401.21,0.0,32.1,11.05,444.36,401.21,USD,2025-05-16 18:00:00
1681,224,454,2026-07-30,completed,75.89,0.0,6.07,10.62,92.58,75.89,USD,2026-08-01 17:00:00
1682,86,88,2026-08-27,completed,244.15,0.0,19.53,10.22,273.9,244.15,USD,2026-08-28 21:00:00
1683,269,311,2025-07-23,completed,101.51,18.43,6.65,9.94,99.67,83.08,USD,2025-07-25 21:00:00
1684,135,179,2025-09-10,completed,66.77,0.0,5.34,0.33,72.44,66.77,USD,2025-09-12 01:00:00
1685,85,207,2026-02-20,completed,400.99,0.0,32.08,11.13,444.2,400.99,USD,2026-02-21 03:00:00
1686,145,494,2025-03-31,pending,271.05,47.48,17.89,7.5,248.96,223.57,USD,2025-04-02 16:00:00
1687,453,323,2025-12-07,completed,193.45,0.0,15.48,7.86,216.79,193.45,USD,2025-12-07 19:00:00
1688,430,568,2025-05-12,completed,82.23,17.12,5.21,0.76,71.08,65.11,USD,2025-05-14 12:00:00
1689,395,645,2025-11-17,completed,408.64,0.0,32.69,2.83,444.16,408.64,USD,2025-11-19 19:00:00
1690,102,7,2026-03-16,refunded,73.32,0.0,5.87,13.67,92.86,0.0,USD,2026-03-17 08:00:00
1691,325,660,2026-03-25,completed,59.68,14.49,3.62,4.73,53.54,45.19,USD,2026-03-25 16:00:00
1692,410,115,2025-03-12,completed,160.06,26.27,10.7,5.91,150.4,133.79,USD,2025-03-12 11:00:00
1693,325,5,2025-06-25,completed,255.42,37.58,17.43,2.84,238.11,217.84,USD,2025-06-26 14:00:00
1694,430,76,2025-08-03,completed,123.22,0.0,9.86,9.48,142.56,123.22,USD,2025-08-05 00:00:00
1695,101,41,2026-03-17,completed,1308.43,0.0,104.67,11.11,1424.21,1308.43,USD,2026-03-18 18:00:00
1696,232,273,2025-07-19,pending,180.56,0.0,14.44,13.82,208.82,180.56,USD,2025-07-20 22:00:00
1697,166,672,2025-10-09,completed,101.17,0.0,8.09,8.43,117.69,101.17,USD,2025-10-09 01:00:00
1698,363,545,2025-05-19,completed,110.46,0.0,8.84,4.13,123.43,110.46,USD,2025-05-19 03:00:00
1699,64,354,2025-07-29,pending,495.18,65.65,34.36,1.06,464.95,429.53,USD,2025-07-29 18:00:00
1700,160,755,2025-10-17,completed,149.22,25.73,9.88,3.99,137.36,123.49,USD,2025-10-19 16:00:00
1701,352,390,2025-05-08,completed,391.94,0.0,31.36,9.28,432.58,391.94,USD,2025-05-09 12:00:00
1702,9,72,2025-03-08,refunded,32.57,0.0,2.61,14.61,49.79,0.0,USD,2025-03-09 00:00:00
1703,128,16,2025-03-28,completed,328.32,0.0,26.27,1.19,355.78,328.32,USD,2025-03-29 23:00:00
1704,355,405,2025-10-05,refunded,85.64,0.0,6.85,5.83,98.32,0.0,USD,2025-10-06 06:00:00
1705,120,180,2025-04-10,completed,275.47,45.39,18.41,10.01,258.5,230.08,USD,2025-04-10 10:00:00
1706,304,298,2025-01-20,completed,85.04,0.97,6.73,8.62,99.42,84.07,USD,2025-01-21 12:00:00
1707,201,248,2026-05-22,refunded,116.74,0.0,9.34,9.78,135.86,0.0,USD,2026-05-24 02:00:00
1708,231,319,2026-08-12,completed,65.04,0.0,5.2,6.95,77.19,65.04,USD,2026-08-14 17:00:00
1709,180,770,2025-11-07,cancelled,279.03,0.0,22.32,4.01,305.36,279.03,USD,2025-11-08 02:00:00
1710,450,55,2026-01-03,refunded,308.87,0.0,24.71,7.24,340.82,0.0,USD,2026-01-03 12:00:00
1711,361,88,2025-04-12,pending,87.97,19.31,5.49,5.72,79.87,68.66,USD,2025-04-14 14:00:00
1712,364,231,2025-02-15,completed,41.7,2.35,3.15,10.64,53.14,39.35,USD,2025-02-16 02:00:00
1713,396,595,2025-02-18,completed,388.3,70.17,25.45,2.57,346.15,318.13,USD,2025-02-18 11:00:00
1714,213,202,2025-04-26,completed,96.82,14.82,6.56,7.44,96.0,82.0,USD,2025-04-27 12:00:00
1715,52,200,2025-03-09,completed,143.47,0.0,11.48,14.39,169.34,143.47,USD,2025-03-09 04:00:00
1716,27,575,2026-03-24,completed,75.32,13.97,4.91,7.98,74.24,61.35,USD,2026-03-26 23:00:00
1717,242,482,2026-04-13,completed,261.16,34.74,18.11,3.56,248.09,226.42,USD,2026-04-15 08:00:00
1718,439,514,2026-03-21,completed,265.61,0.0,21.25,14.04,300.9,265.61,USD,2026-03-22 07:00:00
1719,242,528,2025-06-24,pending,430.45,0.0,34.44,3.66,468.55,430.45,USD,2025-06-25 15:00:00
1720,493,510,2025-08-10,completed,334.68,41.16,23.48,11.27,328.27,293.52,USD,2025-08-11 04:00:00
1721,262,445,2025-08-06,completed,319.6,59.53,20.81,1.64,282.52,260.07,USD,2025-08-07 09:00:00
1722,318,416,2025-04-01,completed,153.47,0.0,12.28,12.78,178.53,153.47,USD,2025-04-03 19:00:00
1723,39,614,2025-10-15,completed,139.77,4.79,10.8,2.71,148.49,134.98,USD,2025-10-17 04:00:00
1724,385,274,2025-11-22,completed,258.7,47.94,16.86,5.91,233.53,210.76,USD,2025-11-23 23:00:00
1725,445,258,2025-05-05,completed,147.17,24.79,9.79,14.48,146.65,122.38,USD,2025-05-07 22:00:00
1726,254,196,2025-06-17,completed,342.25,0.0,27.38,8.69,378.32,342.25,USD,2025-06-17 11:00:00
1727,453,665,2025-10-13,completed,71.3,0.0,5.7,3.96,80.96,71.3,USD,2025-10-15 17:00:00
1728,119,10,2025-02-28,refunded,31.88,4.02,2.23,0.01,30.1,0.0,USD,2025-02-28 12:00:00
1729,245,168,2025-12-24,pending,238.39,0.0,19.07,0.1,257.56,238.39,USD,2025-12-24 18:00:00
1730,457,119,2025-07-30,completed,106.8,0.0,8.54,4.12,119.46,106.8,USD,2025-07-31 22:00:00
1731,302,299,2026-03-07,completed,62.17,9.59,4.21,7.9,64.69,52.58,USD,2026-03-07 09:00:00
1732,345,176,2026-04-01,refunded,605.85,0.0,48.47,7.27,661.59,0.0,USD,2026-04-02 09:00:00
1733,202,405,2025-08-14,completed,164.15,0.0,13.13,13.83,191.11,164.15,USD,2025-08-15 00:00:00
1734,275,781,2025-08-03,completed,50.01,6.81,3.46,11.46,58.12,43.2,USD,2025-08-03 00:00:00
1735,186,342,2025-11-17,completed,96.89,0.0,7.75,13.87,118.51,96.89,USD,2025-11-17 13:00:00
1736,342,777,2025-01-25,completed,130.99,26.79,8.34,7.68,120.22,104.2,USD,2025-01-26 08:00:00
1737,28,248,2025-04-27,completed,235.0,0.0,18.8,6.7,260.5,235.0,USD,2025-04-27 06:00:00
1738,256,615,2025-03-15,refunded,97.3,0.0,7.78,8.49,113.57,0.0,USD,2025-03-17 19:00:00
1739,465,111,2025-06-22,completed,145.09,0.0,11.61,5.58,162.28,145.09,USD,2025-06-23 06:00:00
1740,30,489,2025-12-28,completed,198.21,0.0,15.86,3.16,217.23,198.21,USD,2025-12-30 05:00:00
1741,226,602,2025-05-29,refunded,224.85,0.0,17.99,12.55,255.39,0.0,USD,2025-05-29 14:00:00
1742,331,536,2025-11-13,refunded,153.08,10.5,11.41,10.21,164.2,0.0,USD,2025-11-14 16:00:00
1743,43,751,2026-02-25,completed,490.16,44.66,35.64,4.88,486.02,445.5,USD,2026-02-25 08:00:00
1744,3,481,2026-02-14,completed,263.05,0.0,21.04,6.69,290.78,263.05,USD,2026-02-14 14:00:00
1745,83,470,2025-11-19,completed,253.24,0.0,20.26,3.38,276.88,253.24,USD,2025-11-21 01:00:00
1746,111,518,2025-12-14,refunded,246.96,49.54,15.79,8.44,221.65,0.0,USD,2025-12-15 00:00:00
1747,440,283,2025-09-26,completed,343.99,0.0,27.52,5.38,376.89,343.99,USD,2025-09-28 22:00:00
1748,78,176,2025-10-29,pending,188.92,0.0,15.11,13.13,217.16,188.92,USD,2025-10-31 23:00:00
1749,321,725,2026-04-28,completed,70.28,0.0,5.62,7.93,83.83,70.28,USD,2026-04-28 09:00:00
1750,171,782,2025-10-16,completed,217.45,0.0,17.4,6.18,241.03,217.45,USD,2025-10-17 23:00:00
1751,268,746,2025-08-02,completed,236.87,0.0,18.95,11.24,267.06,236.87,USD,2025-08-04 08:00:00
1752,455,606,2026-08-07,pending,379.6,0.0,30.37,13.58,423.55,379.6,USD,2026-08-07 19:00:00
1753,430,179,2026-07-11,cancelled,64.25,9.01,4.42,12.26,71.92,55.24,USD,2026-07-13 12:00:00
1754,40,188,2026-06-08,completed,78.64,0.0,6.29,7.42,92.35,78.64,USD,2026-06-10 05:00:00
1755,45,248,2026-05-14,completed,168.07,0.0,13.45,5.35,186.87,168.07,USD,2026-05-14 23:00:00
1756,179,411,2025-08-21,completed,251.78,0.0,20.14,9.93,281.85,251.78,USD,2025-08-21 06:00:00
1757,405,189,2026-08-06,completed,54.11,0.0,4.33,12.25,70.69,54.11,USD,2026-08-07 07:00:00
1758,380,632,2026-02-01,completed,65.81,8.12,4.62,14.68,76.99,57.69,USD,2026-02-02 02:00:00
1759,310,68,2026-06-25,completed,293.32,14.05,22.34,6.86,308.47,279.27,USD,2026-06-26 14:00:00
1760,432,729,2025-01-13,pending,56.18,4.49,4.14,10.02,65.85,51.69,USD,2025-01-13 16:00:00
1761,92,363,2025-03-06,completed,79.58,0.0,6.37,4.4,90.35,79.58,USD,2025-03-06 22:00:00
1762,369,308,2025-01-13,completed,305.85,0.0,24.47,1.31,331.63,305.85,USD,2025-01-15 16:00:00
1763,485,361,2026-08-29,completed,249.28,0.0,19.94,3.8,273.02,249.28,USD,2026-08-31 12:00:00
1764,483,387,2025-07-13,completed,98.12,0.0,7.85,0.22,106.19,98.12,USD,2025-07-15 04:00:00
1765,356,442,2025-01-24,completed,229.97,47.8,14.57,7.64,204.38,182.17,USD,2025-01-25 01:00:00
1766,348,248,2026-04-04,completed,200.38,0.0,16.03,5.6,222.01,200.38,USD,2026-04-05 11:00:00
1767,112,244,2026-04-26,completed,148.68,0.0,11.89,10.17,170.74,148.68,USD,2026-04-26 21:00:00
1768,373,302,2026-07-16,completed,120.85,0.0,9.67,9.23,139.75,120.85,USD,2026-07-17 05:00:00
1769,124,125,2025-12-18,completed,223.75,0.0,17.9,2.52,244.17,223.75,USD,2025-12-19 13:00:00
1770,212,183,2026-02-19,completed,60.75,0.0,4.86,10.11,75.72,60.75,USD,2026-02-21 13:00:00
1771,59,335,2026-01-11,completed,221.98,30.89,15.29,2.81,209.19,191.09,USD,2026-01-13 09:00:00
1772,152,24,2026-03-05,completed,187.45,29.16,12.66,0.09,171.04,158.29,USD,2026-03-05 14:00:00
1773,38,336,2025-11-10,completed,197.12,0.0,15.77,14.55,227.44,197.12,USD,2025-11-12 20:00:00
1774,231,334,2025-01-20,completed,76.65,0.0,6.13,0.4,83.18,76.65,USD,2025-01-20 05:00:00
1775,37,3,2025-04-12,completed,385.82,0.0,30.87,5.13,421.82,385.82,USD,2025-04-12 03:00:00
1776,384,377,2026-07-19,completed,98.39,0.0,7.87,9.56,115.82,98.39,USD,2026-07-21 13:00:00
1777,328,530,2025-01-30,completed,111.17,24.01,6.97,5.56,99.69,87.16,USD,2025-01-30 20:00:00
1778,326,624,2025-02-22,completed,144.34,0.0,11.55,5.72,161.61,144.34,USD,2025-02-24 13:00:00
1779,352,310,2026-05-01,completed,248.88,31.01,17.43,10.84,246.14,217.87,USD,2026-05-01 04:00:00
1780,386,419,2026-07-29,completed,192.96,26.92,13.28,9.03,188.35,166.04,USD,2026-07-29 17:00:00
1781,338,63,2025-09-29,completed,40.2,0.0,3.22,7.78,51.2,40.2,USD,2025-10-01 11:00:00
1782,314,262,2025-03-28,refunded,162.44,31.66,10.46,13.29,154.53,0.0,USD,2025-03-28 14:00:00
1783,92,531,2025-12-24,completed,172.42,38.28,10.73,1.62,146.49,134.14,USD,2025-12-25 13:00:00
1784,367,371,2025-01-21,completed,391.93,82.68,24.74,7.05,341.04,309.25,USD,2025-01-23 03:00:00
1785,244,764,2025-08-07,completed,129.34,0.0,10.35,3.59,143.28,129.34,USD,2025-08-08 01:00:00
1786,78,637,2025-12-09,pending,234.35,38.07,15.7,0.55,212.53,196.28,USD,2025-12-09 10:00:00
1787,241,726,2026-06-19,completed,784.99,0.0,62.8,14.69,862.48,784.99,USD,2026-06-21 11:00:00
1788,162,385,2025-03-10,completed,348.96,0.0,27.92,11.01,387.89,348.96,USD,2025-03-11 20:00:00
1789,100,62,2026-01-04,completed,73.1,15.02,4.65,3.24,65.97,58.08,USD,2026-01-06 17:00:00
1790,281,445,2025-01-18,pending,271.63,0.0,21.73,6.04,299.4,271.63,USD,2025-01-20 02:00:00
1791,448,757,2025-10-10,pending,222.62,0.0,17.81,3.39,243.82,222.62,USD,2025-10-12 05:00:00
1792,9,139,2026-02-10,completed,126.1,0.0,10.09,10.27,146.46,126.1,USD,2026-02-11 20:00:00
1793,68,769,2025-01-22,completed,273.76,0.0,21.9,5.26,300.92,273.76,USD,2025-01-24 00:00:00
1794,457,7,2026-03-25,completed,72.16,0.0,5.77,13.8,91.73,72.16,USD,2026-03-26 06:00:00
1795,346,492,2026-08-22,completed,100.02,0.0,8.0,3.11,111.13,100.02,USD,2026-08-24 18:00:00
1796,120,744,2025-06-27,completed,145.48,0.0,11.64,5.25,162.37,145.48,USD,2025-06-29 10:00:00
1797,185,169,2026-04-05,completed,121.66,15.73,8.47,13.98,128.38,105.93,USD,2026-04-05 17:00:00
1798,45,215,2025-11-20,completed,254.17,0.0,20.33,13.27,287.77,254.17,USD,2025-11-22 18:00:00
1799,422,646,2026-07-12,completed,159.2,22.96,10.9,4.4,151.54,136.24,USD,2026-07-12 16:00:00
1800,333,279,2025-12-22,completed,112.41,0.19,8.98,7.25,128.45,112.22,USD,2025-12-24 02:00:00
1801,117,525,2026-05-03,completed,345.19,79.95,21.22,13.26,299.72,265.24,USD,2026-05-05 18:00:00
1802,97,92,2025-04-08,completed,247.72,16.55,18.49,10.06,259.72,231.17,USD,2025-04-09 06:00:00
1803,346,538,2025-06-05,completed,48.12,10.48,3.01,9.56,50.21,37.64,USD,2025-06-05 13:00:00
1804,281,411,2025-09-25,completed,47.24,0.0,3.78,9.91,60.93,47.24,USD,2025-09-27 23:00:00
1805,375,401,2026-07-03,cancelled,113.03,2.75,8.82,13.81,132.91,110.28,USD,2026-07-05 09:00:00
1806,125,590,2026-01-22,completed,53.82,6.07,3.82,7.76,59.33,47.75,USD,2026-01-23 08:00:00
1807,498,359,2025-05-09,completed,309.7,58.74,20.08,2.73,273.77,250.96,USD,2025-05-11 23:00:00
1808,83,549,2026-06-22,completed,103.85,0.0,8.31,7.09,119.25,103.85,USD,2026-06-22 08:00:00
1809,90,341,2026-01-11,completed,234.15,30.5,16.29,10.93,230.87,203.65,USD,2026-01-12 13:00:00
1810,368,685,2025-09-12,completed,269.09,23.91,19.61,7.38,272.17,245.18,USD,2025-09-12 13:00:00
1811,283,445,2025-08-22,completed,27.55,0.0,2.2,4.7,34.45,27.55,USD,2025-08-22 13:00:00
1812,195,230,2026-03-01,completed,107.65,15.71,7.36,9.99,109.29,91.94,USD,2026-03-02 01:00:00
1813,369,704,2026-06-19,completed,140.59,13.36,10.18,6.75,144.16,127.23,USD,2026-06-20 17:00:00
1814,288,252,2025-11-01,refunded,199.0,0.0,15.92,14.44,229.36,0.0,USD,2025-11-01 12:00:00
1815,202,754,2026-05-28,completed,298.28,0.0,23.86,5.28,327.42,298.28,USD,2026-05-29 13:00:00
1816,109,773,2026-03-06,completed,623.03,0.0,49.84,10.76,683.63,623.03,USD,2026-03-08 08:00:00
1817,359,447,2025-02-14,refunded,459.35,97.41,28.96,8.33,399.23,0.0,USD,2025-02-14 10:00:00
1818,277,366,2026-04-24,pending,157.82,0.0,12.63,1.16,171.61,157.82,USD,2026-04-24 01:00:00
1819,448,213,2025-12-07,completed,156.45,17.24,11.14,7.05,157.4,139.21,USD,2025-12-09 05:00:00
1820,211,668,2025-11-19,completed,428.91,0.0,34.31,0.44,463.66,428.91,USD,2025-11-20 05:00:00
1821,133,215,2026-01-07,completed,164.18,17.42,11.74,11.85,170.35,146.76,USD,2026-01-07 13:00:00
1822,26,490,2025-02-07,completed,105.74,14.94,7.26,11.02,109.08,90.8,USD,2025-02-09 15:00:00
1823,136,644,2026-07-05,completed,313.07,68.34,19.58,0.76,265.07,244.73,USD,2026-07-06 06:00:00
1824,364,145,2026-06-16,completed,205.8,0.0,16.46,7.5,229.76,205.8,USD,2026-06-16 08:00:00
1825,144,139,2026-08-30,completed,46.55,0.0,3.72,14.42,64.69,46.55,USD,2026-08-30 22:00:00
1826,277,766,2025-12-31,completed,130.21,12.92,9.38,4.27,130.94,117.29,USD,2026-01-01 17:00:00
1827,108,790,2025-05-26,completed,55.37,0.0,4.43,13.56,73.36,55.37,USD,2025-05-26 20:00:00
1828,464,260,2025-12-31,cancelled,12.22,0.0,0.98,2.27,15.47,12.22,USD,2026-01-02 19:00:00
1829,451,186,2025-06-21,completed,500.3,0.0,40.02,0.1,540.42,500.3,USD,2025-06-22 21:00:00
1830,404,514,2025-11-06,completed,179.66,0.0,14.37,7.96,201.99,179.66,USD,2025-11-06 05:00:00
1831,367,467,2026-05-02,completed,133.91,2.18,10.54,3.59,145.86,131.73,USD,2026-05-03 00:00:00
1832,286,204,2025-04-16,completed,112.35,0.0,8.99,13.19,134.53,112.35,USD,2025-04-17 01:00:00
1833,5,173,2025-10-04,refunded,166.44,0.0,13.32,10.11,189.87,0.0,USD,2025-10-04 10:00:00
1834,22,461,2025-10-23,refunded,111.25,0.0,8.9,10.3,130.45,0.0,USD,2025-10-23 02:00:00
1835,222,220,2026-07-19,completed,74.23,0.0,5.94,10.1,90.27,74.23,USD,2026-07-19 08:00:00
1836,376,433,2025-11-22,completed,116.43,0.0,9.31,10.18,135.92,116.43,USD,2025-11-24 01:00:00
1837,66,550,2025-07-26,completed,402.1,21.07,30.48,11.21,422.72,381.03,USD,2025-07-26 17:00:00
1838,275,209,2025-08-21,pending,308.38,33.96,21.95,10.05,306.42,274.42,USD,2025-08-22 06:00:00
1839,478,458,2025-07-04,completed,116.55,7.19,8.75,12.51,130.62,109.36,USD,2025-07-04 10:00:00
1840,418,792,2025-04-01,completed,532.83,0.0,42.63,8.37,583.83,532.83,USD,2025-04-03 20:00:00
1841,276,431,2026-03-08,completed,156.45,0.0,12.52,5.26,174.23,156.45,USD,2026-03-10 23:00:00
1842,289,113,2026-04-08,completed,88.78,0.0,7.1,7.0,102.88,88.78,USD,2026-04-10 01:00:00
1843,32,588,2025-05-01,completed,212.18,36.35,14.07,6.6,196.5,175.83,USD,2025-05-01 23:00:00
1844,2,355,2025-10-05,pending,443.45,30.62,33.03,4.99,450.85,412.83,USD,2025-10-06 19:00:00
1845,158,574,2026-04-03,completed,389.87,83.28,24.53,6.23,337.35,306.59,USD,2026-04-04 03:00:00
1846,408,26,2026-03-02,completed,92.4,0.0,7.39,5.77,105.56,92.4,USD,2026-03-04 17:00:00
1847,3,570,2025-02-18,completed,61.98,9.52,4.2,1.67,58.33,52.46,USD,2025-02-19 19:00:00
1848,400,547,2025-01-29,completed,124.88,6.65,9.46,12.46,140.15,118.23,USD,2025-01-29 09:00:00
1849,129,4,2025-02-13,pending,237.08,0.0,18.97,11.35,267.4,237.08,USD,2025-02-13 06:00:00
1850,50,370,2025-11-03,completed,281.67,33.43,19.86,5.06,273.16,248.24,USD,2025-11-05 08:00:00
1851,48,376,2026-07-09,pending,354.63,21.08,26.68,14.18,374.41,333.55,USD,2026-07-11 04:00:00
1852,342,449,2025-02-14,cancelled,186.71,0.0,14.94,14.24,215.89,186.71,USD,2025-02-16 04:00:00
1853,23,494,2026-03-02,completed,191.06,14.74,14.11,12.85,203.28,176.32,USD,2026-03-02 23:00:00
1854,264,559,2026-03-22,completed,181.89,6.91,14.0,0.44,189.42,174.98,USD,2026-03-24 00:00:00
1855,468,731,2026-08-08,completed,325.08,12.32,25.02,5.57,343.35,312.76,USD,2026-08-08 19:00:00
1856,295,612,2025-12-19,completed,284.98,0.0,22.8,6.86,314.64,284.98,USD,2025-12-20 21:00:00
1857,168,249,2026-08-03,completed,89.72,0.0,7.18,10.78,107.68,89.72,USD,2026-08-03 23:00:00
1858,445,773,2025-10-01,completed,262.16,0.2,20.96,9.52,292.44,261.96,USD,2025-10-01 08:00:00
1859,37,383,2025-06-10,completed,311.46,0.0,24.92,10.18,346.56,311.46,USD,2025-06-12 11:00:00
1860,125,692,2026-08-14,completed,327.88,0.0,26.23,11.51,365.62,327.88,USD,2026-08-16 10:00:00
1861,86,389,2025-11-13,completed,205.96,0.0,16.48,14.23,236.67,205.96,USD,2025-11-15 08:00:00
1862,7,260,2025-07-17,completed,198.23,0.0,15.86,8.27,222.36,198.23,USD,2025-07-18 21:00:00
1863,478,579,2026-01-26,completed,161.42,35.07,10.11,13.56,150.02,126.35,USD,2026-01-27 22:00:00
1864,105,582,2025-09-14,completed,173.77,0.0,13.9,12.22,199.89,173.77,USD,2025-09-16 07:00:00
1865,37,97,2026-03-30,completed,481.51,0.0,38.52,5.07,525.1,481.51,USD,2026-03-31 16:00:00
1866,458,61,2026-03-24,completed,177.95,0.0,14.24,12.21,204.4,177.95,USD,2026-03-26 15:00:00
1867,482,607,2025-01-12,completed,95.63,0.0,7.65,1.76,105.04,95.63,USD,2025-01-14 07:00:00
1868,106,109,2025-11-15,completed,208.99,0.0,16.72,2.38,228.09,208.99,USD,2025-11-16 15:00:00
1869,201,368,2026-06-03,completed,277.99,0.0,22.24,14.89,315.12,277.99,USD,2026-06-04 18:00:00
1870,338,368,2026-02-04,completed,319.04,0.0,25.52,6.43,350.99,319.04,USD,2026-02-06 20:00:00
1871,214,352,2026-03-14,completed,73.51,0.0,5.88,6.91,86.3,73.51,USD,2026-03-15 12:00:00
1872,395,368,2026-08-16,completed,419.81,80.25,27.16,14.27,380.99,339.56,USD,2026-08-16 07:00:00
1873,125,761,2025-07-28,completed,271.1,0.0,21.69,5.43,298.22,271.1,USD,2025-07-30 12:00:00
1874,407,405,2026-02-27,refunded,404.71,10.79,31.51,3.55,428.98,0.0,USD,2026-02-27 00:00:00
1875,280,695,2025-01-18,completed,51.92,0.0,4.15,1.17,57.24,51.92,USD,2025-01-18 17:00:00
1876,6,381,2025-04-02,cancelled,336.06,57.93,22.25,7.84,308.22,278.13,USD,2025-04-02 23:00:00
1877,311,378,2026-02-28,completed,70.53,9.91,4.85,3.0,68.47,60.62,USD,2026-02-28 01:00:00
1878,5,514,2025-05-08,refunded,136.05,0.0,10.88,0.97,147.9,0.0,USD,2025-05-08 15:00:00
1879,424,188,2026-04-23,completed,276.99,58.96,17.44,12.2,247.67,218.03,USD,2026-04-23 12:00:00
1880,495,764,2026-06-13,completed,64.74,7.4,4.59,4.93,66.86,57.34,USD,2026-06-14 15:00:00
1881,78,746,2026-06-27,completed,110.58,0.0,8.85,8.69,128.12,110.58,USD,2026-06-29 15:00:00
1882,264,139,2025-01-30,completed,51.04,4.56,3.72,1.57,51.77,46.48,USD,2025-01-30 20:00:00
1883,169,118,2025-07-17,completed,272.14,11.67,20.84,7.58,288.89,260.47,USD,2025-07-18 04:00:00
1884,32,286,2025-11-06,completed,88.51,0.0,7.08,9.48,105.07,88.51,USD,2025-11-08 01:00:00
1885,339,153,2025-01-10,pending,169.95,17.66,12.18,6.75,171.22,152.29,USD,2025-01-12 00:00:00
1886,14,60,2026-07-04,completed,222.91,0.0,17.83,5.06,245.8,222.91,USD,2026-07-06 20:00:00
1887,13,647,2026-08-09,completed,207.35,3.17,16.33,4.66,225.17,204.18,USD,2026-08-10 13:00:00
1888,406,160,2026-04-17,completed,194.51,5.4,15.13,1.64,205.88,189.11,USD,2026-04-19 07:00:00
1889,142,295,2025-06-18,completed,194.25,1.96,15.38,1.74,209.41,192.29,USD,2025-06-20 12:00:00
1890,453,790,2025-03-12,refunded,54.21,8.16,3.68,7.44,57.17,0.0,USD,2025-03-13 06:00:00
1891,298,320,2026-05-17,completed,141.68,29.46,8.98,2.08,123.28,112.22,USD,2026-05-19 12:00:00
1892,263,32,2026-03-26,completed,193.04,0.0,15.44,3.35,211.83,193.04,USD,2026-03-28 22:00:00
1893,205,195,2026-07-29,completed,178.64,0.0,14.29,2.47,195.4,178.64,USD,2026-07-29 08:00:00
1894,186,171,2025-08-20,completed,153.94,14.37,11.17,12.04,162.78,139.57,USD,2025-08-22 07:00:00
1895,113,445,2025-04-13,completed,98.42,0.0,7.87,6.75,113.04,98.42,USD,2025-04-14 20:00:00
1896,352,342,2026-07-02,completed,204.24,32.86,13.71,8.29,193.38,171.38,USD,2026-07-04 10:00:00
1897,304,62,2025-03-07,refunded,230.88,0.0,18.47,8.74,258.09,0.0,USD,2025-03-08 15:00:00
1898,12,235,2025-12-14,completed,122.16,0.0,9.77,5.95,137.88,122.16,USD,2025-12-14 14:00:00
1899,162,375,2025-10-14,pending,320.49,0.0,25.64,4.48,350.61,320.49,USD,2025-10-15 06:00:00
1900,450,437,2025-11-30,refunded,425.42,0.0,34.03,5.74,465.19,0.0,USD,2025-12-02 01:00:00
1901,247,334,2025-09-02,completed,172.36,0.0,13.79,8.02,194.17,172.36,USD,2025-09-04 16:00:00
1902,129,793,2025-01-06,pending,91.34,0.0,7.31,5.38,104.03,91.34,USD,2025-01-06 05:00:00
1903,115,394,2026-01-13,cancelled,64.04,9.83,4.34,2.05,60.6,54.21,USD,2026-01-13 13:00:00
1904,96,564,2025-06-01,completed,134.59,13.56,9.68,13.71,144.42,121.03,USD,2025-06-01 16:00:00
1905,431,458,2025-03-13,pending,163.45,1.26,12.98,10.99,186.16,162.19,USD,2025-03-14 18:00:00
1906,156,325,2025-09-08,completed,61.11,0.0,4.89,0.99,66.99,61.11,USD,2025-09-08 01:00:00
1907,149,23,2025-06-26,completed,131.54,0.0,10.52,13.59,155.65,131.54,USD,2025-06-28 20:00:00
1908,32,547,2026-03-16,completed,309.65,19.24,23.23,2.56,316.2,290.41,USD,2026-03-18 02:00:00
1909,445,688,2025-08-08,completed,23.02,0.0,1.84,1.47,26.33,23.02,USD,2025-08-10 17:00:00
1910,195,698,2025-11-12,pending,180.1,0.0,14.41,2.6,197.11,180.1,USD,2025-11-12 01:00:00
1911,353,635,2025-10-22,completed,110.06,13.01,7.76,14.0,118.81,97.05,USD,2025-10-22 19:00:00
1912,358,184,2026-06-02,completed,167.1,0.0,13.37,3.32,183.79,167.1,USD,2026-06-03 08:00:00
1913,176,362,2025-03-04,completed,440.0,42.16,31.83,11.8,441.47,397.84,USD,2025-03-06 07:00:00
1914,250,574,2025-01-21,refunded,161.54,0.0,12.92,9.65,184.11,0.0,USD,2025-01-22 22:00:00
1915,51,586,2026-06-11,completed,145.17,0.0,11.61,7.77,164.55,145.17,USD,2026-06-12 06:00:00
1916,334,492,2025-07-15,completed,260.66,0.0,20.85,5.48,286.99,260.66,USD,2025-07-15 21:00:00
1917,337,40,2026-03-12,completed,206.17,24.22,14.56,1.39,197.9,181.95,USD,2026-03-12 23:00:00
1918,107,588,2025-12-29,completed,180.64,36.55,11.53,10.66,166.28,144.09,USD,2025-12-30 02:00:00
1919,98,453,2026-04-09,pending,211.29,24.18,14.97,5.92,208.0,187.11,USD,2026-04-11 01:00:00
1920,199,68,2026-02-04,pending,365.17,0.0,29.21,8.02,402.4,365.17,USD,2026-02-06 14:00:00
1921,347,432,2025-05-29,completed,296.74,22.17,21.97,0.78,297.32,274.57,USD,2025-05-30 10:00:00
1922,260,587,2025-11-01,completed,137.96,6.88,10.49,11.64,153.21,131.08,USD,2025-11-03 16:00:00
1923,31,749,2025-07-05,refunded,425.24,88.28,26.96,10.38,374.3,0.0,USD,2025-07-05 21:00:00
1924,287,631,2025-08-31,completed,115.28,2.74,9.0,7.94,129.48,112.54,USD,2025-09-02 13:00:00
1925,354,210,2025-11-27,completed,180.12,40.62,11.16,7.44,158.1,139.5,USD,2025-11-27 00:00:00
1926,94,550,2025-02-13,completed,194.74,1.31,15.47,5.06,213.96,193.43,USD,2025-02-15 05:00:00
1927,223,541,2025-01-19,completed,133.17,0.0,10.65,5.14,148.96,133.17,USD,2025-01-21 20:00:00
1928,404,158,2026-02-27,completed,396.37,5.78,31.25,1.03,422.87,390.59,USD,2026-02-27 19:00:00
1929,163,664,2025-02-23,completed,128.28,0.0,10.26,10.3,148.84,128.28,USD,2025-02-25 01:00:00
1930,46,130,2026-07-03,completed,152.57,8.07,11.56,0.67,156.73,144.5,USD,2026-07-03 05:00:00
1931,463,601,2026-01-25,completed,325.22,0.0,26.02,0.02,351.26,325.22,USD,2026-01-27 13:00:00
1932,50,591,2026-05-06,completed,118.55,0.0,9.48,0.46,128.49,118.55,USD,2026-05-07 11:00:00
1933,31,770,2025-10-14,completed,58.91,0.0,4.71,3.05,66.67,58.91,USD,2025-10-15 06:00:00
1934,125,519,2026-03-02,completed,183.73,8.19,14.04,8.55,198.13,175.54,USD,2026-03-04 18:00:00
1935,376,58,2025-04-23,completed,74.95,0.0,6.0,10.22,91.17,74.95,USD,2025-04-25 18:00:00
1936,328,787,2026-01-20,refunded,68.12,7.52,4.85,6.31,71.76,0.0,USD,2026-01-20 16:00:00
1937,118,307,2025-07-08,completed,23.61,0.08,1.88,6.13,31.54,23.53,USD,2025-07-10 21:00:00
1938,39,364,2026-04-14,completed,27.27,0.0,2.18,8.65,38.1,27.27,USD,2026-04-14 15:00:00
1939,478,695,2025-08-11,completed,29.53,0.0,2.36,8.95,40.84,29.53,USD,2025-08-13 10:00:00
1940,4,184,2026-04-17,completed,460.99,49.55,32.92,12.67,457.03,411.44,USD,2026-04-19 08:00:00
1941,463,530,2026-06-27,pending,29.41,5.58,1.91,12.29,38.03,23.83,USD,2026-06-28 12:00:00
1942,237,616,2025-01-05,completed,73.37,0.0,5.87,12.35,91.59,73.37,USD,2025-01-06 18:00:00
1943,98,424,2025-02-07,refunded,154.43,17.64,10.94,12.66,160.39,0.0,USD,2025-02-08 04:00:00
1944,174,599,2025-08-06,completed,253.05,0.0,20.24,13.2,286.49,253.05,USD,2025-08-07 05:00:00
1945,156,571,2025-11-28,completed,270.46,49.13,17.71,8.33,247.37,221.33,USD,2025-11-29 13:00:00
1946,79,419,2026-06-11,completed,91.38,8.43,6.64,8.93,98.52,82.95,USD,2026-06-13 14:00:00
1947,216,74,2025-09-24,completed,177.82,0.0,14.23,10.91,202.96,177.82,USD,2025-09-25 10:00:00
1948,328,597,2026-06-01,completed,151.2,0.0,12.1,2.99,166.29,151.2,USD,2026-06-02 17:00:00
1949,237,632,2026-03-19,cancelled,170.77,37.43,10.67,5.41,149.42,133.34,USD,2026-03-21 02:00:00
1950,321,249,2026-03-07,refunded,187.04,0.0,14.96,13.69,215.69,0.0,USD,2026-03-09 18:00:00
1951,486,655,2026-07-07,completed,222.4,0.0,17.79,7.84,248.03,222.4,USD,2026-07-09 13:00:00
1952,61,173,2025-07-07,completed,108.48,0.0,8.68,0.78,117.94,108.48,USD,2025-07-08 02:00:00
1953,370,137,2026-02-11,completed,355.2,4.9,28.02,6.08,384.4,350.3,USD,2026-02-13 14:00:00
1954,115,101,2026-04-30,completed,129.01,0.0,10.32,2.41,141.74,129.01,USD,2026-05-01 07:00:00
1955,10,442,2026-08-11,completed,606.2,0.0,48.5,5.34,660.04,606.2,USD,2026-08-11 06:00:00
1956,183,233,2025-05-21,completed,113.63,20.73,7.43,8.17,108.5,92.9,USD,2025-05-21 05:00:00
1957,197,556,2026-04-23,completed,180.03,34.79,11.62,7.58,164.44,145.24,USD,2026-04-23 14:00:00
1958,496,524,2025-05-17,completed,152.18,0.0,12.17,7.36,171.71,152.18,USD,2025-05-18 02:00:00
1959,173,342,2026-08-07,completed,175.13,0.0,14.01,0.28,189.42,175.13,USD,2026-08-08 04:00:00
1960,385,207,2025-11-22,completed,330.8,0.0,26.46,6.68,363.94,330.8,USD,2025-11-22 12:00:00
1961,468,733,2026-06-16,refunded,145.96,0.0,11.68,0.43,158.07,0.0,USD,2026-06-16 12:00:00
1962,169,707,2025-12-13,completed,65.69,0.0,5.26,6.07,77.02,65.69,USD,2025-12-13 02:00:00
1963,90,278,2025-02-15,pending,106.98,0.0,8.56,9.7,125.24,106.98,USD,2025-02-17 17:00:00
1964,483,200,2025-08-02,completed,146.2,0.0,11.7,1.89,159.79,146.2,USD,2025-08-02 18:00:00
1965,230,644,2026-01-05,completed,191.25,4.25,14.96,13.75,215.71,187.0,USD,2026-01-06 22:00:00
1966,228,548,2026-01-02,completed,91.73,0.0,7.34,9.46,108.53,91.73,USD,2026-01-03 11:00:00
1967,365,366,2025-11-30,refunded,99.89,0.0,7.99,3.26,111.14,0.0,USD,2025-12-01 01:00:00
1968,191,423,2026-03-07,completed,196.08,27.74,13.47,5.91,187.72,168.34,USD,2026-03-07 17:00:00
1969,271,581,2025-12-17,completed,200.76,0.0,16.06,1.45,218.27,200.76,USD,2025-12-17 04:00:00
1970,473,170,2025-04-20,completed,301.16,45.55,20.45,0.33,276.39,255.61,USD,2025-04-20 07:00:00
1971,25,798,2025-02-17,completed,105.95,0.0,8.48,13.74,128.17,105.95,USD,2025-02-19 00:00:00
1972,369,445,2025-06-25,completed,237.18,42.85,15.55,10.13,220.01,194.33,USD,2025-06-26 08:00:00
1973,199,102,2025-03-25,completed,152.39,0.0,12.19,11.69,176.27,152.39,USD,2025-03-27 21:00:00
1974,274,764,2026-03-01,completed,117.9,0.0,9.43,9.33,136.66,117.9,USD,2026-03-01 10:00:00
1975,456,798,2026-08-17,cancelled,155.99,33.59,9.79,13.6,145.79,122.4,USD,2026-08-19 18:00:00
1976,301,756,2026-07-17,completed,171.72,0.0,13.74,13.44,198.9,171.72,USD,2026-07-17 06:00:00
1977,210,559,2025-12-10,completed,59.68,0.0,4.77,0.87,65.32,59.68,USD,2025-12-12 04:00:00
1978,487,234,2026-06-21,completed,63.87,0.0,5.11,2.84,71.82,63.87,USD,2026-06-23 21:00:00
1979,303,425,2026-02-04,cancelled,258.89,0.0,20.71,5.94,285.54,258.89,USD,2026-02-04 11:00:00
1980,77,430,2025-03-20,completed,126.68,0.0,10.13,5.12,141.93,126.68,USD,2025-03-21 10:00:00
1981,45,408,2025-12-22,completed,192.21,0.0,15.38,7.88,215.47,192.21,USD,2025-12-24 18:00:00
1982,174,121,2025-12-12,completed,253.87,0.0,20.31,4.0,278.18,253.87,USD,2025-12-14 09:00:00
1983,360,249,2025-11-30,completed,156.65,7.11,11.96,11.96,173.46,149.54,USD,2025-11-30 15:00:00
1984,211,376,2026-05-01,refunded,240.07,20.82,17.54,0.11,236.9,0.0,USD,2026-05-01 12:00:00
1985,85,423,2026-08-22,completed,172.49,0.0,13.8,11.87,198.16,172.49,USD,2026-08-23 00:00:00
1986,493,258,2025-05-25,pending,178.15,38.97,11.13,5.9,156.21,139.18,USD,2025-05-26 09:00:00
1987,100,585,2025-01-11,completed,348.17,0.0,27.85,0.08,376.1,348.17,USD,2025-01-11 21:00:00
1988,43,744,2026-01-26,completed,144.81,0.0,11.58,12.71,169.1,144.81,USD,2026-01-26 06:00:00
1989,191,374,2025-03-09,completed,260.84,19.81,19.28,6.7,267.01,241.03,USD,2025-03-10 11:00:00
1990,56,507,2025-09-17,pending,50.49,10.82,3.17,10.87,53.71,39.67,USD,2025-09-18 05:00:00
1991,297,154,2026-07-20,completed,187.51,0.0,15.0,13.18,215.69,187.51,USD,2026-07-20 21:00:00
1992,218,148,2026-02-07,completed,404.91,10.41,31.56,0.51,426.57,394.5,USD,2026-02-09 11:00:00
1993,464,59,2026-07-24,completed,633.35,47.83,46.84,3.93,636.29,585.52,USD,2026-07-24 20:00:00
1994,85,794,2025-01-20,completed,52.9,0.0,4.23,1.78,58.91,52.9,USD,2025-01-22 16:00:00
1995,135,242,2026-03-05,completed,126.21,15.57,8.85,1.47,120.96,110.64,USD,2026-03-05 00:00:00
1996,343,556,2025-07-09,completed,76.37,3.28,5.85,14.18,93.12,73.09,USD,2025-07-10 13:00:00
1997,349,500,2025-02-15,completed,148.97,11.64,10.99,12.08,160.4,137.33,USD,2025-02-17 20:00:00
1998,181,108,2025-07-06,completed,288.83,68.86,17.6,5.47,243.04,219.97,USD,2025-07-06 20:00:00
1999,461,134,2026-07-21,completed,356.14,0.0,28.49,10.31,394.94,356.14,USD,2026-07-22 23:00:00
2000,424,640,2025-09-12,completed,363.49,40.13,25.87,13.79,363.02,323.36,USD,2025-09-14 04:00:00
2001,306,637,2026-07-11,completed,48.58,0.0,3.89,3.31,55.78,48.58,USD,2026-07-12 00:00:00
2002,375,447,2025-03-11,completed,169.14,12.88,12.5,0.21,168.97,156.26,USD,2025-03-12 22:00:00
2003,268,276,2026-02-03,completed,104.3,21.24,6.64,12.36,102.06,83.06,USD,2026-02-04 22:00:00
2004,236,321,2025-09-23,completed,142.81,28.07,9.18,10.84,134.76,114.74,USD,2025-09-24 09:00:00
2005,273,633,2025-07-01,completed,115.85,0.0,9.27,2.4,127.52,115.85,USD,2025-07-02 03:00:00
2006,423,158,2025-11-25,completed,50.93,0.0,4.07,7.34,62.34,50.93,USD,2025-11-26 10:00:00
2007,9,71,2026-01-08,pending,358.36,34.07,25.94,2.41,352.64,324.29,USD,2026-01-08 10:00:00
2008,51,223,2025-01-17,refunded,92.46,0.0,7.4,9.04,108.9,0.0,USD,2025-01-18 11:00:00
2009,238,152,2026-02-01,cancelled,105.83,0.0,8.47,9.71,124.01,105.83,USD,2026-02-01 23:00:00
2010,291,134,2025-07-02,completed,406.44,0.0,32.52,4.15,443.11,406.44,USD,2025-07-03 00:00:00
2011,90,372,2026-05-03,completed,42.89,9.17,2.7,11.71,48.13,33.72,USD,2026-05-03 17:00:00
2012,303,643,2025-04-18,pending,220.26,0.0,17.62,7.1,244.98,220.26,USD,2025-04-19 13:00:00
2013,13,554,2025-06-23,pending,315.13,59.59,20.44,10.6,286.58,255.54,USD,2025-06-23 00:00:00
2014,124,219,2026-08-14,refunded,386.25,0.0,30.9,9.6,426.75,0.0,USD,2026-08-14 04:00:00
2015,230,340,2025-05-30,cancelled,210.28,42.87,13.39,6.76,187.56,167.41,USD,2025-05-30 15:00:00
2016,25,376,2025-03-21,pending,263.98,0.0,21.12,4.39,289.49,263.98,USD,2025-03-22 17:00:00
2017,317,312,2025-12-01,completed,315.02,0.0,25.2,3.06,343.28,315.02,USD,2025-12-01 18:00:00
2018,268,775,2026-01-16,completed,150.64,0.0,12.05,11.19,173.88,150.64,USD,2026-01-17 11:00:00
2019,283,760,2025-12-10,completed,82.26,0.0,6.58,9.63,98.47,82.26,USD,2025-12-10 10:00:00
2020,257,796,2025-09-01,completed,425.82,62.57,29.06,4.21,396.52,363.25,USD,2025-09-02 06:00:00
2021,346,336,2025-03-07,completed,245.67,54.36,15.3,14.51,221.12,191.31,USD,2025-03-08 08:00:00
2022,327,634,2025-06-24,completed,169.0,20.02,11.92,12.16,173.06,148.98,USD,2025-06-24 23:00:00
2023,331,589,2025-02-04,completed,53.4,2.38,4.08,1.9,57.0,51.02,USD,2025-02-04 03:00:00
2024,107,640,2026-06-03,pending,18.36,0.98,1.39,2.44,21.21,17.38,USD,2026-06-04 20:00:00
2025,344,130,2025-06-07,completed,217.39,45.98,13.71,8.16,193.28,171.41,USD,2025-06-07 14:00:00
2026,90,756,2026-02-08,completed,16.96,0.04,1.35,1.54,19.81,16.92,USD,2026-02-09 10:00:00
2027,11,751,2025-06-07,completed,167.71,0.0,13.42,14.47,195.6,167.71,USD,2025-06-09 03:00:00
2028,489,638,2026-01-12,completed,95.9,0.0,7.67,9.57,113.14,95.9,USD,2026-01-12 07:00:00
2029,90,459,2025-02-25,completed,115.63,11.32,8.34,0.99,113.64,104.31,USD,2025-02-27 00:00:00
2030,57,361,2025-02-26,completed,366.0,73.22,23.42,6.65,322.85,292.78,USD,2025-02-27 02:00:00
2031,152,199,2025-07-11,pending,96.63,9.85,6.94,3.33,97.05,86.78,USD,2025-07-12 12:00:00
2032,500,49,2025-06-07,completed,173.66,0.0,13.89,7.36,194.91,173.66,USD,2025-06-07 05:00:00
2033,433,770,2025-07-15,completed,97.04,2.43,7.57,3.71,105.89,94.61,USD,2025-07-16 11:00:00
2034,360,167,2025-06-17,completed,203.94,0.0,16.32,12.48,232.74,203.94,USD,2025-06-18 03:00:00
2035,95,274,2026-02-26,completed,184.71,0.0,14.78,10.82,210.31,184.71,USD,2026-02-26 12:00:00
2036,315,356,2025-09-21,completed,167.79,37.37,10.43,13.6,154.45,130.42,USD,2025-09-22 14:00:00
2037,417,542,2025-04-04,completed,315.77,7.39,24.67,2.97,336.02,308.38,USD,2025-04-05 22:00:00
2038,170,213,2026-07-14,completed,42.99,0.0,3.44,5.78,52.21,42.99,USD,2026-07-15 04:00:00
2039,130,173,2026-01-21,pending,32.56,0.0,2.6,12.08,47.24,32.56,USD,2026-01-22 21:00:00
2040,434,264,2025-09-03,completed,62.46,15.3,3.77,5.61,56.54,47.16,USD,2025-09-04 00:00:00
2041,66,264,2025-11-06,completed,185.36,0.0,14.83,5.69,205.88,185.36,USD,2025-11-08 11:00:00
2042,456,48,2025-07-19,refunded,227.88,0.0,18.23,14.79,260.9,0.0,USD,2025-07-19 20:00:00
2043,240,313,2025-08-27,completed,6.54,0.85,0.46,11.56,17.71,5.69,USD,2025-08-29 09:00:00
2044,361,442,2025-02-13,refunded,225.88,31.87,15.52,12.91,222.44,0.0,USD,2025-02-14 03:00:00
2045,187,358,2026-05-20,completed,128.56,0.0,10.28,6.1,144.94,128.56,USD,2026-05-21 16:00:00
2046,355,282,2025-08-22,completed,432.76,0.0,34.62,8.79,476.17,432.76,USD,2025-08-22 04:00:00
2047,463,734,2026-02-27,completed,214.9,43.1,13.74,6.76,192.3,171.8,USD,2026-02-27 05:00:00
2048,247,208,2025-02-01,completed,401.37,0.0,32.11,6.75,440.23,401.37,USD,2025-02-03 23:00:00
2049,107,675,2025-02-25,refunded,354.42,0.0,28.35,1.92,384.69,0.0,USD,2025-02-25 00:00:00
2050,39,489,2025-08-10,completed,128.61,0.0,10.29,12.63,151.53,128.61,USD,2025-08-11 15:00:00
2051,463,522,2025-01-24,refunded,289.65,0.0,23.17,5.86,318.68,0.0,USD,2025-01-25 08:00:00
2052,500,222,2026-08-11,completed,128.4,31.33,7.77,8.73,113.57,97.07,USD,2026-08-12 21:00:00
2053,326,773,2025-01-24,completed,466.95,0.0,37.36,12.86,517.17,466.95,USD,2025-01-24 00:00:00
2054,8,382,2025-12-04,pending,137.65,6.07,10.53,11.6,153.71,131.58,USD,2025-12-04 13:00:00
2055,443,406,2025-08-02,cancelled,235.22,0.0,18.82,2.97,257.01,235.22,USD,2025-08-03 00:00:00
2056,248,198,2025-05-07,completed,522.34,84.33,35.04,9.28,482.33,438.01,USD,2025-05-09 18:00:00
2057,117,383,2025-03-27,completed,242.18,0.0,19.37,7.44,268.99,242.18,USD,2025-03-28 01:00:00
2058,184,545,2025-07-01,refunded,118.61,24.08,7.56,3.9,105.99,0.0,USD,2025-07-02 17:00:00
2059,471,750,2025-02-01,completed,56.21,0.69,4.44,0.61,60.57,55.52,USD,2025-02-02 17:00:00
2060,389,684,2025-12-13,completed,43.37,0.0,3.47,9.45,56.29,43.37,USD,2025-12-14 05:00:00
2061,299,126,2025-05-23,completed,225.12,0.0,18.01,11.7,254.83,225.12,USD,2025-05-25 11:00:00
2062,368,66,2025-01-12,pending,155.95,34.63,9.71,14.13,145.16,121.32,USD,2025-01-14 03:00:00
2063,424,763,2025-03-11,completed,63.46,2.76,4.86,5.32,70.88,60.7,USD,2025-03-12 07:00:00
2064,315,656,2026-07-01,completed,269.53,42.11,18.19,5.99,251.6,227.42,USD,2026-07-01 21:00:00
2065,157,122,2025-05-26,pending,267.08,0.0,21.37,2.45,290.9,267.08,USD,2025-05-26 20:00:00
2066,38,682,2025-12-17,completed,153.95,0.0,12.32,14.77,181.04,153.95,USD,2025-12-19 19:00:00
2067,62,610,2025-09-06,pending,412.6,0.0,33.01,12.74,458.35,412.6,USD,2025-09-06 09:00:00
2068,119,772,2025-10-26,completed,35.82,6.41,2.35,14.36,46.12,29.41,USD,2025-10-26 12:00:00
2069,385,129,2026-06-03,completed,122.09,0.0,9.77,7.43,139.29,122.09,USD,2026-06-03 18:00:00
2070,48,663,2026-03-11,completed,241.31,0.0,19.3,3.15,263.76,241.31,USD,2026-03-13 11:00:00
2071,64,293,2025-12-01,completed,70.08,6.43,5.09,8.6,77.34,63.65,USD,2025-12-03 01:00:00
2072,490,442,2025-05-02,completed,287.21,0.0,22.98,5.58,315.77,287.21,USD,2025-05-04 21:00:00
2073,201,207,2026-05-31,completed,343.36,27.91,25.24,5.22,345.91,315.45,USD,2026-06-02 03:00:00
2074,64,57,2025-01-14,completed,11.39,0.0,0.91,1.24,13.54,11.39,USD,2025-01-15 11:00:00
2075,437,558,2025-12-05,completed,421.46,33.5,31.04,1.1,420.1,387.96,USD,2025-12-05 02:00:00
2076,484,60,2026-01-09,completed,231.6,0.0,18.53,5.68,255.81,231.6,USD,2026-01-11 15:00:00
2077,253,373,2026-07-29,pending,111.33,4.08,8.58,13.89,129.72,107.25,USD,2026-07-31 00:00:00
2078,57,158,2025-04-08,completed,47.07,0.0,3.77,10.85,61.69,47.07,USD,2025-04-08 05:00:00
2079,314,736,2025-06-25,completed,312.59,0.0,25.01,11.41,349.01,312.59,USD,2025-06-27 21:00:00
2080,432,358,2025-01-08,completed,60.56,0.0,4.84,3.51,68.91,60.56,USD,2025-01-09 20:00:00
2081,483,149,2025-05-30,completed,231.31,18.54,17.02,11.02,240.81,212.77,USD,2025-05-31 20:00:00
2082,288,765,2026-07-18,completed,62.83,0.0,5.03,6.09,73.95,62.83,USD,2026-07-19 01:00:00
2083,473,551,2025-01-06,pending,165.01,0.0,13.2,0.89,179.1,165.01,USD,2025-01-06 23:00:00
2084,416,141,2026-04-24,completed,303.58,60.37,19.46,5.92,268.59,243.21,USD,2026-04-25 02:00:00
2085,81,284,2026-07-22,completed,112.49,0.0,9.0,1.97,123.46,112.49,USD,2026-07-22 03:00:00
2086,318,432,2025-03-11,pending,419.64,0.0,33.57,12.81,466.02,419.64,USD,2025-03-12 08:00:00
2087,333,623,2025-08-07,completed,245.08,0.0,19.61,12.6,277.29,245.08,USD,2025-08-07 04:00:00
2088,385,799,2026-06-29,completed,70.28,0.0,5.62,4.31,80.21,70.28,USD,2026-06-30 18:00:00
2089,266,673,2026-03-14,pending,50.69,0.0,4.06,9.18,63.93,50.69,USD,2026-03-14 14:00:00
2090,366,12,2025-02-11,completed,87.7,0.0,7.02,5.46,100.18,87.7,USD,2025-02-12 20:00:00
2091,293,381,2026-06-10,completed,159.36,0.0,12.75,2.31,174.42,159.36,USD,2026-06-11 02:00:00
2092,131,38,2026-05-03,completed,445.19,0.0,35.62,9.74,490.55,445.19,USD,2026-05-03 20:00:00
2093,243,242,2025-07-09,refunded,499.38,92.86,32.52,11.4,450.44,0.0,USD,2025-07-09 10:00:00
2094,468,216,2025-09-09,cancelled,109.15,0.67,8.68,11.62,128.78,108.48,USD,2025-09-10 03:00:00
2095,422,213,2025-07-05,completed,106.47,0.0,8.52,2.24,117.23,106.47,USD,2025-07-05 04:00:00
2096,322,181,2025-11-11,completed,273.0,0.0,21.84,7.69,302.53,273.0,USD,2025-11-11 17:00:00
2097,161,321,2026-04-19,completed,271.52,31.27,19.22,0.36,259.83,240.25,USD,2026-04-20 09:00:00
2098,102,399,2026-02-10,completed,377.41,0.0,30.19,1.35,408.95,377.41,USD,2026-02-11 21:00:00
2099,143,764,2026-08-11,refunded,383.91,44.57,27.15,1.22,367.71,0.0,USD,2026-08-12 09:00:00
2100,154,337,2025-03-01,completed,82.68,0.0,6.61,0.86,90.15,82.68,USD,2025-03-01 07:00:00
2101,481,19,2026-07-15,cancelled,41.51,0.0,3.32,5.01,49.84,41.51,USD,2026-07-17 03:00:00
2102,267,467,2026-07-06,completed,247.51,0.0,19.8,5.37,272.68,247.51,USD,2026-07-07 06:00:00
2103,196,241,2025-08-20,completed,192.4,47.64,11.58,10.47,166.81,144.76,USD,2025-08-21 21:00:00
2104,441,118,2025-03-29,completed,22.69,0.0,1.82,4.95,29.46,22.69,USD,2025-03-31 22:00:00
2105,185,537,2025-05-17,completed,40.53,0.0,3.24,2.11,45.88,40.53,USD,2025-05-17 03:00:00
2106,399,549,2026-07-26,completed,239.46,0.0,19.16,14.2,272.82,239.46,USD,2026-07-28 23:00:00
2107,321,280,2025-01-06,completed,149.2,2.44,11.74,13.13,171.63,146.76,USD,2025-01-08 20:00:00
2108,152,172,2025-02-25,refunded,243.18,0.0,19.45,1.86,264.49,0.0,USD,2025-02-26 13:00:00
2109,481,393,2025-02-13,completed,66.14,7.3,4.71,5.44,68.99,58.84,USD,2025-02-13 01:00:00
2110,345,362,2025-04-15,completed,255.23,0.0,20.42,2.52,278.17,255.23,USD,2025-04-15 17:00:00
2111,495,776,2026-04-25,completed,209.37,0.0,16.75,14.39,240.51,209.37,USD,2026-04-25 16:00:00
2112,1,27,2025-02-04,completed,267.99,0.0,21.44,5.34,294.77,267.99,USD,2025-02-05 18:00:00
2113,141,144,2026-08-09,completed,115.36,4.18,8.89,1.47,121.54,111.18,USD,2026-08-11 01:00:00
2114,167,639,2025-08-30,completed,96.61,0.0,7.73,10.9,115.24,96.61,USD,2025-08-31 11:00:00
2115,338,759,2025-11-19,completed,47.0,0.0,3.76,10.68,61.44,47.0,USD,2025-11-20 01:00:00
2116,420,502,2025-12-25,completed,130.73,18.51,8.98,3.62,124.82,112.22,USD,2025-12-25 03:00:00
2117,61,253,2026-05-08,completed,333.84,0.0,26.71,4.82,365.37,333.84,USD,2026-05-10 19:00:00
2118,76,168,2026-01-15,completed,394.97,0.0,31.6,6.23,432.8,394.97,USD,2026-01-17 23:00:00
2119,338,676,2025-02-06,cancelled,61.04,0.0,4.88,4.02,69.94,61.04,USD,2025-02-06 02:00:00
2120,177,482,2026-05-18,completed,159.27,16.76,11.4,4.33,158.24,142.51,USD,2026-05-18 23:00:00
2121,350,327,2025-02-23,refunded,449.46,0.0,35.96,12.02,497.44,0.0,USD,2025-02-25 22:00:00
2122,1,350,2025-11-17,completed,488.63,7.15,38.52,11.28,531.28,481.48,USD,2025-11-18 04:00:00
2123,262,119,2026-06-10,completed,126.69,25.19,8.12,10.39,120.01,101.5,USD,2026-06-11 20:00:00
2124,12,662,2025-11-06,completed,353.26,0.0,28.26,10.3,391.82,353.26,USD,2025-11-07 12:00:00
2125,476,39,2025-09-12,completed,314.77,0.0,25.18,7.83,347.78,314.77,USD,2025-09-13 21:00:00
2126,74,787,2025-07-17,pending,297.96,42.04,20.47,5.26,281.65,255.92,USD,2025-07-19 15:00:00
2127,89,135,2026-04-22,completed,34.9,0.49,2.75,10.81,47.97,34.41,USD,2026-04-23 03:00:00
2128,51,100,2026-01-31,completed,104.01,6.49,7.8,1.75,107.07,97.52,USD,2026-02-02 09:00:00
2129,111,58,2026-05-08,completed,146.81,0.0,11.74,2.12,160.67,146.81,USD,2026-05-09 08:00:00
2130,245,393,2026-07-06,completed,143.68,14.81,10.31,1.89,141.07,128.87,USD,2026-07-06 14:00:00
2131,309,46,2025-12-26,refunded,158.02,22.14,10.87,10.99,157.74,0.0,USD,2025-12-26 05:00:00
2132,451,207,2025-08-04,completed,522.87,123.51,31.95,8.87,440.18,399.36,USD,2025-08-06 03:00:00
2133,439,640,2025-12-27,completed,130.04,0.0,10.4,6.75,147.19,130.04,USD,2025-12-28 19:00:00
2134,43,600,2025-08-05,completed,216.19,24.3,15.35,7.14,214.38,191.89,USD,2025-08-07 14:00:00
2135,214,275,2025-05-05,pending,210.88,19.05,15.35,12.41,219.59,191.83,USD,2025-05-05 16:00:00
2136,435,28,2025-07-28,completed,159.48,4.24,12.42,1.83,169.49,155.24,USD,2025-07-30 03:00:00
2137,83,127,2025-10-18,pending,64.61,15.36,3.94,5.75,58.94,49.25,USD,2025-10-18 01:00:00
2138,335,436,2025-05-19,completed,175.39,42.16,10.66,11.4,155.29,133.23,USD,2025-05-19 10:00:00
2139,214,374,2025-07-11,pending,22.19,0.0,1.78,9.87,33.84,22.19,USD,2025-07-12 18:00:00
2140,85,686,2025-12-10,completed,231.33,0.0,18.51,6.53,256.37,231.33,USD,2025-12-11 14:00:00
2141,31,387,2025-03-23,completed,17.94,0.0,1.44,3.37,22.75,17.94,USD,2025-03-24 18:00:00
2142,145,312,2025-03-06,refunded,217.22,53.27,13.12,14.2,191.27,0.0,USD,2025-03-08 12:00:00
2143,1,501,2026-04-16,completed,99.62,0.0,7.97,6.12,113.71,99.62,USD,2026-04-18 12:00:00
2144,98,671,2026-05-22,completed,72.82,3.9,5.51,13.17,87.6,68.92,USD,2026-05-22 14:00:00
2145,275,654,2025-07-10,completed,275.85,41.35,18.76,11.67,264.93,234.5,USD,2025-07-10 14:00:00
2146,395,118,2025-03-25,cancelled,118.68,23.69,7.6,12.92,115.51,94.99,USD,2025-03-26 14:00:00
2147,253,335,2025-10-08,completed,168.89,13.48,12.43,0.25,168.09,155.41,USD,2025-10-10 20:00:00
2148,363,735,2025-04-16,completed,36.19,3.2,2.64,7.16,42.79,32.99,USD,2025-04-18 00:00:00
2149,38,647,2026-06-17,refunded,413.94,0.0,33.12,3.89,450.95,0.0,USD,2026-06-17 10:00:00
2150,153,634,2025-02-11,completed,181.02,0.0,14.48,4.11,199.61,181.02,USD,2025-02-12 21:00:00
2151,330,93,2025-11-02,completed,180.7,0.0,14.46,4.05,199.21,180.7,USD,2025-11-03 00:00:00
2152,28,313,2025-08-20,completed,234.81,14.66,17.61,5.84,243.6,220.15,USD,2025-08-20 07:00:00
2153,292,666,2025-10-11,completed,9.35,0.0,0.75,6.16,16.26,9.35,USD,2025-10-13 03:00:00
2154,85,105,2026-04-05,completed,440.89,0.0,35.27,9.51,485.67,440.89,USD,2026-04-05 19:00:00
2155,210,575,2025-06-08,completed,126.4,16.03,8.83,4.51,123.71,110.37,USD,2025-06-10 07:00:00
2156,315,417,2026-07-07,completed,424.13,0.0,33.93,4.09,462.15,424.13,USD,2026-07-08 15:00:00
2157,494,583,2026-08-17,completed,122.99,5.97,9.36,5.41,131.79,117.02,USD,2026-08-18 08:00:00
2158,46,537,2025-09-21,cancelled,102.04,0.0,8.16,10.3,120.5,102.04,USD,2025-09-21 15:00:00
2159,276,76,2025-08-23,completed,223.91,6.07,17.43,0.0,235.27,217.84,USD,2025-08-23 21:00:00
2160,269,104,2025-05-23,completed,590.05,0.0,47.2,11.2,648.45,590.05,USD,2025-05-24 00:00:00
2161,32,270,2026-05-09,completed,353.02,35.36,25.41,5.08,348.15,317.66,USD,2026-05-11 01:00:00
2162,307,747,2026-03-17,completed,241.2,40.48,16.06,8.64,225.42,200.72,USD,2026-03-18 05:00:00
2163,38,750,2025-10-01,cancelled,221.47,0.0,17.72,11.42,250.61,221.47,USD,2025-10-01 02:00:00
2164,344,611,2026-02-22,completed,174.21,0.0,13.94,7.66,195.81,174.21,USD,2026-02-22 00:00:00
2165,104,192,2025-08-12,completed,411.87,5.72,32.49,9.71,448.35,406.15,USD,2025-08-12 19:00:00
2166,63,762,2026-02-18,completed,280.59,0.0,22.45,13.8,316.84,280.59,USD,2026-02-19 12:00:00
2167,36,574,2026-05-13,completed,46.01,3.09,3.43,0.45,46.8,42.92,USD,2026-05-13 23:00:00
2168,230,240,2025-09-27,completed,73.21,0.0,5.86,5.24,84.31,73.21,USD,2025-09-29 23:00:00
2169,119,569,2026-02-09,completed,246.92,34.72,16.98,13.9,243.08,212.2,USD,2026-02-09 16:00:00
2170,232,347,2025-12-10,completed,62.33,0.0,4.99,12.56,79.88,62.33,USD,2025-12-11 05:00:00
2171,448,383,2025-02-13,completed,180.28,20.7,12.77,9.25,181.6,159.58,USD,2025-02-14 04:00:00
2172,418,193,2025-02-07,completed,296.42,59.46,18.96,3.44,259.36,236.96,USD,2025-02-07 19:00:00
2173,376,515,2025-06-09,completed,225.02,0.0,18.0,4.96,247.98,225.02,USD,2025-06-11 15:00:00
2174,235,220,2025-06-01,pending,53.69,0.0,4.3,12.87,70.86,53.69,USD,2025-06-01 18:00:00
2175,57,739,2025-04-26,completed,76.88,18.79,4.65,10.47,73.21,58.09,USD,2025-04-26 00:00:00
2176,204,117,2026-07-17,cancelled,229.94,26.66,16.26,4.28,223.82,203.28,USD,2026-07-18 13:00:00
2177,11,202,2026-01-03,completed,549.36,5.41,43.52,1.98,589.45,543.95,USD,2026-01-04 21:00:00
2178,62,101,2025-01-26,completed,153.74,31.49,9.78,11.71,143.74,122.25,USD,2025-01-27 08:00:00
2179,151,193,2026-07-03,completed,303.29,16.78,22.92,8.64,318.07,286.51,USD,2026-07-04 06:00:00
2180,348,537,2025-07-03,completed,226.39,9.97,17.31,14.45,248.18,216.42,USD,2025-07-05 14:00:00
2181,395,757,2026-08-23,completed,98.77,1.73,7.76,6.1,110.9,97.04,USD,2026-08-24 02:00:00
2182,310,126,2025-05-18,completed,305.61,0.0,24.45,5.24,335.3,305.61,USD,2025-05-19 22:00:00
2183,129,179,2025-02-21,completed,35.02,0.0,2.8,4.36,42.18,35.02,USD,2025-02-23 12:00:00
2184,359,107,2025-03-21,completed,290.9,22.02,21.51,7.23,297.62,268.88,USD,2025-03-22 04:00:00
2185,499,647,2025-08-23,completed,236.05,35.01,16.08,4.84,221.96,201.04,USD,2025-08-24 14:00:00
2186,329,428,2026-07-16,pending,106.63,0.0,8.53,1.1,116.26,106.63,USD,2026-07-17 03:00:00
2187,381,292,2025-12-02,completed,67.51,0.0,5.4,4.68,77.59,67.51,USD,2025-12-03 20:00:00
2188,438,564,2025-03-18,completed,114.42,2.69,8.94,3.28,123.95,111.73,USD,2025-03-19 15:00:00
2189,358,68,2025-07-12,pending,92.64,3.48,7.13,12.23,108.52,89.16,USD,2025-07-14 13:00:00
2190,439,623,2025-10-25,completed,135.54,0.0,10.84,3.53,149.91,135.54,USD,2025-10-25 18:00:00
2191,149,76,2025-11-27,completed,124.04,3.04,9.68,6.88,137.56,121.0,USD,2025-11-27 11:00:00
2192,154,465,2026-05-25,completed,106.58,0.0,8.53,10.09,125.2,106.58,USD,2026-05-26 06:00:00
2193,88,26,2025-01-28,completed,33.49,0.0,2.68,2.24,38.41,33.49,USD,2025-01-29 20:00:00
2194,92,162,2025-01-03,completed,59.0,11.51,3.8,7.97,59.26,47.49,USD,2025-01-03 20:00:00
2195,277,500,2026-03-14,cancelled,338.12,0.0,27.05,12.71,377.88,338.12,USD,2026-03-16 23:00:00
2196,464,459,2025-03-07,completed,109.12,18.22,7.27,8.76,106.93,90.9,USD,2025-03-08 13:00:00
2197,111,359,2026-02-19,completed,137.55,0.0,11.0,7.24,155.79,137.55,USD,2026-02-21 10:00:00
2198,357,501,2025-07-27,completed,118.82,25.53,7.46,12.58,113.33,93.29,USD,2025-07-28 15:00:00
2199,39,670,2025-08-24,refunded,417.99,0.0,33.44,14.21,465.64,0.0,USD,2025-08-25 04:00:00
2200,486,207,2025-03-31,completed,90.8,17.03,5.9,12.31,91.98,73.77,USD,2025-04-02 12:00:00
2201,263,778,2026-04-15,completed,85.4,16.06,5.55,6.13,81.02,69.34,USD,2026-04-15 11:00:00
2202,249,116,2025-04-21,completed,239.67,0.0,19.17,9.18,268.02,239.67,USD,2025-04-21 18:00:00
2203,180,783,2025-01-05,completed,190.47,29.58,12.87,7.9,181.66,160.89,USD,2025-01-07 07:00:00
2204,482,741,2025-12-25,completed,244.27,0.0,19.54,4.55,268.36,244.27,USD,2025-12-27 17:00:00
2205,210,343,2025-04-03,cancelled,233.81,0.0,18.7,6.53,259.04,233.81,USD,2025-04-03 20:00:00
2206,62,77,2025-04-14,completed,310.88,35.11,22.06,12.44,310.27,275.77,USD,2025-04-15 14:00:00
2207,282,326,2025-05-13,completed,52.32,5.7,3.73,4.51,54.86,46.62,USD,2025-05-14 11:00:00
2208,296,222,2026-01-23,completed,224.17,43.35,14.47,13.34,208.63,180.82,USD,2026-01-25 04:00:00
2209,374,464,2026-04-02,completed,85.88,0.01,6.87,14.87,107.61,85.87,USD,2026-04-03 11:00:00
2210,249,186,2026-07-10,completed,23.5,0.0,1.88,4.6,29.98,23.5,USD,2026-07-11 20:00:00
2211,140,55,2026-08-20,completed,232.71,0.0,18.62,1.84,253.17,232.71,USD,2026-08-22 00:00:00
2212,2,714,2025-05-20,completed,223.52,0.0,17.88,14.36,255.76,223.52,USD,2025-05-22 11:00:00
2213,494,694,2025-05-11,completed,164.0,0.0,13.12,2.57,179.69,164.0,USD,2025-05-11 09:00:00
2214,97,402,2025-05-09,completed,314.5,39.4,22.01,11.57,308.68,275.1,USD,2025-05-10 23:00:00
2215,176,682,2025-04-24,completed,86.47,0.0,6.92,0.59,93.98,86.47,USD,2025-04-24 13:00:00
2216,77,766,2025-01-07,completed,259.12,20.41,19.1,3.53,261.34,238.71,USD,2025-01-07 00:00:00
2217,118,737,2025-12-23,completed,147.04,0.0,11.76,3.9,162.7,147.04,USD,2025-12-25 03:00:00
2218,31,663,2025-01-09,completed,155.61,0.0,12.45,4.46,172.52,155.61,USD,2025-01-10 04:00:00
2219,171,36,2025-01-24,completed,27.67,0.91,2.14,13.79,42.69,26.76,USD,2025-01-26 03:00:00
2220,475,604,2025-08-29,completed,316.63,0.0,25.33,2.63,344.59,316.63,USD,2025-08-31 19:00:00
2221,112,735,2026-05-07,completed,217.57,35.63,14.56,2.6,199.1,181.94,USD,2026-05-07 09:00:00
2222,483,142,2025-10-24,completed,252.44,55.82,15.73,10.38,222.73,196.62,USD,2025-10-25 08:00:00
2223,317,54,2025-08-30,pending,76.64,4.98,5.73,14.28,91.67,71.66,USD,2025-08-30 07:00:00
2224,446,276,2025-04-21,completed,200.35,25.35,14.0,5.84,194.84,175.0,USD,2025-04-23 11:00:00
2225,311,659,2026-02-17,completed,146.81,1.43,11.63,11.6,168.61,145.38,USD,2026-02-19 23:00:00
2226,495,657,2025-07-16,completed,225.52,0.0,18.04,0.47,244.03,225.52,USD,2025-07-18 14:00:00
2227,276,468,2026-08-28,completed,193.92,32.74,12.89,12.36,186.43,161.18,USD,2026-08-30 23:00:00
2228,416,787,2025-03-27,completed,470.64,0.0,37.65,10.85,519.14,470.64,USD,2025-03-27 23:00:00
2229,19,131,2026-04-22,completed,379.97,0.0,30.4,13.45,423.82,379.97,USD,2026-04-22 20:00:00
2230,467,703,2026-02-18,completed,134.48,9.56,9.99,9.56,144.47,124.92,USD,2026-02-20 13:00:00
2231,10,697,2025-08-11,completed,232.53,35.1,15.79,14.12,227.34,197.43,USD,2025-08-12 22:00:00
2232,99,759,2025-08-27,completed,126.06,25.24,8.07,5.85,114.74,100.82,USD,2025-08-28 03:00:00
2233,370,234,2026-08-07,completed,308.98,6.97,24.16,10.99,337.16,302.01,USD,2026-08-07 15:00:00
2234,129,514,2026-03-22,completed,151.45,36.3,9.21,10.88,135.24,115.15,USD,2026-03-22 01:00:00
2235,21,221,2025-01-27,completed,112.99,25.19,7.02,4.03,98.85,87.8,USD,2025-01-27 02:00:00
2236,432,387,2025-12-01,completed,198.4,0.0,15.87,13.81,228.08,198.4,USD,2025-12-03 01:00:00
2237,257,769,2026-03-26,completed,361.1,0.0,28.89,11.69,401.68,361.1,USD,2026-03-26 18:00:00
2238,240,412,2025-08-18,completed,324.82,0.0,25.99,13.0,363.81,324.82,USD,2025-08-20 11:00:00
2239,159,616,2026-02-24,completed,118.16,17.18,8.08,5.44,114.5,100.98,USD,2026-02-26 12:00:00
2240,359,367,2026-01-16,completed,444.49,0.0,35.56,12.62,492.67,444.49,USD,2026-01-17 08:00:00
2241,158,1,2025-07-19,completed,80.62,0.0,6.45,4.72,91.79,80.62,USD,2025-07-19 21:00:00
2242,281,124,2025-01-05,refunded,102.44,0.0,8.2,14.47,125.11,0.0,USD,2025-01-05 12:00:00
2243,66,538,2025-01-22,completed,300.45,65.11,18.83,0.36,254.53,235.34,USD,2025-01-22 18:00:00
2244,153,245,2026-02-24,pending,23.69,0.0,1.9,9.29,34.88,23.69,USD,2026-02-25 20:00:00
2245,15,250,2026-04-16,completed,169.23,0.0,13.54,1.68,184.45,169.23,USD,2026-04-18 06:00:00
2246,143,73,2025-08-14,completed,134.05,0.0,10.72,10.78,155.55,134.05,USD,2025-08-16 05:00:00
2247,191,657,2025-10-16,completed,461.09,0.0,36.89,5.46,503.44,461.09,USD,2025-10-18 21:00:00
2248,375,71,2025-11-08,completed,68.58,0.0,5.49,13.06,87.13,68.58,USD,2025-11-09 23:00:00
2249,412,430,2026-06-21,completed,75.42,3.73,5.74,13.09,90.52,71.69,USD,2026-06-22 12:00:00
2250,267,250,2025-11-14,pending,501.65,0.0,40.13,5.52,547.3,501.65,USD,2025-11-15 01:00:00
2251,463,726,2025-12-13,completed,135.23,0.0,10.82,12.15,158.2,135.23,USD,2025-12-14 00:00:00
2252,180,533,2025-12-05,completed,352.03,82.83,21.54,10.22,300.96,269.2,USD,2025-12-06 02:00:00
2253,248,55,2025-03-21,completed,119.22,14.5,8.38,6.4,119.5,104.72,USD,2025-03-23 15:00:00
2254,309,491,2026-03-03,completed,99.12,0.0,7.93,5.15,112.2,99.12,USD,2026-03-04 15:00:00
2255,89,133,2026-07-06,completed,363.39,0.0,29.07,3.15,395.61,363.39,USD,2026-07-06 15:00:00
2256,210,448,2025-03-09,completed,579.29,2.74,46.12,0.95,623.62,576.55,USD,2025-03-09 13:00:00
2257,450,195,2025-02-13,completed,381.49,34.81,27.73,7.76,382.17,346.68,USD,2025-02-13 02:00:00
2258,238,600,2025-10-24,completed,113.36,0.0,9.07,8.1,130.53,113.36,USD,2025-10-26 12:00:00
2259,466,379,2026-04-10,pending,163.91,1.11,13.02,6.66,182.48,162.8,USD,2026-04-10 15:00:00
2260,339,339,2025-02-20,completed,78.35,0.0,6.27,14.26,98.88,78.35,USD,2025-02-20 07:00:00
2261,85,703,2026-03-28,completed,89.94,0.0,7.2,0.21,97.35,89.94,USD,2026-03-28 20:00:00
2262,229,354,2025-05-23,completed,86.21,0.0,6.9,12.75,105.86,86.21,USD,2025-05-24 11:00:00
2263,184,189,2025-04-22,completed,121.45,2.03,9.55,12.01,140.98,119.42,USD,2025-04-24 21:00:00
2264,475,415,2025-04-25,completed,183.28,0.0,14.66,11.38,209.32,183.28,USD,2025-04-27 13:00:00
2265,168,648,2025-11-16,completed,168.79,0.0,13.5,7.87,190.16,168.79,USD,2025-11-16 12:00:00
2266,243,54,2025-12-30,completed,272.4,0.0,21.79,2.86,297.05,272.4,USD,2025-12-31 14:00:00
2267,346,226,2025-10-08,completed,190.14,0.0,15.21,12.94,218.29,190.14,USD,2025-10-10 11:00:00
2268,481,466,2026-01-03,completed,255.32,0.0,20.43,11.17,286.92,255.32,USD,2026-01-05 06:00:00
2269,274,194,2026-05-04,completed,282.77,0.0,22.62,12.49,317.88,282.77,USD,2026-05-05 09:00:00
2270,424,601,2026-05-20,completed,114.94,28.06,6.95,3.54,97.37,86.88,USD,2026-05-20 17:00:00
2271,59,46,2026-03-19,completed,149.18,0.0,11.93,8.32,169.43,149.18,USD,2026-03-21 08:00:00
2272,446,211,2025-11-13,completed,961.75,0.0,76.94,6.24,1044.93,961.75,USD,2025-11-14 08:00:00
2273,104,471,2025-05-13,completed,107.63,25.48,6.57,9.6,98.32,82.15,USD,2025-05-13 17:00:00
2274,382,684,2026-03-29,completed,265.14,0.0,21.21,11.29,297.64,265.14,USD,2026-03-31 03:00:00
2275,268,283,2026-02-13,completed,55.77,0.0,4.46,2.61,62.84,55.77,USD,2026-02-15 15:00:00
2276,303,213,2026-06-24,completed,288.18,11.9,22.1,2.61,300.99,276.28,USD,2026-06-26 15:00:00
2277,47,742,2026-03-09,completed,94.03,22.01,5.76,0.65,78.43,72.02,USD,2026-03-11 19:00:00
2278,267,411,2025-03-23,completed,173.18,0.0,13.85,2.36,189.39,173.18,USD,2025-03-24 22:00:00
2279,44,163,2025-12-12,refunded,47.35,0.0,3.79,3.6,54.74,0.0,USD,2025-12-14 07:00:00
2280,276,700,2026-03-14,completed,160.86,0.0,12.87,1.09,174.82,160.86,USD,2026-03-14 17:00:00
2281,204,23,2026-08-29,completed,163.28,0.0,13.06,5.34,181.68,163.28,USD,2026-08-29 23:00:00
2282,101,591,2025-07-19,completed,145.06,3.33,11.34,10.13,163.2,141.73,USD,2025-07-19 10:00:00
2283,246,725,2026-06-07,completed,227.01,41.15,14.87,11.9,212.63,185.86,USD,2026-06-07 05:00:00
2284,108,461,2025-06-18,completed,343.53,0.0,27.48,5.19,376.2,343.53,USD,2025-06-20 12:00:00
2285,42,733,2025-08-17,completed,75.11,0.0,6.01,1.26,82.38,75.11,USD,2025-08-18 08:00:00
2286,18,499,2026-08-08,completed,147.71,0.0,11.82,11.39,170.92,147.71,USD,2026-08-09 15:00:00
2287,171,479,2025-04-10,completed,50.67,0.0,4.05,5.87,60.59,50.67,USD,2025-04-10 06:00:00
2288,373,88,2025-05-06,completed,30.51,0.0,2.44,3.77,36.72,30.51,USD,2025-05-06 13:00:00
2289,289,143,2026-05-23,completed,188.41,0.0,15.07,7.06,210.54,188.41,USD,2026-05-23 05:00:00
2290,63,560,2026-07-10,completed,70.18,17.2,4.24,14.55,71.77,52.98,USD,2026-07-11 10:00:00
2291,222,546,2025-03-05,completed,167.64,5.15,13.0,5.59,181.08,162.49,USD,2025-03-06 17:00:00
2292,292,490,2026-05-15,completed,193.79,9.73,14.72,14.39,213.17,184.06,USD,2026-05-15 09:00:00
2293,117,168,2025-12-24,completed,36.47,7.38,2.33,3.8,35.22,29.09,USD,2025-12-26 03:00:00
2294,69,68,2026-06-18,completed,214.75,13.25,16.12,1.58,219.2,201.5,USD,2026-06-18 07:00:00
2295,125,69,2025-10-29,completed,332.81,18.5,25.14,2.36,341.81,314.31,USD,2025-10-31 12:00:00
2296,34,100,2025-12-22,completed,249.03,0.0,19.92,11.61,280.56,249.03,USD,2025-12-24 18:00:00
2297,122,175,2025-05-21,completed,76.67,0.0,6.13,8.06,90.86,76.67,USD,2025-05-22 22:00:00
2298,267,777,2025-12-21,completed,160.01,0.0,12.8,8.73,181.54,160.01,USD,2025-12-22 15:00:00
2299,401,624,2025-09-11,completed,173.22,27.64,11.65,14.52,171.75,145.58,USD,2025-09-13 04:00:00
2300,437,143,2025-09-02,completed,149.8,10.79,11.12,7.57,157.7,139.01,USD,2025-09-02 17:00:00
2301,337,246,2025-06-19,completed,53.2,0.0,4.26,1.76,59.22,53.2,USD,2025-06-21 18:00:00
2302,179,717,2025-09-01,completed,87.36,18.92,5.48,10.78,84.7,68.44,USD,2025-09-03 15:00:00
2303,467,360,2025-04-13,refunded,140.11,12.77,10.19,3.12,140.65,0.0,USD,2025-04-15 02:00:00
2304,460,221,2026-06-01,pending,191.87,35.33,12.52,8.72,177.78,156.54,USD,2026-06-03 23:00:00
2305,179,263,2025-09-03,pending,107.08,0.0,8.57,12.82,128.47,107.08,USD,2025-09-03 21:00:00
2306,6,317,2025-08-24,completed,26.87,0.0,2.15,7.16,36.18,26.87,USD,2025-08-26 15:00:00
2307,217,435,2026-08-18,completed,112.37,0.0,8.99,4.71,126.07,112.37,USD,2026-08-18 02:00:00
2308,233,445,2025-10-23,cancelled,470.19,0.0,37.62,8.63,516.44,470.19,USD,2025-10-25 05:00:00
2309,339,426,2026-03-03,completed,215.77,24.54,15.3,1.9,208.43,191.23,USD,2026-03-03 20:00:00
2310,74,501,2026-08-28,completed,188.02,0.0,15.04,4.61,207.67,188.02,USD,2026-08-30 21:00:00
2311,273,238,2026-06-08,refunded,86.26,0.0,6.9,7.56,100.72,0.0,USD,2026-06-09 16:00:00
2312,158,399,2025-08-04,completed,116.47,0.0,9.32,3.81,129.6,116.47,USD,2025-08-04 14:00:00
2313,248,664,2025-11-20,completed,24.68,2.02,1.81,0.59,25.06,22.66,USD,2025-11-20 22:00:00
2314,12,279,2026-05-15,pending,81.43,0.0,6.51,8.78,96.72,81.43,USD,2026-05-17 15:00:00
2315,265,786,2025-10-31,pending,208.31,48.21,12.81,6.02,178.93,160.1,USD,2025-11-02 09:00:00
2316,18,399,2025-06-18,completed,189.01,0.0,15.12,5.86,209.99,189.01,USD,2025-06-19 01:00:00
2317,427,301,2025-11-17,completed,99.16,6.83,7.39,14.95,114.67,92.33,USD,2025-11-17 18:00:00
2318,357,561,2025-01-16,completed,149.7,0.0,11.98,1.68,163.36,149.7,USD,2025-01-16 02:00:00
2319,461,314,2026-06-19,completed,168.87,0.0,13.51,2.31,184.69,168.87,USD,2026-06-19 08:00:00
2320,328,318,2025-12-27,completed,103.49,6.87,7.73,13.14,117.49,96.62,USD,2025-12-27 02:00:00
2321,490,300,2025-06-05,completed,224.41,47.29,14.17,1.95,193.24,177.12,USD,2025-06-05 23:00:00
2322,105,437,2025-10-18,completed,186.58,31.85,12.38,13.76,180.87,154.73,USD,2025-10-18 13:00:00
2323,4,34,2025-01-20,completed,119.81,0.12,9.58,10.08,139.35,119.69,USD,2025-01-20 01:00:00
2324,451,304,2026-04-23,pending,56.6,0.0,4.53,7.92,69.05,56.6,USD,2026-04-25 08:00:00
2325,330,615,2025-11-19,refunded,113.18,6.56,8.53,4.18,119.33,0.0,USD,2025-11-21 15:00:00
2326,344,264,2025-01-03,completed,107.32,0.0,8.59,5.39,121.3,107.32,USD,2025-01-05 16:00:00
2327,146,432,2025-10-07,completed,98.98,15.33,6.69,12.39,102.73,83.65,USD,2025-10-09 12:00:00
2328,169,240,2025-02-12,completed,38.07,1.95,2.89,0.86,39.87,36.12,USD,2025-02-12 09:00:00
2329,340,754,2025-08-24,completed,391.74,88.11,24.29,11.53,339.45,303.63,USD,2025-08-24 11:00:00
2330,204,180,2026-06-06,completed,379.44,54.39,26.0,12.42,363.47,325.05,USD,2026-06-08 12:00:00
2331,39,622,2026-02-01,completed,145.76,7.62,11.05,10.59,159.78,138.14,USD,2026-02-01 01:00:00
2332,147,609,2025-10-19,completed,191.24,0.0,15.3,0.82,207.36,191.24,USD,2025-10-21 06:00:00
2333,193,325,2025-11-07,completed,221.74,0.0,17.74,11.14,250.62,221.74,USD,2025-11-07 09:00:00
2334,416,788,2025-11-04,pending,147.48,6.1,11.31,10.85,163.54,141.38,USD,2025-11-04 03:00:00
2335,172,790,2025-03-01,pending,200.82,25.97,13.99,0.2,189.04,174.85,USD,2025-03-03 08:00:00
2336,247,24,2025-05-17,refunded,243.51,0.0,19.48,13.38,276.37,0.0,USD,2025-05-19 04:00:00
2337,299,455,2026-05-11,pending,181.72,19.27,13.0,1.98,177.43,162.45,USD,2026-05-11 06:00:00
2338,68,157,2026-07-17,completed,272.77,0.0,21.82,14.41,309.0,272.77,USD,2026-07-17 02:00:00
2339,292,799,2025-03-30,pending,96.32,11.1,6.82,1.06,93.1,85.22,USD,2025-04-01 15:00:00
2340,101,772,2026-07-10,pending,159.89,11.2,11.9,3.57,164.16,148.69,USD,2026-07-10 18:00:00
2341,440,339,2025-01-19,completed,759.56,0.0,60.76,10.35,830.67,759.56,USD,2025-01-21 21:00:00
2342,149,274,2025-11-10,completed,315.57,0.0,25.25,2.06,342.88,315.57,USD,2025-11-11 14:00:00
2343,153,656,2026-05-18,completed,184.65,41.28,11.47,2.77,157.61,143.37,USD,2026-05-20 22:00:00
2344,202,312,2025-05-13,completed,75.27,0.0,6.02,0.17,81.46,75.27,USD,2025-05-15 17:00:00
2345,181,585,2026-07-30,completed,165.86,3.99,12.95,12.4,187.22,161.87,USD,2026-07-31 20:00:00
2346,297,531,2026-08-20,completed,301.84,0.0,24.15,0.56,326.55,301.84,USD,2026-08-20 07:00:00
2347,362,228,2025-09-15,refunded,261.93,0.0,20.95,9.49,292.37,0.0,USD,2025-09-17 16:00:00
2348,483,283,2026-06-26,completed,29.37,0.0,2.35,8.73,40.45,29.37,USD,2026-06-27 01:00:00
2349,445,747,2025-02-18,completed,39.52,6.61,2.63,7.67,43.21,32.91,USD,2025-02-18 18:00:00
2350,131,395,2025-11-13,completed,41.36,3.0,3.07,5.63,47.06,38.36,USD,2025-11-14 17:00:00
2351,302,335,2025-06-27,completed,224.17,47.11,14.16,4.49,195.71,177.06,USD,2025-06-28 01:00:00
2352,165,721,2026-01-16,completed,41.92,5.0,2.95,14.35,54.22,36.92,USD,2026-01-18 05:00:00
2353,403,458,2025-06-02,pending,72.48,12.13,4.83,11.78,76.96,60.35,USD,2025-06-02 19:00:00
2354,12,452,2025-09-24,cancelled,143.57,0.0,11.49,13.84,168.9,143.57,USD,2025-09-26 17:00:00
2355,498,312,2026-03-21,completed,335.13,0.0,26.81,11.01,372.95,335.13,USD,2026-03-21 07:00:00
2356,187,534,2025-05-06,completed,231.51,51.93,14.37,12.44,206.39,179.58,USD,2025-05-07 09:00:00
2357,373,36,2026-05-27,refunded,131.04,0.0,10.48,14.46,155.98,0.0,USD,2026-05-29 21:00:00
2358,338,174,2026-02-18,cancelled,277.95,39.4,19.08,6.8,264.43,238.55,USD,2026-02-20 12:00:00
2359,184,657,2025-06-02,completed,558.39,41.49,41.35,13.6,571.85,516.9,USD,2025-06-04 11:00:00
2360,482,210,2026-02-11,pending,166.93,12.44,12.36,0.65,167.5,154.49,USD,2026-02-12 20:00:00
2361,134,788,2025-07-12,completed,53.59,11.73,3.35,1.62,46.83,41.86,USD,2025-07-13 16:00:00
2362,371,714,2025-11-29,completed,74.69,1.01,5.89,7.36,86.93,73.68,USD,2025-11-29 14:00:00
2363,465,306,2026-01-06,completed,74.09,17.44,4.53,6.81,67.99,56.65,USD,2026-01-06 21:00:00
2364,59,735,2026-05-10,completed,88.94,7.27,6.53,6.57,94.77,81.67,USD,2026-05-11 17:00:00
2365,459,573,2025-07-31,pending,124.16,0.0,9.93,8.06,142.15,124.16,USD,2025-07-31 22:00:00
2366,446,646,2025-10-02,completed,195.83,0.0,15.67,8.08,219.58,195.83,USD,2025-10-02 22:00:00
2367,190,377,2025-09-26,completed,46.22,0.0,3.7,13.06,62.98,46.22,USD,2025-09-28 00:00:00
2368,420,98,2026-06-07,completed,54.73,0.5,4.34,5.19,63.76,54.23,USD,2026-06-09 02:00:00
2369,4,438,2026-05-26,cancelled,242.05,21.38,17.65,4.74,243.06,220.67,USD,2026-05-27 11:00:00
2370,95,655,2025-05-12,completed,107.72,23.36,6.75,10.53,101.64,84.36,USD,2025-05-12 20:00:00
2371,377,73,2025-03-05,completed,80.92,0.0,6.47,9.73,97.12,80.92,USD,2025-03-05 12:00:00
2372,468,16,2026-08-07,cancelled,135.07,9.31,10.06,12.45,148.27,125.76,USD,2026-08-07 18:00:00
2373,64,657,2025-04-12,completed,373.42,0.0,29.87,4.64,407.93,373.42,USD,2025-04-12 23:00:00
2374,358,478,2025-05-05,cancelled,264.81,54.99,16.79,0.1,226.71,209.82,USD,2025-05-07 20:00:00
2375,52,418,2025-03-14,refunded,252.75,0.0,20.22,14.16,287.13,0.0,USD,2025-03-14 23:00:00
2376,392,541,2025-04-08,completed,458.77,66.54,31.38,0.66,424.27,392.23,USD,2025-04-10 17:00:00
2377,449,548,2025-02-08,pending,202.37,11.3,15.29,10.2,216.56,191.07,USD,2025-02-09 14:00:00
2378,230,342,2026-01-02,completed,485.7,0.0,38.86,4.83,529.39,485.7,USD,2026-01-03 08:00:00
2379,51,489,2025-11-06,pending,510.58,0.0,40.85,6.35,557.78,510.58,USD,2025-11-06 19:00:00
2380,101,384,2025-02-26,completed,47.63,0.0,3.81,12.57,64.01,47.63,USD,2025-02-28 07:00:00
2381,254,166,2026-01-31,refunded,35.79,0.0,2.86,6.29,44.94,0.0,USD,2026-02-02 12:00:00
2382,400,594,2025-04-12,completed,69.94,0.0,5.6,2.17,77.71,69.94,USD,2025-04-14 22:00:00
2383,260,301,2025-11-23,completed,349.62,0.0,27.97,11.32,388.91,349.62,USD,2025-11-25 11:00:00
2384,239,716,2026-03-19,pending,137.14,0.0,10.97,0.3,148.41,137.14,USD,2026-03-19 06:00:00
2385,301,318,2025-09-16,completed,124.63,0.0,9.97,4.12,138.72,124.63,USD,2025-09-18 15:00:00
2386,484,152,2025-07-07,completed,282.96,65.54,17.39,8.07,242.88,217.42,USD,2025-07-08 19:00:00
2387,395,663,2026-06-29,cancelled,103.45,0.0,8.28,6.57,118.3,103.45,USD,2026-06-30 12:00:00
2388,77,111,2026-05-01,completed,184.5,0.0,14.76,9.3,208.56,184.5,USD,2026-05-01 18:00:00
2389,99,790,2026-05-28,completed,241.97,58.14,14.71,5.72,204.26,183.83,USD,2026-05-29 12:00:00
2390,178,504,2025-04-05,pending,75.56,0.0,6.04,5.86,87.46,75.56,USD,2025-04-07 09:00:00
2391,136,386,2025-06-15,completed,61.38,4.49,4.55,5.23,66.67,56.89,USD,2025-06-16 18:00:00
2392,368,185,2025-08-22,completed,166.25,16.04,12.02,13.31,175.54,150.21,USD,2025-08-22 07:00:00
2393,497,162,2025-04-13,completed,181.83,7.49,13.95,0.26,188.55,174.34,USD,2025-04-15 06:00:00
2394,287,156,2025-08-23,completed,268.49,0.0,21.48,14.09,304.06,268.49,USD,2025-08-25 08:00:00
2395,446,667,2025-05-31,completed,68.41,0.0,5.47,5.37,79.25,68.41,USD,2025-06-02 00:00:00
2396,217,163,2025-10-19,completed,91.21,20.4,5.66,5.47,81.94,70.81,USD,2025-10-19 14:00:00
2397,345,29,2026-03-06,completed,507.35,30.55,38.14,10.89,525.83,476.8,USD,2026-03-06 21:00:00
2398,351,158,2025-09-07,completed,310.9,0.0,24.87,5.82,341.59,310.9,USD,2025-09-08 08:00:00
2399,147,489,2026-03-15,completed,146.86,13.17,10.7,9.25,153.64,133.69,USD,2026-03-17 14:00:00
2400,367,382,2025-08-23,pending,344.1,12.57,26.52,13.55,371.6,331.53,USD,2025-08-25 10:00:00
2401,268,299,2025-10-28,completed,68.64,16.24,4.19,12.69,69.28,52.4,USD,2025-10-28 06:00:00
2402,289,772,2025-07-19,completed,134.51,0.0,10.76,7.73,153.0,134.51,USD,2025-07-19 04:00:00
2403,127,275,2025-02-21,pending,180.73,0.0,14.46,10.75,205.94,180.73,USD,2025-02-21 03:00:00
2404,160,663,2025-01-10,completed,123.18,0.0,9.85,5.89,138.92,123.18,USD,2025-01-12 18:00:00
2405,429,100,2025-04-22,pending,126.53,0.0,10.12,11.64,148.29,126.53,USD,2025-04-24 14:00:00
2406,310,435,2026-01-10,cancelled,259.48,9.12,20.03,2.55,272.94,250.36,USD,2026-01-10 15:00:00
2407,66,105,2025-03-02,completed,313.78,0.0,25.1,0.68,339.56,313.78,USD,2025-03-04 17:00:00
2408,273,65,2025-10-15,completed,113.31,0.0,9.06,8.11,130.48,113.31,USD,2025-10-16 12:00:00
2409,310,544,2025-03-22,completed,50.15,0.0,4.01,3.23,57.39,50.15,USD,2025-03-22 22:00:00
2410,399,539,2025-08-15,completed,40.77,0.1,3.25,10.93,54.85,40.67,USD,2025-08-17 04:00:00
2411,427,460,2025-06-14,completed,21.96,3.62,1.47,1.52,21.33,18.34,USD,2025-06-14 04:00:00
2412,327,361,2025-05-09,completed,453.83,22.7,34.49,0.13,465.75,431.13,USD,2025-05-09 08:00:00
2413,7,217,2025-11-09,completed,260.21,35.31,17.99,10.14,253.03,224.9,USD,2025-11-09 18:00:00
2414,249,623,2026-06-26,refunded,222.74,0.83,17.75,7.51,247.17,0.0,USD,2026-06-27 19:00:00
2415,104,152,2026-02-01,completed,102.04,0.0,8.16,14.28,124.48,102.04,USD,2026-02-03 12:00:00
2416,10,396,2025-05-25,completed,101.58,0.0,8.13,3.71,113.42,101.58,USD,2025-05-26 13:00:00
2417,462,755,2026-05-31,completed,320.61,70.57,20.0,1.85,271.89,250.04,USD,2026-06-01 07:00:00
2418,84,535,2026-07-14,completed,35.96,6.49,2.36,0.35,32.18,29.47,USD,2026-07-15 18:00:00
2419,123,676,2026-04-05,refunded,117.16,0.0,9.37,6.66,133.19,0.0,USD,2026-04-05 00:00:00
2420,169,161,2025-05-12,completed,351.4,69.36,22.56,1.51,306.11,282.04,USD,2025-05-13 23:00:00
2421,233,21,2025-04-12,completed,117.0,0.0,9.36,11.63,137.99,117.0,USD,2025-04-14 09:00:00
2422,301,667,2026-08-13,completed,251.26,41.67,16.77,1.08,227.44,209.59,USD,2026-08-14 06:00:00
2423,156,451,2026-06-24,completed,151.26,35.14,9.29,13.81,139.22,116.12,USD,2026-06-25 22:00:00
2424,397,624,2025-09-12,cancelled,7.86,0.0,0.63,8.11,16.6,7.86,USD,2025-09-12 21:00:00
2425,79,675,2025-10-05,completed,146.56,8.02,11.08,10.45,160.07,138.54,USD,2025-10-07 19:00:00
2426,480,300,2025-11-20,completed,168.68,16.09,12.21,1.96,166.76,152.59,USD,2025-11-20 13:00:00
2427,428,89,2026-06-24,completed,138.22,12.09,10.09,1.34,137.56,126.13,USD,2026-06-24 09:00:00
2428,300,771,2025-07-01,completed,58.76,7.42,4.11,5.31,60.76,51.34,USD,2025-07-03 19:00:00
2429,25,244,2026-02-16,completed,139.38,0.0,11.15,7.81,158.34,139.38,USD,2026-02-17 12:00:00
2430,365,129,2026-07-25,completed,23.64,0.0,1.89,8.63,34.16,23.64,USD,2026-07-26 04:00:00
2431,353,457,2025-07-01,completed,116.05,0.0,9.28,4.95,130.28,116.05,USD,2025-07-03 10:00:00
2432,311,17,2025-06-21,completed,265.05,0.0,21.2,4.09,290.34,265.05,USD,2025-06-21 20:00:00
2433,141,48,2025-03-23,completed,437.75,0.0,35.02,14.72,487.49,437.75,USD,2025-03-23 21:00:00
2434,216,611,2026-03-20,pending,391.45,0.0,31.32,4.09,426.86,391.45,USD,2026-03-20 03:00:00
2435,208,71,2025-06-15,completed,67.06,0.0,5.36,2.07,74.49,67.06,USD,2025-06-16 13:00:00
2436,305,481,2025-01-13,cancelled,42.59,3.67,3.11,5.39,47.42,38.92,USD,2025-01-15 06:00:00
2437,166,363,2025-11-02,completed,180.77,0.0,14.46,4.56,199.79,180.77,USD,2025-11-04 23:00:00
2438,201,89,2025-12-06,completed,160.8,0.0,12.86,6.33,179.99,160.8,USD,2025-12-07 13:00:00
2439,454,755,2025-01-11,completed,238.72,55.12,14.69,9.36,207.65,183.6,USD,2025-01-11 05:00:00
2440,227,128,2026-03-27,completed,95.26,6.33,7.11,9.05,105.09,88.93,USD,2026-03-27 13:00:00
2441,298,521,2025-12-06,completed,164.42,13.7,12.06,10.47,173.25,150.72,USD,2025-12-06 20:00:00
2442,456,105,2025-10-13,completed,158.02,0.0,12.64,2.35,173.01,158.02,USD,2025-10-15 16:00:00
2443,473,473,2025-07-28,completed,119.2,26.42,7.42,0.69,100.89,92.78,USD,2025-07-29 17:00:00
2444,282,134,2026-01-26,completed,33.36,0.0,2.67,11.86,47.89,33.36,USD,2026-01-28 19:00:00
2445,133,711,2026-04-01,refunded,262.41,13.77,19.89,3.26,271.79,0.0,USD,2026-04-03 12:00:00
2446,51,370,2026-04-12,cancelled,181.66,43.05,11.09,4.73,154.43,138.61,USD,2026-04-14 15:00:00
2447,430,8,2025-08-24,completed,274.91,0.0,21.99,6.84,303.74,274.91,USD,2025-08-24 20:00:00
2448,262,41,2025-10-31,refunded,320.43,27.72,23.42,10.74,326.87,0.0,USD,2025-11-01 16:00:00
2449,284,435,2025-06-04,completed,147.99,13.23,10.78,2.45,147.99,134.76,USD,2025-06-04 04:00:00
2450,477,416,2025-05-13,completed,263.54,0.0,21.08,13.54,298.16,263.54,USD,2025-05-14 02:00:00
2451,186,265,2026-06-08,completed,444.44,0.0,35.56,4.82,484.82,444.44,USD,2026-06-08 22:00:00
2452,51,485,2025-08-29,completed,538.73,75.56,37.05,14.74,514.96,463.17,USD,2025-08-29 11:00:00
2453,337,638,2025-06-16,completed,197.74,0.0,15.82,4.28,217.84,197.74,USD,2025-06-16 04:00:00
2454,486,582,2026-03-20,completed,208.8,0.0,16.7,10.88,236.38,208.8,USD,2026-03-21 03:00:00
2455,85,600,2026-02-27,pending,195.37,0.0,15.63,5.65,216.65,195.37,USD,2026-02-27 05:00:00
2456,494,757,2025-06-14,completed,232.94,3.38,18.36,12.55,260.47,229.56,USD,2025-06-15 20:00:00
2457,271,166,2025-04-17,completed,311.2,0.0,24.9,6.94,343.04,311.2,USD,2025-04-17 19:00:00
2458,281,66,2026-01-19,completed,192.46,2.08,15.23,13.06,218.67,190.38,USD,2026-01-19 16:00:00
2459,480,97,2026-07-12,completed,518.82,16.58,40.18,11.31,553.73,502.24,USD,2026-07-12 07:00:00
2460,167,29,2025-04-01,completed,472.01,0.0,37.76,8.79,518.56,472.01,USD,2025-04-02 09:00:00
2461,373,235,2025-05-26,completed,168.35,0.0,13.47,3.75,185.57,168.35,USD,2025-05-26 12:00:00
2462,5,112,2026-07-19,completed,167.61,16.83,12.06,3.9,166.74,150.78,USD,2026-07-20 17:00:00
2463,336,737,2026-03-21,completed,112.27,0.0,8.98,14.87,136.12,112.27,USD,2026-03-23 23:00:00
2464,8,270,2026-01-02,completed,241.71,0.0,19.34,13.88,274.93,241.71,USD,2026-01-04 04:00:00
2465,3,175,2025-07-23,completed,127.48,0.0,10.2,2.08,139.76,127.48,USD,2025-07-23 08:00:00
2466,195,421,2025-10-12,completed,108.17,14.4,7.5,3.06,104.33,93.77,USD,2025-10-12 06:00:00
2467,187,345,2025-04-25,completed,238.07,19.0,17.53,1.6,238.2,219.07,USD,2025-04-27 15:00:00
2468,392,4,2026-05-08,completed,63.8,0.0,5.1,3.02,71.92,63.8,USD,2026-05-10 14:00:00
2469,446,768,2025-11-01,completed,314.82,0.0,25.19,4.35,344.36,314.82,USD,2025-11-02 02:00:00
2470,472,554,2026-04-29,completed,244.71,0.0,19.58,12.56,276.85,244.71,USD,2026-04-30 08:00:00
2471,312,661,2026-06-17,pending,456.12,11.06,35.6,1.43,482.09,445.06,USD,2026-06-18 03:00:00
2472,78,766,2025-03-01,completed,200.28,0.0,16.02,13.23,229.53,200.28,USD,2025-03-02 17:00:00
2473,336,709,2026-06-08,completed,271.1,39.76,18.51,14.58,264.43,231.34,USD,2026-06-08 15:00:00
2474,244,200,2025-07-06,completed,295.42,9.3,22.89,4.23,313.24,286.12,USD,2025-07-08 19:00:00
2475,265,611,2025-07-18,completed,371.21,0.0,29.7,6.84,407.75,371.21,USD,2025-07-19 05:00:00
2476,251,8,2025-10-06,cancelled,184.73,38.14,11.73,7.94,166.26,146.59,USD,2025-10-06 12:00:00
2477,442,290,2025-06-30,completed,111.59,3.3,8.66,3.09,120.04,108.29,USD,2025-06-30 21:00:00
2478,191,603,2025-07-26,completed,203.6,30.95,13.81,10.97,197.43,172.65,USD,2025-07-28 15:00:00
2479,483,560,2026-02-25,completed,314.58,0.0,25.17,8.7,348.45,314.58,USD,2026-02-25 20:00:00
2480,270,617,2025-07-12,pending,342.69,76.79,21.27,1.68,288.85,265.9,USD,2025-07-14 09:00:00
2481,344,606,2026-01-04,refunded,33.7,0.0,2.7,13.44,49.84,0.0,USD,2026-01-06 07:00:00
2482,463,35,2025-08-02,completed,835.97,12.42,65.88,4.53,893.96,823.55,USD,2025-08-04 23:00:00
2483,408,467,2025-07-17,completed,108.63,0.0,8.69,2.34,119.66,108.63,USD,2025-07-17 11:00:00
2484,220,494,2025-03-28,completed,274.29,0.0,21.94,14.73,310.96,274.29,USD,2025-03-29 04:00:00
2485,103,125,2026-06-09,completed,398.96,29.75,29.54,1.54,400.29,369.21,USD,2026-06-11 12:00:00
2486,69,195,2025-03-14,completed,157.09,0.0,12.57,0.9,170.56,157.09,USD,2025-03-14 09:00:00
2487,182,390,2025-12-03,completed,351.69,0.0,28.14,3.56,383.39,351.69,USD,2025-12-03 02:00:00
2488,333,507,2025-06-08,completed,33.38,2.53,2.47,4.79,38.11,30.85,USD,2025-06-08 01:00:00
2489,400,681,2026-08-23,completed,360.28,0.0,28.82,6.51,395.61,360.28,USD,2026-08-23 05:00:00
2490,16,582,2025-02-12,completed,331.53,12.96,25.49,10.28,354.34,318.57,USD,2025-02-14 09:00:00
2491,232,781,2025-09-16,completed,221.86,32.92,15.12,5.49,209.55,188.94,USD,2025-09-17 01:00:00
2492,471,179,2025-11-06,completed,315.25,0.0,25.22,8.39,348.86,315.25,USD,2025-11-06 09:00:00
2493,412,314,2026-08-22,completed,480.38,50.03,34.43,0.09,464.87,430.35,USD,2026-08-24 02:00:00
2494,470,209,2025-04-03,refunded,407.22,101.42,24.46,5.77,336.03,0.0,USD,2025-04-03 22:00:00
2495,479,713,2026-05-21,completed,164.04,7.23,12.54,14.17,183.52,156.81,USD,2026-05-21 09:00:00
2496,47,490,2025-02-11,pending,202.22,0.0,16.18,11.62,230.02,202.22,USD,2025-02-13 23:00:00
2497,341,407,2025-06-26,completed,143.82,33.37,8.84,11.11,130.4,110.45,USD,2025-06-27 18:00:00
2498,276,466,2026-05-24,completed,130.07,22.37,8.62,4.57,120.89,107.7,USD,2026-05-25 07:00:00
2499,239,262,2025-08-17,completed,294.25,0.0,23.54,7.32,325.11,294.25,USD,2025-08-19 18:00:00
2500,399,709,2025-12-23,completed,142.63,11.64,10.48,12.67,154.14,130.99,USD,2025-12-23 16:00:00
2501,468,492,2025-08-26,pending,293.8,0.0,23.5,13.2,330.5,293.8,USD,2025-08-27 18:00:00
2502,233,409,2026-06-30,completed,156.96,0.0,12.56,10.66,180.18,156.96,USD,2026-07-02 06:00:00
2503,325,564,2025-02-25,pending,174.48,0.0,13.96,6.85,195.29,174.48,USD,2025-02-25 00:00:00
2504,240,640,2026-08-20,completed,85.85,8.04,6.22,1.1,85.13,77.81,USD,2026-08-20 19:00:00
2505,318,317,2025-05-23,completed,288.64,0.0,23.09,1.79,313.52,288.64,USD,2025-05-23 06:00:00
2506,486,586,2025-12-27,completed,31.27,0.0,2.5,0.0,33.77,31.27,USD,2025-12-28 14:00:00
2507,406,639,2025-06-08,completed,369.29,0.0,29.54,5.39,404.22,369.29,USD,2025-06-10 00:00:00
2508,116,533,2026-04-29,completed,650.05,0.0,52.0,0.35,702.4,650.05,USD,2026-04-29 11:00:00
2509,434,94,2026-03-04,pending,178.93,10.28,13.49,6.53,188.67,168.65,USD,2026-03-04 10:00:00
2510,264,154,2025-04-07,refunded,173.17,0.0,13.85,8.96,195.98,0.0,USD,2025-04-08 09:00:00
2511,293,25,2025-05-30,completed,43.34,0.0,3.47,8.94,55.75,43.34,USD,2025-05-31 04:00:00
2512,58,222,2026-02-28,completed,114.16,17.78,7.71,8.33,112.42,96.38,USD,2026-02-28 07:00:00
2513,223,132,2025-11-02,completed,317.55,0.0,25.4,3.39,346.34,317.55,USD,2025-11-04 01:00:00
2514,152,454,2025-11-30,completed,348.06,0.0,27.84,7.79,383.69,348.06,USD,2025-12-02 07:00:00
2515,44,728,2025-08-11,pending,195.7,31.04,13.17,14.7,192.53,164.66,USD,2025-08-12 06:00:00
2516,426,53,2026-02-15,completed,305.06,51.33,20.3,6.67,280.7,253.73,USD,2026-02-16 02:00:00
2517,65,228,2026-07-18,completed,87.33,0.0,6.99,13.12,107.44,87.33,USD,2026-07-18 11:00:00
2518,359,37,2025-03-05,cancelled,228.88,45.66,14.66,5.72,203.6,183.22,USD,2025-03-05 22:00:00
2519,373,67,2026-02-25,completed,432.57,55.08,30.2,9.35,417.04,377.49,USD,2026-02-26 12:00:00
2520,307,40,2026-07-23,pending,260.4,18.6,19.34,7.23,268.37,241.8,USD,2026-07-25 23:00:00
2521,421,486,2025-05-15,completed,475.57,0.0,38.05,10.33,523.95,475.57,USD,2025-05-15 13:00:00
2522,57,738,2025-09-11,completed,485.02,114.47,29.64,13.46,413.65,370.55,USD,2025-09-13 11:00:00
2523,9,580,2025-12-11,completed,239.25,5.72,18.68,6.61,258.82,233.53,USD,2025-12-12 12:00:00
2524,426,552,2026-04-16,completed,2.56,0.61,0.16,11.36,13.47,1.95,USD,2026-04-17 15:00:00
2525,92,126,2026-02-22,completed,343.24,66.54,22.14,13.24,312.08,276.7,USD,2026-02-22 21:00:00
2526,150,670,2026-08-25,completed,58.22,1.55,4.53,11.84,73.04,56.67,USD,2026-08-27 19:00:00
2527,345,464,2025-12-05,completed,9.31,1.21,0.65,0.37,9.12,8.1,USD,2025-12-05 04:00:00
2528,268,771,2026-06-15,completed,26.53,0.0,2.12,0.0,28.65,26.53,USD,2026-06-15 15:00:00
2529,101,313,2025-11-12,completed,359.43,0.0,28.75,13.24,401.42,359.43,USD,2025-11-12 22:00:00
2530,117,561,2025-07-09,completed,240.6,56.13,14.76,10.94,210.17,184.47,USD,2025-07-10 17:00:00
2531,419,385,2026-02-14,refunded,199.54,0.0,15.96,14.37,229.87,0.0,USD,2026-02-15 06:00:00
2532,261,413,2025-09-01,completed,256.76,32.65,17.93,4.39,246.43,224.11,USD,2025-09-03 18:00:00
2533,462,85,2026-02-04,completed,28.49,1.62,2.15,11.82,40.84,26.87,USD,2026-02-04 13:00:00
2534,282,384,2026-01-29,completed,143.34,19.38,9.92,12.02,145.9,123.96,USD,2026-01-30 17:00:00
2535,332,134,2025-02-14,completed,100.12,0.0,8.01,12.86,120.99,100.12,USD,2025-02-15 10:00:00
2536,171,597,2025-11-23,pending,188.53,10.15,14.27,10.38,203.03,178.38,USD,2025-11-23 22:00:00
2537,15,568,2025-01-09,completed,193.44,26.77,13.33,2.07,182.07,166.67,USD,2025-01-09 01:00:00
2538,253,695,2025-09-07,completed,249.25,0.0,19.94,10.21,279.4,249.25,USD,2025-09-09 10:00:00
2539,366,369,2026-02-03,completed,275.72,51.55,17.93,9.07,251.17,224.17,USD,2026-02-03 14:00:00
2540,204,664,2026-02-01,completed,30.15,0.0,2.41,5.01,37.57,30.15,USD,2026-02-01 09:00:00
2541,431,713,2025-03-04,completed,144.85,25.3,9.56,3.13,132.24,119.55,USD,2025-03-05 17:00:00
2542,349,395,2026-07-07,completed,170.47,0.0,13.64,13.28,197.39,170.47,USD,2026-07-07 10:00:00
2543,254,758,2026-03-24,completed,56.67,8.49,3.85,2.13,54.16,48.18,USD,2026-03-25 22:00:00
2544,272,619,2025-07-07,completed,51.17,0.0,4.09,6.33,61.59,51.17,USD,2025-07-09 04:00:00
2545,114,233,2025-09-30,completed,26.71,0.0,2.14,9.34,38.19,26.71,USD,2025-09-30 16:00:00
2546,440,382,2025-03-19,completed,44.37,0.0,3.55,14.58,62.5,44.37,USD,2025-03-19 04:00:00
2547,30,81,2025-08-09,completed,303.82,0.0,24.31,10.06,338.19,303.82,USD,2025-08-09 06:00:00
2548,25,308,2026-02-15,completed,36.02,2.24,2.7,4.57,41.05,33.78,USD,2026-02-15 03:00:00
2549,393,289,2026-06-20,completed,42.75,0.6,3.37,0.91,46.43,42.15,USD,2026-06-21 10:00:00
2550,14,239,2025-12-24,completed,182.89,0.0,14.63,4.77,202.29,182.89,USD,2025-12-25 03:00:00
2551,255,285,2025-06-21,completed,228.21,0.0,18.26,4.39,250.86,228.21,USD,2025-06-23 07:00:00
2552,95,44,2026-07-04,completed,166.54,37.59,10.32,12.29,151.56,128.95,USD,2026-07-05 04:00:00
2553,341,363,2025-11-27,completed,67.58,0.0,5.41,5.65,78.64,67.58,USD,2025-11-28 22:00:00
2554,60,161,2026-03-27,completed,52.27,0.0,4.18,1.48,57.93,52.27,USD,2026-03-28 09:00:00
2555,133,184,2026-03-07,completed,179.17,0.0,14.33,13.05,206.55,179.17,USD,2026-03-08 06:00:00
2556,263,585,2025-08-30,completed,153.08,31.42,9.73,0.27,131.66,121.66,USD,2025-09-01 05:00:00
2557,189,711,2025-01-13,completed,124.69,22.48,8.18,0.05,110.44,102.21,USD,2025-01-14 12:00:00
2558,101,138,2026-01-20,completed,294.78,0.0,23.58,7.12,325.48,294.78,USD,2026-01-21 16:00:00
2559,32,449,2026-06-26,completed,145.56,13.22,10.59,1.04,143.97,132.34,USD,2026-06-27 08:00:00
2560,9,721,2026-06-08,completed,47.9,0.03,3.83,2.66,54.36,47.87,USD,2026-06-10 03:00:00
2561,96,487,2026-06-06,refunded,125.28,7.86,9.39,14.78,141.59,0.0,USD,2026-06-06 21:00:00
2562,142,63,2025-07-30,completed,246.53,58.66,15.03,12.67,215.57,187.87,USD,2025-07-30 03:00:00
2563,60,620,2026-07-04,completed,138.86,9.56,10.34,11.46,151.1,129.3,USD,2026-07-05 06:00:00
2564,255,41,2025-01-09,completed,243.49,45.77,15.82,10.06,223.6,197.72,USD,2025-01-09 22:00:00
2565,443,494,2025-07-12,completed,277.63,35.29,19.39,0.72,262.45,242.34,USD,2025-07-14 16:00:00
2566,358,385,2026-01-16,refunded,145.94,0.0,11.68,12.54,170.16,0.0,USD,2026-01-18 21:00:00
2567,154,423,2025-07-08,completed,165.96,41.12,9.99,7.07,141.9,124.84,USD,2025-07-08 15:00:00
2568,220,179,2025-01-16,completed,132.11,1.55,10.44,1.47,142.47,130.56,USD,2025-01-17 06:00:00
2569,385,710,2025-04-16,completed,247.26,0.0,19.78,4.51,271.55,247.26,USD,2025-04-17 07:00:00
2570,482,83,2026-07-24,completed,128.92,0.0,10.31,7.53,146.76,128.92,USD,2026-07-24 16:00:00
2571,276,751,2025-09-17,pending,230.6,0.0,18.45,0.21,249.26,230.6,USD,2025-09-17 00:00:00
2572,100,48,2025-04-13,completed,195.76,0.0,15.66,3.79,215.21,195.76,USD,2025-04-15 23:00:00
2573,434,243,2026-01-11,completed,26.33,0.0,2.11,5.04,33.48,26.33,USD,2026-01-12 22:00:00
2574,258,422,2025-08-16,completed,239.54,0.0,19.16,6.96,265.66,239.54,USD,2025-08-17 05:00:00
2575,15,414,2025-08-27,pending,182.85,0.0,14.63,0.03,197.51,182.85,USD,2025-08-27 13:00:00
2576,127,208,2026-07-29,completed,379.04,59.23,25.58,8.48,353.87,319.81,USD,2026-07-30 10:00:00
2577,267,231,2025-11-26,completed,59.22,0.0,4.74,2.96,66.92,59.22,USD,2025-11-26 19:00:00
2578,404,445,2025-02-18,completed,198.07,0.0,15.85,8.96,222.88,198.07,USD,2025-02-18 16:00:00
2579,427,18,2026-07-26,completed,114.86,0.0,9.19,3.59,127.64,114.86,USD,2026-07-28 20:00:00
2580,94,119,2025-01-03,completed,29.92,0.0,2.39,6.04,38.35,29.92,USD,2025-01-04 23:00:00
2581,362,317,2026-02-21,completed,20.54,0.0,1.64,9.35,31.53,20.54,USD,2026-02-21 22:00:00
2582,481,20,2025-03-04,completed,430.04,0.3,34.38,9.85,473.97,429.74,USD,2025-03-04 14:00:00
2583,400,70,2025-06-15,completed,198.53,0.0,15.88,0.46,214.87,198.53,USD,2025-06-17 07:00:00
2584,359,22,2026-08-22,pending,142.19,0.0,11.38,8.03,161.6,142.19,USD,2026-08-23 19:00:00
2585,398,654,2025-04-13,pending,39.78,6.4,2.67,12.25,48.3,33.38,USD,2025-04-15 13:00:00
2586,279,91,2026-08-13,completed,413.41,3.6,32.78,3.1,445.69,409.81,USD,2026-08-15 06:00:00
2587,304,148,2025-06-27,completed,91.7,0.0,7.34,7.98,107.02,91.7,USD,2025-06-28 04:00:00
2588,267,637,2025-08-22,cancelled,205.28,0.0,16.42,6.71,228.41,205.28,USD,2025-08-23 22:00:00
2589,478,347,2026-07-24,completed,177.64,30.58,11.76,12.75,171.57,147.06,USD,2026-07-25 03:00:00
2590,182,359,2026-03-27,pending,543.02,0.0,43.44,6.58,593.04,543.02,USD,2026-03-27 06:00:00
2591,389,526,2025-06-28,completed,162.97,0.0,13.04,14.16,190.17,162.97,USD,2025-06-28 02:00:00
2592,11,500,2026-03-23,completed,109.12,5.89,8.26,9.79,121.28,103.23,USD,2026-03-23 05:00:00
2593,210,331,2025-10-17,completed,200.69,34.27,13.31,8.42,188.15,166.42,USD,2025-10-19 18:00:00
2594,458,700,2025-03-02,completed,216.42,1.47,17.2,4.38,236.53,214.95,USD,2025-03-04 12:00:00
2595,122,183,2025-06-03,completed,789.76,0.0,63.18,8.95,861.89,789.76,USD,2025-06-04 04:00:00
2596,398,171,2025-05-23,completed,160.92,17.06,11.51,1.97,157.34,143.86,USD,2025-05-25 17:00:00
2597,252,412,2025-10-15,completed,57.35,3.43,4.31,6.24,64.47,53.92,USD,2025-10-17 05:00:00
2598,68,698,2026-06-24,completed,124.72,16.22,8.68,4.27,121.45,108.5,USD,2026-06-24 09:00:00
2599,54,718,2025-12-12,completed,200.37,0.0,16.03,10.05,226.45,200.37,USD,2025-12-12 16:00:00
2600,62,597,2025-04-11,completed,227.04,0.0,18.16,11.46,256.66,227.04,USD,2025-04-12 03:00:00
2601,233,3,2026-01-04,completed,36.0,0.0,2.88,13.93,52.81,36.0,USD,2026-01-06 09:00:00
2602,155,584,2025-11-13,completed,113.15,11.48,8.13,3.33,113.13,101.67,USD,2025-11-14 23:00:00
2603,448,132,2025-08-24,completed,522.6,0.0,41.81,13.27,577.68,522.6,USD,2025-08-25 04:00:00
2604,382,697,2025-05-29,completed,76.89,0.0,6.15,12.69,95.73,76.89,USD,2025-05-31 12:00:00
2605,72,91,2026-03-09,refunded,299.46,0.0,23.96,12.94,336.36,0.0,USD,2026-03-09 23:00:00
2606,252,101,2025-12-05,completed,128.08,0.0,10.25,11.11,149.44,128.08,USD,2025-12-07 17:00:00
2607,383,413,2025-09-18,completed,168.06,40.17,10.23,4.02,142.14,127.89,USD,2025-09-20 03:00:00
2608,328,433,2025-04-30,completed,40.98,0.0,3.28,13.17,57.43,40.98,USD,2025-05-02 02:00:00
2609,5,272,2025-03-15,completed,137.97,0.0,11.04,8.99,158.0,137.97,USD,2025-03-15 06:00:00
2610,4,387,2025-05-11,completed,198.6,15.13,14.68,11.11,209.26,183.47,USD,2025-05-11 10:00:00
2611,292,572,2026-01-12,completed,162.44,36.17,10.1,3.08,139.45,126.27,USD,2026-01-14 22:00:00
2612,462,532,2025-01-29,completed,144.71,14.72,10.4,2.36,142.75,129.99,USD,2025-01-31 07:00:00
2613,26,570,2025-02-13,completed,248.12,18.72,18.35,4.15,251.9,229.4,USD,2025-02-13 18:00:00
2614,83,191,2026-08-25,completed,52.11,0.0,4.17,7.67,63.95,52.11,USD,2026-08-27 13:00:00
2615,95,448,2025-06-12,completed,205.3,0.0,16.42,6.25,227.97,205.3,USD,2025-06-12 22:00:00
2616,160,102,2025-03-10,refunded,18.54,0.0,1.48,13.31,33.33,0.0,USD,2025-03-11 01:00:00
2617,446,195,2026-08-09,completed,356.69,40.14,25.32,0.2,342.07,316.55,USD,2026-08-09 21:00:00
2618,474,779,2025-09-10,refunded,148.46,23.19,10.02,1.2,136.49,0.0,USD,2025-09-11 11:00:00
2619,154,35,2025-01-01,completed,286.03,0.0,22.88,4.88,313.79,286.03,USD,2025-01-03 06:00:00
2620,367,373,2025-09-11,completed,5.69,0.46,0.42,2.52,8.17,5.23,USD,2025-09-11 11:00:00
2621,6,395,2025-01-13,completed,259.03,41.21,17.43,6.1,241.35,217.82,USD,2025-01-15 21:00:00
2622,256,186,2025-07-04,completed,89.0,11.67,6.19,10.76,94.28,77.33,USD,2025-07-04 21:00:00
2623,314,41,2026-07-28,completed,168.89,0.0,13.51,14.9,197.3,168.89,USD,2026-07-30 21:00:00
2624,432,103,2026-04-27,pending,261.88,0.0,20.95,3.03,285.86,261.88,USD,2026-04-29 14:00:00
2625,411,585,2025-09-11,completed,157.49,29.71,10.22,3.99,141.99,127.78,USD,2025-09-12 15:00:00
2626,31,475,2025-07-24,pending,240.82,55.49,14.83,11.53,211.69,185.33,USD,2025-07-24 06:00:00
2627,207,447,2025-12-21,completed,129.57,23.34,8.5,4.08,118.81,106.23,USD,2025-12-22 17:00:00
2628,39,119,2026-01-15,completed,375.4,22.98,28.19,10.56,391.17,352.42,USD,2026-01-17 06:00:00
2629,5,436,2026-04-06,completed,148.15,0.0,11.85,8.75,168.75,148.15,USD,2026-04-08 22:00:00
2630,78,147,2025-11-26,pending,150.43,14.55,10.87,12.82,159.57,135.88,USD,2025-11-26 07:00:00
2631,467,250,2025-02-16,completed,152.55,0.0,12.2,0.5,165.25,152.55,USD,2025-02-18 05:00:00
2632,133,762,2026-06-09,refunded,165.46,0.0,13.24,14.7,193.4,0.0,USD,2026-06-09 21:00:00
2633,370,358,2025-07-23,completed,54.6,0.0,4.37,14.46,73.43,54.6,USD,2025-07-25 05:00:00
2634,355,24,2026-05-13,cancelled,74.75,0.0,5.98,0.34,81.07,74.75,USD,2026-05-14 17:00:00
2635,434,476,2026-05-08,refunded,314.83,0.0,25.19,7.49,347.51,0.0,USD,2026-05-10 14:00:00
2636,267,150,2025-05-13,completed,285.92,10.28,22.05,6.02,303.71,275.64,USD,2025-05-13 00:00:00
2637,488,5,2025-11-09,completed,273.68,34.28,19.15,3.81,262.36,239.4,USD,2025-11-10 12:00:00
2638,214,537,2026-04-01,completed,225.87,0.0,18.07,14.67,258.61,225.87,USD,2026-04-03 00:00:00
2639,394,507,2025-08-06,pending,111.03,0.0,8.88,2.62,122.53,111.03,USD,2025-08-07 03:00:00
2640,392,174,2026-04-27,completed,102.09,0.0,8.17,3.95,114.21,102.09,USD,2026-04-27 22:00:00
2641,272,593,2025-11-14,completed,160.35,0.0,12.83,0.12,173.3,160.35,USD,2025-11-14 23:00:00
2642,159,146,2026-07-12,cancelled,347.73,0.0,27.82,8.7,384.25,347.73,USD,2026-07-14 05:00:00
2643,80,402,2026-06-29,completed,190.62,40.73,11.99,12.91,174.79,149.89,USD,2026-06-29 14:00:00
2644,43,446,2026-08-08,completed,71.52,5.7,5.27,9.33,80.42,65.82,USD,2026-08-10 22:00:00
2645,250,91,2025-05-14,completed,44.21,0.0,3.54,9.77,57.52,44.21,USD,2025-05-14 15:00:00
2646,199,557,2026-03-24,completed,291.97,44.38,19.81,0.99,268.39,247.59,USD,2026-03-25 05:00:00
2647,105,403,2026-04-02,completed,420.73,23.75,31.76,10.72,439.46,396.98,USD,2026-04-04 23:00:00
2648,384,345,2025-10-01,completed,34.1,0.0,2.73,6.14,42.97,34.1,USD,2025-10-01 02:00:00
2649,82,590,2025-04-13,cancelled,298.53,0.0,23.88,7.11,329.52,298.53,USD,2025-04-14 00:00:00
2650,238,626,2025-06-27,completed,222.2,0.0,17.78,8.78,248.76,222.2,USD,2025-06-29 13:00:00
2651,215,395,2025-11-09,refunded,86.48,0.0,6.92,14.63,108.03,0.0,USD,2025-11-09 22:00:00
2652,489,653,2026-06-09,completed,192.43,28.12,13.14,11.22,188.67,164.31,USD,2026-06-09 19:00:00
2653,53,43,2026-07-10,pending,61.55,0.0,4.92,10.26,76.73,61.55,USD,2026-07-10 00:00:00
2654,429,499,2026-07-10,completed,139.72,0.0,11.18,6.48,157.38,139.72,USD,2026-07-10 10:00:00
2655,343,223,2026-07-29,completed,166.93,0.0,13.35,0.52,180.8,166.93,USD,2026-07-29 14:00:00
2656,396,463,2025-03-01,pending,373.04,0.0,29.84,8.08,410.96,373.04,USD,2025-03-03 15:00:00
2657,389,500,2026-08-28,completed,134.58,23.34,8.9,9.91,130.05,111.24,USD,2026-08-29 15:00:00
2658,387,654,2025-12-03,pending,94.64,0.0,7.57,10.56,112.77,94.64,USD,2025-12-03 16:00:00
2659,218,447,2025-03-02,completed,210.59,12.82,15.82,9.12,222.71,197.77,USD,2025-03-04 10:00:00
2660,291,13,2025-03-20,completed,245.27,0.0,19.62,4.51,269.4,245.27,USD,2025-03-21 19:00:00
2661,183,783,2025-06-04,completed,91.8,0.0,7.34,3.32,102.46,91.8,USD,2025-06-04 22:00:00
2662,451,409,2025-06-02,cancelled,69.1,0.0,5.53,1.35,75.98,69.1,USD,2025-06-02 18:00:00
2663,113,98,2025-03-09,completed,74.42,11.78,5.01,10.54,78.19,62.64,USD,2025-03-09 15:00:00
2664,295,103,2025-08-21,completed,373.9,0.0,29.91,14.56,418.37,373.9,USD,2025-08-23 03:00:00
2665,106,26,2025-11-28,completed,237.95,10.04,18.23,7.88,254.02,227.91,USD,2025-11-30 03:00:00
2666,187,178,2025-07-08,completed,127.88,0.0,10.23,10.1,148.21,127.88,USD,2025-07-09 22:00:00
2667,482,214,2026-02-10,refunded,333.63,67.58,21.28,10.39,297.72,0.0,USD,2026-02-11 08:00:00
2668,98,760,2026-03-11,pending,91.21,0.35,7.27,2.42,100.55,90.86,USD,2026-03-12 12:00:00
2669,443,651,2025-08-31,completed,155.72,29.07,10.13,2.88,139.66,126.65,USD,2025-09-02 16:00:00
2670,407,3,2025-02-17,completed,60.62,0.0,4.85,3.12,68.59,60.62,USD,2025-02-18 15:00:00
2671,184,270,2025-07-09,completed,324.1,0.0,25.93,13.99,364.02,324.1,USD,2025-07-10 20:00:00
2672,186,246,2026-01-08,completed,85.19,8.72,6.12,0.23,82.82,76.47,USD,2026-01-08 16:00:00
2673,3,361,2025-08-27,refunded,86.82,0.61,6.9,8.12,101.23,0.0,USD,2025-08-28 08:00:00
2674,396,124,2025-12-19,completed,213.89,0.0,17.11,5.66,236.66,213.89,USD,2025-12-19 01:00:00
2675,334,215,2026-05-27,completed,16.42,0.0,1.31,9.89,27.62,16.42,USD,2026-05-28 09:00:00
2676,492,457,2026-04-23,completed,48.95,0.0,3.92,3.31,56.18,48.95,USD,2026-04-25 09:00:00
2677,146,416,2026-01-14,refunded,267.77,0.0,21.42,14.42,303.61,0.0,USD,2026-01-16 00:00:00
2678,200,676,2025-02-28,completed,73.45,0.0,5.88,4.97,84.3,73.45,USD,2025-03-02 16:00:00
2679,344,741,2026-03-30,pending,656.65,0.0,52.53,13.89,723.07,656.65,USD,2026-03-31 00:00:00
2680,171,313,2025-07-21,completed,185.31,0.0,14.82,8.84,208.97,185.31,USD,2025-07-23 08:00:00
2681,160,653,2025-09-10,completed,31.57,0.68,2.47,6.22,39.58,30.89,USD,2025-09-12 04:00:00
2682,86,670,2026-02-28,cancelled,434.49,17.45,33.36,11.01,461.41,417.04,USD,2026-03-02 02:00:00
2683,495,277,2026-05-21,completed,185.17,20.29,13.19,8.3,186.37,164.88,USD,2026-05-23 09:00:00
2684,238,353,2026-03-08,pending,142.45,0.0,11.4,2.08,155.93,142.45,USD,2026-03-09 09:00:00
2685,385,502,2025-07-02,completed,184.68,40.83,11.51,10.57,165.93,143.85,USD,2025-07-03 00:00:00
2686,328,728,2025-09-30,pending,31.29,0.0,2.5,8.69,42.48,31.29,USD,2025-10-01 18:00:00
2687,300,620,2025-08-08,completed,159.53,38.93,9.65,8.48,138.73,120.6,USD,2025-08-09 03:00:00
2688,157,678,2025-10-08,completed,78.05,0.0,6.24,11.07,95.36,78.05,USD,2025-10-10 01:00:00
2689,158,635,2026-04-05,cancelled,152.32,0.0,12.19,9.8,174.31,152.32,USD,2026-04-07 14:00:00
2690,243,144,2026-08-09,refunded,113.41,3.3,8.81,5.49,124.41,0.0,USD,2026-08-09 01:00:00
2691,68,172,2025-08-26,cancelled,177.88,0.0,14.23,4.78,196.89,177.88,USD,2025-08-27 20:00:00
2692,269,709,2025-07-18,completed,127.79,29.88,7.83,3.76,109.5,97.91,USD,2025-07-19 06:00:00
2693,46,359,2026-06-21,completed,107.71,8.16,7.96,8.63,116.14,99.55,USD,2026-06-21 07:00:00
2694,138,155,2025-04-02,completed,70.76,0.0,5.66,4.5,80.92,70.76,USD,2025-04-02 16:00:00
2695,317,239,2025-08-26,completed,32.86,0.0,2.63,1.81,37.3,32.86,USD,2025-08-28 11:00:00
2696,12,393,2026-08-02,completed,25.75,0.65,2.01,11.74,38.85,25.1,USD,2026-08-03 02:00:00
2697,23,445,2026-06-20,completed,50.6,7.63,3.44,3.14,49.55,42.97,USD,2026-06-20 06:00:00
2698,108,157,2026-05-07,completed,253.84,61.94,15.35,2.47,209.72,191.9,USD,2026-05-09 05:00:00
2699,378,202,2026-06-24,completed,67.25,0.0,5.38,12.74,85.37,67.25,USD,2026-06-24 17:00:00
2700,402,310,2025-05-24,refunded,93.79,0.03,7.5,10.53,111.79,0.0,USD,2025-05-25 02:00:00
2701,1,171,2025-02-05,pending,94.53,0.0,7.56,11.49,113.58,94.53,USD,2025-02-05 14:00:00
2702,140,789,2026-06-05,completed,114.85,0.0,9.19,5.26,129.3,114.85,USD,2026-06-07 05:00:00
2703,29,17,2025-10-26,refunded,224.52,24.19,16.03,9.26,225.62,0.0,USD,2025-10-28 18:00:00
2704,7,613,2025-06-03,cancelled,126.82,0.0,10.15,13.98,150.95,126.82,USD,2025-06-05 21:00:00
2705,472,235,2025-10-17,completed,286.83,0.0,22.95,4.24,314.02,286.83,USD,2025-10-17 05:00:00
2706,213,444,2026-05-18,completed,51.17,0.0,4.09,1.03,56.29,51.17,USD,2026-05-20 18:00:00
2707,398,247,2025-10-26,pending,266.75,6.67,20.81,2.56,283.45,260.08,USD,2025-10-27 21:00:00
2708,342,749,2026-01-17,completed,401.35,83.02,25.47,13.46,357.26,318.33,USD,2026-01-19 11:00:00
2709,225,779,2025-11-08,completed,158.01,19.09,11.11,4.22,154.25,138.92,USD,2025-11-08 05:00:00
2710,377,288,2025-10-20,completed,62.91,0.0,5.03,7.37,75.31,62.91,USD,2025-10-22 13:00:00
2711,125,23,2026-08-02,completed,227.61,0.0,18.21,8.02,253.84,227.61,USD,2026-08-02 23:00:00
2712,207,139,2026-07-18,completed,160.1,0.71,12.75,14.4,186.54,159.39,USD,2026-07-19 04:00:00
2713,190,573,2025-09-15,completed,200.39,0.0,16.03,4.52,220.94,200.39,USD,2025-09-17 16:00:00
2714,286,664,2026-05-07,completed,292.49,0.0,23.4,7.82,323.71,292.49,USD,2026-05-09 04:00:00
2715,106,33,2026-03-15,refunded,119.3,0.0,9.54,14.37,143.21,0.0,USD,2026-03-16 12:00:00
2716,373,10,2025-03-20,completed,104.83,6.12,7.9,3.02,109.63,98.71,USD,2025-03-22 00:00:00
2717,421,394,2026-05-30,pending,739.37,59.6,54.38,8.97,743.12,679.77,USD,2026-05-31 01:00:00
2718,445,644,2026-03-05,completed,229.67,0.0,18.37,0.95,248.99,229.67,USD,2026-03-07 22:00:00
2719,448,614,2026-06-04,refunded,327.24,0.0,26.18,3.94,357.36,0.0,USD,2026-06-04 05:00:00
2720,320,18,2026-04-25,completed,281.12,69.76,16.91,1.04,229.31,211.36,USD,2026-04-26 17:00:00
2721,399,791,2026-07-22,refunded,329.95,34.38,23.65,4.95,324.17,0.0,USD,2026-07-22 03:00:00
2722,346,228,2025-11-25,cancelled,205.27,0.0,16.42,3.1,224.79,205.27,USD,2025-11-26 06:00:00
2723,477,184,2025-02-07,completed,303.75,0.0,24.3,11.98,340.03,303.75,USD,2025-02-08 12:00:00
2724,50,285,2025-06-17,completed,94.28,16.36,6.23,6.95,91.1,77.92,USD,2025-06-19 12:00:00
2725,100,606,2025-03-30,pending,31.96,6.69,2.02,6.08,33.37,25.27,USD,2025-04-01 19:00:00
2726,211,255,2025-05-23,completed,75.23,15.02,4.82,10.38,75.41,60.21,USD,2025-05-25 05:00:00
2727,311,518,2025-12-14,completed,143.12,12.37,10.46,14.21,155.42,130.75,USD,2025-12-16 21:00:00
2728,445,195,2026-08-15,completed,129.19,31.11,7.85,4.52,110.45,98.08,USD,2026-08-15 08:00:00
2729,48,95,2026-04-09,pending,160.77,0.0,12.86,1.0,174.63,160.77,USD,2026-04-10 13:00:00
2730,81,87,2025-09-23,completed,89.73,0.0,7.18,1.65,98.56,89.73,USD,2025-09-24 18:00:00
2731,431,352,2025-10-25,completed,19.35,0.0,1.55,12.86,33.76,19.35,USD,2025-10-25 05:00:00
2732,155,3,2025-11-11,completed,116.69,15.65,8.08,12.69,121.81,101.04,USD,2025-11-12 18:00:00
2733,9,448,2025-09-07,completed,45.12,0.0,3.61,7.13,55.86,45.12,USD,2025-09-07 03:00:00
2734,339,620,2025-12-30,refunded,155.73,0.0,12.46,2.21,170.4,0.0,USD,2025-12-31 21:00:00
2735,439,451,2026-07-26,refunded,212.25,0.0,16.98,7.9,237.13,0.0,USD,2026-07-26 15:00:00
2736,452,366,2025-03-03,completed,114.9,5.17,8.78,10.03,128.54,109.73,USD,2025-03-05 19:00:00
2737,428,137,2025-08-05,completed,59.38,7.9,4.12,4.98,60.58,51.48,USD,2025-08-05 23:00:00
2738,30,130,2025-02-19,completed,166.88,0.0,13.35,1.24,181.47,166.88,USD,2025-02-20 19:00:00
2739,68,93,2026-06-01,completed,765.29,0.0,61.22,4.83,831.34,765.29,USD,2026-06-02 19:00:00
2740,436,66,2025-05-01,pending,229.6,20.41,16.74,10.36,236.29,209.19,USD,2025-05-03 14:00:00
2741,347,451,2026-02-01,completed,241.61,0.0,19.33,14.68,275.62,241.61,USD,2026-02-02 00:00:00
2742,111,223,2025-02-09,completed,105.58,20.74,6.79,2.85,94.48,84.84,USD,2025-02-10 01:00:00
2743,194,530,2025-10-17,completed,80.21,0.0,6.42,13.72,100.35,80.21,USD,2025-10-19 01:00:00
2744,431,284,2026-06-30,completed,330.46,44.51,22.88,6.85,315.68,285.95,USD,2026-06-30 04:00:00
2745,465,258,2026-08-02,completed,11.68,0.0,0.93,9.95,22.56,11.68,USD,2026-08-03 15:00:00
2746,445,370,2025-03-31,completed,87.41,5.8,6.53,12.96,101.1,81.61,USD,2025-04-01 03:00:00
2747,231,291,2026-02-06,completed,461.33,0.0,36.91,8.36,506.6,461.33,USD,2026-02-08 22:00:00
2748,388,81,2025-05-18,pending,148.71,0.0,11.9,0.92,161.53,148.71,USD,2025-05-19 14:00:00
2749,23,21,2026-03-19,completed,36.5,6.46,2.4,3.99,36.43,30.04,USD,2026-03-21 07:00:00
2750,462,784,2025-11-23,refunded,216.68,14.73,16.16,12.04,230.15,0.0,USD,2025-11-25 11:00:00
2751,111,87,2026-04-30,completed,115.5,8.62,8.55,8.29,123.72,106.88,USD,2026-04-30 10:00:00
2752,481,215,2026-06-28,completed,28.22,7.01,1.7,4.94,27.85,21.21,USD,2026-06-29 21:00:00
2753,9,325,2025-08-03,cancelled,188.64,18.19,13.64,8.75,192.84,170.45,USD,2025-08-05 00:00:00
2754,463,354,2025-01-30,refunded,168.92,21.57,11.79,4.03,163.17,0.0,USD,2025-01-31 07:00:00
2755,264,600,2025-07-12,completed,161.84,0.0,12.95,3.62,178.41,161.84,USD,2025-07-12 14:00:00
2756,257,568,2025-05-12,completed,227.32,16.49,16.87,12.43,240.13,210.83,USD,2025-05-13 09:00:00
2757,339,486,2025-03-17,completed,55.82,0.0,4.47,6.0,66.29,55.82,USD,2025-03-17 03:00:00
2758,232,249,2026-03-12,completed,202.45,0.0,16.2,4.11,222.76,202.45,USD,2026-03-14 23:00:00
2759,476,763,2026-07-02,completed,177.95,21.05,12.55,6.14,175.59,156.9,USD,2026-07-02 06:00:00
2760,53,66,2025-11-12,completed,325.85,0.0,26.07,13.81,365.73,325.85,USD,2025-11-12 10:00:00
2761,329,249,2025-11-20,completed,86.43,0.0,6.91,2.71,96.05,86.43,USD,2025-11-20 09:00:00
2762,109,302,2025-12-27,completed,364.43,0.0,29.15,2.78,396.36,364.43,USD,2025-12-27 14:00:00
2763,19,280,2026-06-30,completed,277.82,0.0,22.23,5.31,305.36,277.82,USD,2026-06-30 13:00:00
2764,327,443,2025-01-11,completed,144.33,4.28,11.2,0.91,152.16,140.05,USD,2025-01-12 21:00:00
2765,339,41,2025-11-16,completed,161.77,0.0,12.94,1.12,175.83,161.77,USD,2025-11-16 08:00:00
2766,64,674,2026-06-11,cancelled,13.11,0.0,1.05,0.16,14.32,13.11,USD,2026-06-13 02:00:00
2767,364,129,2025-04-09,pending,158.41,0.0,12.67,2.19,173.27,158.41,USD,2025-04-10 05:00:00
2768,472,295,2025-12-18,completed,264.88,0.0,21.19,9.61,295.68,264.88,USD,2025-12-19 04:00:00
2769,348,465,2025-01-05,completed,127.81,0.0,10.22,2.95,140.98,127.81,USD,2025-01-06 12:00:00
2770,114,712,2026-05-22,refunded,325.3,0.0,26.02,5.67,356.99,0.0,USD,2026-05-22 02:00:00
2771,43,447,2026-02-02,completed,219.31,1.07,17.46,10.58,246.28,218.24,USD,2026-02-03 12:00:00
2772,44,437,2026-08-08,completed,553.28,81.17,37.77,0.48,510.36,472.11,USD,2026-08-09 13:00:00
2773,310,198,2025-07-02,completed,91.66,0.0,7.33,3.14,102.13,91.66,USD,2025-07-04 05:00:00
2774,118,574,2026-03-21,completed,247.78,0.0,19.82,14.94,282.54,247.78,USD,2026-03-21 10:00:00
2775,186,449,2026-04-12,completed,46.43,0.0,3.71,8.95,59.09,46.43,USD,2026-04-12 03:00:00
2776,25,25,2025-01-19,completed,137.04,0.0,10.96,9.9,157.9,137.04,USD,2025-01-19 04:00:00
2777,221,336,2026-04-06,completed,228.38,0.0,18.27,7.74,254.39,228.38,USD,2026-04-08 21:00:00
2778,84,717,2026-03-08,completed,258.45,21.46,18.96,14.49,270.44,236.99,USD,2026-03-09 00:00:00
2779,214,687,2026-01-08,completed,120.2,14.43,8.46,2.16,116.39,105.77,USD,2026-01-08 16:00:00
2780,294,171,2025-12-09,completed,348.97,0.0,27.92,1.01,377.9,348.97,USD,2025-12-09 09:00:00
2781,481,593,2026-05-01,pending,399.58,0.0,31.97,12.24,443.79,399.58,USD,2026-05-01 18:00:00
2782,145,261,2025-03-04,completed,92.55,20.56,5.76,0.06,77.81,71.99,USD,2025-03-05 07:00:00
2783,161,610,2025-08-27,completed,140.35,33.03,8.59,8.42,124.33,107.32,USD,2025-08-29 21:00:00
2784,401,419,2025-06-14,completed,129.36,0.0,10.35,0.02,139.73,129.36,USD,2025-06-16 06:00:00
2785,477,257,2026-05-29,completed,105.51,10.3,7.62,5.22,108.05,95.21,USD,2026-05-31 13:00:00
2786,203,768,2025-04-13,cancelled,383.31,0.0,30.66,9.76,423.73,383.31,USD,2025-04-13 03:00:00
2787,173,194,2025-02-06,refunded,380.42,4.28,30.09,8.21,414.44,0.0,USD,2025-02-07 17:00:00
2788,357,277,2026-07-16,completed,132.77,0.0,10.62,8.4,151.79,132.77,USD,2026-07-17 11:00:00
2789,376,747,2025-08-29,completed,246.95,0.3,19.73,2.36,268.74,246.65,USD,2025-08-29 14:00:00
2790,355,177,2026-04-28,completed,322.79,0.0,25.82,4.42,353.03,322.79,USD,2026-04-29 11:00:00
2791,320,159,2025-05-22,completed,190.48,0.0,15.24,10.65,216.37,190.48,USD,2025-05-23 18:00:00
2792,68,769,2026-03-02,completed,125.07,17.68,8.59,0.35,116.33,107.39,USD,2026-03-02 00:00:00
2793,132,387,2026-07-16,completed,87.08,9.34,6.22,8.93,92.89,77.74,USD,2026-07-18 22:00:00
2794,29,647,2026-04-09,completed,263.29,65.03,15.86,7.76,221.88,198.26,USD,2026-04-11 05:00:00
2795,195,72,2025-06-28,completed,50.34,0.0,4.03,5.16,59.53,50.34,USD,2025-06-30 18:00:00
2796,421,531,2025-12-31,completed,127.73,25.78,8.16,5.02,115.13,101.95,USD,2025-12-31 06:00:00
2797,112,84,2026-05-20,completed,111.07,0.0,8.89,11.98,131.94,111.07,USD,2026-05-20 04:00:00
2798,351,328,2026-06-04,completed,47.32,0.26,3.76,5.73,56.55,47.06,USD,2026-06-06 19:00:00
2799,211,163,2025-07-01,completed,148.93,0.0,11.91,1.2,162.04,148.93,USD,2025-07-03 19:00:00
2800,88,337,2025-05-19,completed,138.07,0.0,11.05,14.43,163.55,138.07,USD,2025-05-20 22:00:00
2801,112,314,2025-09-21,completed,72.25,0.0,5.78,1.96,79.99,72.25,USD,2025-09-21 14:00:00
2802,340,761,2025-06-02,completed,373.82,58.31,25.24,11.96,352.71,315.51,USD,2025-06-02 20:00:00
2803,396,530,2026-03-14,completed,264.55,21.51,19.44,0.21,262.69,243.04,USD,2026-03-16 09:00:00
2804,165,56,2025-12-26,completed,163.69,0.0,13.1,5.47,182.26,163.69,USD,2025-12-28 18:00:00
2805,459,390,2025-10-19,completed,292.4,6.81,22.85,7.73,316.17,285.59,USD,2025-10-21 00:00:00
2806,29,607,2026-05-07,completed,339.69,0.0,27.18,0.45,367.32,339.69,USD,2026-05-08 04:00:00
2807,288,395,2025-05-10,completed,384.96,0.0,30.8,11.01,426.77,384.96,USD,2025-05-12 11:00:00
2808,115,481,2026-05-23,completed,91.21,0.0,7.3,3.91,102.42,91.21,USD,2026-05-23 18:00:00
2809,446,411,2025-12-09,completed,292.32,1.87,23.24,8.12,321.81,290.45,USD,2025-12-09 09:00:00
2810,378,775,2026-08-16,completed,138.51,25.2,9.06,11.88,134.25,113.31,USD,2026-08-17 03:00:00
2811,30,526,2025-12-31,completed,185.79,35.84,12.0,8.87,170.82,149.95,USD,2026-01-01 09:00:00
2812,196,447,2026-04-08,pending,95.11,0.0,7.61,6.83,109.55,95.11,USD,2026-04-09 20:00:00
2813,373,754,2025-04-26,cancelled,158.06,0.0,12.64,5.04,175.74,158.06,USD,2025-04-28 01:00:00
2814,273,225,2025-05-22,pending,295.18,44.75,20.03,0.68,271.14,250.43,USD,2025-05-24 04:00:00
2815,245,604,2025-12-04,pending,449.66,0.0,35.97,13.7,499.33,449.66,USD,2025-12-04 14:00:00
2816,69,624,2025-05-21,completed,146.74,22.58,9.93,8.88,142.97,124.16,USD,2025-05-22 23:00:00
2817,286,297,2025-01-27,completed,74.34,8.07,5.3,9.47,81.04,66.27,USD,2025-01-27 03:00:00
2818,47,789,2025-09-28,completed,493.3,0.0,39.46,6.61,539.37,493.3,USD,2025-09-30 18:00:00
2819,160,237,2025-06-09,completed,88.24,0.0,7.06,5.59,100.89,88.24,USD,2025-06-10 07:00:00
2820,120,726,2026-01-30,refunded,32.78,0.91,2.55,0.7,35.12,0.0,USD,2026-02-01 20:00:00
2821,329,16,2025-12-17,cancelled,101.51,20.29,6.5,2.53,90.25,81.22,USD,2025-12-19 14:00:00
2822,237,236,2025-11-08,completed,14.87,1.25,1.09,6.38,21.09,13.62,USD,2025-11-08 14:00:00
2823,213,245,2026-05-20,cancelled,328.71,76.88,20.15,3.63,275.61,251.83,USD,2026-05-20 08:00:00
2824,424,278,2025-02-10,completed,83.33,0.0,6.67,0.67,90.67,83.33,USD,2025-02-12 17:00:00
2825,195,350,2026-04-21,completed,58.22,0.4,4.63,8.19,70.64,57.82,USD,2026-04-22 11:00:00
2826,382,604,2025-10-20,completed,173.41,31.84,11.33,6.96,159.86,141.57,USD,2025-10-20 07:00:00
2827,445,345,2026-02-27,pending,449.8,14.7,34.81,6.32,476.23,435.1,USD,2026-02-28 19:00:00
2828,81,479,2026-05-11,completed,222.19,0.0,17.78,11.76,251.73,222.19,USD,2026-05-13 20:00:00
2829,373,92,2025-07-03,completed,49.55,0.0,3.96,8.99,62.5,49.55,USD,2025-07-04 19:00:00
2830,36,10,2025-05-26,completed,605.92,0.0,48.47,0.02,654.41,605.92,USD,2025-05-26 18:00:00
2831,321,316,2026-04-03,refunded,204.07,0.0,16.33,11.43,231.83,0.0,USD,2026-04-04 00:00:00
2832,113,114,2026-01-21,refunded,306.81,46.18,20.85,7.24,288.72,0.0,USD,2026-01-21 19:00:00
2833,128,88,2025-04-24,completed,39.59,4.24,2.83,7.75,45.93,35.35,USD,2025-04-25 14:00:00
2834,427,69,2025-06-13,pending,541.15,0.0,43.29,13.34,597.78,541.15,USD,2025-06-14 06:00:00
2835,94,219,2026-06-03,completed,118.4,27.49,7.27,1.64,99.82,90.91,USD,2026-06-04 00:00:00
2836,258,143,2025-12-04,pending,36.25,0.0,2.9,8.99,48.14,36.25,USD,2025-12-04 13:00:00
2837,391,116,2026-07-08,completed,188.72,14.76,13.92,4.23,192.11,173.96,USD,2026-07-08 02:00:00
2838,404,244,2026-03-02,completed,306.71,14.67,23.36,0.55,315.95,292.04,USD,2026-03-04 11:00:00
2839,103,204,2025-05-06,pending,246.07,61.05,14.8,6.56,206.38,185.02,USD,2025-05-08 09:00:00
2840,185,774,2025-05-06,refunded,243.07,57.28,14.86,4.25,204.9,0.0,USD,2025-05-06 08:00:00
2841,281,512,2026-08-09,completed,231.07,20.19,16.87,0.02,227.77,210.88,USD,2026-08-09 16:00:00
2842,296,542,2026-03-25,cancelled,176.6,11.48,13.21,7.39,185.72,165.12,USD,2026-03-26 07:00:00
2843,82,550,2025-12-27,completed,39.43,0.0,3.15,4.67,47.25,39.43,USD,2025-12-28 18:00:00
2844,298,44,2026-02-15,completed,136.93,14.47,9.8,6.51,138.77,122.46,USD,2026-02-17 17:00:00
2845,1,395,2025-09-09,completed,122.77,0.0,9.82,0.18,132.77,122.77,USD,2025-09-11 02:00:00
2846,314,486,2025-07-09,completed,385.98,0.0,30.88,6.03,422.89,385.98,USD,2025-07-10 21:00:00
2847,368,752,2026-05-15,completed,329.04,62.47,21.33,7.06,294.96,266.57,USD,2026-05-17 05:00:00
2848,236,350,2026-06-28,completed,110.37,2.48,8.63,6.99,123.51,107.89,USD,2026-06-29 19:00:00
2849,123,220,2026-07-05,completed,274.6,48.2,18.11,10.75,255.26,226.4,USD,2026-07-07 18:00:00
2850,120,604,2026-04-19,completed,152.25,0.0,12.18,14.87,179.3,152.25,USD,2026-04-21 23:00:00
2851,346,148,2026-06-14,completed,32.93,0.0,2.63,0.42,35.98,32.93,USD,2026-06-15 08:00:00
2852,215,708,2025-11-13,completed,13.32,0.0,1.07,5.94,20.33,13.32,USD,2025-11-13 01:00:00
2853,465,286,2025-07-08,completed,252.61,25.78,18.15,12.85,257.83,226.83,USD,2025-07-10 23:00:00
2854,488,53,2025-02-20,completed,65.16,15.82,3.95,9.39,62.68,49.34,USD,2025-02-20 23:00:00
2855,218,282,2025-07-07,completed,64.9,10.6,4.34,14.75,73.39,54.3,USD,2025-07-07 19:00:00
2856,137,784,2025-09-25,completed,90.32,0.0,7.23,10.7,108.25,90.32,USD,2025-09-25 09:00:00
2857,407,347,2025-02-20,completed,256.48,30.72,18.06,10.86,254.68,225.76,USD,2025-02-22 06:00:00
2858,363,47,2025-07-20,cancelled,332.04,0.0,26.56,1.14,359.74,332.04,USD,2025-07-20 13:00:00
2859,83,299,2026-07-18,pending,327.32,32.33,23.6,4.13,322.72,294.99,USD,2026-07-20 21:00:00
2860,473,586,2025-06-09,completed,28.84,6.6,1.78,8.76,32.78,22.24,USD,2025-06-09 15:00:00
2861,101,44,2025-08-27,completed,87.08,0.0,6.97,7.84,101.89,87.08,USD,2025-08-27 05:00:00
2862,284,723,2026-01-26,completed,75.49,17.94,4.6,11.44,73.59,57.55,USD,2026-01-27 21:00:00
2863,94,603,2026-06-22,completed,256.35,6.4,20.0,14.9,284.85,249.95,USD,2026-06-22 14:00:00
2864,245,602,2026-07-14,completed,88.26,0.0,7.06,3.1,98.42,88.26,USD,2026-07-14 19:00:00
2865,313,603,2026-05-09,completed,144.04,0.0,11.52,6.43,161.99,144.04,USD,2026-05-09 07:00:00
2866,61,121,2025-03-30,completed,272.44,44.55,18.23,13.0,259.12,227.89,USD,2025-03-31 23:00:00
2867,130,642,2025-03-09,completed,165.7,37.24,10.28,12.57,151.31,128.46,USD,2025-03-09 15:00:00
2868,377,167,2026-03-27,cancelled,203.47,50.41,12.24,12.26,177.56,153.06,USD,2026-03-29 05:00:00
2869,478,123,2026-06-22,completed,140.07,0.0,11.21,9.31,160.59,140.07,USD,2026-06-22 18:00:00
2870,456,33,2026-01-13,completed,309.34,60.5,19.91,14.9,283.65,248.84,USD,2026-01-14 04:00:00
2871,376,115,2026-07-10,pending,330.24,0.0,26.42,5.37,362.03,330.24,USD,2026-07-11 11:00:00
2872,491,105,2026-02-09,completed,230.99,0.0,18.48,1.74,251.21,230.99,USD,2026-02-10 14:00:00
2873,83,708,2025-08-02,completed,331.14,0.0,26.49,1.99,359.62,331.14,USD,2025-08-04 11:00:00
2874,101,49,2026-05-29,completed,734.49,0.0,58.76,6.54,799.79,734.49,USD,2026-05-29 09:00:00
2875,203,518,2026-04-05,completed,269.22,0.0,21.54,12.07,302.83,269.22,USD,2026-04-05 16:00:00
2876,461,43,2025-08-16,completed,156.11,0.0,12.49,6.79,175.39,156.11,USD,2025-08-18 06:00:00
2877,400,770,2025-12-24,completed,206.84,0.0,16.55,9.17,232.56,206.84,USD,2025-12-26 13:00:00
2878,186,450,2025-12-18,completed,353.68,7.86,27.67,5.37,378.86,345.82,USD,2025-12-19 06:00:00
2879,9,412,2025-03-02,completed,117.27,0.0,9.38,10.72,137.37,117.27,USD,2025-03-02 00:00:00
2880,310,62,2025-06-18,completed,109.85,0.0,8.79,2.3,120.94,109.85,USD,2025-06-20 12:00:00
2881,155,695,2025-05-19,completed,204.35,0.0,16.35,7.8,228.5,204.35,USD,2025-05-20 20:00:00
2882,112,341,2025-06-22,completed,153.97,24.26,10.38,2.78,142.87,129.71,USD,2025-06-23 13:00:00
2883,108,113,2025-11-16,completed,74.83,6.39,5.48,7.03,80.95,68.44,USD,2025-11-17 04:00:00
2884,125,568,2025-11-08,completed,182.41,0.0,14.59,6.46,203.46,182.41,USD,2025-11-10 02:00:00
2885,160,756,2026-06-05,completed,402.31,77.99,25.95,9.07,359.34,324.32,USD,2026-06-05 20:00:00
2886,310,13,2025-01-05,completed,225.64,46.74,14.31,7.64,200.85,178.9,USD,2025-01-06 01:00:00
2887,82,162,2026-05-16,completed,62.1,2.78,4.75,14.64,78.71,59.32,USD,2026-05-18 07:00:00
2888,243,512,2025-05-31,completed,251.09,0.0,20.09,13.5,284.68,251.09,USD,2025-06-01 02:00:00
2889,461,50,2025-08-02,completed,131.14,0.0,10.49,4.41,146.04,131.14,USD,2025-08-04 20:00:00
2890,483,606,2025-04-03,completed,584.37,0.0,46.75,1.82,632.94,584.37,USD,2025-04-04 07:00:00
2891,415,489,2025-01-09,completed,237.54,0.0,19.0,0.97,257.51,237.54,USD,2025-01-10 16:00:00
2892,133,430,2025-03-14,completed,100.89,0.0,8.07,2.97,111.93,100.89,USD,2025-03-15 21:00:00
2893,74,263,2025-05-17,completed,264.15,55.5,16.69,3.33,228.67,208.65,USD,2025-05-19 02:00:00
2894,440,381,2025-08-22,cancelled,191.93,0.0,15.35,13.33,220.61,191.93,USD,2025-08-23 12:00:00
2895,202,67,2025-07-09,completed,377.3,0.0,30.18,13.87,421.35,377.3,USD,2025-07-10 02:00:00
2896,231,585,2025-03-05,completed,109.39,0.02,8.75,3.46,121.58,109.37,USD,2025-03-07 09:00:00
2897,214,492,2025-07-25,cancelled,237.16,33.68,16.28,11.38,231.14,203.48,USD,2025-07-27 03:00:00
2898,68,424,2025-04-04,completed,39.48,0.0,3.16,12.54,55.18,39.48,USD,2025-04-04 03:00:00
2899,361,627,2026-02-20,completed,176.74,16.6,12.81,5.66,178.61,160.14,USD,2026-02-21 21:00:00
2900,120,408,2026-02-10,completed,60.56,0.0,4.84,13.07,78.47,60.56,USD,2026-02-12 16:00:00
2901,117,323,2025-02-08,completed,187.42,0.0,14.99,14.83,217.24,187.42,USD,2025-02-09 16:00:00
2902,378,642,2026-01-31,completed,217.81,0.0,17.42,14.52,249.75,217.81,USD,2026-02-02 18:00:00
2903,357,748,2026-07-06,refunded,230.89,0.0,18.47,11.13,260.49,0.0,USD,2026-07-07 04:00:00
2904,414,671,2026-07-28,completed,109.26,17.56,7.34,5.57,104.61,91.7,USD,2026-07-28 17:00:00
2905,354,409,2025-02-04,completed,180.64,0.0,14.45,3.41,198.5,180.64,USD,2025-02-05 11:00:00
2906,20,295,2026-07-13,completed,346.96,5.13,27.35,14.89,384.07,341.83,USD,2026-07-13 07:00:00
2907,209,105,2025-09-05,refunded,481.8,0.0,38.54,4.14,524.48,0.0,USD,2025-09-05 04:00:00
2908,206,333,2026-06-15,completed,185.13,10.04,14.01,6.58,195.68,175.09,USD,2026-06-16 17:00:00
2909,161,666,2025-05-04,completed,353.25,0.0,28.26,3.96,385.47,353.25,USD,2025-05-04 02:00:00
2910,248,641,2026-02-24,completed,80.58,18.11,5.0,7.44,74.91,62.47,USD,2026-02-24 04:00:00
2911,249,103,2026-05-03,completed,123.15,0.0,9.85,1.66,134.66,123.15,USD,2026-05-04 08:00:00
2912,308,436,2025-06-11,completed,199.91,37.04,13.03,12.14,188.04,162.87,USD,2025-06-11 16:00:00
2913,480,536,2026-03-24,refunded,154.72,3.37,12.11,7.58,171.04,0.0,USD,2026-03-24 12:00:00
2914,326,550,2025-04-19,cancelled,142.92,22.08,9.67,6.29,136.8,120.84,USD,2025-04-20 12:00:00
2915,467,701,2026-03-07,completed,329.18,0.0,26.33,5.45,360.96,329.18,USD,2026-03-07 23:00:00
2916,416,61,2026-07-31,completed,69.74,15.04,4.38,8.7,67.78,54.7,USD,2026-08-01 20:00:00
2917,368,372,2025-07-01,completed,76.03,15.64,4.83,11.7,76.92,60.39,USD,2025-07-02 06:00:00
2918,137,77,2026-08-06,completed,52.0,8.91,3.45,13.54,60.08,43.09,USD,2026-08-06 13:00:00
2919,289,580,2026-02-09,completed,204.21,19.43,14.78,12.62,212.18,184.78,USD,2026-02-11 02:00:00
2920,56,426,2025-11-03,completed,131.0,5.45,10.04,6.68,142.27,125.55,USD,2025-11-05 19:00:00
2921,462,347,2025-07-18,completed,308.21,48.98,20.74,12.51,292.48,259.23,USD,2025-07-20 04:00:00
2922,94,656,2025-11-29,completed,192.0,0.0,15.36,7.93,215.29,192.0,USD,2025-11-29 13:00:00
2923,120,677,2026-08-21,completed,107.22,0.0,8.58,9.57,125.37,107.22,USD,2026-08-22 16:00:00
2924,469,254,2025-01-04,completed,94.42,0.0,7.55,10.12,112.09,94.42,USD,2025-01-04 11:00:00
2925,61,653,2026-06-10,completed,13.48,1.06,0.99,6.0,19.41,12.42,USD,2026-06-10 01:00:00
2926,274,769,2025-04-01,completed,147.8,0.08,11.82,7.29,166.83,147.72,USD,2025-04-01 11:00:00
2927,288,42,2026-06-16,completed,61.35,0.0,4.91,10.39,76.65,61.35,USD,2026-06-18 10:00:00
2928,110,609,2025-11-28,completed,334.36,0.0,26.75,4.62,365.73,334.36,USD,2025-11-30 18:00:00
2929,195,93,2026-06-30,completed,126.13,0.0,10.09,11.2,147.42,126.13,USD,2026-07-01 18:00:00
2930,393,626,2025-04-21,completed,43.74,0.0,3.5,5.31,52.55,43.74,USD,2025-04-23 15:00:00
2931,356,544,2025-01-30,refunded,378.84,38.32,27.24,8.78,376.54,0.0,USD,2025-01-31 05:00:00
2932,294,668,2025-10-18,completed,149.45,24.1,10.03,12.56,147.94,125.35,USD,2025-10-18 02:00:00
2933,272,460,2026-04-18,completed,250.03,0.0,20.0,0.35,270.38,250.03,USD,2026-04-20 17:00:00
2934,184,204,2026-04-28,completed,108.45,0.0,8.68,3.61,120.74,108.45,USD,2026-04-30 04:00:00
2935,312,557,2026-04-10,completed,387.41,0.0,30.99,8.42,426.82,387.41,USD,2026-04-11 23:00:00
2936,10,265,2026-05-02,pending,84.2,4.4,6.38,1.59,87.77,79.8,USD,2026-05-02 05:00:00
2937,36,25,2026-04-16,completed,130.95,0.38,10.45,3.08,144.1,130.57,USD,2026-04-18 21:00:00
2938,392,95,2026-06-08,completed,30.87,0.0,2.47,11.24,44.58,30.87,USD,2026-06-08 05:00:00
2939,88,697,2025-04-14,completed,381.24,0.0,30.5,0.39,412.13,381.24,USD,2025-04-14 01:00:00
2940,359,305,2025-05-24,completed,97.83,18.69,6.33,9.15,94.62,79.14,USD,2025-05-24 05:00:00
2941,9,116,2025-01-03,completed,207.63,29.57,14.24,0.51,192.81,178.06,USD,2025-01-05 19:00:00
2942,132,29,2025-09-20,completed,228.58,10.16,17.47,1.74,237.63,218.42,USD,2025-09-22 11:00:00
2943,470,33,2025-06-09,refunded,341.21,0.0,27.3,5.86,374.37,0.0,USD,2025-06-09 08:00:00
2944,133,602,2026-01-16,completed,196.75,11.09,14.85,14.47,214.98,185.66,USD,2026-01-17 06:00:00
2945,492,105,2025-12-02,completed,156.16,16.61,11.16,8.19,158.9,139.55,USD,2025-12-03 14:00:00
2946,136,643,2025-12-19,completed,318.32,70.68,19.81,4.68,272.13,247.64,USD,2025-12-20 16:00:00
2947,319,448,2026-02-04,completed,225.95,0.0,18.08,6.17,250.2,225.95,USD,2026-02-04 14:00:00
2948,336,171,2026-08-30,completed,138.78,0.0,11.1,8.53,158.41,138.78,USD,2026-08-30 02:00:00
2949,317,721,2025-03-06,completed,392.45,0.0,31.4,9.29,433.14,392.45,USD,2025-03-06 02:00:00
2950,148,392,2025-06-17,completed,238.2,7.42,18.46,4.02,253.26,230.78,USD,2025-06-19 16:00:00
2951,380,316,2025-09-11,completed,56.68,10.67,3.68,2.96,52.65,46.01,USD,2025-09-12 20:00:00
2952,156,538,2025-02-13,pending,439.06,0.0,35.12,7.43,481.61,439.06,USD,2025-02-15 22:00:00
2953,408,527,2026-05-12,completed,106.24,16.54,7.18,9.67,106.55,89.7,USD,2026-05-14 13:00:00
2954,189,595,2025-08-24,completed,340.09,82.91,20.57,12.25,290.0,257.18,USD,2025-08-24 16:00:00
2955,419,492,2025-04-12,completed,44.52,0.0,3.56,8.89,56.97,44.52,USD,2025-04-12 06:00:00
2956,491,776,2025-11-11,completed,317.0,63.46,20.28,10.39,284.21,253.54,USD,2025-11-12 23:00:00
2957,378,333,2025-04-27,completed,59.94,8.38,4.12,7.26,62.94,51.56,USD,2025-04-27 16:00:00
2958,231,161,2025-08-24,completed,193.05,0.0,15.44,8.5,216.99,193.05,USD,2025-08-26 00:00:00
2959,212,102,2026-01-27,completed,233.66,3.09,18.45,9.53,258.55,230.57,USD,2026-01-29 21:00:00
2960,189,198,2025-07-13,completed,141.05,0.0,11.28,3.54,155.87,141.05,USD,2025-07-15 21:00:00
2961,176,619,2026-05-21,completed,170.04,12.65,12.59,14.01,183.99,157.39,USD,2026-05-21 18:00:00
2962,236,684,2025-06-06,completed,72.0,12.52,4.76,5.18,69.42,59.48,USD,2025-06-07 10:00:00
2963,243,234,2025-03-11,pending,295.29,51.73,19.48,9.07,272.11,243.56,USD,2025-03-13 02:00:00
2964,360,78,2025-09-17,completed,200.4,22.82,14.21,8.41,200.2,177.58,USD,2025-09-17 17:00:00
2965,445,577,2025-04-27,completed,83.79,0.0,6.7,12.8,103.29,83.79,USD,2025-04-28 16:00:00
2966,442,629,2026-02-23,completed,205.83,0.0,16.47,1.7,224.0,205.83,USD,2026-02-24 01:00:00
2967,303,45,2025-11-14,completed,210.33,24.64,14.86,13.26,213.81,185.69,USD,2025-11-15 17:00:00
2968,496,107,2025-04-01,completed,176.0,0.0,14.08,2.06,192.14,176.0,USD,2025-04-02 22:00:00
2969,447,269,2025-07-24,completed,13.71,0.26,1.08,2.17,16.7,13.45,USD,2025-07-26 15:00:00
2970,244,372,2026-06-10,pending,126.0,0.0,10.08,12.93,149.01,126.0,USD,2026-06-11 10:00:00
2971,207,89,2026-05-13,completed,292.29,0.0,23.38,3.86,319.53,292.29,USD,2026-05-13 20:00:00
2972,231,474,2026-01-25,completed,242.67,0.0,19.41,9.18,271.26,242.67,USD,2026-01-25 05:00:00
2973,12,398,2026-07-03,completed,237.7,42.09,15.65,6.95,218.21,195.61,USD,2026-07-05 02:00:00
2974,166,615,2025-03-07,pending,199.33,0.0,15.95,14.01,229.29,199.33,USD,2025-03-09 10:00:00
2975,192,763,2026-03-21,completed,315.1,20.65,23.56,11.73,329.74,294.45,USD,2026-03-22 05:00:00
2976,390,92,2025-01-15,pending,105.73,0.0,8.46,5.02,119.21,105.73,USD,2025-01-17 14:00:00
2977,132,362,2025-12-31,completed,88.4,15.99,5.79,12.2,90.4,72.41,USD,2026-01-01 10:00:00
2978,328,660,2025-02-01,completed,510.86,73.94,34.95,3.39,475.26,436.92,USD,2025-02-02 10:00:00
2979,162,8,2025-07-27,refunded,96.99,1.56,7.63,9.23,112.29,0.0,USD,2025-07-27 03:00:00
2980,182,681,2025-02-24,completed,54.82,0.0,4.39,11.27,70.48,54.82,USD,2025-02-25 13:00:00
2981,35,318,2025-06-04,completed,139.12,0.0,11.13,10.55,160.8,139.12,USD,2025-06-05 18:00:00
2982,260,635,2026-01-26,completed,180.7,0.0,14.46,9.85,205.01,180.7,USD,2026-01-27 11:00:00
2983,49,481,2026-04-20,completed,316.44,8.54,24.63,12.45,344.98,307.9,USD,2026-04-21 14:00:00
2984,103,750,2026-07-26,pending,126.22,0.0,10.1,8.34,144.66,126.22,USD,2026-07-27 14:00:00
2985,251,121,2026-08-23,refunded,125.4,15.11,8.82,13.93,133.04,0.0,USD,2026-08-25 02:00:00
2986,347,698,2025-03-22,completed,168.81,24.4,11.55,2.17,158.13,144.41,USD,2025-03-22 07:00:00
2987,203,454,2026-07-13,completed,110.01,0.0,8.8,5.34,124.15,110.01,USD,2026-07-14 14:00:00
2988,127,615,2025-06-22,completed,45.05,3.84,3.3,11.74,56.25,41.21,USD,2025-06-23 07:00:00
2989,449,619,2026-06-21,completed,58.92,11.03,3.83,4.62,56.34,47.89,USD,2026-06-22 00:00:00
2990,175,464,2026-06-10,completed,373.44,0.0,29.88,6.64,409.96,373.44,USD,2026-06-11 08:00:00
2991,161,363,2026-07-12,completed,272.7,45.05,18.21,11.59,257.45,227.65,USD,2026-07-14 00:00:00
2992,35,647,2025-11-03,cancelled,164.63,15.05,11.97,8.08,169.63,149.58,USD,2025-11-05 23:00:00
2993,176,405,2026-04-01,completed,242.13,0.0,19.37,2.81,264.31,242.13,USD,2026-04-01 15:00:00
2994,110,781,2025-09-17,completed,278.18,0.0,22.25,2.62,303.05,278.18,USD,2025-09-17 03:00:00
2995,177,534,2025-02-17,pending,101.19,2.57,7.89,4.52,111.03,98.62,USD,2025-02-18 01:00:00
2996,98,510,2025-10-15,cancelled,71.35,0.0,5.71,4.55,81.61,71.35,USD,2025-10-15 22:00:00
2997,99,467,2025-05-03,completed,348.65,68.72,22.39,2.05,304.37,279.93,USD,2025-05-03 04:00:00
2998,368,195,2025-03-03,completed,18.45,1.13,1.39,12.52,31.23,17.32,USD,2025-03-04 11:00:00
2999,238,599,2025-03-23,completed,244.77,32.38,16.99,4.24,233.62,212.39,USD,2025-03-24 13:00:00
3000,348,199,2025-05-14,completed,191.17,0.0,15.29,12.03,218.49,191.17,USD,2025-05-16 13:00:00
3001,289,493,2026-04-29,completed,326.09,0.0,26.09,14.6,366.78,326.09,USD,2026-05-01 02:00:00
3002,270,637,2026-08-07,completed,250.92,27.6,17.87,4.98,246.17,223.32,USD,2026-08-08 09:00:00
3003,234,361,2026-06-01,completed,241.08,0.0,19.29,14.55,274.92,241.08,USD,2026-06-02 23:00:00
3004,194,792,2026-01-26,completed,77.77,0.0,6.22,2.87,86.86,77.77,USD,2026-01-26 20:00:00
3005,132,131,2026-06-20,pending,285.33,0.0,22.83,9.71,317.87,285.33,USD,2026-06-20 11:00:00
3006,445,169,2025-06-23,cancelled,224.54,0.0,17.96,14.87,257.37,224.54,USD,2025-06-24 14:00:00
3007,205,243,2026-07-06,completed,86.68,0.0,6.93,12.13,105.74,86.68,USD,2026-07-07 11:00:00
3008,443,777,2026-07-29,completed,192.39,0.0,15.39,3.45,211.23,192.39,USD,2026-07-29 21:00:00
3009,385,428,2025-04-01,completed,64.24,11.36,4.23,3.86,60.97,52.88,USD,2025-04-03 16:00:00
3010,302,215,2025-08-30,completed,148.12,36.87,8.9,3.94,124.09,111.25,USD,2025-08-31 15:00:00
3011,422,773,2025-06-20,refunded,645.28,29.2,49.29,14.14,679.51,0.0,USD,2025-06-21 16:00:00
3012,329,331,2025-03-27,completed,74.14,13.71,4.83,3.68,68.94,60.43,USD,2025-03-29 01:00:00
3013,408,214,2025-04-15,completed,44.6,0.0,3.57,7.64,55.81,44.6,USD,2025-04-15 20:00:00
3014,399,727,2026-08-09,completed,59.58,0.0,4.77,5.25,69.6,59.58,USD,2026-08-10 14:00:00
3015,323,124,2025-04-21,completed,146.55,35.29,8.9,5.42,125.58,111.26,USD,2025-04-23 16:00:00
3016,362,770,2026-02-09,completed,263.46,0.0,21.08,6.12,290.66,263.46,USD,2026-02-10 19:00:00
3017,409,37,2026-06-14,completed,172.49,0.0,13.8,5.18,191.47,172.49,USD,2026-06-16 13:00:00
3018,113,454,2026-04-02,completed,50.98,0.0,4.08,9.0,64.06,50.98,USD,2026-04-02 02:00:00
3019,439,466,2025-10-03,completed,261.15,40.86,17.62,6.38,244.29,220.29,USD,2025-10-05 03:00:00
3020,252,761,2025-01-14,cancelled,26.97,0.0,2.16,6.62,35.75,26.97,USD,2025-01-15 23:00:00
3021,62,744,2025-09-11,completed,56.48,0.0,4.52,7.59,68.59,56.48,USD,2025-09-13 16:00:00
3022,76,674,2025-06-21,completed,106.4,0.0,8.51,5.34,120.25,106.4,USD,2025-06-23 21:00:00
3023,376,733,2026-06-09,completed,340.63,9.38,26.5,11.32,369.07,331.25,USD,2026-06-09 10:00:00
3024,405,694,2026-07-28,pending,177.53,0.0,14.2,7.55,199.28,177.53,USD,2026-07-29 11:00:00
3025,328,411,2025-05-22,completed,182.61,11.9,13.66,7.64,192.01,170.71,USD,2025-05-24 19:00:00
3026,327,695,2025-04-05,completed,51.81,0.0,4.14,3.15,59.1,51.81,USD,2025-04-07 09:00:00
3027,433,618,2026-05-13,completed,115.03,0.0,9.2,0.46,124.69,115.03,USD,2026-05-13 07:00:00
3028,490,309,2026-06-15,completed,308.42,0.0,24.67,12.14,345.23,308.42,USD,2026-06-16 15:00:00
3029,416,705,2026-08-20,cancelled,214.63,0.0,17.17,12.83,244.63,214.63,USD,2026-08-21 01:00:00
3030,69,25,2026-04-13,completed,267.66,0.0,21.41,3.62,292.69,267.66,USD,2026-04-15 02:00:00
3031,402,83,2025-10-09,completed,163.85,39.37,9.96,5.4,139.84,124.48,USD,2025-10-10 12:00:00
3032,256,132,2025-08-18,cancelled,310.65,0.0,24.85,5.37,340.87,310.65,USD,2025-08-18 22:00:00
3033,400,428,2025-02-06,completed,51.49,2.45,3.92,10.26,63.22,49.04,USD,2025-02-07 06:00:00
3034,363,60,2026-06-23,completed,143.92,0.0,11.51,2.81,158.24,143.92,USD,2026-06-25 21:00:00
3035,339,180,2026-08-26,completed,237.37,0.0,18.99,14.68,271.04,237.37,USD,2026-08-27 02:00:00
3036,434,194,2026-07-15,completed,36.72,5.82,2.47,0.93,34.3,30.9,USD,2026-07-15 15:00:00
3037,76,195,2025-12-15,cancelled,9.29,1.08,0.66,14.61,23.48,8.21,USD,2025-12-15 08:00:00
3038,427,45,2026-06-11,completed,511.15,0.0,40.89,1.03,553.07,511.15,USD,2026-06-11 11:00:00
3039,174,180,2025-01-02,completed,179.3,0.0,14.34,4.76,198.4,179.3,USD,2025-01-02 03:00:00
3040,101,222,2025-09-05,pending,32.99,6.37,2.13,3.76,32.51,26.62,USD,2025-09-05 03:00:00
3041,361,607,2025-03-07,completed,176.02,0.0,14.08,3.89,193.99,176.02,USD,2025-03-08 14:00:00
3042,492,472,2025-12-23,completed,57.26,6.38,4.07,14.92,69.87,50.88,USD,2025-12-24 14:00:00
3043,44,252,2025-01-02,completed,77.75,19.07,4.69,6.88,70.25,58.68,USD,2025-01-04 09:00:00
3044,491,113,2025-07-05,completed,348.26,0.0,27.86,1.79,377.91,348.26,USD,2025-07-06 20:00:00
3045,172,411,2025-09-12,completed,108.53,11.49,7.76,14.73,119.53,97.04,USD,2025-09-12 13:00:00
3046,485,253,2025-03-20,completed,107.82,0.0,8.63,3.64,120.09,107.82,USD,2025-03-21 22:00:00
3047,25,558,2025-02-22,completed,55.55,12.44,3.45,1.09,47.65,43.11,USD,2025-02-23 07:00:00
3048,307,180,2026-07-02,completed,127.59,23.6,8.32,0.36,112.67,103.99,USD,2026-07-02 12:00:00
3049,268,798,2025-06-15,completed,187.8,36.01,12.14,6.95,170.88,151.79,USD,2025-06-16 22:00:00
3050,416,77,2026-08-19,completed,108.43,11.48,7.76,13.77,118.48,96.95,USD,2026-08-20 22:00:00
3051,236,668,2025-08-14,completed,597.76,75.82,41.76,0.25,563.95,521.94,USD,2025-08-15 06:00:00
3052,39,541,2025-02-05,completed,68.86,0.0,5.51,10.88,85.25,68.86,USD,2025-02-05 11:00:00
3053,92,539,2025-03-04,completed,68.5,0.0,5.48,3.91,77.89,68.5,USD,2025-03-04 02:00:00
3054,128,715,2026-02-22,completed,123.61,0.0,9.89,3.29,136.79,123.61,USD,2026-02-24 06:00:00
3055,436,362,2025-01-08,pending,552.62,0.0,44.21,10.56,607.39,552.62,USD,2025-01-08 11:00:00
3056,46,573,2026-07-31,cancelled,270.67,64.16,16.52,11.22,234.25,206.51,USD,2026-07-31 19:00:00
3057,420,423,2025-06-05,completed,105.55,0.0,8.44,8.39,122.38,105.55,USD,2025-06-07 00:00:00
3058,253,548,2026-01-05,cancelled,105.62,21.92,6.7,3.03,93.43,83.7,USD,2026-01-06 06:00:00
3059,283,443,2025-09-27,completed,66.55,0.0,5.32,0.09,71.96,66.55,USD,2025-09-29 11:00:00
3060,483,787,2025-01-29,pending,120.8,0.0,9.66,11.06,141.52,120.8,USD,2025-01-30 02:00:00
3061,384,259,2026-03-03,pending,140.91,0.0,11.27,8.99,161.17,140.91,USD,2026-03-05 16:00:00
3062,325,586,2025-01-10,completed,262.24,28.14,18.73,6.34,259.17,234.1,USD,2025-01-11 02:00:00
3063,413,133,2026-04-29,completed,225.56,0.0,18.04,3.2,246.8,225.56,USD,2026-04-29 05:00:00
3064,231,38,2025-11-02,completed,117.69,0.0,9.42,11.43,138.54,117.69,USD,2025-11-04 03:00:00
3065,466,563,2025-07-03,completed,424.97,0.0,34.0,1.06,460.03,424.97,USD,2025-07-04 23:00:00
3066,397,175,2026-07-25,completed,94.13,11.42,6.62,9.64,98.97,82.71,USD,2026-07-27 23:00:00
3067,489,13,2025-05-04,completed,43.71,0.0,3.5,10.33,57.54,43.71,USD,2025-05-04 07:00:00
3068,276,510,2025-06-19,completed,194.21,16.9,14.18,3.35,194.84,177.31,USD,2025-06-20 13:00:00
3069,322,490,2026-01-27,refunded,331.35,0.0,26.51,7.25,365.11,0.0,USD,2026-01-29 03:00:00
3070,229,512,2025-08-01,pending,159.08,0.0,12.73,7.8,179.61,159.08,USD,2025-08-02 04:00:00
3071,463,364,2025-10-23,completed,53.47,2.78,4.06,8.87,63.62,50.69,USD,2025-10-23 18:00:00
3072,315,667,2026-04-29,completed,183.0,32.05,12.08,13.52,176.55,150.95,USD,2026-04-29 21:00:00
3073,80,11,2026-07-09,refunded,199.92,34.79,13.21,8.2,186.54,0.0,USD,2026-07-09 00:00:00
3074,256,128,2026-05-02,completed,215.05,0.0,17.2,1.01,233.26,215.05,USD,2026-05-03 20:00:00
3075,67,302,2025-02-18,pending,185.68,35.11,12.05,5.17,167.79,150.57,USD,2025-02-20 08:00:00
3076,321,785,2026-07-27,completed,360.78,48.3,25.0,9.42,346.9,312.48,USD,2026-07-28 08:00:00
3077,350,577,2025-09-13,completed,65.11,5.09,4.8,5.0,69.82,60.02,USD,2025-09-13 02:00:00
3078,402,414,2026-05-25,completed,4.44,0.0,0.36,11.52,16.32,4.44,USD,2026-05-27 07:00:00
3079,77,760,2025-06-23,completed,27.01,0.0,2.16,2.85,32.02,27.01,USD,2025-06-25 17:00:00
3080,232,737,2025-12-27,completed,52.74,0.0,4.22,2.15,59.11,52.74,USD,2025-12-28 19:00:00
3081,178,85,2026-08-09,refunded,293.69,18.36,22.03,3.47,300.83,0.0,USD,2026-08-09 06:00:00
3082,208,424,2026-07-24,completed,127.56,31.09,7.72,13.14,117.33,96.47,USD,2026-07-25 05:00:00
3083,470,762,2026-02-02,completed,447.04,0.0,35.76,10.21,493.01,447.04,USD,2026-02-03 16:00:00
3084,280,150,2026-01-08,completed,60.84,0.0,4.87,7.8,73.51,60.84,USD,2026-01-10 20:00:00
3085,222,127,2025-01-18,completed,441.18,0.0,35.29,4.51,480.98,441.18,USD,2025-01-19 11:00:00
3086,453,281,2026-01-01,completed,78.5,0.0,6.28,13.78,98.56,78.5,USD,2026-01-01 00:00:00
3087,266,776,2025-09-13,completed,140.72,13.84,10.15,13.33,150.36,126.88,USD,2025-09-15 02:00:00
3088,212,177,2025-01-10,completed,33.25,0.0,2.66,5.99,41.9,33.25,USD,2025-01-12 01:00:00
3089,271,509,2026-07-28,refunded,403.26,0.0,32.26,11.29,446.81,0.0,USD,2026-07-28 16:00:00
3090,424,212,2025-10-04,pending,155.62,0.0,12.45,13.7,181.77,155.62,USD,2025-10-05 05:00:00
3091,227,590,2026-04-13,completed,614.98,0.0,49.2,4.7,668.88,614.98,USD,2026-04-13 03:00:00
3092,309,713,2025-01-27,completed,341.61,40.47,24.09,4.93,330.16,301.14,USD,2025-01-27 08:00:00
3093,90,33,2025-05-29,pending,138.08,0.0,11.05,8.19,157.32,138.08,USD,2025-05-29 22:00:00
3094,7,302,2026-06-30,completed,89.66,8.2,6.52,6.13,94.11,81.46,USD,2026-06-30 06:00:00
3095,34,464,2026-07-23,completed,302.57,46.23,20.51,11.42,288.27,256.34,USD,2026-07-23 19:00:00
3096,239,147,2025-01-07,completed,168.01,10.69,12.59,8.05,177.96,157.32,USD,2025-01-08 22:00:00
3097,360,508,2026-06-26,completed,85.65,0.0,6.85,3.18,95.68,85.65,USD,2026-06-27 03:00:00
3098,106,292,2025-07-06,completed,177.12,30.83,11.7,5.35,163.34,146.29,USD,2025-07-06 10:00:00
3099,472,29,2025-05-12,completed,22.29,4.85,1.4,10.07,28.91,17.44,USD,2025-05-13 20:00:00
3100,76,494,2026-08-28,completed,217.96,0.0,17.44,0.8,236.2,217.96,USD,2026-08-30 13:00:00
3101,349,31,2025-11-21,completed,247.95,52.16,15.66,5.13,216.58,195.79,USD,2025-11-22 18:00:00
3102,118,161,2026-04-28,completed,58.87,0.0,4.71,0.24,63.82,58.87,USD,2026-04-28 22:00:00
3103,30,131,2025-03-25,completed,367.25,0.0,29.38,12.31,408.94,367.25,USD,2025-03-27 10:00:00
3104,357,41,2026-04-05,completed,316.83,0.0,25.35,1.76,343.94,316.83,USD,2026-04-06 00:00:00
3105,260,330,2025-08-11,completed,204.1,1.19,16.23,1.16,220.3,202.91,USD,2025-08-11 01:00:00
3106,314,698,2026-03-09,completed,73.56,0.0,5.88,11.8,91.24,73.56,USD,2026-03-10 23:00:00
3107,471,245,2026-02-03,completed,258.29,0.0,20.66,1.34,280.29,258.29,USD,2026-02-05 03:00:00
3108,269,192,2025-02-01,completed,122.18,0.0,9.77,10.26,142.21,122.18,USD,2025-02-01 15:00:00
3109,421,646,2026-06-16,completed,189.08,0.0,15.13,5.7,209.91,189.08,USD,2026-06-17 03:00:00
3110,248,750,2025-06-24,completed,275.44,0.0,22.04,12.33,309.81,275.44,USD,2025-06-24 00:00:00
3111,175,242,2025-08-10,refunded,44.49,3.29,3.3,2.74,47.24,0.0,USD,2025-08-11 09:00:00
3112,195,38,2026-04-30,completed,31.73,0.0,2.54,1.27,35.54,31.73,USD,2026-05-01 08:00:00
3113,173,609,2026-06-17,completed,112.84,0.83,8.96,3.43,124.4,112.01,USD,2026-06-17 18:00:00
3114,444,521,2026-06-28,completed,548.72,25.8,41.83,13.98,578.73,522.92,USD,2026-06-29 14:00:00
3115,256,798,2025-10-04,completed,631.5,97.39,42.73,12.44,589.28,534.11,USD,2025-10-06 00:00:00
3116,467,533,2025-08-01,refunded,214.5,42.52,13.76,4.29,190.03,0.0,USD,2025-08-02 08:00:00
3117,126,744,2026-05-13,completed,322.81,0.0,25.82,3.09,351.72,322.81,USD,2026-05-15 09:00:00
3118,383,125,2025-06-07,completed,160.55,12.06,11.88,2.35,162.72,148.49,USD,2025-06-08 08:00:00
3119,58,132,2026-01-26,completed,177.24,0.0,14.18,3.32,194.74,177.24,USD,2026-01-27 05:00:00
3120,145,533,2025-05-24,completed,140.59,0.0,11.25,3.08,154.92,140.59,USD,2025-05-25 23:00:00
3121,17,599,2025-05-08,completed,349.36,0.0,27.95,13.32,390.63,349.36,USD,2025-05-08 12:00:00
3122,457,311,2025-11-29,completed,450.37,97.28,28.25,0.3,381.64,353.09,USD,2025-12-01 12:00:00
3123,150,345,2026-06-10,completed,174.19,14.72,12.76,13.2,185.43,159.47,USD,2026-06-11 19:00:00
3124,410,306,2025-06-26,completed,176.67,0.0,14.13,0.62,191.42,176.67,USD,2025-06-27 02:00:00
3125,213,39,2026-03-17,cancelled,146.21,14.96,10.5,12.4,154.15,131.25,USD,2026-03-17 16:00:00
3126,63,702,2025-01-13,refunded,457.82,0.0,36.63,6.39,500.84,0.0,USD,2025-01-15 08:00:00
3127,172,726,2026-02-28,completed,296.04,0.0,23.68,1.16,320.88,296.04,USD,2026-02-28 01:00:00
3128,171,762,2025-08-26,completed,72.03,0.0,5.76,11.99,89.78,72.03,USD,2025-08-26 04:00:00
3129,255,404,2025-02-15,completed,537.98,23.22,41.18,3.85,559.79,514.76,USD,2025-02-16 19:00:00
3130,164,137,2025-12-03,refunded,12.92,0.0,1.03,13.17,27.12,0.0,USD,2025-12-04 10:00:00
3131,339,324,2025-05-26,completed,428.29,0.0,34.26,11.28,473.83,428.29,USD,2025-05-26 12:00:00
3132,366,548,2026-01-20,completed,330.76,0.0,26.46,14.73,371.95,330.76,USD,2026-01-21 03:00:00
3133,78,139,2025-01-27,completed,174.59,8.7,13.27,12.48,191.64,165.89,USD,2025-01-29 08:00:00
3134,262,124,2025-07-28,completed,171.45,42.66,10.3,3.61,142.7,128.79,USD,2025-07-29 09:00:00
3135,290,794,2025-05-24,completed,151.91,0.0,12.15,6.14,170.2,151.91,USD,2025-05-25 14:00:00
3136,134,29,2025-07-10,completed,75.15,4.09,5.68,10.45,87.19,71.06,USD,2025-07-10 06:00:00
3137,386,479,2025-01-05,completed,510.54,11.65,39.91,4.74,543.54,498.89,USD,2025-01-07 03:00:00
3138,116,120,2025-06-22,completed,167.67,0.0,13.41,8.2,189.28,167.67,USD,2025-06-22 09:00:00
3139,436,18,2025-02-23,completed,73.95,0.0,5.92,3.56,83.43,73.95,USD,2025-02-23 16:00:00
3140,229,508,2026-01-14,completed,490.56,13.62,38.16,9.94,525.04,476.94,USD,2026-01-14 21:00:00
3141,184,148,2025-10-06,completed,231.74,0.0,18.54,5.13,255.41,231.74,USD,2025-10-07 07:00:00
3142,333,582,2025-06-22,completed,241.59,0.0,19.33,0.83,261.75,241.59,USD,2025-06-22 19:00:00
3143,310,660,2026-01-10,pending,563.31,53.2,40.81,14.52,565.44,510.11,USD,2026-01-12 10:00:00
3144,255,406,2026-07-11,completed,265.11,32.22,18.63,12.66,264.18,232.89,USD,2026-07-12 03:00:00
3145,344,134,2025-11-25,completed,101.64,11.57,7.21,4.56,101.84,90.07,USD,2025-11-25 02:00:00
3146,131,762,2025-06-20,cancelled,264.84,54.9,16.8,1.94,228.68,209.94,USD,2025-06-21 08:00:00
3147,405,298,2025-09-02,completed,81.27,0.0,6.5,11.03,98.8,81.27,USD,2025-09-02 08:00:00
3148,310,612,2026-04-26,pending,117.94,26.16,7.34,3.31,102.43,91.78,USD,2026-04-26 15:00:00
3149,107,155,2025-03-02,completed,209.58,0.0,16.77,9.08,235.43,209.58,USD,2025-03-03 18:00:00
3150,500,130,2025-07-14,completed,319.52,76.67,19.43,11.69,273.97,242.85,USD,2025-07-15 20:00:00
3151,433,540,2025-10-12,completed,106.53,0.0,8.52,4.09,119.14,106.53,USD,2025-10-13 23:00:00
3152,89,167,2026-01-21,completed,148.57,0.0,11.89,4.27,164.73,148.57,USD,2026-01-22 03:00:00
3153,393,427,2025-12-16,pending,147.38,0.0,11.79,0.92,160.09,147.38,USD,2025-12-18 12:00:00
3154,265,477,2026-03-01,pending,357.21,12.58,27.57,4.8,377.0,344.63,USD,2026-03-01 04:00:00
3155,385,98,2026-07-25,completed,171.29,0.0,13.7,8.96,193.95,171.29,USD,2026-07-26 03:00:00
3156,188,267,2025-04-16,completed,533.33,9.83,41.88,2.34,567.72,523.5,USD,2025-04-16 17:00:00
3157,123,155,2025-10-19,completed,117.87,0.0,9.43,14.3,141.6,117.87,USD,2025-10-19 02:00:00
3158,110,1,2025-08-19,completed,110.37,0.0,8.83,10.84,130.04,110.37,USD,2025-08-20 16:00:00
3159,34,760,2025-02-23,completed,423.22,27.39,31.67,3.06,430.56,395.83,USD,2025-02-23 04:00:00
3160,438,20,2025-03-19,completed,250.17,0.0,20.01,7.96,278.14,250.17,USD,2025-03-20 19:00:00
3161,157,664,2026-01-17,completed,738.29,146.17,47.37,5.87,645.36,592.12,USD,2026-01-19 13:00:00
3162,479,327,2025-11-06,completed,412.89,8.0,32.39,5.74,443.02,404.89,USD,2025-11-08 09:00:00
3163,113,222,2025-06-27,completed,56.92,5.8,4.09,8.4,63.61,51.12,USD,2025-06-29 01:00:00
3164,176,419,2026-07-07,completed,168.3,0.0,13.46,1.62,183.38,168.3,USD,2026-07-07 17:00:00
3165,440,733,2025-07-08,completed,209.38,0.0,16.75,3.23,229.36,209.38,USD,2025-07-09 23:00:00
3166,174,523,2025-12-28,completed,199.03,36.96,12.97,2.25,177.29,162.07,USD,2025-12-29 16:00:00
3167,380,65,2026-08-24,completed,150.4,25.81,9.97,2.61,137.17,124.59,USD,2026-08-25 11:00:00
3168,46,611,2026-03-02,completed,196.16,33.48,13.01,9.83,185.52,162.68,USD,2026-03-03 10:00:00
3169,478,611,2026-03-19,completed,203.71,0.0,16.3,14.94,234.95,203.71,USD,2026-03-19 10:00:00
3170,309,776,2025-06-21,cancelled,107.91,25.18,6.62,9.77,99.12,82.73,USD,2025-06-23 13:00:00
3171,376,162,2026-07-10,completed,347.6,0.0,27.81,14.77,390.18,347.6,USD,2026-07-12 12:00:00
3172,14,672,2025-10-12,completed,494.34,91.39,32.24,8.66,443.85,402.95,USD,2025-10-14 04:00:00
3173,483,297,2025-07-03,completed,280.42,32.87,19.8,4.25,271.6,247.55,USD,2025-07-04 15:00:00
3174,249,285,2026-03-26,pending,226.6,2.67,17.91,13.08,254.92,223.93,USD,2026-03-26 09:00:00
3175,106,507,2025-11-19,completed,160.43,0.0,12.83,1.01,174.27,160.43,USD,2025-11-20 21:00:00
3176,77,428,2025-03-21,completed,208.16,7.19,16.08,1.54,218.59,200.97,USD,2025-03-23 21:00:00
3177,44,184,2025-01-13,completed,223.3,0.0,17.86,14.21,255.37,223.3,USD,2025-01-13 09:00:00
3178,337,173,2025-03-15,completed,75.39,0.0,6.03,9.75,91.17,75.39,USD,2025-03-16 01:00:00
3179,107,521,2025-04-07,refunded,336.28,79.74,20.52,13.93,290.99,0.0,USD,2025-04-09 17:00:00
3180,465,776,2025-05-17,refunded,124.28,0.0,9.94,1.99,136.21,0.0,USD,2025-05-19 20:00:00
3181,114,184,2025-07-29,refunded,438.0,0.0,35.04,11.52,484.56,0.0,USD,2025-07-30 08:00:00
3182,45,429,2025-05-24,completed,191.53,2.59,15.12,3.52,207.58,188.94,USD,2025-05-24 20:00:00
3183,427,246,2026-07-03,completed,340.18,84.11,20.49,5.15,281.71,256.07,USD,2026-07-03 20:00:00
3184,389,200,2026-08-08,completed,277.6,54.2,17.87,13.48,254.75,223.4,USD,2026-08-09 09:00:00
3185,260,637,2026-08-14,cancelled,57.61,0.0,4.61,6.17,68.39,57.61,USD,2026-08-14 23:00:00
3186,416,580,2025-04-07,completed,412.68,59.38,28.26,10.06,391.62,353.3,USD,2025-04-08 15:00:00
3187,363,384,2025-11-21,completed,93.44,0.0,7.48,13.31,114.23,93.44,USD,2025-11-21 05:00:00
3188,89,391,2025-03-05,pending,117.81,0.0,9.42,13.06,140.29,117.81,USD,2025-03-05 04:00:00
3189,208,341,2026-03-07,pending,126.17,0.0,10.09,0.13,136.39,126.17,USD,2026-03-07 00:00:00
3190,462,798,2025-03-25,completed,39.28,2.92,2.91,2.37,41.64,36.36,USD,2025-03-27 03:00:00
3191,340,757,2025-06-26,completed,197.95,0.0,15.84,13.78,227.57,197.95,USD,2025-06-28 18:00:00
3192,311,60,2025-05-04,completed,354.41,0.0,28.35,8.44,391.2,354.41,USD,2025-05-04 07:00:00
3193,89,653,2025-10-19,completed,431.05,33.21,31.83,7.2,436.87,397.84,USD,2025-10-21 17:00:00
3194,268,269,2025-08-12,completed,150.37,27.4,9.84,0.98,133.79,122.97,USD,2025-08-12 11:00:00
3195,83,523,2025-11-25,completed,170.21,24.17,11.68,0.38,158.1,146.04,USD,2025-11-25 03:00:00
3196,336,754,2025-04-30,completed,290.69,38.68,20.16,14.3,286.47,252.01,USD,2025-04-30 20:00:00
3197,112,338,2025-11-05,cancelled,153.54,36.52,9.36,7.11,133.49,117.02,USD,2025-11-05 21:00:00
3198,145,369,2025-02-23,pending,375.63,30.28,27.63,11.8,384.78,345.35,USD,2025-02-25 21:00:00
3199,287,501,2025-01-26,pending,164.09,0.0,13.13,3.3,180.52,164.09,USD,2025-01-26 08:00:00
3200,13,250,2025-03-24,refunded,83.07,0.0,6.65,3.56,93.28,0.0,USD,2025-03-26 22:00:00
3201,350,211,2025-06-11,completed,201.63,37.15,13.16,8.4,186.04,164.48,USD,2025-06-13 14:00:00
3202,222,484,2026-04-25,completed,47.19,5.93,3.3,13.14,57.7,41.26,USD,2026-04-26 11:00:00
3203,257,167,2025-07-20,completed,199.73,0.0,15.98,4.33,220.04,199.73,USD,2025-07-22 00:00:00
3204,372,532,2025-11-12,completed,227.2,0.09,18.17,4.93,250.21,227.11,USD,2025-11-13 14:00:00
3205,386,200,2026-02-16,completed,93.82,16.58,6.18,8.26,91.68,77.24,USD,2026-02-18 17:00:00
3206,460,75,2026-03-29,completed,221.0,0.0,17.68,0.6,239.28,221.0,USD,2026-03-29 15:00:00
3207,90,81,2025-12-21,cancelled,139.9,23.27,9.33,5.68,131.64,116.63,USD,2025-12-23 20:00:00
3208,216,208,2025-04-18,completed,90.63,9.91,6.46,8.34,95.52,80.72,USD,2025-04-19 06:00:00
3209,48,82,2026-02-07,completed,41.04,6.56,2.76,0.07,37.31,34.48,USD,2026-02-09 19:00:00
3210,132,248,2025-07-05,completed,52.44,7.49,3.6,9.57,58.12,44.95,USD,2025-07-07 22:00:00
3211,276,335,2025-12-25,completed,467.15,0.0,37.37,0.76,505.28,467.15,USD,2025-12-27 13:00:00
3212,66,197,2026-08-20,completed,135.59,17.58,9.44,10.8,138.25,118.01,USD,2026-08-22 08:00:00
3213,223,428,2025-02-14,completed,223.35,0.0,17.87,12.03,253.25,223.35,USD,2025-02-15 07:00:00
3214,468,307,2025-02-22,completed,149.44,30.77,9.49,12.58,140.74,118.67,USD,2025-02-24 02:00:00
3215,36,65,2025-06-01,completed,474.68,51.44,33.86,10.1,467.2,423.24,USD,2025-06-01 17:00:00
3216,116,268,2025-09-24,completed,91.0,9.92,6.49,8.42,95.99,81.08,USD,2025-09-24 20:00:00
3217,142,10,2025-10-18,pending,181.0,44.54,10.92,4.61,151.99,136.46,USD,2025-10-20 05:00:00
3218,456,586,2025-06-29,completed,117.18,26.2,7.28,6.37,104.63,90.98,USD,2025-07-01 06:00:00
3219,368,355,2026-07-01,completed,337.71,0.0,27.02,1.31,366.04,337.71,USD,2026-07-01 18:00:00
3220,92,480,2025-01-05,completed,221.69,0.0,17.74,10.61,250.04,221.69,USD,2025-01-07 21:00:00
3221,351,114,2025-11-27,completed,176.21,0.0,14.1,0.37,190.68,176.21,USD,2025-11-29 01:00:00
3222,10,344,2025-12-02,pending,59.23,12.64,3.73,6.2,56.52,46.59,USD,2025-12-04 23:00:00
3223,400,648,2026-04-13,completed,612.96,28.09,46.79,7.59,639.25,584.87,USD,2026-04-14 10:00:00
3224,113,161,2025-11-30,refunded,152.7,16.25,10.92,9.75,157.12,0.0,USD,2025-12-01 19:00:00
3225,356,788,2025-03-24,refunded,78.72,0.0,6.3,5.15,90.17,0.0,USD,2025-03-25 22:00:00
3226,247,337,2025-07-14,completed,41.23,1.0,3.22,6.64,50.09,40.23,USD,2025-07-14 11:00:00
3227,367,110,2025-04-15,completed,50.79,0.0,4.06,8.81,63.66,50.79,USD,2025-04-15 20:00:00
3228,175,145,2025-10-14,pending,174.98,21.64,12.27,13.85,179.46,153.34,USD,2025-10-16 21:00:00
3229,266,370,2026-07-10,pending,341.24,9.47,26.54,10.08,368.39,331.77,USD,2026-07-12 00:00:00
3230,454,762,2025-08-26,completed,211.48,0.0,16.92,3.82,232.22,211.48,USD,2025-08-27 14:00:00
3231,402,378,2025-08-10,completed,43.66,5.99,3.01,12.71,53.39,37.67,USD,2025-08-10 00:00:00
3232,273,140,2025-10-09,completed,174.71,0.0,13.98,0.83,189.52,174.71,USD,2025-10-09 02:00:00
3233,462,311,2025-04-11,completed,410.36,0.0,32.83,4.08,447.27,410.36,USD,2025-04-12 16:00:00
3234,59,687,2026-05-30,completed,132.01,0.48,10.52,1.62,143.67,131.53,USD,2026-05-30 05:00:00
3235,351,788,2026-02-08,completed,211.93,14.03,15.83,6.71,220.44,197.9,USD,2026-02-08 10:00:00
3236,313,493,2026-03-10,completed,136.51,0.0,10.92,9.55,156.98,136.51,USD,2026-03-11 17:00:00
3237,129,693,2025-08-01,refunded,245.37,0.0,19.63,7.96,272.96,0.0,USD,2025-08-03 21:00:00
3238,195,649,2025-06-20,completed,89.82,0.0,7.19,12.17,109.18,89.82,USD,2025-06-22 12:00:00
3239,203,340,2025-10-15,pending,3.01,0.0,0.24,8.51,11.76,3.01,USD,2025-10-16 09:00:00
3240,340,711,2025-05-26,completed,62.47,0.0,5.0,3.49,70.96,62.47,USD,2025-05-28 19:00:00
3241,313,61,2025-01-13,completed,119.4,0.0,9.55,8.05,137.0,119.4,USD,2025-01-14 19:00:00
3242,394,644,2026-03-17,refunded,162.09,28.42,10.69,11.03,155.39,0.0,USD,2026-03-19 19:00:00
3243,329,466,2026-06-06,completed,123.19,0.0,9.86,7.54,140.59,123.19,USD,2026-06-06 17:00:00
3244,493,472,2025-05-17,completed,121.26,0.0,9.7,6.63,137.59,121.26,USD,2025-05-18 17:00:00
3245,415,749,2026-01-16,pending,343.16,0.0,27.45,7.94,378.55,343.16,USD,2026-01-18 18:00:00
3246,289,214,2026-07-05,pending,71.89,0.0,5.75,8.22,85.86,71.89,USD,2026-07-07 22:00:00
3247,10,159,2026-03-26,refunded,175.57,27.2,11.87,4.66,164.9,0.0,USD,2026-03-28 13:00:00
3248,184,529,2026-05-21,completed,46.47,0.0,3.72,12.81,63.0,46.47,USD,2026-05-21 10:00:00
3249,64,594,2026-06-26,completed,280.55,0.0,22.44,3.12,306.11,280.55,USD,2026-06-27 20:00:00
3250,217,4,2025-06-03,completed,207.64,41.87,13.26,0.49,179.52,165.77,USD,2025-06-03 06:00:00
3251,497,400,2025-02-14,completed,605.36,12.12,47.46,11.12,651.82,593.24,USD,2025-02-15 03:00:00
3252,202,302,2026-05-02,pending,69.43,0.0,5.55,12.63,87.61,69.43,USD,2026-05-02 02:00:00
3253,409,656,2026-04-26,completed,489.56,0.0,39.16,9.64,538.36,489.56,USD,2026-04-28 06:00:00
3254,226,687,2025-04-27,completed,78.03,0.85,6.17,7.03,90.38,77.18,USD,2025-04-29 07:00:00
3255,289,112,2026-07-03,completed,131.23,31.18,8.0,14.63,122.68,100.05,USD,2026-07-03 06:00:00
3256,16,465,2025-01-16,completed,54.22,3.79,4.03,5.56,60.02,50.43,USD,2025-01-18 17:00:00
3257,344,578,2025-08-17,completed,600.31,0.0,48.02,6.09,654.42,600.31,USD,2025-08-19 12:00:00
3258,124,209,2026-08-07,completed,230.3,10.07,17.62,8.87,246.72,220.23,USD,2026-08-09 12:00:00
3259,231,747,2025-08-03,completed,232.03,0.0,18.56,6.46,257.05,232.03,USD,2025-08-04 08:00:00
3260,494,714,2026-04-08,pending,84.36,0.0,6.75,8.33,99.44,84.36,USD,2026-04-10 19:00:00
3261,112,138,2025-01-24,completed,14.9,3.64,0.9,14.5,26.66,11.26,USD,2025-01-26 22:00:00
3262,465,13,2025-10-24,completed,127.08,31.53,7.64,3.56,106.75,95.55,USD,2025-10-25 15:00:00
3263,415,463,2026-04-20,completed,108.94,0.0,8.72,2.23,119.89,108.94,USD,2026-04-21 03:00:00
3264,25,707,2026-05-27,completed,28.79,0.0,2.3,6.35,37.44,28.79,USD,2026-05-29 06:00:00
3265,185,547,2025-09-22,completed,133.73,9.13,9.97,7.56,142.13,124.6,USD,2025-09-22 03:00:00
3266,490,608,2025-02-16,completed,175.81,0.0,14.06,10.7,200.57,175.81,USD,2025-02-17 00:00:00
3267,228,576,2025-11-20,completed,241.32,0.0,19.31,14.33,274.96,241.32,USD,2025-11-20 00:00:00
3268,396,118,2026-03-25,cancelled,17.87,0.0,1.43,10.33,29.63,17.87,USD,2026-03-27 07:00:00
3269,460,54,2025-10-01,pending,57.42,0.0,4.59,14.81,76.82,57.42,USD,2025-10-01 03:00:00
3270,2,51,2026-08-04,pending,86.92,1.1,6.87,3.7,96.39,85.82,USD,2026-08-06 06:00:00
3271,366,787,2025-07-10,completed,353.26,0.0,28.26,3.13,384.65,353.26,USD,2025-07-11 16:00:00
3272,457,761,2026-05-12,completed,348.78,0.0,27.9,4.6,381.28,348.78,USD,2026-05-13 07:00:00
3273,289,668,2026-04-04,completed,221.57,17.13,16.36,11.81,232.61,204.44,USD,2026-04-05 21:00:00
3274,481,54,2025-09-20,completed,131.9,0.0,10.55,2.8,145.25,131.9,USD,2025-09-20 03:00:00
3275,350,711,2025-03-01,completed,367.86,66.82,24.08,2.94,328.06,301.04,USD,2025-03-03 10:00:00
3276,315,780,2025-07-30,completed,202.72,0.0,16.22,6.18,225.12,202.72,USD,2025-07-30 19:00:00
3277,62,628,2026-04-11,completed,354.34,41.02,25.07,4.76,343.15,313.32,USD,2026-04-13 12:00:00
3278,395,337,2026-06-26,completed,228.8,29.31,15.96,9.7,225.15,199.49,USD,2026-06-28 15:00:00
3279,428,75,2025-10-05,completed,33.47,0.36,2.65,13.35,49.11,33.11,USD,2025-10-06 15:00:00
3280,167,283,2025-06-26,pending,14.6,0.0,1.17,2.08,17.85,14.6,USD,2025-06-27 18:00:00
3281,80,164,2026-04-10,completed,121.67,10.35,8.91,8.2,128.43,111.32,USD,2026-04-12 18:00:00
3282,287,521,2026-07-24,completed,304.17,21.68,22.6,1.33,306.42,282.49,USD,2026-07-25 05:00:00
3283,470,707,2025-03-28,completed,107.8,0.0,8.62,3.32,119.74,107.8,USD,2025-03-29 04:00:00
3284,366,397,2025-07-14,completed,415.39,0.0,33.23,4.64,453.26,415.39,USD,2025-07-16 20:00:00
3285,406,39,2026-04-28,completed,285.73,0.0,22.86,8.69,317.28,285.73,USD,2026-04-29 05:00:00
3286,281,313,2025-03-17,cancelled,391.51,0.0,31.32,8.32,431.15,391.51,USD,2025-03-18 02:00:00
3287,209,640,2026-08-15,completed,124.37,0.0,9.95,9.65,143.97,124.37,USD,2026-08-15 00:00:00
3288,153,513,2025-05-24,completed,74.1,17.82,4.5,12.28,73.06,56.28,USD,2025-05-24 23:00:00
3289,404,33,2025-10-23,pending,64.65,3.62,4.88,2.81,68.72,61.03,USD,2025-10-23 17:00:00
3290,325,281,2025-11-12,completed,244.11,0.0,19.53,11.15,274.79,244.11,USD,2025-11-14 07:00:00
3291,374,282,2025-08-16,completed,36.74,1.75,2.8,10.01,47.8,34.99,USD,2025-08-17 12:00:00
3292,420,28,2025-03-21,completed,39.34,6.92,2.59,1.2,36.21,32.42,USD,2025-03-22 01:00:00
3293,490,280,2025-01-19,completed,102.64,0.0,8.21,5.17,116.02,102.64,USD,2025-01-21 19:00:00
3294,419,660,2025-08-19,completed,197.29,20.4,14.15,0.42,191.46,176.89,USD,2025-08-20 08:00:00
3295,224,105,2025-06-13,completed,88.17,19.29,5.51,1.35,75.74,68.88,USD,2025-06-14 05:00:00
3296,67,412,2026-07-04,completed,349.3,66.32,22.64,4.26,309.88,282.98,USD,2026-07-06 04:00:00
3297,280,526,2026-02-08,pending,395.21,0.0,31.62,3.65,430.48,395.21,USD,2026-02-08 18:00:00
3298,223,550,2025-02-26,completed,7.54,0.0,0.6,13.5,21.64,7.54,USD,2025-02-27 06:00:00
3299,468,264,2026-04-04,completed,231.89,55.65,14.1,13.41,203.75,176.24,USD,2026-04-06 02:00:00
3300,20,461,2026-01-09,refunded,108.23,0.0,8.66,8.67,125.56,0.0,USD,2026-01-09 23:00:00
3301,429,579,2025-03-18,completed,313.53,0.0,25.08,11.03,349.64,313.53,USD,2025-03-19 06:00:00
3302,317,492,2025-09-03,completed,237.47,0.0,19.0,14.99,271.46,237.47,USD,2025-09-03 01:00:00
3303,36,671,2026-03-24,completed,190.62,0.0,15.25,6.15,212.02,190.62,USD,2026-03-26 09:00:00
3304,122,176,2026-01-29,completed,152.54,0.0,12.2,7.84,172.58,152.54,USD,2026-01-31 13:00:00
3305,32,87,2025-12-15,pending,39.54,0.81,3.1,9.77,51.6,38.73,USD,2025-12-17 00:00:00
3306,466,748,2025-10-25,completed,661.98,0.0,52.96,13.81,728.75,661.98,USD,2025-10-26 13:00:00
3307,323,588,2026-02-24,completed,56.79,9.98,3.74,11.96,62.51,46.81,USD,2026-02-26 16:00:00
3308,310,359,2026-06-17,completed,493.02,73.06,33.6,0.97,454.53,419.96,USD,2026-06-19 13:00:00
3309,261,457,2025-04-15,completed,269.97,0.0,21.6,10.69,302.26,269.97,USD,2025-04-16 09:00:00
3310,201,737,2025-09-02,completed,112.71,0.0,9.02,3.78,125.51,112.71,USD,2025-09-03 20:00:00
3311,86,694,2026-05-31,completed,99.36,0.0,7.95,3.82,111.13,99.36,USD,2026-06-02 19:00:00
3312,366,646,2025-11-05,completed,37.78,6.18,2.53,8.21,42.34,31.6,USD,2025-11-05 14:00:00
3313,66,473,2025-04-17,completed,172.88,8.67,13.14,10.44,187.79,164.21,USD,2025-04-19 08:00:00
3314,104,577,2025-03-20,completed,36.13,0.0,2.89,2.39,41.41,36.13,USD,2025-03-21 02:00:00
3315,489,465,2026-03-18,completed,362.69,12.8,27.99,4.72,382.6,349.89,USD,2026-03-18 06:00:00
3316,46,369,2025-10-25,completed,204.61,25.42,14.34,10.74,204.27,179.19,USD,2025-10-26 06:00:00
3317,476,540,2026-04-25,pending,164.45,0.0,13.16,2.28,179.89,164.45,USD,2026-04-26 13:00:00
3318,44,19,2025-03-11,cancelled,180.58,28.7,12.15,12.75,176.78,151.88,USD,2025-03-13 05:00:00
3319,244,662,2026-01-04,pending,210.59,7.65,16.24,6.84,226.02,202.94,USD,2026-01-04 10:00:00
3320,292,253,2025-12-20,completed,129.35,3.09,10.1,8.79,145.15,126.26,USD,2025-12-21 15:00:00
3321,57,437,2025-10-06,completed,143.32,0.0,11.47,1.21,156.0,143.32,USD,2025-10-07 23:00:00
3322,445,532,2025-09-17,completed,527.58,0.0,42.21,14.32,584.11,527.58,USD,2025-09-18 21:00:00
3323,479,263,2025-06-14,pending,338.95,0.0,27.12,13.61,379.68,338.95,USD,2025-06-16 11:00:00
3324,112,265,2026-04-21,cancelled,262.06,0.0,20.96,2.85,285.87,262.06,USD,2026-04-23 06:00:00
3325,111,142,2025-07-21,completed,112.73,0.0,9.02,9.95,131.7,112.73,USD,2025-07-22 09:00:00
3326,381,80,2025-09-12,completed,23.52,1.94,1.73,11.9,35.21,21.58,USD,2025-09-12 19:00:00
3327,186,706,2026-06-06,completed,241.37,0.0,19.31,1.83,262.51,241.37,USD,2026-06-08 15:00:00
3328,19,415,2026-01-18,completed,180.21,0.0,14.42,8.66,203.29,180.21,USD,2026-01-20 15:00:00
3329,376,544,2025-01-24,completed,140.85,17.64,9.86,12.76,145.83,123.21,USD,2025-01-24 09:00:00
3330,177,124,2025-02-05,completed,158.59,0.0,12.69,7.6,178.88,158.59,USD,2025-02-06 08:00:00
3331,204,683,2025-11-23,completed,60.02,0.0,4.8,13.86,78.68,60.02,USD,2025-11-25 06:00:00
3332,327,245,2026-03-07,completed,77.32,13.06,5.14,0.72,70.12,64.26,USD,2026-03-08 23:00:00
3333,289,369,2025-10-13,completed,339.41,27.14,24.98,13.79,351.04,312.27,USD,2025-10-15 14:00:00
3334,414,402,2026-08-05,completed,16.64,0.0,1.33,14.66,32.63,16.64,USD,2026-08-05 15:00:00
3335,399,596,2026-06-01,completed,307.44,47.78,20.77,2.34,282.77,259.66,USD,2026-06-03 19:00:00
3336,472,94,2025-09-29,completed,427.66,4.29,33.87,6.46,463.7,423.37,USD,2025-09-29 16:00:00
3337,460,726,2025-05-23,completed,237.81,25.73,16.97,9.31,238.36,212.08,USD,2025-05-23 06:00:00
3338,317,91,2025-01-06,completed,229.66,47.35,14.58,13.4,210.29,182.31,USD,2025-01-08 04:00:00
3339,279,510,2025-01-21,completed,76.72,0.0,6.14,2.39,85.25,76.72,USD,2025-01-23 18:00:00
3340,232,169,2026-01-02,completed,87.21,0.0,6.98,5.01,99.2,87.21,USD,2026-01-03 01:00:00
3341,333,739,2025-07-23,completed,120.45,0.61,9.59,11.97,141.4,119.84,USD,2025-07-23 11:00:00
3342,31,474,2025-03-30,completed,48.7,0.0,3.9,6.15,58.75,48.7,USD,2025-04-01 15:00:00
3343,202,757,2025-02-14,completed,81.72,0.0,6.54,9.07,97.33,81.72,USD,2025-02-14 06:00:00
3344,138,747,2025-10-12,completed,179.72,0.0,14.38,8.4,202.5,179.72,USD,2025-10-13 23:00:00
3345,279,215,2025-12-22,completed,114.61,0.0,9.17,14.6,138.38,114.61,USD,2025-12-22 09:00:00
3346,462,192,2025-01-20,completed,191.49,0.0,15.32,2.12,208.93,191.49,USD,2025-01-21 23:00:00
3347,241,91,2025-09-12,completed,338.56,0.0,27.08,14.23,379.87,338.56,USD,2025-09-12 08:00:00
3348,292,576,2025-09-26,completed,190.4,16.24,13.93,8.46,196.55,174.16,USD,2025-09-27 03:00:00
3349,202,20,2025-02-04,completed,231.48,0.0,18.52,13.56,263.56,231.48,USD,2025-02-05 09:00:00
3350,172,152,2026-06-15,cancelled,35.47,8.18,2.18,1.77,31.24,27.29,USD,2026-06-17 16:00:00
3351,341,728,2025-05-20,completed,334.51,0.0,26.76,9.62,370.89,334.51,USD,2025-05-22 03:00:00
3352,125,509,2025-03-24,completed,34.46,0.0,2.76,12.6,49.82,34.46,USD,2025-03-26 20:00:00
3353,440,361,2025-03-23,completed,108.19,23.95,6.74,11.8,102.78,84.24,USD,2025-03-24 14:00:00
3354,57,111,2025-10-30,completed,62.88,0.0,5.03,0.15,68.06,62.88,USD,2025-10-30 18:00:00
3355,112,677,2026-03-07,cancelled,23.69,0.0,1.9,6.78,32.37,23.69,USD,2026-03-08 06:00:00
3356,376,677,2025-06-04,completed,183.21,1.71,14.52,1.73,197.75,181.5,USD,2025-06-05 13:00:00
3357,42,37,2026-04-10,completed,245.72,0.0,19.66,2.29,267.67,245.72,USD,2026-04-11 16:00:00
3358,207,595,2025-06-08,cancelled,434.95,0.0,34.8,10.59,480.34,434.95,USD,2025-06-10 17:00:00
3359,189,264,2025-04-24,completed,202.78,20.6,14.57,14.35,211.1,182.18,USD,2025-04-26 16:00:00
3360,469,545,2026-01-26,completed,81.28,0.0,6.5,9.51,97.29,81.28,USD,2026-01-26 07:00:00
3361,80,236,2026-04-15,completed,112.4,10.37,8.16,1.54,111.73,102.03,USD,2026-04-17 09:00:00
3362,228,12,2026-03-31,completed,28.13,0.0,2.25,3.66,34.04,28.13,USD,2026-03-31 21:00:00
3363,230,604,2025-12-05,completed,122.25,0.0,9.78,5.68,137.71,122.25,USD,2025-12-06 18:00:00
3364,410,670,2026-06-15,completed,162.65,0.0,13.01,1.88,177.54,162.65,USD,2026-06-17 20:00:00
3365,271,548,2026-05-31,completed,238.47,38.52,16.0,12.72,228.67,199.95,USD,2026-06-02 15:00:00
3366,66,121,2025-06-18,completed,284.66,0.0,22.77,2.92,310.35,284.66,USD,2025-06-19 10:00:00
3367,436,361,2026-01-16,completed,232.97,9.62,17.87,1.94,243.16,223.35,USD,2026-01-16 03:00:00
3368,76,427,2025-02-12,completed,73.83,5.56,5.46,10.89,84.62,68.27,USD,2025-02-14 20:00:00
3369,348,635,2025-02-18,completed,56.05,0.71,4.43,1.9,61.67,55.34,USD,2025-02-20 17:00:00
3370,137,622,2025-09-26,completed,270.7,0.0,21.66,6.15,298.51,270.7,USD,2025-09-27 03:00:00
3371,61,711,2026-03-04,completed,22.71,5.67,1.36,7.73,26.13,17.04,USD,2026-03-04 09:00:00
3372,96,506,2025-12-21,cancelled,574.96,47.34,42.21,1.2,571.03,527.62,USD,2025-12-22 13:00:00
3373,473,752,2025-04-10,completed,88.04,0.0,7.04,8.34,103.42,88.04,USD,2025-04-12 09:00:00
3374,489,656,2026-03-25,completed,366.02,7.85,28.65,7.2,394.02,358.17,USD,2026-03-26 08:00:00
3375,301,161,2026-01-04,completed,102.19,0.0,8.18,10.03,120.4,102.19,USD,2026-01-04 01:00:00
3376,405,568,2026-04-04,completed,249.81,21.95,18.23,3.29,249.38,227.86,USD,2026-04-05 08:00:00
3377,452,69,2026-01-07,completed,57.99,2.92,4.41,5.35,64.83,55.07,USD,2026-01-08 13:00:00
3378,175,605,2026-06-09,completed,170.07,0.0,13.61,9.89,193.57,170.07,USD,2026-06-11 18:00:00
3379,379,178,2025-08-08,completed,30.3,0.0,2.42,0.53,33.25,30.3,USD,2025-08-10 10:00:00
3380,260,240,2025-01-19,completed,210.67,0.0,16.85,1.74,229.26,210.67,USD,2025-01-21 02:00:00
3381,87,460,2025-12-30,pending,57.03,0.0,4.56,4.25,65.84,57.03,USD,2025-12-31 05:00:00
3382,267,304,2026-08-19,completed,65.83,14.89,4.08,1.6,56.62,50.94,USD,2026-08-21 20:00:00
3383,23,519,2025-03-01,completed,117.29,0.0,9.38,0.59,127.26,117.29,USD,2025-03-01 16:00:00
3384,304,402,2026-08-10,completed,137.28,33.69,8.29,14.81,126.69,103.59,USD,2026-08-10 23:00:00
3385,131,509,2026-04-13,completed,238.72,4.3,18.75,6.84,260.01,234.42,USD,2026-04-15 12:00:00
3386,52,469,2025-01-22,completed,222.16,15.35,16.54,8.01,231.36,206.81,USD,2025-01-24 23:00:00
3387,353,165,2025-11-26,completed,183.53,0.0,14.68,3.82,202.03,183.53,USD,2025-11-28 10:00:00
3388,175,554,2025-07-10,pending,306.79,44.69,20.97,0.12,283.19,262.1,USD,2025-07-12 02:00:00
3389,224,767,2026-02-01,completed,217.76,0.0,17.42,11.26,246.44,217.76,USD,2026-02-03 19:00:00
3390,43,445,2026-04-10,completed,229.06,0.0,18.32,10.86,258.24,229.06,USD,2026-04-10 09:00:00
3391,40,486,2025-08-15,completed,65.28,0.0,5.22,14.59,85.09,65.28,USD,2025-08-17 00:00:00
3392,460,569,2025-10-18,completed,322.96,22.41,24.04,0.32,324.91,300.55,USD,2025-10-19 05:00:00
3393,300,68,2025-01-25,completed,296.43,0.0,23.71,2.06,322.2,296.43,USD,2025-01-26 19:00:00
3394,202,121,2025-01-03,completed,190.12,0.0,15.21,10.68,216.01,190.12,USD,2025-01-03 17:00:00
3395,333,447,2026-04-06,refunded,289.11,0.0,23.13,4.95,317.19,0.0,USD,2026-04-07 11:00:00
3396,364,316,2025-08-04,completed,160.36,12.0,11.87,0.96,161.19,148.36,USD,2025-08-04 16:00:00
3397,57,554,2026-06-17,refunded,449.49,34.17,33.23,4.51,453.06,0.0,USD,2026-06-18 22:00:00
3398,461,731,2025-12-18,pending,177.48,17.24,12.82,1.32,174.38,160.24,USD,2025-12-20 18:00:00
3399,328,626,2025-08-29,pending,156.26,29.83,10.11,12.56,149.1,126.43,USD,2025-08-29 04:00:00
3400,155,174,2026-06-18,completed,218.89,0.0,17.51,13.15,249.55,218.89,USD,2026-06-20 21:00:00
3401,135,246,2025-02-04,completed,511.6,0.0,40.93,9.55,562.08,511.6,USD,2025-02-05 23:00:00
3402,44,115,2026-05-19,completed,104.9,0.0,8.39,5.78,119.07,104.9,USD,2026-05-19 01:00:00
3403,129,79,2025-02-14,completed,208.77,0.0,16.7,11.53,237.0,208.77,USD,2025-02-15 17:00:00
3404,169,596,2026-07-29,completed,111.41,26.44,6.8,9.47,101.24,84.97,USD,2026-07-29 09:00:00
3405,107,554,2025-12-10,completed,156.11,0.0,12.49,11.88,180.48,156.11,USD,2025-12-12 09:00:00
3406,336,156,2025-10-12,completed,80.97,13.25,5.42,7.66,80.8,67.72,USD,2025-10-12 20:00:00
3407,127,564,2026-02-02,completed,224.81,26.94,15.83,14.38,228.08,197.87,USD,2026-02-02 04:00:00
3408,250,367,2026-04-30,completed,166.77,28.38,11.07,4.35,153.81,138.39,USD,2026-05-02 13:00:00
3409,280,701,2025-06-23,completed,284.94,0.0,22.8,9.06,316.8,284.94,USD,2025-06-24 14:00:00
3410,38,570,2025-03-03,completed,339.85,11.71,26.25,12.12,366.51,328.14,USD,2025-03-04 19:00:00
3411,85,217,2026-08-11,cancelled,374.87,92.47,22.59,13.41,318.4,282.4,USD,2026-08-13 11:00:00
3412,36,388,2025-11-11,completed,115.0,0.0,9.2,14.2,138.4,115.0,USD,2025-11-12 16:00:00
3413,346,187,2025-06-24,completed,219.2,33.35,14.87,5.93,206.65,185.85,USD,2025-06-26 09:00:00
3414,350,722,2026-07-11,completed,391.02,0.0,31.28,10.49,432.79,391.02,USD,2026-07-12 19:00:00
3415,65,412,2025-01-25,completed,80.44,14.31,5.29,4.35,75.77,66.13,USD,2025-01-25 02:00:00
3416,369,703,2026-05-25,completed,180.26,5.71,13.96,9.74,198.25,174.55,USD,2026-05-27 20:00:00
3417,406,409,2025-01-12,completed,85.19,6.95,6.26,2.76,87.26,78.24,USD,2025-01-14 21:00:00
3418,55,403,2026-02-02,pending,507.15,15.81,39.31,6.32,536.97,491.34,USD,2026-02-02 19:00:00
3419,59,148,2025-01-24,completed,388.05,12.23,30.07,13.8,419.69,375.82,USD,2025-01-25 22:00:00
3420,398,769,2025-04-01,completed,246.21,0.0,19.7,12.16,278.07,246.21,USD,2025-04-01 08:00:00
3421,155,539,2025-07-18,completed,243.51,0.0,19.48,7.45,270.44,243.51,USD,2025-07-18 20:00:00
3422,173,234,2025-04-21,completed,92.31,5.25,6.96,2.2,96.22,87.06,USD,2025-04-22 19:00:00
3423,295,672,2025-01-28,completed,418.75,87.1,26.53,5.98,364.16,331.65,USD,2025-01-29 01:00:00
3424,35,188,2026-02-16,pending,132.35,29.93,8.19,2.08,112.69,102.42,USD,2026-02-18 21:00:00
3425,219,78,2026-04-08,completed,100.11,0.0,8.01,1.03,109.15,100.11,USD,2026-04-08 05:00:00
3426,167,537,2025-07-17,completed,352.33,0.0,28.19,13.6,394.12,352.33,USD,2025-07-19 03:00:00
3427,412,599,2026-02-28,pending,122.68,14.12,8.68,7.37,124.61,108.56,USD,2026-03-01 20:00:00
3428,366,459,2025-07-19,completed,103.59,23.8,6.38,1.34,87.51,79.79,USD,2025-07-21 16:00:00
3429,144,571,2025-05-11,pending,296.26,0.0,23.7,10.75,330.71,296.26,USD,2025-05-13 10:00:00
3430,328,201,2026-05-30,completed,60.67,0.0,4.85,1.11,66.63,60.67,USD,2026-06-01 16:00:00
3431,202,223,2025-11-15,completed,248.31,18.29,18.4,5.94,254.36,230.02,USD,2025-11-17 09:00:00
3432,241,297,2025-01-13,completed,181.78,41.07,11.26,3.45,155.42,140.71,USD,2025-01-13 15:00:00
3433,368,167,2026-03-01,refunded,279.64,0.0,22.37,2.47,304.48,0.0,USD,2026-03-02 06:00:00
3434,140,187,2025-08-27,pending,229.63,0.0,18.37,8.0,256.0,229.63,USD,2025-08-29 01:00:00
3435,290,39,2025-02-14,completed,718.33,0.0,57.47,10.8,786.6,718.33,USD,2025-02-16 23:00:00
3436,209,190,2025-05-25,completed,194.3,0.0,15.54,7.31,217.15,194.3,USD,2025-05-27 14:00:00
3437,326,438,2025-07-13,completed,122.38,0.0,9.79,12.31,144.48,122.38,USD,2025-07-14 22:00:00
3438,191,295,2025-01-17,completed,167.47,0.0,13.4,13.76,194.63,167.47,USD,2025-01-17 07:00:00
3439,468,344,2026-03-18,completed,227.91,7.18,17.66,12.11,250.5,220.73,USD,2026-03-19 06:00:00
3440,196,740,2025-05-12,completed,488.81,0.0,39.1,14.35,542.26,488.81,USD,2025-05-13 22:00:00
3441,55,6,2025-04-06,completed,259.48,49.73,16.78,13.94,240.47,209.75,USD,2025-04-08 07:00:00
3442,245,668,2025-04-22,completed,88.18,0.0,7.05,12.49,107.72,88.18,USD,2025-04-22 19:00:00
3443,120,27,2026-03-10,completed,1369.97,0.0,109.6,4.39,1483.96,1369.97,USD,2026-03-11 09:00:00
3444,228,410,2025-11-03,completed,330.48,0.0,26.44,2.61,359.53,330.48,USD,2025-11-05 11:00:00
3445,461,105,2026-05-09,completed,83.85,0.0,6.71,10.91,101.47,83.85,USD,2026-05-11 12:00:00
3446,52,383,2025-09-22,completed,65.71,11.76,4.32,12.68,70.95,53.95,USD,2025-09-22 16:00:00
3447,22,716,2026-02-19,refunded,55.02,10.91,3.53,12.35,59.99,0.0,USD,2026-02-19 18:00:00
3448,146,26,2025-10-14,completed,161.04,35.97,10.01,9.65,144.73,125.07,USD,2025-10-15 02:00:00
3449,218,406,2025-12-26,pending,166.11,36.78,10.35,12.45,152.13,129.33,USD,2025-12-27 22:00:00
3450,65,370,2026-06-17,completed,98.28,8.3,7.2,10.61,107.79,89.98,USD,2026-06-19 00:00:00
3451,348,362,2026-01-08,completed,47.68,3.03,3.57,9.98,58.2,44.65,USD,2026-01-10 06:00:00
3452,302,500,2025-10-28,completed,67.03,15.02,4.16,0.7,56.87,52.01,USD,2025-10-29 16:00:00
3453,351,262,2026-06-10,completed,263.09,9.6,20.28,6.91,280.68,253.49,USD,2026-06-12 18:00:00
3454,212,623,2026-01-23,completed,134.1,0.0,10.73,0.51,145.34,134.1,USD,2026-01-23 08:00:00
3455,466,191,2026-07-21,completed,73.96,0.0,5.92,1.39,81.27,73.96,USD,2026-07-22 13:00:00
3456,336,285,2026-01-29,completed,181.31,34.46,11.75,8.12,166.72,146.85,USD,2026-01-29 16:00:00
3457,461,375,2026-02-22,completed,207.01,35.93,13.69,0.71,185.48,171.08,USD,2026-02-23 14:00:00
3458,44,736,2025-11-10,completed,223.3,0.0,17.86,13.7,254.86,223.3,USD,2025-11-12 15:00:00
3459,334,427,2026-05-31,completed,176.34,15.85,12.84,6.76,180.09,160.49,USD,2026-06-02 15:00:00
3460,173,673,2025-07-04,completed,156.98,0.0,12.56,10.5,180.04,156.98,USD,2025-07-06 23:00:00
3461,97,112,2025-11-27,completed,371.9,35.16,26.94,2.22,365.9,336.74,USD,2025-11-28 11:00:00
3462,91,66,2026-07-03,completed,69.54,13.6,4.48,12.71,73.13,55.94,USD,2026-07-05 01:00:00
3463,99,402,2025-05-10,pending,141.81,0.0,11.34,7.17,160.32,141.81,USD,2025-05-11 10:00:00
3464,47,723,2025-09-23,completed,27.13,6.43,1.66,8.38,30.74,20.7,USD,2025-09-23 00:00:00
3465,228,188,2025-01-16,completed,127.88,16.39,8.92,9.73,130.14,111.49,USD,2025-01-16 20:00:00
3466,387,179,2025-12-13,completed,190.71,37.34,12.27,8.1,173.74,153.37,USD,2025-12-15 05:00:00
3467,232,119,2025-07-30,pending,294.28,60.86,18.67,8.45,260.54,233.42,USD,2025-07-30 03:00:00
3468,66,739,2025-12-06,completed,28.1,3.36,1.98,11.17,37.89,24.74,USD,2025-12-07 22:00:00
3469,354,74,2025-05-24,refunded,186.65,0.0,14.93,12.1,213.68,0.0,USD,2025-05-25 09:00:00
3470,88,505,2026-05-18,completed,536.23,48.89,38.99,4.59,530.92,487.34,USD,2026-05-19 05:00:00
3471,435,305,2026-08-21,completed,235.13,0.0,18.81,13.83,267.77,235.13,USD,2026-08-23 04:00:00
3472,184,330,2025-11-21,completed,58.47,0.0,4.68,5.31,68.46,58.47,USD,2025-11-21 16:00:00
3473,1,569,2026-01-06,completed,128.06,0.0,10.24,4.08,142.38,128.06,USD,2026-01-06 18:00:00
3474,147,350,2025-10-05,completed,240.49,0.0,19.24,4.67,264.4,240.49,USD,2025-10-05 11:00:00
3475,417,19,2025-07-01,completed,102.08,24.76,6.19,5.38,88.89,77.32,USD,2025-07-01 07:00:00
3476,460,451,2025-10-07,completed,202.48,47.94,12.36,4.75,171.65,154.54,USD,2025-10-07 06:00:00
3477,211,21,2025-10-27,completed,194.08,30.07,13.12,12.66,189.79,164.01,USD,2025-10-27 07:00:00
3478,495,676,2026-04-19,completed,159.28,0.0,12.74,8.42,180.44,159.28,USD,2026-04-20 22:00:00
3479,116,757,2026-02-24,completed,52.81,6.64,3.69,14.51,64.37,46.17,USD,2026-02-24 21:00:00
3480,212,670,2025-07-20,refunded,93.24,8.75,6.76,1.26,92.51,0.0,USD,2025-07-21 00:00:00
3481,230,331,2026-01-10,completed,571.38,0.0,45.71,9.21,626.3,571.38,USD,2026-01-12 06:00:00
3482,101,332,2026-07-22,completed,121.57,1.4,9.61,1.44,131.22,120.17,USD,2026-07-23 13:00:00
3483,192,469,2025-09-11,completed,133.39,0.0,10.67,6.88,150.94,133.39,USD,2025-09-11 05:00:00
3484,250,680,2026-05-29,refunded,132.85,22.13,8.86,5.74,125.32,0.0,USD,2026-05-30 13:00:00
3485,350,603,2025-10-15,completed,289.4,0.0,23.15,10.21,322.76,289.4,USD,2025-10-16 23:00:00
3486,248,378,2025-03-25,completed,138.54,8.85,10.38,11.18,151.25,129.69,USD,2025-03-26 19:00:00
3487,52,650,2025-04-21,completed,161.98,29.2,10.62,3.57,146.97,132.78,USD,2025-04-23 14:00:00
3488,234,335,2025-07-12,completed,186.73,37.05,11.97,2.91,164.56,149.68,USD,2025-07-13 18:00:00
3489,425,616,2025-12-20,completed,311.49,0.0,24.92,6.29,342.7,311.49,USD,2025-12-22 10:00:00
3490,11,195,2026-07-04,completed,162.54,0.0,13.0,3.63,179.17,162.54,USD,2026-07-05 13:00:00
3491,500,363,2025-08-27,completed,175.78,36.98,11.1,10.15,160.05,138.8,USD,2025-08-28 21:00:00
3492,65,663,2025-06-18,completed,106.15,0.0,8.49,7.77,122.41,106.15,USD,2025-06-18 11:00:00
3493,5,198,2026-02-02,completed,205.82,0.0,16.47,12.4,234.69,205.82,USD,2026-02-04 23:00:00
3494,71,497,2025-07-12,completed,248.59,45.32,16.26,14.72,234.25,203.27,USD,2025-07-12 01:00:00
3495,126,225,2025-09-22,completed,260.48,29.04,18.52,5.67,255.63,231.44,USD,2025-09-24 21:00:00
3496,176,345,2025-05-12,completed,515.45,102.31,33.05,13.68,459.87,413.14,USD,2025-05-13 17:00:00
3497,415,260,2025-06-28,completed,87.81,0.0,7.02,11.66,106.49,87.81,USD,2025-06-29 00:00:00
3498,291,530,2025-02-03,completed,167.55,0.0,13.4,2.24,183.19,167.55,USD,2025-02-04 06:00:00
3499,320,605,2025-12-12,pending,139.24,19.1,9.61,12.54,142.29,120.14,USD,2025-12-12 05:00:00
3500,439,689,2025-10-18,completed,456.49,0.0,36.52,7.22,500.23,456.49,USD,2025-10-19 05:00:00
3501,66,285,2025-04-15,completed,267.32,0.0,21.39,10.64,299.35,267.32,USD,2025-04-15 05:00:00
3502,112,159,2026-04-04,completed,39.03,0.0,3.12,10.54,52.69,39.03,USD,2026-04-05 06:00:00
3503,485,745,2025-05-03,completed,98.98,7.92,7.28,13.29,111.63,91.06,USD,2025-05-03 09:00:00
3504,386,314,2026-02-05,completed,126.79,0.0,10.14,11.42,148.35,126.79,USD,2026-02-05 08:00:00
3505,30,522,2025-03-10,completed,44.95,1.36,3.49,12.37,59.45,43.59,USD,2025-03-12 03:00:00
3506,114,305,2025-01-17,completed,176.91,0.0,14.15,4.81,195.87,176.91,USD,2025-01-17 12:00:00
3507,187,668,2025-03-16,pending,109.91,0.0,8.79,14.6,133.3,109.91,USD,2025-03-17 00:00:00
3508,17,61,2025-11-14,refunded,530.01,71.3,36.7,9.92,505.33,0.0,USD,2025-11-15 23:00:00
3509,292,32,2025-04-20,pending,204.65,24.78,14.39,11.61,205.87,179.87,USD,2025-04-21 12:00:00
3510,325,268,2025-07-20,completed,122.96,20.41,8.2,12.88,123.63,102.55,USD,2025-07-21 12:00:00
3511,168,332,2025-11-23,pending,73.59,15.67,4.63,1.86,64.41,57.92,USD,2025-11-24 07:00:00
3512,108,610,2026-01-25,completed,157.14,0.0,12.57,5.05,174.76,157.14,USD,2026-01-26 19:00:00
3513,213,377,2026-04-22,completed,431.22,0.0,34.5,12.54,478.26,431.22,USD,2026-04-23 22:00:00
3514,460,203,2025-09-03,completed,140.46,0.0,11.24,13.83,165.53,140.46,USD,2025-09-03 09:00:00
3515,360,61,2025-03-06,completed,158.17,0.0,12.65,11.34,182.16,158.17,USD,2025-03-08 21:00:00
3516,467,649,2026-08-19,completed,340.44,43.53,23.75,7.23,327.89,296.91,USD,2026-08-21 10:00:00
3517,277,408,2026-04-18,completed,200.5,9.9,15.25,3.77,209.62,190.6,USD,2026-04-19 06:00:00
3518,53,765,2026-05-18,completed,285.49,0.0,22.84,7.88,316.21,285.49,USD,2026-05-19 02:00:00
3519,30,265,2026-07-15,completed,214.87,0.0,17.19,5.96,238.02,214.87,USD,2026-07-17 04:00:00
3520,98,180,2026-03-02,completed,206.54,1.92,16.37,13.28,234.27,204.62,USD,2026-03-03 20:00:00
3521,261,218,2026-08-27,cancelled,36.92,5.29,2.53,8.51,42.67,31.63,USD,2026-08-29 09:00:00
3522,106,328,2025-11-10,completed,64.87,0.0,5.19,5.88,75.94,64.87,USD,2025-11-11 09:00:00
3523,159,113,2025-12-07,completed,185.6,0.0,14.85,7.48,207.93,185.6,USD,2025-12-08 07:00:00
3524,456,106,2025-12-25,completed,79.55,0.0,6.36,14.0,99.91,79.55,USD,2025-12-26 09:00:00
3525,22,635,2025-11-05,cancelled,157.26,0.0,12.58,9.2,179.04,157.26,USD,2025-11-05 21:00:00
3526,40,554,2025-09-26,completed,59.65,0.0,4.77,3.43,67.85,59.65,USD,2025-09-28 08:00:00
3527,195,402,2025-07-20,completed,342.27,0.0,27.38,7.5,377.15,342.27,USD,2025-07-22 09:00:00
3528,376,386,2026-04-28,pending,87.8,0.0,7.02,6.98,101.8,87.8,USD,2026-04-28 07:00:00
3529,412,398,2025-07-19,completed,73.39,0.0,5.87,4.66,83.92,73.39,USD,2025-07-19 06:00:00
3530,144,471,2026-07-06,completed,48.01,0.0,3.84,11.04,62.89,48.01,USD,2026-07-06 05:00:00
3531,146,229,2026-04-01,completed,258.5,0.0,20.68,4.02,283.2,258.5,USD,2026-04-01 23:00:00
3532,292,623,2026-08-30,completed,157.1,0.0,12.57,7.39,177.06,157.1,USD,2026-08-30 07:00:00
3533,433,7,2026-01-27,pending,334.01,28.59,24.43,6.62,336.47,305.42,USD,2026-01-28 17:00:00
3534,89,621,2025-12-30,pending,106.73,23.84,6.63,7.0,96.52,82.89,USD,2026-01-01 23:00:00
3535,447,635,2025-07-23,completed,63.35,0.0,5.07,8.5,76.92,63.35,USD,2025-07-25 02:00:00
3536,404,413,2026-02-18,completed,151.93,0.0,12.15,10.25,174.33,151.93,USD,2026-02-20 18:00:00
3537,134,237,2025-12-19,refunded,378.53,29.03,27.96,2.14,379.6,0.0,USD,2025-12-19 10:00:00
3538,336,706,2025-08-31,completed,35.99,0.0,2.88,4.32,43.19,35.99,USD,2025-09-02 02:00:00
3539,315,655,2025-02-10,completed,197.3,10.82,14.92,11.59,212.99,186.48,USD,2025-02-12 04:00:00
3540,11,746,2025-01-06,pending,211.6,25.3,14.9,13.62,214.82,186.3,USD,2025-01-07 08:00:00
3541,201,14,2025-05-21,completed,419.67,0.0,33.57,0.67,453.91,419.67,USD,2025-05-23 05:00:00
3542,119,505,2026-03-03,completed,82.49,0.0,6.6,1.1,90.19,82.49,USD,2026-03-03 06:00:00
3543,35,6,2026-07-12,completed,33.54,0.0,2.68,14.01,50.23,33.54,USD,2026-07-13 20:00:00
3544,234,31,2026-07-21,completed,115.36,27.96,6.99,2.22,96.61,87.4,USD,2026-07-23 11:00:00
3545,352,50,2025-11-15,completed,282.75,0.0,22.62,14.69,320.06,282.75,USD,2025-11-16 04:00:00
3546,266,621,2026-06-06,completed,164.66,3.55,12.89,12.42,186.42,161.11,USD,2026-06-06 13:00:00
3547,45,582,2025-01-03,completed,227.36,0.0,18.19,1.81,247.36,227.36,USD,2025-01-03 00:00:00
3548,414,714,2026-06-18,completed,66.97,8.9,4.65,1.54,64.26,58.07,USD,2026-06-18 19:00:00
3549,36,508,2026-08-09,cancelled,134.12,8.64,10.04,14.66,150.18,125.48,USD,2026-08-11 11:00:00
3550,194,446,2025-09-02,refunded,169.15,0.0,13.53,3.82,186.5,0.0,USD,2025-09-04 12:00:00
3551,285,146,2025-01-28,completed,41.61,7.85,2.7,8.08,44.54,33.76,USD,2025-01-29 20:00:00
3552,464,561,2026-03-10,completed,168.42,15.06,12.27,3.54,169.17,153.36,USD,2026-03-10 18:00:00
3553,377,729,2025-01-09,completed,124.7,0.0,9.98,9.01,143.69,124.7,USD,2025-01-09 18:00:00
3554,97,285,2026-01-23,completed,811.28,103.2,56.65,12.6,777.33,708.08,USD,2026-01-25 12:00:00
3555,214,558,2025-07-15,completed,159.82,39.04,9.66,9.85,140.29,120.78,USD,2025-07-16 18:00:00
3556,429,402,2025-11-25,completed,434.7,0.0,34.78,0.7,470.18,434.7,USD,2025-11-27 08:00:00
3557,124,418,2026-07-13,cancelled,226.18,8.98,17.38,8.93,243.51,217.2,USD,2026-07-14 02:00:00
3558,453,639,2025-04-03,cancelled,145.78,18.74,10.16,9.92,147.12,127.04,USD,2025-04-05 12:00:00
3559,267,233,2025-01-21,completed,393.19,88.64,24.36,3.01,331.92,304.55,USD,2025-01-22 09:00:00
3560,314,701,2025-12-16,refunded,58.5,0.79,4.62,11.43,73.76,0.0,USD,2025-12-18 00:00:00
3561,332,789,2026-02-27,completed,113.32,0.0,9.07,9.4,131.79,113.32,USD,2026-03-01 13:00:00
3562,484,93,2025-07-01,completed,294.16,0.0,23.53,0.14,317.83,294.16,USD,2025-07-02 01:00:00
3563,344,410,2025-04-10,completed,16.79,0.0,1.34,14.26,32.39,16.79,USD,2025-04-12 08:00:00
3564,206,14,2026-03-04,cancelled,155.93,5.85,12.01,6.68,168.77,150.08,USD,2026-03-05 23:00:00
3565,296,271,2026-02-23,completed,154.94,0.0,12.4,3.49,170.83,154.94,USD,2026-02-24 11:00:00
3566,350,299,2026-07-28,completed,192.76,0.0,15.42,1.29,209.47,192.76,USD,2026-07-30 11:00:00
3567,300,532,2026-06-09,completed,135.25,0.0,10.82,5.62,151.69,135.25,USD,2026-06-10 07:00:00
3568,6,313,2026-03-18,completed,286.15,5.95,22.42,4.62,307.24,280.2,USD,2026-03-20 05:00:00
3569,451,290,2025-01-13,completed,86.03,0.0,6.88,4.47,97.38,86.03,USD,2025-01-13 05:00:00
3570,138,619,2025-06-07,completed,313.4,0.0,25.07,11.9,350.37,313.4,USD,2025-06-09 14:00:00
3571,326,607,2026-02-02,pending,65.22,0.0,5.22,9.69,80.13,65.22,USD,2026-02-04 21:00:00
3572,284,7,2025-10-10,completed,203.68,0.0,16.29,2.0,221.97,203.68,USD,2025-10-12 22:00:00
3573,61,270,2025-02-01,completed,362.84,0.0,29.03,10.62,402.49,362.84,USD,2025-02-03 12:00:00
3574,438,612,2025-12-09,completed,79.8,0.0,6.38,10.85,97.03,79.8,USD,2025-12-11 01:00:00
3575,42,83,2026-04-07,completed,96.97,23.79,5.85,7.71,86.74,73.18,USD,2026-04-09 05:00:00
3576,477,430,2026-03-17,completed,320.74,0.0,25.66,14.94,361.34,320.74,USD,2026-03-19 18:00:00
3577,461,394,2026-07-15,completed,183.32,0.0,14.67,4.25,202.24,183.32,USD,2026-07-17 04:00:00
3578,290,559,2025-03-31,completed,33.97,8.48,2.04,0.88,28.41,25.49,USD,2025-03-31 19:00:00
3579,478,541,2026-08-03,completed,188.44,0.0,15.08,0.43,203.95,188.44,USD,2026-08-03 11:00:00
3580,428,408,2025-11-16,cancelled,254.05,0.0,20.32,4.81,279.18,254.05,USD,2025-11-18 22:00:00
3581,450,331,2025-07-05,completed,329.61,0.0,26.37,7.47,363.45,329.61,USD,2025-07-05 10:00:00
3582,400,633,2026-06-07,completed,200.26,0.0,16.02,1.17,217.45,200.26,USD,2026-06-09 17:00:00
3583,465,306,2025-03-04,completed,231.42,0.0,18.51,8.49,258.42,231.42,USD,2025-03-06 19:00:00
3584,387,350,2025-01-17,completed,462.93,25.96,34.96,13.51,485.44,436.97,USD,2025-01-17 02:00:00
3585,441,336,2026-03-20,completed,300.0,0.0,24.0,11.95,335.95,300.0,USD,2026-03-22 10:00:00
3586,56,277,2026-03-18,completed,131.48,12.26,9.54,10.09,138.85,119.22,USD,2026-03-19 18:00:00
3587,214,504,2025-02-24,completed,144.79,11.93,10.63,9.93,153.42,132.86,USD,2025-02-25 04:00:00
3588,240,510,2026-06-19,completed,353.11,0.0,28.25,10.95,392.31,353.11,USD,2026-06-20 12:00:00
3589,455,720,2026-05-26,completed,197.37,41.71,12.45,7.41,175.52,155.66,USD,2026-05-27 06:00:00
3590,244,356,2026-04-29,completed,177.08,0.0,14.17,6.03,197.28,177.08,USD,2026-05-01 10:00:00
3591,220,609,2025-08-26,completed,128.33,10.63,9.42,4.6,131.72,117.7,USD,2025-08-27 05:00:00
3592,394,243,2026-07-20,completed,344.25,20.45,25.9,1.49,351.19,323.8,USD,2026-07-20 09:00:00
3593,326,771,2025-03-21,completed,83.82,0.0,6.71,8.43,98.96,83.82,USD,2025-03-22 04:00:00
3594,294,731,2026-04-21,completed,113.53,3.19,8.83,7.09,126.26,110.34,USD,2026-04-22 13:00:00
3595,457,474,2026-05-26,completed,343.54,0.0,27.48,1.78,372.8,343.54,USD,2026-05-27 08:00:00
3596,410,579,2025-11-11,completed,340.77,9.27,26.52,4.02,362.04,331.5,USD,2025-11-12 12:00:00
3597,356,464,2025-07-29,completed,647.08,0.0,51.77,11.81,710.66,647.08,USD,2025-07-31 23:00:00
3598,479,158,2025-10-17,completed,156.36,0.0,12.51,3.83,172.7,156.36,USD,2025-10-18 04:00:00
3599,25,753,2025-01-29,completed,129.86,0.0,10.39,6.39,146.64,129.86,USD,2025-01-31 10:00:00
3600,278,593,2025-01-20,refunded,140.13,29.96,8.81,2.42,121.4,0.0,USD,2025-01-22 23:00:00
3601,16,336,2025-07-25,completed,38.42,3.53,2.79,2.55,40.23,34.89,USD,2025-07-27 11:00:00
3602,396,202,2025-01-12,completed,20.46,1.75,1.5,11.35,31.56,18.71,USD,2025-01-13 14:00:00
3603,64,535,2026-01-21,completed,199.77,0.0,15.98,1.0,216.75,199.77,USD,2026-01-23 23:00:00
3604,281,346,2026-01-24,completed,122.35,0.0,9.79,4.28,136.42,122.35,USD,2026-01-25 05:00:00
3605,392,663,2026-06-03,pending,88.86,0.0,7.11,14.71,110.68,88.86,USD,2026-06-03 20:00:00
3606,313,174,2025-06-17,cancelled,175.24,0.0,14.02,7.14,196.4,175.24,USD,2025-06-19 13:00:00
3607,30,417,2026-05-10,completed,203.11,0.0,16.25,9.09,228.45,203.11,USD,2026-05-12 18:00:00
3608,239,91,2025-07-06,completed,148.38,32.64,9.26,9.61,134.61,115.74,USD,2025-07-06 10:00:00
3609,390,571,2025-11-26,cancelled,151.29,23.55,10.22,2.94,140.9,127.74,USD,2025-11-26 22:00:00
3610,480,320,2026-05-05,completed,121.23,0.0,9.7,5.54,136.47,121.23,USD,2026-05-05 20:00:00
3611,450,155,2025-08-04,pending,267.24,0.0,21.38,6.01,294.63,267.24,USD,2025-08-06 11:00:00
3612,409,445,2025-03-09,completed,107.39,12.42,7.6,3.46,106.03,94.97,USD,2025-03-09 20:00:00
3613,154,458,2026-05-10,completed,73.66,12.68,4.88,3.51,69.37,60.98,USD,2026-05-11 23:00:00
3614,376,242,2025-06-22,completed,117.26,19.45,7.82,9.12,114.75,97.81,USD,2025-06-24 19:00:00
3615,84,752,2025-05-12,completed,193.4,0.0,15.47,1.63,210.5,193.4,USD,2025-05-14 17:00:00
3616,165,61,2026-02-20,completed,278.29,0.0,22.26,1.94,302.49,278.29,USD,2026-02-22 15:00:00
3617,142,267,2025-11-21,completed,522.11,0.0,41.77,8.6,572.48,522.11,USD,2025-11-22 14:00:00
3618,243,200,2025-01-19,pending,175.88,23.82,12.16,6.74,170.96,152.06,USD,2025-01-20 19:00:00
3619,438,741,2026-07-10,completed,438.3,12.2,34.09,9.18,469.37,426.1,USD,2026-07-12 04:00:00
3620,432,197,2025-11-12,completed,100.23,0.58,7.97,0.4,108.02,99.65,USD,2025-11-12 23:00:00
3621,447,177,2025-06-14,completed,86.29,0.0,6.9,10.57,103.76,86.29,USD,2025-06-15 12:00:00
3622,469,473,2025-02-21,completed,224.2,0.0,17.94,12.75,254.89,224.2,USD,2025-02-22 09:00:00
3623,15,209,2026-02-20,completed,247.62,0.0,19.81,7.86,275.29,247.62,USD,2026-02-22 09:00:00
3624,499,226,2026-04-08,completed,188.85,6.25,14.61,12.61,209.82,182.6,USD,2026-04-09 17:00:00
3625,439,197,2026-03-31,completed,822.94,0.0,65.84,5.99,894.77,822.94,USD,2026-04-01 08:00:00
3626,368,428,2026-01-21,cancelled,104.82,10.49,7.55,1.18,103.06,94.33,USD,2026-01-22 14:00:00
3627,41,600,2026-06-16,pending,385.07,0.0,30.81,5.66,421.54,385.07,USD,2026-06-16 12:00:00
3628,366,377,2026-01-05,completed,88.27,0.0,7.06,6.7,102.03,88.27,USD,2026-01-05 18:00:00
3629,338,712,2025-05-27,completed,261.22,0.0,20.9,12.98,295.1,261.22,USD,2025-05-29 09:00:00
3630,47,214,2025-05-15,completed,170.44,0.0,13.64,5.02,189.1,170.44,USD,2025-05-15 09:00:00
3631,101,676,2025-08-22,completed,198.18,21.35,14.15,4.73,195.71,176.83,USD,2025-08-24 01:00:00
3632,376,593,2026-03-16,completed,225.85,20.45,16.43,13.32,235.15,205.4,USD,2026-03-18 17:00:00
3633,84,59,2025-01-14,refunded,175.03,21.69,12.27,3.76,169.37,0.0,USD,2025-01-16 01:00:00
3634,174,535,2025-07-03,pending,150.87,0.0,12.07,9.64,172.58,150.87,USD,2025-07-04 22:00:00
3635,305,795,2025-09-20,completed,30.16,4.83,2.03,4.9,32.26,25.33,USD,2025-09-22 03:00:00
3636,433,545,2025-12-13,completed,308.1,0.0,24.65,14.27,347.02,308.1,USD,2025-12-13 10:00:00
3637,143,207,2025-03-31,completed,55.51,9.78,3.66,2.84,52.23,45.73,USD,2025-03-31 09:00:00
3638,6,347,2025-02-25,completed,123.5,8.94,9.16,10.86,134.58,114.56,USD,2025-02-27 23:00:00
3639,426,696,2026-07-07,completed,208.44,0.0,16.68,8.25,233.37,208.44,USD,2026-07-08 06:00:00
3640,468,254,2025-02-28,completed,65.32,0.0,5.23,14.68,85.23,65.32,USD,2025-03-01 05:00:00
3641,428,381,2025-02-18,cancelled,150.75,0.0,12.06,14.91,177.72,150.75,USD,2025-02-18 11:00:00
3642,242,473,2025-04-28,completed,285.01,0.0,22.8,11.91,319.72,285.01,USD,2025-04-30 04:00:00
3643,361,663,2025-07-28,completed,121.29,24.67,7.73,1.55,105.9,96.62,USD,2025-07-28 02:00:00
3644,64,768,2025-05-12,completed,152.64,18.73,10.71,7.04,151.66,133.91,USD,2025-05-12 12:00:00
3645,319,564,2026-05-10,completed,77.38,0.0,6.19,12.82,96.39,77.38,USD,2026-05-10 16:00:00
3646,301,348,2025-03-18,completed,132.71,0.0,10.62,9.58,152.91,132.71,USD,2025-03-20 19:00:00
3647,318,329,2025-03-26,cancelled,56.96,5.8,4.09,13.18,68.43,51.16,USD,2025-03-28 20:00:00
3648,347,533,2025-03-13,completed,191.43,0.0,15.31,11.99,218.73,191.43,USD,2025-03-13 05:00:00
3649,445,60,2026-02-01,pending,45.21,0.0,3.62,4.69,53.52,45.21,USD,2026-02-01 10:00:00
3650,390,354,2026-06-18,completed,101.67,11.11,7.24,2.93,100.73,90.56,USD,2026-06-20 20:00:00
3651,19,285,2025-04-09,cancelled,171.53,0.0,13.72,4.84,190.09,171.53,USD,2025-04-10 21:00:00
3652,351,747,2025-12-03,completed,143.31,0.0,11.46,10.44,165.21,143.31,USD,2025-12-05 04:00:00
3653,365,685,2025-08-15,completed,216.6,0.0,17.33,7.22,241.15,216.6,USD,2025-08-16 16:00:00
3654,277,212,2026-01-13,completed,153.01,0.0,12.24,0.66,165.91,153.01,USD,2026-01-13 16:00:00
3655,312,525,2026-01-30,completed,30.04,5.01,2.0,11.14,38.17,25.03,USD,2026-02-01 04:00:00
3656,41,367,2025-06-24,completed,64.34,1.85,5.0,0.67,68.16,62.49,USD,2025-06-24 13:00:00
3657,131,665,2026-01-02,completed,165.63,30.62,10.8,6.14,151.95,135.01,USD,2026-01-02 02:00:00
3658,432,395,2025-02-03,completed,336.29,54.5,22.54,6.93,311.26,281.79,USD,2025-02-05 12:00:00
3659,2,514,2025-10-23,completed,297.56,0.0,23.8,7.55,328.91,297.56,USD,2025-10-24 03:00:00
3660,492,583,2026-08-11,completed,809.13,0.0,64.73,2.09,875.95,809.13,USD,2026-08-11 02:00:00
3661,112,659,2026-06-30,completed,111.1,26.52,6.77,11.22,102.57,84.58,USD,2026-07-01 07:00:00
3662,390,578,2025-02-02,completed,278.6,0.0,22.29,12.74,313.63,278.6,USD,2025-02-02 08:00:00
3663,110,238,2025-02-04,completed,265.47,7.43,20.64,10.47,289.15,258.04,USD,2025-02-05 09:00:00
3664,18,592,2026-05-15,cancelled,449.0,0.0,35.92,14.27,499.19,449.0,USD,2026-05-17 00:00:00
3665,303,254,2025-05-08,completed,372.49,0.0,29.8,3.86,406.15,372.49,USD,2025-05-09 00:00:00
3666,378,587,2026-02-08,pending,201.56,46.36,12.42,2.41,170.03,155.2,USD,2026-02-08 05:00:00
3667,43,760,2025-11-26,pending,248.63,50.76,15.83,1.01,214.71,197.87,USD,2025-11-28 16:00:00
3668,135,376,2025-09-05,completed,217.15,20.98,15.69,10.82,222.68,196.17,USD,2025-09-06 14:00:00
3669,153,714,2025-07-07,completed,161.09,35.69,10.03,2.43,137.86,125.4,USD,2025-07-07 01:00:00
3670,482,125,2026-03-30,completed,236.56,0.0,18.92,14.07,269.55,236.56,USD,2026-03-31 17:00:00
3671,156,341,2025-06-06,cancelled,187.19,12.69,13.96,8.98,197.44,174.5,USD,2025-06-08 18:00:00
3672,32,697,2026-04-10,completed,181.58,27.69,12.31,12.06,178.26,153.89,USD,2026-04-10 01:00:00
3673,493,585,2025-05-22,completed,462.56,0.0,37.0,6.52,506.08,462.56,USD,2025-05-24 08:00:00
3674,47,260,2026-06-18,completed,204.32,31.79,13.8,11.02,197.35,172.53,USD,2026-06-19 03:00:00
3675,244,401,2026-03-02,completed,175.91,0.0,14.07,6.65,196.63,175.91,USD,2026-03-04 02:00:00
3676,91,89,2025-11-27,completed,146.56,0.0,11.72,8.08,166.36,146.56,USD,2025-11-27 02:00:00
3677,127,653,2025-03-02,completed,137.26,32.75,8.36,11.6,124.47,104.51,USD,2025-03-04 17:00:00
3678,377,104,2025-05-10,cancelled,62.65,0.0,5.01,3.57,71.23,62.65,USD,2025-05-12 21:00:00
3679,69,452,2026-01-19,completed,161.21,20.55,11.25,13.27,165.18,140.66,USD,2026-01-20 15:00:00
3680,326,396,2025-12-14,completed,347.65,0.0,27.81,10.74,386.2,347.65,USD,2025-12-14 15:00:00
3681,284,495,2025-03-04,completed,108.56,4.3,8.34,11.2,123.8,104.26,USD,2025-03-04 10:00:00
3682,364,341,2025-03-02,completed,593.56,0.0,47.48,3.57,644.61,593.56,USD,2025-03-04 01:00:00
3683,81,69,2026-01-04,completed,17.92,0.0,1.43,1.35,20.7,17.92,USD,2026-01-06 09:00:00
3684,177,531,2025-08-17,completed,230.47,8.63,17.75,1.09,240.68,221.84,USD,2025-08-19 00:00:00
3685,2,716,2025-10-15,pending,192.18,41.71,12.04,9.71,172.22,150.47,USD,2025-10-16 11:00:00
3686,440,490,2026-01-06,completed,457.27,0.0,36.58,2.25,496.1,457.27,USD,2026-01-08 07:00:00
3687,495,35,2026-05-31,completed,99.37,0.0,7.95,14.99,122.31,99.37,USD,2026-06-02 05:00:00
3688,224,86,2025-06-02,refunded,56.27,0.0,4.5,14.42,75.19,0.0,USD,2025-06-03 00:00:00
3689,265,220,2026-02-26,completed,140.94,27.68,9.06,0.44,122.76,113.26,USD,2026-02-28 07:00:00
3690,68,238,2026-06-10,completed,124.66,29.16,7.64,10.88,114.02,95.5,USD,2026-06-10 13:00:00
3691,439,99,2026-07-09,completed,37.89,3.58,2.74,3.91,40.96,34.31,USD,2026-07-11 11:00:00
3692,384,718,2026-08-16,completed,177.09,3.49,13.89,5.11,192.6,173.6,USD,2026-08-17 14:00:00
3693,58,590,2025-01-03,completed,116.83,0.0,9.35,3.6,129.78,116.83,USD,2025-01-05 05:00:00
3694,265,614,2025-02-16,completed,403.55,66.03,27.0,12.46,376.98,337.52,USD,2025-02-18 01:00:00
3695,86,771,2026-06-12,completed,179.17,16.61,13.0,13.41,188.97,162.56,USD,2026-06-12 06:00:00
3696,297,697,2025-05-05,completed,89.5,9.53,6.4,0.61,86.98,79.97,USD,2025-05-07 06:00:00
3697,329,137,2025-06-26,refunded,163.37,13.77,11.97,4.05,165.62,0.0,USD,2025-06-28 08:00:00
3698,193,18,2025-10-15,completed,189.58,0.0,15.17,6.73,211.48,189.58,USD,2025-10-15 03:00:00
3699,221,584,2026-02-03,completed,245.92,39.57,16.51,7.83,230.69,206.35,USD,2026-02-03 16:00:00
3700,356,730,2025-01-24,completed,169.23,22.89,11.71,1.31,159.36,146.34,USD,2025-01-26 06:00:00
3701,78,561,2026-01-29,completed,574.81,23.6,44.1,12.45,607.76,551.21,USD,2026-01-30 01:00:00
3702,18,689,2025-02-26,completed,60.85,0.0,4.87,14.01,79.73,60.85,USD,2025-02-26 08:00:00
3703,209,487,2025-08-13,completed,115.32,0.0,9.23,6.04,130.59,115.32,USD,2025-08-15 13:00:00
3704,246,362,2026-07-01,completed,89.81,12.25,6.2,12.86,96.62,77.56,USD,2026-07-02 13:00:00
3705,144,105,2025-03-18,refunded,129.1,3.57,10.04,10.15,145.72,0.0,USD,2025-03-19 04:00:00
3706,214,539,2025-01-28,completed,205.96,0.0,16.48,8.88,231.32,205.96,USD,2025-01-29 15:00:00
3707,52,234,2025-10-16,completed,196.03,0.0,15.68,12.29,224.0,196.03,USD,2025-10-17 04:00:00
3708,374,218,2025-05-31,completed,241.88,16.66,18.02,7.1,250.34,225.22,USD,2025-05-31 09:00:00
3709,384,701,2025-05-30,completed,178.4,28.05,12.03,8.22,170.6,150.35,USD,2025-05-31 16:00:00
3710,133,527,2025-09-15,completed,186.08,0.0,14.89,4.12,205.09,186.08,USD,2025-09-17 21:00:00
3711,326,356,2025-04-14,completed,180.97,0.0,14.48,10.68,206.13,180.97,USD,2025-04-16 20:00:00
3712,117,640,2025-01-13,completed,119.95,0.0,9.6,2.39,131.94,119.95,USD,2025-01-14 21:00:00
3713,198,587,2026-07-16,completed,113.17,0.0,9.05,3.65,125.87,113.17,USD,2026-07-16 11:00:00
3714,160,387,2026-05-08,pending,88.34,0.0,7.07,7.2,102.61,88.34,USD,2026-05-08 16:00:00
3715,486,783,2025-09-07,completed,250.56,0.0,20.04,5.78,276.38,250.56,USD,2025-09-07 22:00:00
3716,241,23,2026-05-19,completed,22.29,2.41,1.59,3.59,25.06,19.88,USD,2026-05-19 03:00:00
3717,317,395,2026-08-28,completed,183.22,0.0,14.66,2.88,200.76,183.22,USD,2026-08-28 10:00:00
3718,105,334,2025-08-28,completed,282.15,0.0,22.57,12.91,317.63,282.15,USD,2025-08-30 07:00:00
3719,464,98,2025-04-05,completed,332.12,72.76,20.75,8.86,288.97,259.36,USD,2025-04-06 06:00:00
3720,343,580,2025-05-03,completed,14.95,0.0,1.2,5.66,21.81,14.95,USD,2025-05-05 12:00:00
3721,53,81,2026-08-07,completed,122.84,3.19,9.57,12.69,141.91,119.65,USD,2026-08-07 04:00:00
3722,166,564,2026-06-26,completed,92.63,0.0,7.41,12.38,112.42,92.63,USD,2026-06-26 06:00:00
3723,253,604,2026-03-01,completed,115.12,18.81,7.7,1.66,105.67,96.31,USD,2026-03-03 01:00:00
3724,211,390,2026-02-16,completed,377.98,46.82,26.49,8.51,366.16,331.16,USD,2026-02-16 18:00:00
3725,401,196,2025-07-05,completed,93.11,0.0,7.45,4.58,105.14,93.11,USD,2025-07-05 16:00:00
3726,279,789,2025-11-14,completed,281.71,66.47,17.22,8.11,240.57,215.24,USD,2025-11-15 22:00:00
3727,279,565,2025-08-12,completed,185.02,32.42,12.21,10.77,175.58,152.6,USD,2025-08-14 17:00:00
3728,189,94,2025-08-27,completed,111.32,0.0,8.91,0.13,120.36,111.32,USD,2025-08-28 06:00:00
3729,423,590,2026-03-18,cancelled,102.68,21.72,6.48,7.7,95.14,80.96,USD,2026-03-20 06:00:00
3730,351,127,2025-11-24,completed,198.63,0.0,15.89,4.38,218.9,198.63,USD,2025-11-25 00:00:00
3731,353,499,2025-09-18,completed,157.06,0.0,12.56,8.01,177.63,157.06,USD,2025-09-20 12:00:00
3732,329,207,2025-06-01,completed,35.27,5.7,2.37,1.65,33.59,29.57,USD,2025-06-02 06:00:00
3733,333,508,2026-02-02,completed,76.11,0.0,6.09,12.26,94.46,76.11,USD,2026-02-02 10:00:00
3734,379,643,2025-09-30,completed,202.18,0.0,16.17,8.16,226.51,202.18,USD,2025-10-01 12:00:00
3735,118,628,2025-01-31,completed,58.4,0.0,4.67,3.17,66.24,58.4,USD,2025-01-31 21:00:00
3736,262,611,2026-02-21,completed,308.43,44.92,21.08,11.55,296.14,263.51,USD,2026-02-21 13:00:00
3737,66,566,2025-07-23,pending,44.1,0.0,3.53,0.57,48.2,44.1,USD,2025-07-23 13:00:00
3738,184,619,2025-09-07,completed,135.35,0.0,10.83,8.89,155.07,135.35,USD,2025-09-08 03:00:00
3739,146,722,2026-08-24,refunded,255.75,41.35,17.15,7.53,239.08,0.0,USD,2026-08-24 00:00:00
3740,101,704,2026-02-20,completed,71.07,9.87,4.9,0.59,66.69,61.2,USD,2026-02-20 05:00:00
3741,274,618,2025-02-10,completed,54.89,0.0,4.39,3.75,63.03,54.89,USD,2025-02-11 18:00:00
3742,219,355,2026-03-25,completed,225.44,29.07,15.71,1.16,213.24,196.37,USD,2026-03-25 00:00:00
3743,228,235,2025-06-27,completed,287.64,0.0,23.01,10.99,321.64,287.64,USD,2025-06-29 07:00:00
3744,437,255,2026-04-03,completed,142.64,24.08,9.48,10.59,138.63,118.56,USD,2026-04-05 22:00:00
3745,181,491,2025-08-01,refunded,120.3,18.18,8.17,1.34,111.63,0.0,USD,2025-08-01 13:00:00
3746,61,481,2025-12-12,completed,42.46,0.0,3.4,1.64,47.5,42.46,USD,2025-12-12 03:00:00
3747,396,342,2026-02-26,refunded,173.42,10.96,13.0,13.2,188.66,0.0,USD,2026-02-26 15:00:00
3748,108,328,2025-04-22,completed,29.83,3.92,2.07,3.01,30.99,25.91,USD,2025-04-22 03:00:00
3749,487,581,2025-03-24,completed,381.38,0.0,30.51,4.55,416.44,381.38,USD,2025-03-24 19:00:00
3750,333,420,2026-03-02,completed,147.8,0.0,11.82,10.26,169.88,147.8,USD,2026-03-04 16:00:00
3751,128,16,2025-02-13,completed,77.44,0.0,6.2,0.91,84.55,77.44,USD,2025-02-15 11:00:00
3752,288,113,2026-05-13,completed,101.9,19.34,6.6,14.21,103.37,82.56,USD,2026-05-15 22:00:00
3753,467,265,2025-09-20,completed,182.94,0.0,14.64,0.35,197.93,182.94,USD,2025-09-22 10:00:00
3754,459,318,2025-02-27,refunded,115.66,1.1,9.16,12.74,136.46,0.0,USD,2025-03-01 12:00:00
3755,199,587,2026-04-09,completed,162.15,0.0,12.97,5.41,180.53,162.15,USD,2026-04-10 18:00:00
3756,15,379,2026-06-28,completed,68.34,16.95,4.11,2.25,57.75,51.39,USD,2026-06-28 10:00:00
3757,40,342,2025-02-10,completed,336.41,10.68,26.06,5.66,357.45,325.73,USD,2025-02-12 07:00:00
3758,440,70,2026-07-26,completed,103.62,0.0,8.29,14.59,126.5,103.62,USD,2026-07-27 22:00:00
3759,331,49,2025-09-09,completed,20.96,0.0,1.68,7.93,30.57,20.96,USD,2025-09-11 21:00:00
3760,363,796,2026-02-10,completed,123.42,4.58,9.51,0.89,129.24,118.84,USD,2026-02-12 02:00:00
3761,361,689,2025-06-11,completed,91.45,0.0,7.32,14.12,112.89,91.45,USD,2025-06-12 15:00:00
3762,388,31,2025-03-09,pending,321.97,0.0,25.76,2.15,349.88,321.97,USD,2025-03-11 07:00:00
3763,255,364,2026-08-23,pending,77.77,19.1,4.69,0.82,64.18,58.67,USD,2026-08-24 23:00:00
3764,190,736,2026-02-01,completed,114.42,4.12,8.82,0.68,119.8,110.3,USD,2026-02-01 08:00:00
3765,118,570,2025-06-04,completed,186.53,22.94,13.09,12.4,189.08,163.59,USD,2025-06-05 20:00:00
3766,154,65,2025-08-05,completed,242.94,54.4,15.08,2.3,205.92,188.54,USD,2025-08-06 04:00:00
3767,376,344,2026-04-06,completed,397.7,67.13,26.45,2.68,359.7,330.57,USD,2026-04-06 11:00:00
3768,8,688,2025-07-04,completed,83.2,9.04,5.93,14.16,94.25,74.16,USD,2025-07-04 19:00:00
3769,73,240,2026-02-22,completed,369.57,0.0,29.57,9.17,408.31,369.57,USD,2026-02-24 12:00:00
3770,394,439,2025-01-23,completed,313.9,3.03,24.87,4.28,340.02,310.87,USD,2025-01-24 23:00:00
3771,325,259,2026-08-23,completed,90.34,13.81,6.12,8.8,91.45,76.53,USD,2026-08-23 04:00:00
3772,81,158,2026-03-16,completed,81.82,17.59,5.14,3.65,73.02,64.23,USD,2026-03-17 00:00:00
3773,19,688,2025-07-24,completed,215.05,0.15,17.19,7.41,239.5,214.9,USD,2025-07-26 01:00:00
3774,114,186,2025-12-10,completed,159.37,0.0,12.75,5.02,177.14,159.37,USD,2025-12-11 12:00:00
3775,60,467,2025-04-16,completed,214.67,27.8,14.95,9.34,211.16,186.87,USD,2025-04-18 07:00:00
3776,139,282,2025-10-01,completed,126.42,0.0,10.11,11.38,147.91,126.42,USD,2025-10-02 21:00:00
3777,417,491,2025-08-03,completed,171.02,0.0,13.68,5.23,189.93,171.02,USD,2025-08-03 02:00:00
3778,435,636,2025-08-24,completed,148.49,0.0,11.88,2.16,162.53,148.49,USD,2025-08-26 14:00:00
3779,144,443,2026-05-09,completed,212.67,39.54,13.85,5.34,192.32,173.13,USD,2026-05-10 17:00:00
3780,144,118,2025-09-07,completed,79.5,0.0,6.36,11.37,97.23,79.5,USD,2025-09-09 18:00:00
3781,414,230,2025-01-04,refunded,180.47,29.08,12.11,11.81,175.31,0.0,USD,2025-01-04 15:00:00
3782,213,194,2025-10-03,refunded,392.52,54.87,27.01,11.78,376.44,0.0,USD,2025-10-05 01:00:00
3783,107,551,2025-02-01,completed,378.14,40.73,26.99,14.62,379.02,337.41,USD,2025-02-01 02:00:00
3784,374,555,2025-10-17,refunded,195.38,28.83,13.32,12.37,192.24,0.0,USD,2025-10-17 11:00:00
3785,246,115,2026-02-17,completed,78.14,0.0,6.25,14.53,98.92,78.14,USD,2026-02-19 15:00:00
3786,447,492,2025-03-01,completed,515.22,0.0,41.22,9.4,565.84,515.22,USD,2025-03-03 16:00:00
3787,439,372,2025-02-08,completed,212.72,29.65,14.65,3.44,201.16,183.07,USD,2025-02-10 20:00:00
3788,396,337,2025-08-19,completed,483.27,0.0,38.66,9.12,531.05,483.27,USD,2025-08-19 14:00:00
3789,487,687,2025-10-20,completed,218.77,0.0,17.5,2.97,239.24,218.77,USD,2025-10-22 16:00:00
3790,268,49,2025-02-08,pending,12.92,0.0,1.03,1.28,15.23,12.92,USD,2025-02-08 03:00:00
3791,274,582,2025-07-17,completed,513.1,0.0,41.05,4.52,558.67,513.1,USD,2025-07-18 04:00:00
3792,2,447,2026-04-16,completed,285.2,31.3,20.31,5.44,279.65,253.9,USD,2026-04-17 07:00:00
3793,85,207,2025-12-13,completed,166.44,8.75,12.62,10.63,180.94,157.69,USD,2025-12-15 09:00:00
3794,79,184,2025-11-13,cancelled,32.99,5.98,2.16,5.45,34.62,27.01,USD,2025-11-15 01:00:00
3795,461,131,2025-03-05,completed,306.03,0.0,24.48,0.05,330.56,306.03,USD,2025-03-06 01:00:00
3796,127,490,2026-05-01,pending,217.34,49.37,13.44,13.75,195.16,167.97,USD,2026-05-01 10:00:00
3797,312,525,2025-12-26,completed,607.38,94.88,41.0,8.84,562.34,512.5,USD,2025-12-27 02:00:00
3798,207,220,2025-09-18,completed,452.82,5.54,35.78,3.16,486.22,447.28,USD,2025-09-18 21:00:00
3799,383,306,2026-01-08,completed,474.3,0.0,37.94,3.78,516.02,474.3,USD,2026-01-10 00:00:00
3800,182,785,2025-04-03,completed,191.74,0.0,15.34,1.86,208.94,191.74,USD,2025-04-03 05:00:00
3801,469,565,2026-02-16,completed,185.74,43.17,11.41,13.6,167.58,142.57,USD,2026-02-17 05:00:00
3802,258,473,2025-07-01,completed,219.02,51.25,13.42,3.45,184.64,167.77,USD,2025-07-02 20:00:00
3803,122,96,2025-01-25,completed,98.33,0.0,7.87,14.11,120.31,98.33,USD,2025-01-26 22:00:00
3804,207,458,2025-05-22,completed,169.99,0.0,13.6,3.96,187.55,169.99,USD,2025-05-24 02:00:00
3805,183,315,2025-08-10,completed,146.17,33.59,9.01,11.99,133.58,112.58,USD,2025-08-10 20:00:00
3806,364,670,2025-09-25,completed,362.69,58.92,24.3,0.16,328.23,303.77,USD,2025-09-26 13:00:00
3807,162,154,2025-05-19,completed,411.44,90.02,25.71,7.25,354.38,321.42,USD,2025-05-19 07:00:00
3808,27,795,2026-04-24,completed,261.01,10.44,20.05,5.54,276.16,250.57,USD,2026-04-25 07:00:00
3809,392,754,2025-06-10,completed,85.66,19.36,5.3,5.02,76.62,66.3,USD,2025-06-12 22:00:00
3810,498,624,2025-03-12,pending,534.16,88.35,35.66,14.88,496.35,445.81,USD,2025-03-14 13:00:00
3811,126,401,2025-05-16,completed,304.98,0.0,24.4,10.81,340.19,304.98,USD,2025-05-17 20:00:00
3812,422,476,2025-08-31,completed,208.65,0.0,16.69,3.84,229.18,208.65,USD,2025-09-01 06:00:00
3813,20,725,2025-01-28,pending,244.69,42.02,16.21,11.29,230.17,202.67,USD,2025-01-30 16:00:00
3814,168,691,2025-02-25,pending,50.55,11.48,3.13,1.94,44.14,39.07,USD,2025-02-26 07:00:00
3815,6,648,2025-04-06,pending,146.37,0.0,11.71,13.89,171.97,146.37,USD,2025-04-08 06:00:00
3816,199,145,2025-08-26,completed,383.05,0.0,30.64,6.4,420.09,383.05,USD,2025-08-27 17:00:00
3817,305,327,2026-08-01,completed,48.24,8.59,3.17,2.86,45.68,39.65,USD,2026-08-01 01:00:00
3818,482,612,2025-12-20,pending,46.88,0.16,3.74,4.09,54.55,46.72,USD,2025-12-22 02:00:00
3819,421,100,2025-02-19,completed,306.26,0.0,24.5,2.33,333.09,306.26,USD,2025-02-21 16:00:00
3820,468,544,2025-02-11,completed,233.09,37.96,15.61,13.96,224.7,195.13,USD,2025-02-13 07:00:00
3821,327,287,2025-03-04,pending,48.79,0.0,3.9,4.59,57.28,48.79,USD,2025-03-05 20:00:00
3822,197,451,2025-02-10,refunded,136.7,0.0,10.94,2.14,149.78,0.0,USD,2025-02-10 02:00:00
3823,454,735,2025-11-03,completed,208.66,0.0,16.69,12.19,237.54,208.66,USD,2025-11-03 01:00:00
3824,30,694,2026-03-20,completed,191.8,0.0,15.34,3.2,210.34,191.8,USD,2026-03-22 13:00:00
3825,408,295,2025-09-21,cancelled,220.19,0.0,17.62,1.41,239.22,220.19,USD,2025-09-22 10:00:00
3826,494,568,2025-09-05,completed,129.16,15.68,9.08,10.03,132.59,113.48,USD,2025-09-06 08:00:00
3827,12,9,2025-12-27,completed,198.72,25.21,13.88,0.11,187.5,173.51,USD,2025-12-28 22:00:00
3828,327,574,2025-08-02,completed,260.7,0.0,20.86,12.49,294.05,260.7,USD,2025-08-04 17:00:00
3829,438,111,2026-05-06,completed,247.34,21.35,18.08,8.44,252.51,225.99,USD,2026-05-07 07:00:00
3830,347,728,2026-02-21,completed,132.09,28.83,8.26,3.7,115.22,103.26,USD,2026-02-22 14:00:00
3831,488,239,2026-08-20,pending,277.2,0.0,22.18,7.1,306.48,277.2,USD,2026-08-21 16:00:00
3832,138,560,2025-02-21,completed,77.73,0.0,6.22,3.94,87.89,77.73,USD,2025-02-22 10:00:00
3833,320,534,2025-09-21,completed,101.89,0.0,8.15,7.99,118.03,101.89,USD,2025-09-22 23:00:00
3834,410,205,2026-06-06,completed,305.98,50.24,20.46,8.57,284.77,255.74,USD,2026-06-06 14:00:00
3835,35,671,2026-02-13,completed,273.35,0.0,21.87,11.58,306.8,273.35,USD,2026-02-14 02:00:00
3836,279,147,2026-04-16,pending,141.1,5.8,10.82,6.99,153.11,135.3,USD,2026-04-17 09:00:00
3837,481,721,2025-10-12,completed,100.25,6.38,7.51,11.8,113.18,93.87,USD,2025-10-13 13:00:00
3838,236,411,2025-08-25,pending,111.09,2.89,8.66,1.04,117.9,108.2,USD,2025-08-26 11:00:00
3839,408,374,2026-04-03,cancelled,253.09,0.0,20.25,13.82,287.16,253.09,USD,2026-04-04 06:00:00
3840,371,188,2025-10-12,completed,221.88,0.0,17.75,2.78,242.41,221.88,USD,2025-10-14 16:00:00
3841,135,7,2025-09-05,completed,95.32,0.0,7.63,12.55,115.5,95.32,USD,2025-09-07 09:00:00
3842,186,560,2025-08-30,pending,272.08,36.84,18.82,7.42,261.48,235.24,USD,2025-09-01 15:00:00
3843,246,586,2025-03-16,completed,136.54,1.82,10.78,1.57,147.07,134.72,USD,2025-03-17 18:00:00
3844,215,675,2026-04-22,cancelled,79.91,12.49,5.39,5.4,78.21,67.42,USD,2026-04-23 11:00:00
3845,298,772,2026-06-01,completed,120.06,23.87,7.7,13.77,117.66,96.19,USD,2026-06-02 07:00:00
3846,327,234,2025-01-18,completed,179.31,0.0,14.34,12.52,206.17,179.31,USD,2025-01-20 14:00:00
3847,207,454,2025-09-02,completed,265.74,0.0,21.26,10.83,297.83,265.74,USD,2025-09-03 23:00:00
3848,320,731,2026-02-12,completed,254.4,0.0,20.35,5.7,280.45,254.4,USD,2026-02-14 13:00:00
3849,330,454,2025-04-02,completed,156.26,0.0,12.5,8.83,177.59,156.26,USD,2025-04-04 13:00:00
3850,486,598,2025-07-03,completed,194.43,0.0,15.55,3.48,213.46,194.43,USD,2025-07-05 20:00:00
3851,409,571,2026-08-07,completed,146.56,0.0,11.72,9.72,168.0,146.56,USD,2026-08-08 15:00:00
3852,282,791,2026-04-19,completed,95.46,21.19,5.94,3.91,84.12,74.27,USD,2026-04-20 02:00:00
3853,89,273,2026-06-17,completed,160.53,0.0,12.84,12.44,185.81,160.53,USD,2026-06-19 17:00:00
3854,161,159,2026-08-21,pending,32.73,0.0,2.62,10.57,45.92,32.73,USD,2026-08-21 15:00:00
3855,166,733,2026-02-18,cancelled,416.5,0.0,33.32,5.79,455.61,416.5,USD,2026-02-18 23:00:00
3856,144,370,2025-06-19,completed,190.93,0.0,15.27,9.89,216.09,190.93,USD,2025-06-21 19:00:00
3857,474,156,2026-08-02,pending,227.84,0.0,18.23,4.88,250.95,227.84,USD,2026-08-04 03:00:00
3858,268,513,2025-09-28,completed,98.79,0.0,7.9,2.33,109.02,98.79,USD,2025-09-29 18:00:00
3859,495,682,2025-11-24,completed,189.8,0.0,15.18,3.53,208.51,189.8,USD,2025-11-25 14:00:00
3860,60,611,2025-11-29,completed,212.2,34.15,14.24,4.08,196.37,178.05,USD,2025-11-30 09:00:00
3861,357,269,2025-11-29,refunded,141.5,0.0,11.32,3.4,156.22,0.0,USD,2025-12-01 16:00:00
3862,295,730,2025-12-01,completed,147.1,0.0,11.77,10.18,169.05,147.1,USD,2025-12-02 05:00:00
3863,382,33,2026-04-17,cancelled,57.82,0.0,4.63,11.09,73.54,57.82,USD,2026-04-18 10:00:00
3864,196,714,2025-04-06,completed,503.24,0.0,40.26,6.86,550.36,503.24,USD,2025-04-06 06:00:00
3865,260,147,2025-09-25,completed,97.66,16.81,6.47,14.82,102.14,80.85,USD,2025-09-25 08:00:00
3866,176,189,2025-12-21,completed,107.72,0.0,8.62,13.37,129.71,107.72,USD,2025-12-21 14:00:00
3867,349,252,2025-12-05,completed,433.5,72.62,28.87,1.31,391.06,360.88,USD,2025-12-05 21:00:00
3868,97,338,2026-03-16,completed,235.03,3.51,18.52,6.91,256.95,231.52,USD,2026-03-16 20:00:00
3869,331,39,2025-07-22,refunded,267.18,20.52,19.73,13.63,280.02,0.0,USD,2025-07-24 00:00:00
3870,248,575,2026-07-28,completed,54.55,0.0,4.36,3.3,62.21,54.55,USD,2026-07-29 15:00:00
3871,399,105,2025-01-09,completed,188.17,0.0,15.05,5.68,208.9,188.17,USD,2025-01-09 00:00:00
3872,19,106,2026-03-17,completed,55.13,0.0,4.41,14.2,73.74,55.13,USD,2026-03-18 13:00:00
3873,92,4,2025-04-13,completed,86.67,13.39,5.86,11.64,90.78,73.28,USD,2025-04-13 05:00:00
3874,304,768,2026-01-02,refunded,549.29,0.0,43.94,12.48,605.71,0.0,USD,2026-01-03 15:00:00
3875,187,39,2025-01-15,completed,74.23,9.89,5.15,13.19,82.68,64.34,USD,2025-01-15 03:00:00
3876,143,598,2025-05-22,completed,258.89,0.0,20.71,2.57,282.17,258.89,USD,2025-05-22 05:00:00
3877,467,508,2025-08-26,completed,80.14,0.0,6.41,10.49,97.04,80.14,USD,2025-08-28 11:00:00
3878,453,664,2025-03-01,completed,88.26,0.0,7.06,12.04,107.36,88.26,USD,2025-03-01 00:00:00
3879,46,361,2025-07-19,completed,761.45,0.0,60.92,3.4,825.77,761.45,USD,2025-07-21 22:00:00
3880,264,726,2026-01-21,completed,156.82,30.83,10.08,0.65,136.72,125.99,USD,2026-01-22 09:00:00
3881,334,378,2025-04-09,completed,51.04,1.99,3.92,2.68,55.65,49.05,USD,2025-04-11 11:00:00
3882,391,143,2026-01-15,completed,266.15,0.0,21.29,11.12,298.56,266.15,USD,2026-01-15 13:00:00
3883,102,722,2025-10-11,completed,365.72,0.0,29.26,10.41,405.39,365.72,USD,2025-10-12 09:00:00
3884,426,338,2026-05-25,completed,282.41,14.57,21.43,13.38,302.65,267.84,USD,2026-05-27 16:00:00
3885,328,5,2026-01-23,completed,147.15,0.0,11.77,4.75,163.67,147.15,USD,2026-01-23 05:00:00
3886,440,522,2025-09-28,completed,150.73,28.96,9.74,9.33,140.84,121.77,USD,2025-09-29 07:00:00
3887,341,257,2026-05-16,completed,112.94,0.0,9.04,0.4,122.38,112.94,USD,2026-05-16 08:00:00
3888,436,658,2025-04-15,completed,66.94,16.68,4.02,14.03,68.31,50.26,USD,2025-04-16 01:00:00
3889,15,123,2025-12-11,completed,209.49,48.95,12.84,8.32,181.7,160.54,USD,2025-12-13 21:00:00
3890,113,591,2025-05-17,completed,141.93,0.0,11.35,11.23,164.51,141.93,USD,2025-05-18 15:00:00
3891,267,665,2025-10-01,cancelled,55.87,0.0,4.47,4.26,64.6,55.87,USD,2025-10-02 00:00:00
3892,152,98,2025-10-17,completed,159.6,0.0,12.77,1.23,173.6,159.6,USD,2025-10-18 21:00:00
3893,99,468,2025-12-30,completed,98.13,0.0,7.85,0.94,106.92,98.13,USD,2025-12-30 20:00:00
3894,354,517,2025-07-09,completed,202.06,43.47,12.69,12.22,183.5,158.59,USD,2025-07-09 05:00:00
3895,497,738,2026-02-06,completed,188.6,0.0,15.09,2.28,205.97,188.6,USD,2026-02-07 16:00:00
3896,269,236,2025-04-20,refunded,127.73,0.0,10.22,12.36,150.31,0.0,USD,2025-04-22 05:00:00
3897,305,390,2025-04-12,completed,165.01,18.11,11.75,3.98,162.63,146.9,USD,2025-04-12 12:00:00
3898,305,326,2025-03-07,completed,175.16,39.13,10.88,8.12,155.03,136.03,USD,2025-03-07 09:00:00
3899,209,299,2025-10-19,completed,305.92,0.0,24.47,3.93,334.32,305.92,USD,2025-10-20 19:00:00
3900,339,796,2025-09-08,completed,160.78,29.05,10.54,0.75,143.02,131.73,USD,2025-09-09 03:00:00
3901,404,525,2026-05-17,completed,115.02,0.0,9.2,8.13,132.35,115.02,USD,2026-05-19 19:00:00
3902,58,126,2025-07-24,completed,137.25,12.8,9.96,5.51,139.92,124.45,USD,2025-07-25 01:00:00
3903,138,692,2025-12-19,completed,479.53,0.0,38.36,6.53,524.42,479.53,USD,2025-12-20 04:00:00
3904,85,84,2026-08-09,completed,82.52,15.85,5.33,9.02,81.02,66.67,USD,2026-08-10 16:00:00
3905,397,702,2026-01-09,completed,143.86,0.0,11.51,4.7,160.07,143.86,USD,2026-01-11 22:00:00
3906,319,328,2026-06-04,completed,142.31,0.0,11.38,8.46,162.15,142.31,USD,2026-06-06 01:00:00
3907,336,542,2025-11-06,completed,146.7,9.81,10.95,9.87,157.71,136.89,USD,2025-11-07 23:00:00
3908,313,692,2025-04-22,completed,38.19,0.0,3.06,1.34,42.59,38.19,USD,2025-04-24 09:00:00
3909,267,698,2025-09-30,refunded,64.97,0.0,5.2,5.25,75.42,0.0,USD,2025-10-02 10:00:00
3910,409,130,2026-04-03,completed,136.7,0.0,10.94,1.35,148.99,136.7,USD,2026-04-04 13:00:00
3911,79,325,2025-03-12,completed,110.65,4.55,8.49,0.1,114.69,106.1,USD,2025-03-12 20:00:00
3912,347,64,2025-10-19,completed,201.43,0.0,16.11,0.77,218.31,201.43,USD,2025-10-19 11:00:00
3913,418,515,2025-11-11,completed,334.64,68.43,21.3,8.88,296.39,266.21,USD,2025-11-12 16:00:00
3914,104,336,2026-07-17,completed,212.19,0.0,16.98,1.26,230.43,212.19,USD,2026-07-19 02:00:00
3915,355,799,2026-08-17,completed,179.69,32.49,11.78,13.03,172.01,147.2,USD,2026-08-18 02:00:00
3916,36,506,2026-01-05,completed,226.42,56.28,13.61,11.39,195.14,170.14,USD,2026-01-06 10:00:00
3917,82,351,2025-05-09,completed,191.29,0.0,15.3,0.13,206.72,191.29,USD,2025-05-10 08:00:00
3918,196,124,2025-05-04,completed,164.07,11.03,12.24,8.6,173.88,153.04,USD,2025-05-05 18:00:00
3919,500,230,2025-12-30,completed,298.45,0.0,23.88,0.15,322.48,298.45,USD,2026-01-01 10:00:00
3920,186,644,2025-04-29,completed,134.0,0.0,10.72,1.64,146.36,134.0,USD,2025-04-30 07:00:00
3921,215,115,2026-02-13,completed,64.22,14.38,3.99,14.82,68.65,49.84,USD,2026-02-14 13:00:00
3922,384,677,2026-08-11,cancelled,107.87,2.76,8.41,6.86,120.38,105.11,USD,2026-08-12 05:00:00
3923,400,482,2025-04-24,completed,97.31,8.27,7.12,0.41,96.57,89.04,USD,2025-04-24 21:00:00
3924,336,419,2026-07-12,completed,561.75,74.48,38.98,12.75,539.0,487.27,USD,2026-07-14 02:00:00
3925,16,382,2025-01-24,pending,347.3,0.0,27.78,13.76,388.84,347.3,USD,2025-01-25 20:00:00
3926,437,25,2025-10-21,completed,181.2,26.99,12.34,8.23,174.78,154.21,USD,2025-10-22 13:00:00
3927,131,181,2025-08-23,completed,99.25,0.0,7.94,10.59,117.78,99.25,USD,2025-08-23 21:00:00
3928,253,413,2025-12-09,completed,296.51,42.38,20.33,11.7,286.16,254.13,USD,2025-12-11 14:00:00
3929,366,389,2025-10-21,completed,176.43,37.54,11.11,11.02,161.02,138.89,USD,2025-10-23 09:00:00
3930,145,172,2025-11-29,completed,134.21,0.0,10.74,7.42,152.37,134.21,USD,2025-12-01 05:00:00
3931,343,643,2025-03-15,completed,177.42,38.1,11.15,12.49,162.96,139.32,USD,2025-03-17 10:00:00
3932,253,357,2026-04-09,completed,136.86,20.19,9.33,7.91,133.91,116.67,USD,2026-04-10 10:00:00
3933,79,311,2026-07-27,completed,224.65,12.52,16.97,3.89,232.99,212.13,USD,2026-07-28 21:00:00
3934,108,608,2025-10-16,completed,59.33,14.5,3.59,0.06,48.48,44.83,USD,2025-10-16 15:00:00
3935,382,120,2026-06-05,completed,223.6,52.53,13.69,5.38,190.14,171.07,USD,2026-06-07 08:00:00
3936,31,44,2025-03-16,completed,136.73,0.0,10.94,1.24,148.91,136.73,USD,2025-03-16 01:00:00
3937,191,259,2026-03-21,completed,300.77,0.0,24.06,0.95,325.78,300.77,USD,2026-03-22 12:00:00
3938,250,1,2025-07-16,completed,352.47,33.67,25.5,7.04,351.34,318.8,USD,2025-07-16 14:00:00
3939,192,297,2026-02-11,refunded,401.32,0.0,32.11,14.16,447.59,0.0,USD,2026-02-12 18:00:00
3940,207,107,2025-12-11,refunded,587.92,0.0,47.03,1.58,636.53,0.0,USD,2025-12-11 20:00:00
3941,486,528,2025-01-27,completed,392.59,85.76,24.55,4.11,335.49,306.83,USD,2025-01-29 21:00:00
3942,17,37,2025-08-02,completed,294.7,60.9,18.7,12.45,264.95,233.8,USD,2025-08-02 08:00:00
3943,491,166,2025-09-21,completed,66.63,16.34,4.02,6.03,60.34,50.29,USD,2025-09-23 11:00:00
3944,361,209,2026-05-09,completed,18.3,0.0,1.46,11.38,31.14,18.3,USD,2026-05-11 00:00:00
3945,459,478,2025-03-08,completed,320.9,0.0,25.67,8.14,354.71,320.9,USD,2025-03-10 23:00:00
3946,323,324,2026-07-30,completed,86.31,3.07,6.66,9.06,98.96,83.24,USD,2026-07-30 23:00:00
3947,472,615,2025-01-30,cancelled,844.9,0.0,67.59,2.42,914.91,844.9,USD,2025-02-01 02:00:00
3948,37,624,2025-05-27,completed,45.88,0.0,3.67,5.28,54.83,45.88,USD,2025-05-27 02:00:00
3949,360,309,2025-03-28,completed,286.63,0.0,22.93,9.33,318.89,286.63,USD,2025-03-30 00:00:00
3950,356,25,2026-06-24,completed,190.89,8.27,14.61,0.4,197.63,182.62,USD,2026-06-25 07:00:00
3951,466,769,2025-12-11,completed,50.86,0.0,4.07,2.82,57.75,50.86,USD,2025-12-13 04:00:00
3952,42,281,2026-03-11,completed,190.09,0.0,15.21,5.8,211.1,190.09,USD,2026-03-13 08:00:00
3953,255,431,2026-02-22,completed,95.07,0.0,7.61,10.12,112.8,95.07,USD,2026-02-23 11:00:00
3954,259,744,2025-12-23,refunded,157.2,0.0,12.58,7.64,177.42,0.0,USD,2025-12-24 00:00:00
3955,48,522,2025-07-01,completed,158.77,23.76,10.8,10.78,156.59,135.01,USD,2025-07-03 03:00:00
3956,312,462,2025-03-21,cancelled,96.14,17.62,6.28,10.9,95.7,78.52,USD,2025-03-23 16:00:00
3957,241,272,2025-09-22,completed,128.09,12.34,9.26,0.47,125.48,115.75,USD,2025-09-23 01:00:00
3958,250,662,2025-09-07,completed,89.05,0.0,7.12,13.53,109.7,89.05,USD,2025-09-09 13:00:00
3959,342,156,2025-09-23,cancelled,34.07,0.0,2.73,12.36,49.16,34.07,USD,2025-09-24 07:00:00
3960,374,387,2026-08-28,completed,179.31,0.0,14.34,4.07,197.72,179.31,USD,2026-08-30 16:00:00
3961,332,280,2025-03-19,refunded,391.33,74.43,25.35,7.27,349.52,0.0,USD,2025-03-20 22:00:00
3962,193,78,2026-01-29,pending,93.27,0.0,7.46,4.62,105.35,93.27,USD,2026-01-31 00:00:00
3963,482,222,2025-04-05,completed,518.14,0.0,41.45,13.6,573.19,518.14,USD,2025-04-07 01:00:00
3964,107,150,2025-12-26,completed,586.32,0.0,46.91,5.74,638.97,586.32,USD,2025-12-28 10:00:00
3965,170,73,2026-02-15,completed,120.16,29.45,7.26,5.94,103.91,90.71,USD,2026-02-17 14:00:00
3966,244,607,2025-01-22,completed,142.01,5.31,10.94,13.68,161.32,136.7,USD,2025-01-23 04:00:00
3967,157,569,2025-10-07,cancelled,121.94,0.0,9.76,9.01,140.71,121.94,USD,2025-10-09 05:00:00
3968,172,692,2025-07-14,completed,67.49,12.64,4.39,2.07,61.31,54.85,USD,2025-07-16 01:00:00
3969,464,25,2025-10-23,completed,142.51,0.0,11.4,9.39,163.3,142.51,USD,2025-10-24 18:00:00
3970,76,375,2025-10-24,completed,131.09,31.13,8.0,11.92,119.88,99.96,USD,2025-10-24 16:00:00
3971,256,529,2025-10-14,completed,177.17,36.54,11.25,5.07,156.95,140.63,USD,2025-10-15 09:00:00
3972,236,394,2026-01-25,completed,183.93,9.42,13.96,7.91,196.38,174.51,USD,2026-01-25 14:00:00
3973,44,21,2025-05-02,completed,63.23,2.43,4.86,9.4,75.06,60.8,USD,2025-05-02 09:00:00
3974,101,361,2026-06-05,completed,249.78,0.0,19.98,7.66,277.42,249.78,USD,2026-06-07 19:00:00
3975,137,100,2026-05-26,completed,141.28,0.0,11.3,14.99,167.57,141.28,USD,2026-05-28 04:00:00
3976,236,15,2025-10-06,completed,74.01,9.01,5.2,7.6,77.8,65.0,USD,2025-10-07 15:00:00
3977,209,585,2026-07-06,completed,138.96,3.8,10.81,9.65,155.62,135.16,USD,2026-07-07 07:00:00
3978,297,77,2025-06-16,completed,188.88,0.0,15.11,11.9,215.89,188.88,USD,2025-06-16 05:00:00
3979,189,240,2025-05-05,completed,438.39,0.0,35.07,2.05,475.51,438.39,USD,2025-05-06 01:00:00
3980,392,794,2025-06-20,refunded,394.33,0.0,31.55,0.66,426.54,0.0,USD,2025-06-20 14:00:00
3981,184,759,2026-04-20,completed,112.65,0.0,9.01,14.59,136.25,112.65,USD,2026-04-21 14:00:00
3982,427,34,2025-03-25,completed,148.36,11.81,10.92,10.98,158.45,136.55,USD,2025-03-26 09:00:00
3983,500,321,2025-07-04,completed,86.97,0.0,6.96,5.9,99.83,86.97,USD,2025-07-06 21:00:00
3984,335,280,2025-03-30,completed,210.3,35.97,13.95,0.27,188.55,174.33,USD,2025-04-01 12:00:00
3985,51,498,2025-09-27,completed,117.37,0.0,9.39,2.5,129.26,117.37,USD,2025-09-28 19:00:00
3986,447,553,2025-07-05,completed,144.74,0.72,11.52,0.15,155.69,144.02,USD,2025-07-07 16:00:00
3987,409,61,2026-05-11,completed,328.29,77.62,20.05,5.95,276.67,250.67,USD,2026-05-11 23:00:00
3988,279,340,2026-04-11,cancelled,63.01,11.9,4.09,8.32,63.52,51.11,USD,2026-04-11 08:00:00
3989,170,224,2026-06-22,completed,394.91,19.85,30.0,2.41,407.47,375.06,USD,2026-06-23 16:00:00
3990,356,787,2025-09-08,refunded,224.54,0.0,17.96,9.6,252.1,0.0,USD,2025-09-08 04:00:00
3991,308,234,2025-11-19,completed,383.11,0.0,30.65,14.31,428.07,383.11,USD,2025-11-21 19:00:00
3992,386,27,2026-06-06,refunded,275.72,8.68,21.36,14.86,303.26,0.0,USD,2026-06-06 08:00:00
3993,323,500,2026-03-09,completed,309.32,14.82,23.56,12.5,330.56,294.5,USD,2026-03-11 13:00:00
3994,413,700,2026-07-31,completed,171.02,40.9,10.41,6.66,147.19,130.12,USD,2026-08-02 00:00:00
3995,484,658,2026-08-19,cancelled,72.43,9.2,5.06,8.21,76.5,63.23,USD,2026-08-19 17:00:00
3996,376,108,2025-02-15,cancelled,106.26,0.0,8.5,7.55,122.31,106.26,USD,2025-02-16 14:00:00
3997,159,595,2025-05-23,cancelled,91.06,0.0,7.28,2.34,100.68,91.06,USD,2025-05-24 15:00:00
3998,452,164,2026-03-08,pending,26.44,3.11,1.87,12.82,38.02,23.33,USD,2026-03-10 05:00:00
3999,414,116,2025-03-01,completed,327.91,52.34,22.05,10.14,307.76,275.57,USD,2025-03-02 06:00:00
4000,237,423,2025-02-21,completed,157.54,11.72,11.67,9.57,167.06,145.82,USD,2025-02-22 18:00:00
