session_id,user_id,started_at,duration_seconds,events_count,converted
1,333,2025-09-22,2161,49,False
2,51,2025-04-03,4687,190,False
3,204,2026-05-27,5384,15,False
4,259,2025-07-10,5118,49,False
5,18,2025-08-01,4630,111,False
6,410,2025-04-16,2511,66,False
7,41,2025-08-15,4103,118,False
8,750,2025-04-22,4181,176,False
9,32,2025-01-29,3534,91,False
10,143,2026-02-28,1173,84,False
11,417,2025-08-17,1362,62,False
12,23,2026-03-04,4025,66,False
13,499,2025-05-16,94,115,False
14,302,2025-11-18,145,14,False
15,16,2025-05-08,3704,29,False
16,487,2025-06-03,2275,157,False
17,60,2026-08-12,4926,88,False
18,487,2025-11-18,4162,147,False
19,533,2025-01-04,1380,170,False
20,277,2026-07-30,1998,55,False
21,486,2026-05-15,1413,76,False
22,31,2025-08-21,584,122,False
23,697,2025-05-27,1624,139,False
24,736,2025-09-15,5244,12,False
25,136,2026-04-15,5373,113,False
26,402,2025-10-28,1635,47,False
27,333,2025-04-16,2828,91,False
28,622,2025-04-19,256,162,False
29,172,2026-08-26,987,32,False
30,318,2025-05-29,2221,189,False
31,299,2025-12-18,2400,68,False
32,666,2026-02-24,3772,154,False
33,415,2025-04-04,1877,37,False
34,628,2025-04-09,2090,144,False
35,61,2025-07-09,4131,168,False
36,77,2026-01-02,4866,133,False
37,757,2026-05-29,3568,186,False
38,42,2025-08-23,1174,15,False
39,536,2025-06-23,2404,183,False
40,120,2025-07-05,3137,111,False
41,414,2026-04-15,1486,50,False
42,659,2025-11-30,604,135,False
43,380,2026-01-12,4546,98,False
44,216,2025-05-17,664,152,False
45,132,2026-01-25,650,146,False
46,317,2025-07-07,1078,142,False
47,756,2026-06-22,31,168,False
48,463,2025-11-15,1198,66,False
49,372,2025-04-05,610,46,False
50,522,2026-02-03,3571,116,False
51,425,2025-01-17,4835,47,False
52,342,2026-05-23,4586,161,False
53,133,2025-09-04,3091,182,False
54,360,2026-05-16,4677,99,False
55,217,2026-07-25,2182,158,False
56,263,2025-10-30,3403,83,False
57,243,2025-03-09,1785,175,False
58,76,2025-02-15,2214,18,False
59,417,2025-07-13,664,196,False
60,119,2025-04-25,1451,109,True
61,327,2026-03-10,524,191,False
62,712,2025-01-01,1604,141,False
63,676,2026-03-10,3768,146,False
64,780,2025-04-23,2461,71,False
65,120,2025-03-18,4700,133,False
66,661,2025-01-19,3407,150,False
67,652,2026-05-05,5303,147,False
68,245,2026-03-10,3011,198,False
69,292,2026-06-29,3624,12,False
70,143,2025-11-28,4119,42,False
71,774,2025-12-28,1023,86,False
72,408,2025-01-22,719,124,False
73,231,2025-01-14,2504,118,False
74,76,2026-01-10,636,67,False
75,401,2025-11-07,5201,27,False
76,732,2026-05-10,5350,49,True
77,306,2025-12-01,1047,156,False
78,615,2025-01-18,1726,112,False
79,271,2026-01-27,1241,3,False
80,779,2025-03-19,5246,77,False
81,509,2026-06-23,4388,80,False
82,685,2025-10-14,1584,124,False
83,481,2025-09-26,4018,162,True
84,328,2025-01-26,377,132,False
85,38,2025-07-05,837,198,False
86,252,2025-01-13,2755,83,False
87,182,2025-03-08,1740,164,False
88,668,2025-12-20,1089,3,False
89,454,2025-10-22,2794,61,False
90,471,2025-12-08,4860,182,False
91,781,2026-05-05,2821,11,False
92,703,2026-05-05,2352,192,False
93,538,2026-06-20,643,103,False
94,261,2025-02-17,2398,55,False
95,87,2025-02-15,4598,5,False
96,438,2026-06-29,2122,172,False
97,791,2026-06-13,4630,35,False
98,370,2025-01-12,626,182,False
99,786,2025-01-19,3395,198,False
100,147,2025-07-02,3376,44,False
101,50,2025-11-30,1570,140,False
102,433,2025-01-30,860,97,False
103,300,2025-09-30,3787,115,False
104,67,2025-05-29,3465,16,False
105,755,2026-07-13,2157,89,False
106,300,2026-05-10,2179,89,False
107,204,2025-11-14,4930,111,False
108,427,2025-03-17,4610,62,False
109,677,2025-06-10,2117,87,False
110,117,2025-05-03,2824,33,False
111,293,2026-06-06,2258,66,False
112,603,2026-01-07,4800,111,False
113,534,2025-07-28,2605,124,False
114,153,2025-01-14,165,26,False
115,22,2026-05-20,606,122,False
116,583,2026-01-01,3925,71,False
117,168,2025-05-27,216,49,False
118,20,2026-06-27,3030,172,False
119,704,2026-04-04,2988,156,False
120,552,2025-02-12,937,136,False
121,364,2025-01-05,3583,84,False
122,321,2025-01-04,597,161,True
123,697,2025-06-14,4990,83,False
124,633,2025-09-04,3988,47,False
125,423,2026-07-19,903,96,False
126,450,2026-05-31,2046,112,False
127,430,2026-08-29,4843,124,False
128,305,2026-07-22,440,59,False
129,401,2025-01-03,1542,110,False
130,532,2026-05-02,3762,91,False
131,518,2026-07-15,2746,48,False
132,311,2026-01-30,1592,122,False
133,662,2026-08-08,903,62,False
134,285,2025-09-16,1641,76,False
135,591,2026-04-24,2474,192,False
136,341,2026-04-24,470,106,False
137,755,2025-05-18,3253,110,False
138,569,2026-04-05,2299,118,False
139,574,2025-10-16,1422,27,False
140,492,2025-04-22,4933,26,False
141,144,2025-03-07,4588,86,False
142,734,2026-03-11,4649,5,True
143,564,2026-05-09,5077,59,False
144,1,2026-04-27,1807,18,False
145,240,2026-08-12,1910,126,False
146,129,2026-07-01,1677,176,False
147,108,2025-04-23,1307,7,False
148,396,2026-03-19,4682,197,False
149,636,2025-05-15,1830,96,False
150,536,2026-03-21,4001,30,False
151,747,2025-09-19,5224,63,False
152,72,2026-07-02,1124,71,False
153,501,2025-03-17,1695,70,False
154,236,2025-04-28,4853,67,False
155,12,2026-01-12,2188,192,False
156,791,2025-11-30,4927,119,False
157,102,2026-06-06,3149,36,False
158,263,2026-06-27,1858,62,False
159,414,2025-06-08,2461,70,False
160,305,2026-01-19,4824,191,False
161,124,2026-04-06,263,174,False
162,192,2026-07-20,3593,37,False
163,546,2025-08-04,4596,141,False
164,14,2025-01-31,4732,96,False
165,49,2025-08-02,2960,45,False
166,229,2025-05-10,2099,44,False
167,781,2025-01-29,5310,131,False
168,129,2025-05-15,2168,80,False
169,523,2025-04-28,2141,3,False
170,305,2025-02-17,2730,40,True
171,409,2026-04-12,2635,1,False
172,186,2026-01-13,1445,18,False
173,737,2025-04-04,2165,36,False
174,324,2025-09-01,2915,180,False
175,36,2026-05-24,693,68,False
176,216,2025-05-28,2764,116,False
177,258,2025-05-24,3941,183,False
178,733,2026-03-18,1040,134,False
179,23,2025-08-30,1297,190,False
180,234,2026-02-15,4839,81,False
181,144,2025-04-28,4866,7,False
182,151,2025-01-24,591,32,False
183,789,2025-11-23,295,187,False
184,610,2025-09-24,4767,193,False
185,758,2026-05-29,5285,122,False
186,650,2026-03-14,2918,68,False
187,688,2025-07-24,4600,31,False
188,451,2025-03-04,2618,148,False
189,419,2025-11-26,1655,75,False
190,276,2026-04-28,4640,180,False
191,58,2025-07-03,2665,138,False
192,668,2026-01-09,2463,112,False
193,305,2025-01-20,3168,167,False
194,536,2026-03-12,1656,82,False
195,767,2026-05-23,1527,127,False
196,305,2025-06-01,878,52,False
197,111,2026-02-11,533,197,True
198,314,2026-03-30,3723,10,False
199,763,2025-05-25,2462,48,False
200,2,2025-04-16,4503,15,False
201,207,2025-08-22,3148,189,False
202,47,2026-06-07,2769,134,False
203,616,2025-08-12,5256,52,False
204,108,2025-05-06,1547,184,False
205,215,2025-06-23,4592,146,False
206,198,2025-06-12,5082,151,False
207,35,2025-11-20,3139,106,False
208,741,2026-02-12,3502,62,False
209,308,2025-06-16,4625,186,False
210,658,2025-07-22,2955,23,False
211,418,2025-10-24,2422,47,False
212,33,2025-07-07,4283,41,False
213,148,2025-10-03,4788,152,False
214,12,2025-02-07,1824,171,False
215,197,2025-08-19,2513,168,False
216,469,2026-05-13,3983,50,False
217,100,2025-09-23,3670,107,False
218,302,2025-10-06,1913,109,False
219,24,2026-01-01,3905,192,False
220,642,2025-08-27,1415,198,False
221,282,2025-09-13,755,64,False
222,779,2025-05-30,1279,199,True
223,262,2026-04-06,5266,178,False
224,396,2025-12-04,4774,43,False
225,400,2025-01-11,734,147,False
226,142,2025-12-06,4355,191,False
227,592,2025-08-07,2007,51,False
228,715,2025-01-02,1148,62,False
229,687,2025-11-05,1507,176,False
230,338,2025-02-21,406,166,False
231,614,2025-04-28,1133,163,False
232,334,2026-01-08,860,47,False
233,117,2025-11-09,893,52,False
234,564,2025-06-22,1681,8,False
235,326,2026-06-11,4897,145,False
236,296,2026-08-21,3304,160,False
237,60,2025-02-26,1023,163,False
238,188,2025-05-31,3603,91,False
239,333,2025-01-03,5039,17,False
240,594,2025-04-03,641,197,False
241,317,2025-08-10,1360,172,False
242,149,2025-01-28,2471,71,False
243,319,2026-07-12,805,145,False
244,32,2026-02-21,2827,73,False
245,369,2025-02-20,3357,170,False
246,399,2025-06-26,1421,113,False
247,563,2026-03-10,1393,199,False
248,28,2025-06-16,3949,159,False
249,506,2025-10-16,3000,130,False
250,633,2025-03-09,3226,5,False
251,648,2026-06-09,370,88,False
252,782,2025-02-01,3954,127,False
253,543,2025-02-28,3056,100,False
254,759,2025-05-20,3780,49,False
255,274,2025-08-10,1799,120,False
256,120,2025-08-29,4846,45,False
257,1,2026-02-24,93,191,False
258,746,2026-02-06,3644,18,False
259,96,2025-01-03,349,54,False
260,90,2025-03-03,4326,2,False
261,588,2025-07-12,4478,43,True
262,284,2025-08-11,2765,61,False
263,412,2026-04-14,3003,188,False
264,68,2026-08-26,1303,129,False
265,340,2025-06-02,88,30,False
266,659,2026-02-18,517,86,False
267,460,2025-06-16,1278,31,False
268,179,2026-08-30,2658,24,False
269,122,2026-01-14,1046,118,False
270,532,2025-02-18,4317,98,False
271,562,2025-02-26,3822,36,False
272,611,2025-09-03,3162,164,False
273,99,2025-09-27,3584,194,False
274,305,2025-05-20,168,167,False
275,51,2025-02-18,1418,176,False
276,632,2026-07-26,1314,116,False
277,203,2026-02-21,148,46,False
278,261,2026-07-04,2398,110,False
279,454,2025-06-24,2115,38,False
280,119,2025-12-12,2189,73,False
281,618,2026-01-22,3638,80,False
282,368,2025-07-06,3774,98,False
283,448,2026-01-27,1791,163,False
284,569,2025-11-27,973,154,False
285,529,2026-06-05,2046,135,False
286,32,2026-06-13,2015,87,False
287,79,2026-07-18,477,7,False
288,645,2025-12-15,2908,168,False
289,704,2025-02-03,2084,40,False
290,205,2026-04-10,5312,123,False
291,18,2025-09-08,755,29,False
292,545,2026-02-22,4998,82,False
293,788,2026-02-09,1870,33,False
294,92,2025-03-01,2079,184,False
295,73,2025-04-27,1414,81,False
296,312,2026-04-06,1823,177,False
297,493,2025-12-04,283,88,False
298,373,2025-05-07,5129,80,False
299,376,2026-06-02,1828,76,False
300,375,2026-06-13,4656,148,False
301,792,2025-05-16,4156,154,False
302,219,2025-07-07,3843,185,False
303,78,2025-04-28,2093,12,False
304,424,2025-12-09,3368,118,False
305,382,2026-04-12,1933,49,False
306,222,2025-06-23,3944,187,False
307,774,2025-01-12,4465,52,False
308,134,2025-01-06,3841,16,False
309,109,2025-06-09,2208,73,False
310,107,2026-04-19,4523,187,False
311,753,2025-08-08,75,119,True
312,716,2026-03-10,3915,136,False
313,765,2026-07-05,4526,119,True
314,105,2026-07-15,3521,32,False
315,20,2025-07-08,2598,181,False
316,317,2025-12-14,5060,24,False
317,382,2026-03-19,230,62,False
318,202,2025-04-25,5081,146,False
319,493,2026-02-27,1480,185,False
320,493,2025-04-14,2268,50,False
321,540,2025-12-09,1486,192,False
322,277,2025-08-25,5392,7,False
323,26,2025-08-21,2082,101,False
324,230,2025-07-20,2141,41,False
325,137,2025-10-24,3299,175,False
326,776,2025-09-05,1367,21,False
327,673,2025-06-08,1842,116,False
328,798,2025-05-17,1143,34,False
329,603,2025-10-23,3903,21,False
330,107,2026-08-24,668,106,False
331,363,2026-01-31,3584,56,False
332,555,2025-02-22,1989,107,False
333,53,2025-02-13,605,59,False
334,712,2026-03-25,5228,90,False
335,679,2025-11-28,1866,43,False
336,777,2025-12-11,1772,149,False
337,240,2025-08-14,461,181,False
338,239,2025-12-04,4968,4,False
339,504,2025-12-22,4905,84,False
340,628,2026-01-08,605,177,False
341,217,2026-07-27,1563,188,True
342,263,2026-07-03,816,197,False
343,279,2026-05-23,3808,15,False
344,498,2026-02-14,905,189,False
345,87,2026-02-21,2143,16,True
346,411,2025-06-14,2980,53,False
347,194,2026-06-09,5161,94,False
348,566,2025-06-13,5356,175,False
349,595,2025-03-17,2309,87,False
350,731,2026-05-18,1125,148,False
351,290,2025-09-08,3115,113,False
352,91,2025-10-18,1822,97,False
353,186,2026-01-18,2434,23,False
354,179,2026-03-04,4612,197,True
355,3,2025-02-18,2305,19,False
356,469,2025-08-17,2882,46,False
357,527,2026-04-22,3018,171,False
358,286,2026-03-25,1881,117,False
359,229,2026-01-17,4842,64,False
360,447,2025-09-15,2299,43,False
361,123,2025-08-04,3251,30,False
362,627,2025-10-27,3977,51,False
363,187,2025-04-21,4452,160,False
364,560,2026-07-18,1975,166,False
365,540,2025-04-25,217,135,False
366,614,2025-10-28,3586,127,False
367,429,2026-04-05,570,58,True
368,129,2025-05-17,4330,143,False
369,34,2026-08-23,5376,189,False
370,25,2025-11-19,335,72,False
371,111,2025-04-06,147,111,False
372,698,2025-01-06,4056,184,False
373,86,2025-07-09,3826,30,False
374,362,2025-06-19,5100,91,False
375,390,2025-01-31,719,142,False
376,509,2026-01-02,461,66,False
377,98,2025-11-10,2008,18,False
378,59,2025-02-13,468,38,False
379,677,2026-05-19,4879,176,True
380,567,2025-10-04,3334,53,False
381,488,2025-12-24,3629,174,False
382,82,2025-12-30,3662,157,False
383,565,2026-05-24,2809,125,True
384,630,2025-05-18,2512,67,False
385,677,2025-01-26,1197,84,False
386,49,2025-05-13,5054,64,False
387,452,2026-02-18,2988,76,False
388,67,2026-02-10,710,78,False
389,269,2025-07-08,928,79,False
390,275,2026-08-15,666,66,False
391,110,2026-02-24,4845,79,False
392,170,2025-07-06,85,104,False
393,748,2026-08-21,5007,105,False
394,788,2025-05-07,4444,195,False
395,414,2025-01-19,777,34,False
396,362,2026-08-21,514,189,False
397,779,2025-09-23,5021,169,False
398,376,2026-05-22,3270,186,False
399,347,2026-06-06,4968,160,False
400,38,2026-07-23,5022,121,False
401,114,2026-04-07,88,85,False
402,394,2025-01-28,312,196,False
403,252,2025-11-27,4288,165,False
404,52,2026-07-21,660,73,False
405,586,2026-04-10,4462,57,False
406,503,2026-05-24,4707,40,False
407,49,2026-04-23,2647,137,False
408,786,2025-07-01,1520,181,False
409,202,2026-04-16,5352,176,False
410,264,2026-01-14,2297,163,True
411,140,2025-12-19,1321,169,False
412,647,2025-04-15,3146,78,False
413,763,2025-03-07,1839,160,False
414,773,2025-09-11,3877,48,False
415,79,2025-05-31,5323,112,False
416,775,2026-01-01,1017,74,False
417,45,2025-07-11,1370,50,False
418,597,2025-03-08,4722,87,False
419,525,2025-01-21,4528,151,False
420,696,2026-08-10,4187,167,False
421,428,2025-03-07,809,119,False
422,282,2026-07-18,516,78,False
423,529,2025-12-07,1638,127,False
424,468,2026-06-11,611,96,False
425,147,2026-07-07,2592,69,False
426,531,2025-03-20,3827,37,True
427,551,2025-11-25,3900,91,False
428,174,2026-02-11,2568,146,False
429,509,2026-01-19,2002,115,True
430,251,2026-06-25,2459,125,False
431,422,2025-04-13,3834,151,False
432,290,2025-03-25,1198,30,False
433,533,2026-05-22,36,166,True
434,53,2026-01-28,3855,57,False
435,155,2026-07-12,3438,55,False
436,366,2025-05-04,642,62,False
437,540,2025-02-04,3256,155,False
438,627,2026-02-23,2034,123,False
439,151,2026-04-05,4916,11,False
440,520,2026-01-29,3908,5,False
441,790,2025-01-30,2611,136,False
442,501,2026-06-14,5296,117,False
443,42,2025-06-03,3791,68,False
444,485,2025-10-22,1170,52,True
445,304,2025-01-14,3361,149,False
446,19,2026-04-06,3445,181,False
447,330,2026-05-11,4337,174,False
448,3,2025-04-27,374,164,False
449,94,2025-02-17,4881,7,False
450,136,2026-01-26,1463,112,False
451,181,2025-12-03,2771,56,False
452,731,2026-06-17,548,60,False
453,199,2025-06-28,911,175,False
454,686,2026-03-15,4490,53,False
455,132,2026-05-30,4030,134,False
456,462,2026-06-18,2275,12,False
457,266,2025-02-21,445,146,False
458,309,2026-01-18,4816,76,False
459,417,2025-07-29,951,22,False
460,771,2025-12-01,245,30,False
461,555,2026-02-12,1306,73,False
462,53,2026-07-10,3780,126,False
463,745,2025-10-12,1618,166,False
464,78,2025-07-16,2792,172,False
465,378,2025-04-27,665,163,False
466,497,2026-03-31,3754,16,False
467,440,2025-07-26,5222,159,True
468,439,2026-02-25,5221,179,False
469,566,2025-06-12,4890,122,False
470,786,2026-05-10,5253,81,False
471,176,2026-02-10,4552,167,False
472,643,2025-10-30,4490,6,True
473,6,2026-08-24,4094,2,False
474,751,2025-10-27,1161,17,False
475,318,2025-11-25,1007,140,False
476,578,2025-01-21,4107,1,False
477,203,2026-01-29,1545,19,False
478,742,2026-07-20,5170,118,False
479,423,2025-12-20,3632,117,False
480,550,2025-08-24,1889,54,False
481,181,2026-01-28,2850,168,False
482,421,2025-12-02,1906,94,False
483,610,2025-05-09,1250,123,False
484,465,2025-05-01,2596,146,False
485,139,2026-06-29,3235,138,False
486,721,2026-01-10,3762,84,False
487,194,2026-06-23,1907,113,False
488,84,2025-07-30,1360,40,False
489,508,2026-08-04,848,133,False
490,453,2025-12-22,879,167,False
491,371,2026-06-10,3142,135,False
492,314,2026-03-23,1568,42,False
493,12,2026-07-18,3329,194,False
494,531,2026-01-06,3496,145,False
495,173,2026-04-13,4500,189,False
496,484,2025-01-19,256,137,False
497,720,2025-11-22,4852,132,False
498,320,2026-05-05,5010,160,False
499,454,2026-05-12,2465,170,False
500,552,2025-12-07,3024,89,False
501,466,2026-07-28,4959,128,False
502,429,2025-05-25,600,185,False
503,364,2026-04-28,5193,156,False
504,150,2025-07-16,3913,25,False
505,537,2025-06-07,3842,181,False
506,511,2026-05-08,1569,107,False
507,333,2026-05-05,5399,36,False
508,22,2026-07-23,4146,141,False
509,11,2025-09-17,5088,194,False
510,659,2026-05-09,4756,173,False
511,89,2026-04-12,3616,32,False
512,726,2026-06-22,2734,130,False
513,45,2025-07-09,2080,33,False
514,63,2025-10-25,1021,132,False
515,175,2026-03-06,247,95,False
516,206,2025-09-10,2567,192,False
517,253,2026-08-30,3208,5,False
518,102,2026-05-13,3097,82,False
519,89,2025-01-13,2569,156,False
520,618,2025-08-28,1961,107,False
521,744,2025-11-22,2219,97,False
522,57,2026-03-05,4161,135,False
523,493,2025-11-24,5039,59,False
524,433,2026-01-08,1487,54,False
525,551,2025-12-21,3518,71,False
526,311,2025-04-03,4548,78,False
527,181,2025-08-04,2187,50,True
528,601,2025-07-07,2379,137,False
529,519,2025-08-13,2997,70,False
530,512,2025-05-09,3179,79,False
531,119,2026-08-04,4965,37,False
532,436,2025-03-18,330,181,False
533,743,2025-07-21,4442,28,False
534,403,2025-09-13,1158,114,False
535,715,2026-01-13,1995,187,False
536,621,2025-05-01,2385,139,False
537,308,2026-03-06,2749,195,False
538,382,2025-02-13,3998,33,False
539,246,2025-02-05,927,98,False
540,336,2025-05-06,5245,194,False
541,150,2025-05-14,4505,14,False
542,21,2026-01-11,419,198,False
543,587,2026-05-05,3047,21,False
544,215,2026-05-06,5061,134,False
545,717,2025-04-20,225,162,False
546,296,2025-10-08,1684,42,False
547,518,2025-04-16,2497,167,False
548,464,2026-01-05,5307,108,True
549,205,2025-06-02,3023,127,False
550,539,2026-01-30,269,20,False
551,356,2026-04-15,3442,13,False
552,771,2026-01-31,2763,12,False
553,305,2025-01-05,3204,68,False
554,222,2026-08-23,4205,61,False
555,18,2025-10-03,544,125,False
556,436,2026-01-05,1911,45,False
557,408,2026-02-21,741,89,False
558,605,2025-11-28,5259,191,False
559,141,2026-08-04,5003,193,False
560,249,2026-06-11,4995,149,False
561,191,2026-02-03,1435,114,False
562,439,2026-01-12,1808,143,False
563,220,2025-08-01,2531,145,False
564,335,2025-10-06,51,152,False
565,743,2025-01-04,4656,76,False
566,318,2026-03-27,971,72,False
567,779,2025-03-21,3704,114,False
568,51,2025-05-17,204,198,False
569,362,2025-12-16,749,138,False
570,20,2026-02-13,3679,116,False
571,445,2025-01-21,350,193,False
572,237,2026-04-11,787,42,True
573,149,2025-03-26,1131,155,False
574,730,2026-01-23,2606,135,False
575,527,2026-04-18,1190,52,False
576,155,2025-04-24,1036,110,False
577,568,2025-08-31,1041,106,False
578,51,2025-11-09,4685,122,False
579,413,2025-12-01,4406,189,False
580,497,2026-05-07,1611,54,False
581,111,2026-08-03,3500,82,False
582,767,2025-09-02,3777,117,False
583,70,2025-12-28,1357,18,False
584,46,2026-07-18,3176,15,False
585,398,2026-01-03,348,83,False
586,597,2025-01-30,2046,163,False
587,437,2025-07-07,3247,73,False
588,87,2026-02-08,4110,121,False
589,72,2026-08-22,2028,152,False
590,109,2025-05-22,644,132,False
591,787,2025-05-11,3838,118,False
592,749,2026-01-29,3847,115,False
593,65,2025-03-12,575,106,False
594,561,2026-07-31,993,197,False
595,654,2026-07-07,1520,80,False
596,448,2025-12-16,469,17,False
597,126,2025-07-25,4243,175,False
598,132,2025-09-23,5227,94,False
599,555,2025-12-02,4553,196,False
600,448,2026-06-06,953,134,False
601,140,2026-03-15,1478,116,True
602,50,2025-10-09,1451,120,False
603,347,2026-01-22,2506,72,False
604,316,2025-12-09,84,144,False
605,786,2025-03-13,1232,62,False
606,564,2025-07-06,3665,196,False
607,340,2025-05-04,3569,119,False
608,455,2025-11-30,4110,97,False
609,415,2026-08-12,2301,52,False
610,541,2026-03-11,140,159,False
611,467,2026-02-06,5287,93,False
612,93,2025-11-06,2806,100,False
613,420,2025-08-03,4925,31,False
614,607,2025-05-08,4584,148,False
615,725,2026-07-06,689,14,False
616,766,2025-01-12,4257,100,False
617,534,2026-07-07,3507,156,False
618,727,2025-05-13,4346,90,False
619,16,2026-05-03,3809,31,False
620,71,2026-06-01,396,192,False
621,155,2026-07-11,591,8,False
622,79,2026-08-06,1549,137,False
623,524,2025-11-02,1125,1,False
624,411,2025-12-08,2828,136,False
625,437,2025-01-20,5358,193,False
626,420,2026-05-19,2773,104,False
627,390,2025-12-19,1845,2,False
628,686,2025-01-29,4098,14,False
629,167,2025-07-30,2639,47,False
630,296,2026-06-03,4968,72,False
631,76,2025-08-22,2355,176,False
632,412,2025-06-24,3878,10,False
633,279,2025-06-14,467,102,False
634,163,2025-04-17,2616,148,False
635,440,2025-11-25,2341,133,False
636,758,2025-06-18,3200,159,False
637,616,2025-12-21,4150,137,False
638,97,2025-10-30,50,7,False
639,281,2026-01-31,1668,177,False
640,724,2025-12-23,2450,100,False
641,167,2025-02-05,3511,99,True
642,713,2025-01-05,640,180,False
643,717,2025-07-04,3800,154,False
644,41,2025-07-28,3958,22,False
645,791,2025-10-02,2918,60,False
646,621,2026-03-04,4225,72,False
647,399,2026-08-13,2791,190,False
648,271,2026-04-01,5398,24,False
649,370,2025-08-11,301,95,False
650,180,2025-05-23,2515,100,False
651,621,2025-08-05,3910,37,False
652,322,2025-05-30,497,107,False
653,353,2025-12-07,3616,47,False
654,740,2026-02-17,775,78,True
655,39,2025-06-09,3260,157,True
656,320,2026-01-06,4904,167,False
657,488,2025-08-13,1335,7,False
658,195,2025-10-29,1081,82,False
659,140,2025-05-25,3317,4,False
660,420,2025-11-28,1979,22,False
661,148,2025-02-25,4284,5,False
662,328,2025-10-31,746,159,True
663,68,2025-09-28,4271,106,False
664,16,2025-09-05,4427,43,False
665,589,2026-07-02,4053,95,False
666,150,2026-04-24,1647,144,False
667,23,2025-12-14,3922,56,False
668,14,2026-06-24,2029,87,False
669,454,2026-02-04,2327,29,False
670,418,2026-01-24,4016,44,False
671,466,2025-10-19,5004,44,False
672,514,2025-06-13,3238,20,False
673,524,2025-07-01,5272,162,False
674,575,2026-08-15,3227,165,False
675,683,2026-02-16,4519,105,False
676,167,2025-02-23,301,44,False
677,74,2025-05-23,1089,10,False
678,645,2026-08-01,1202,197,False
679,55,2025-05-07,1746,88,True
680,329,2025-12-04,1509,105,False
681,492,2025-08-03,3782,100,False
682,40,2026-03-08,5372,145,False
683,780,2026-06-07,960,87,False
684,743,2025-09-15,1236,113,False
685,671,2025-01-07,5005,153,False
686,555,2025-08-05,2034,199,False
687,635,2025-01-14,3780,140,False
688,451,2025-05-16,1063,48,False
689,602,2025-08-22,4861,39,False
690,33,2025-03-10,2575,78,False
691,167,2025-01-22,4717,163,False
692,12,2025-07-09,30,176,False
693,99,2025-01-16,2952,92,False
694,452,2025-06-04,4344,39,False
695,610,2025-03-13,794,131,False
696,704,2025-11-20,4770,126,False
697,128,2026-05-01,4233,28,False
698,518,2026-06-05,2663,179,False
699,596,2026-01-13,4932,189,False
700,5,2025-02-20,4568,198,False
701,262,2025-02-14,997,107,False
702,511,2026-03-30,56,160,False
703,109,2026-03-30,1322,7,False
704,279,2025-06-12,2378,14,False
705,367,2026-08-26,3700,2,False
706,98,2026-01-25,944,113,False
707,54,2025-09-23,1626,88,False
708,650,2026-01-16,2126,137,False
709,71,2025-01-12,2851,44,False
710,462,2026-03-24,2296,61,False
711,334,2025-05-14,2335,68,False
712,580,2025-01-10,3675,135,False
713,716,2026-01-15,3610,66,False
714,133,2025-01-01,4337,182,False
715,756,2025-01-16,5148,50,False
716,93,2025-04-13,5087,129,False
717,704,2026-08-03,4635,49,False
718,412,2026-08-19,1639,99,False
719,37,2025-09-13,3663,119,False
720,423,2025-07-27,3730,152,False
721,702,2025-09-17,3675,187,False
722,466,2026-01-15,4527,60,False
723,78,2025-12-16,4216,155,True
724,596,2025-07-06,2178,133,False
725,676,2025-06-03,1219,153,True
726,531,2025-10-24,3040,101,False
727,328,2025-06-24,3208,47,False
728,542,2025-09-23,3717,122,False
729,269,2025-01-18,325,78,False
730,140,2025-04-25,454,98,False
731,685,2026-08-12,3939,34,False
732,335,2025-08-06,3367,83,False
733,612,2025-09-21,3935,123,False
734,480,2025-04-26,2944,11,False
735,705,2026-06-15,4450,71,False
736,415,2025-06-19,1687,124,True
737,245,2025-06-28,2860,94,False
738,244,2025-09-11,5373,195,True
739,417,2026-05-06,5268,184,False
740,756,2026-04-28,468,71,False
741,152,2025-04-22,708,195,False
742,113,2025-04-30,5134,125,False
743,208,2025-06-04,3129,66,False
744,780,2025-04-29,3453,145,False
745,491,2025-10-31,99,23,False
746,626,2025-05-31,348,121,False
747,454,2025-02-14,3766,183,False
748,477,2026-04-25,1001,180,False
749,503,2025-07-27,4218,22,False
750,102,2025-05-31,4229,186,False
751,504,2025-03-29,5163,77,False
752,452,2026-05-13,1082,174,False
753,660,2026-01-01,2063,107,False
754,71,2025-07-15,281,84,False
755,407,2026-05-18,2911,92,False
756,746,2025-07-03,2968,28,False
757,654,2025-06-01,574,141,False
758,229,2025-08-18,5392,80,False
759,583,2025-01-24,3141,61,False
760,320,2025-09-30,2066,105,False
761,635,2026-04-01,4297,64,False
762,510,2025-09-12,2403,9,False
763,386,2025-12-19,3925,155,False
764,15,2025-08-28,4186,167,True
765,609,2026-05-15,4446,172,False
766,434,2026-08-29,3245,177,False
767,427,2025-11-26,1619,12,False
768,572,2026-02-25,1481,126,False
769,730,2026-01-05,5331,40,False
770,166,2026-06-20,2970,116,False
771,721,2026-07-04,3008,192,False
772,124,2026-06-27,2501,78,False
773,514,2025-02-12,3072,101,False
774,391,2025-09-17,117,195,False
775,606,2025-11-01,3309,127,True
776,430,2026-04-16,607,87,False
777,467,2025-12-09,3002,193,False
778,352,2025-10-13,3278,42,False
779,528,2025-11-20,5108,90,False
780,237,2025-12-27,829,192,False
781,233,2026-01-02,4740,140,False
782,328,2026-03-22,4159,167,False
783,162,2025-08-31,4136,53,False
784,250,2025-12-20,2667,66,False
785,66,2025-03-15,4551,91,False
786,200,2025-11-04,491,112,False
787,329,2025-08-16,2637,118,False
788,378,2025-01-08,5140,117,False
789,506,2025-05-06,3207,42,False
790,317,2026-08-12,4531,175,False
791,495,2025-11-30,3082,164,False
792,349,2025-01-24,3461,109,False
793,351,2026-06-22,3855,26,False
794,1,2025-03-15,4033,84,False
795,626,2026-01-15,2361,70,False
796,555,2025-01-26,3602,118,False
797,46,2026-05-23,1860,75,False
798,38,2026-01-16,99,194,False
799,590,2026-06-04,579,123,False
800,166,2025-07-03,3363,11,False
801,718,2026-06-27,3200,52,False
802,643,2026-06-27,1343,129,False
803,331,2025-10-17,2406,33,False
804,788,2025-12-26,5120,17,False
805,425,2025-08-17,4398,103,False
806,794,2026-04-20,2226,53,False
807,42,2026-01-25,2954,5,False
808,474,2025-03-30,3814,139,False
809,654,2025-09-06,3870,145,False
810,208,2025-09-07,829,142,False
811,666,2025-09-22,1535,19,False
812,668,2026-01-15,2570,166,False
813,627,2025-06-19,4879,18,False
814,521,2025-04-24,590,108,False
815,75,2025-10-05,3914,191,False
816,789,2025-08-20,2212,160,False
817,707,2026-07-05,2190,188,False
818,440,2026-04-03,3039,101,False
819,319,2025-05-29,1092,85,False
820,421,2026-02-19,3426,41,False
821,788,2026-01-03,2675,198,False
822,36,2026-07-02,2153,89,False
823,385,2026-03-29,816,121,False
824,156,2025-12-05,883,35,False
825,653,2025-06-01,1124,62,False
826,534,2025-05-06,3572,109,False
827,731,2025-08-16,2133,166,False
828,796,2026-06-18,94,103,False
829,94,2026-06-30,4722,39,False
830,381,2026-08-07,4372,52,False
831,746,2026-08-19,3792,118,False
832,24,2025-10-22,3656,97,False
833,697,2026-01-01,3539,44,False
834,320,2025-02-21,4187,121,False
835,429,2025-04-07,5004,134,False
836,102,2025-06-03,5258,87,False
837,273,2025-04-13,1579,180,False
838,768,2026-04-02,1786,45,False
839,742,2026-05-28,926,75,False
840,114,2025-01-01,2890,190,True
841,451,2026-02-19,2254,15,False
842,95,2025-06-28,3427,160,False
843,792,2025-10-28,3353,34,False
844,367,2025-08-12,3175,43,False
845,207,2025-04-02,114,33,False
846,434,2026-04-24,3432,95,True
847,161,2025-07-06,810,43,False
848,574,2025-09-23,5088,76,False
849,278,2025-12-25,226,38,False
850,295,2025-11-16,2628,199,False
851,606,2025-04-23,2149,127,False
852,718,2026-02-12,4657,144,False
853,164,2025-04-07,80,12,False
854,479,2026-04-22,3419,130,False
855,246,2026-01-29,4454,153,False
856,38,2025-07-25,4232,30,False
857,205,2025-08-03,1598,187,False
858,28,2025-04-15,1790,38,False
859,626,2025-09-27,1168,184,False
860,376,2025-04-21,1797,186,False
861,436,2025-11-04,2313,53,False
862,352,2025-04-08,5052,90,False
863,217,2026-06-24,4818,29,False
864,362,2025-03-11,4503,3,False
865,123,2026-03-13,2199,92,False
866,46,2025-09-25,2748,99,False
867,126,2025-07-26,2742,34,False
868,43,2025-04-22,2504,124,False
869,443,2026-01-22,1093,182,False
870,49,2026-04-20,1378,58,False
871,312,2026-01-29,3146,152,False
872,588,2025-01-01,1144,85,False
873,461,2026-05-21,436,89,False
874,482,2026-08-02,1241,55,False
875,230,2026-03-05,4919,197,False
876,110,2025-01-09,5086,88,False
877,124,2025-11-03,325,184,False
878,345,2025-07-17,1461,196,False
879,713,2026-02-01,4346,38,False
880,755,2026-04-03,2426,92,False
881,110,2026-06-23,1169,15,False
882,56,2026-06-14,3692,161,False
883,372,2026-08-09,3536,72,False
884,152,2025-02-22,3496,26,False
885,110,2025-03-13,2100,45,False
886,312,2026-05-02,4170,158,False
887,770,2026-03-11,1326,19,False
888,189,2026-04-02,2066,101,False
889,69,2025-05-23,4865,191,False
890,127,2025-10-07,1815,73,False
891,497,2026-01-26,680,39,False
892,779,2026-01-16,2729,115,False
893,769,2026-06-06,3657,126,False
894,614,2025-08-11,3438,70,False
895,424,2026-05-23,1413,145,True
896,584,2025-07-09,5371,162,False
897,50,2026-04-07,4002,128,False
898,746,2025-01-21,3184,158,False
899,629,2025-05-05,4008,70,False
900,150,2025-01-05,4152,46,False
901,237,2025-05-12,3120,178,False
902,712,2025-11-16,4994,86,False
903,434,2026-06-13,1568,22,False
904,787,2025-01-08,47,28,False
905,319,2025-12-22,3177,195,False
906,470,2025-03-16,1394,2,False
907,4,2025-04-16,4453,172,False
908,723,2025-02-28,47,60,False
909,667,2025-12-24,4250,199,False
910,653,2026-01-20,4881,112,False
911,605,2025-06-17,5008,150,False
912,255,2026-02-11,2110,152,False
913,28,2025-09-01,4419,89,False
914,266,2026-04-03,3144,190,False
915,539,2025-11-14,151,144,False
916,541,2026-08-14,2625,85,False
917,689,2026-02-09,3879,71,False
918,442,2026-08-18,4075,1,False
919,274,2026-07-07,2065,46,False
920,308,2025-05-07,2007,130,False
921,785,2025-07-30,3504,137,False
922,38,2025-08-02,95,42,False
923,526,2026-01-06,4599,92,False
924,19,2025-12-07,1957,115,True
925,371,2025-10-14,3166,40,False
926,79,2025-01-27,2555,90,False
927,180,2025-09-29,2176,161,False
928,324,2025-04-27,2207,56,False
929,260,2026-07-31,4203,153,False
930,22,2026-06-03,1496,60,False
931,629,2025-04-21,5133,20,False
932,119,2025-09-05,548,69,False
933,570,2026-01-21,2284,84,False
934,775,2025-10-22,180,35,False
935,199,2025-04-14,2148,145,False
936,361,2026-03-24,4922,141,False
937,517,2026-07-05,3040,110,False
938,747,2026-05-06,384,79,False
939,304,2025-08-04,3690,12,False
940,152,2026-06-09,2162,143,False
941,89,2026-06-20,688,68,False
942,287,2026-06-28,450,116,False
943,666,2026-05-16,2391,64,False
944,537,2025-06-28,626,46,False
945,183,2025-11-01,3520,118,False
946,792,2026-01-29,3506,64,False
947,514,2026-05-09,4758,85,False
948,560,2025-03-09,4991,184,False
949,2,2025-02-10,5040,51,False
950,722,2026-08-12,1899,84,False
951,57,2026-02-27,1397,67,False
952,40,2025-06-12,4034,23,False
953,554,2026-08-28,2309,85,False
954,244,2025-08-25,4221,128,False
955,747,2026-01-19,4472,66,False
956,707,2026-07-19,3468,69,False
957,437,2026-06-03,2560,134,False
958,419,2026-01-18,4695,93,False
959,134,2025-12-01,2760,116,False
960,136,2025-06-24,1032,42,True
961,10,2025-04-18,622,92,False
962,136,2025-02-22,433,3,False
963,354,2025-01-10,595,114,False
964,607,2025-10-24,2479,117,False
965,59,2025-08-01,3198,34,True
966,127,2025-12-25,2897,87,False
967,302,2025-11-07,1991,137,False
968,399,2026-02-10,2027,81,False
969,340,2025-04-28,2838,192,False
970,146,2025-04-10,4980,184,False
971,604,2025-03-18,3926,30,False
972,167,2026-03-05,692,52,False
973,94,2026-07-07,1507,64,False
974,318,2025-08-09,5040,117,False
975,792,2025-03-29,4665,120,False
976,95,2026-07-28,2298,165,False
977,101,2025-05-20,1404,72,False
978,528,2026-02-01,4504,91,False
979,498,2026-06-20,4490,98,False
980,133,2026-07-12,2059,150,False
981,521,2025-05-16,521,91,False
982,602,2025-01-19,2757,112,False
983,510,2025-09-13,3349,19,False
984,418,2026-07-03,3725,70,False
985,368,2025-10-14,4900,91,False
986,278,2026-06-17,2574,181,False
987,55,2026-05-22,4921,23,True
988,492,2025-11-07,4723,75,False
989,634,2026-06-12,267,128,False
990,327,2026-08-16,2913,92,False
991,588,2026-02-17,824,61,False
992,66,2026-03-31,127,129,False
993,80,2025-09-28,242,7,False
994,248,2026-08-28,4318,119,False
995,278,2025-08-04,4671,175,False
996,420,2026-04-05,2683,102,False
997,26,2026-07-26,5313,158,False
998,84,2026-07-10,3646,138,True
999,582,2026-06-20,280,124,False
1000,586,2025-04-30,1767,139,False
1001,616,2026-08-18,3579,195,False
1002,286,2025-04-30,3783,106,False
1003,539,2025-05-24,3860,56,False
1004,164,2025-11-05,3908,101,False
1005,696,2025-03-29,3365,96,False
1006,7,2026-03-19,5392,33,False
1007,491,2026-07-18,3236,190,False
1008,68,2025-06-10,1988,142,False
1009,661,2025-07-18,1040,72,False
1010,190,2025-09-11,1209,198,False
1011,17,2025-02-22,2356,64,False
1012,294,2025-04-15,2617,58,False
1013,718,2026-07-31,561,41,False
1014,123,2026-07-16,3744,40,True
1015,218,2025-11-01,2151,120,False
1016,436,2026-03-28,2616,187,False
1017,697,2025-01-30,3720,110,False
1018,156,2025-01-24,4657,82,False
1019,291,2026-06-22,3069,164,False
1020,764,2025-01-14,5202,138,False
1021,559,2026-03-06,3832,30,False
1022,452,2026-08-27,5292,94,False
1023,290,2026-04-27,2258,126,False
1024,638,2025-08-29,706,112,False
1025,754,2025-11-22,1338,4,False
1026,338,2026-01-01,1337,67,False
1027,764,2025-09-27,1831,197,False
1028,164,2026-07-30,1611,154,False
1029,675,2025-01-27,2716,148,False
1030,360,2026-08-04,5016,101,False
1031,169,2026-06-06,627,112,False
1032,330,2025-02-28,4225,96,False
1033,325,2025-12-11,3078,48,False
1034,499,2026-01-21,681,112,False
1035,638,2026-08-21,4320,169,False
1036,729,2026-08-26,2384,187,False
1037,110,2025-10-13,3605,70,False
1038,190,2025-04-20,5019,163,False
1039,667,2026-05-04,833,64,False
1040,78,2026-02-07,1137,12,False
1041,240,2025-11-08,1016,60,False
1042,573,2026-04-15,3002,72,False
1043,429,2025-02-20,5283,199,False
1044,1,2025-02-15,3731,31,False
1045,119,2025-10-20,3173,88,False
1046,636,2025-08-23,377,182,False
1047,273,2025-04-06,1828,45,True
1048,583,2025-05-05,2348,50,False
1049,539,2025-10-23,2656,122,False
1050,661,2025-02-04,4960,153,False
1051,464,2026-03-08,1919,53,False
1052,73,2025-03-02,93,123,False
1053,101,2026-02-09,2296,127,False
1054,163,2025-07-27,3431,153,False
1055,145,2025-04-06,2084,116,True
1056,442,2025-12-18,4723,134,False
1057,369,2026-01-19,4322,72,False
1058,262,2026-08-02,2338,58,False
1059,456,2025-09-22,4906,83,False
1060,677,2026-07-22,1420,100,False
1061,299,2025-10-16,5003,110,False
1062,367,2026-06-14,3932,35,False
1063,707,2025-06-20,892,163,False
1064,344,2026-04-14,2000,47,False
1065,67,2025-05-14,3585,51,False
1066,148,2025-01-25,1825,25,False
1067,216,2025-03-21,4357,53,False
1068,450,2025-09-04,1428,175,False
1069,323,2025-03-21,4947,174,False
1070,277,2026-04-19,5189,57,False
1071,665,2025-02-24,576,49,False
1072,361,2026-08-11,4032,27,False
1073,381,2025-08-01,3616,67,False
1074,218,2025-10-08,774,48,False
1075,372,2026-03-28,3556,16,False
1076,488,2026-03-02,1627,53,False
1077,736,2026-05-24,4381,47,True
1078,671,2026-08-28,4844,25,True
1079,4,2025-07-04,34,67,False
1080,17,2026-01-14,4485,139,False
1081,669,2026-02-11,5299,199,False
1082,185,2026-04-18,1921,133,False
1083,21,2025-06-24,5302,149,False
1084,542,2026-08-10,3838,118,False
1085,778,2025-05-26,3075,124,True
1086,566,2026-03-08,571,173,False
1087,109,2026-06-22,2702,178,False
1088,236,2025-03-22,829,11,False
1089,232,2025-11-23,1581,101,False
1090,229,2026-08-18,4867,121,True
1091,501,2025-03-31,630,196,False
1092,598,2026-05-04,2947,118,False
1093,235,2026-05-24,5289,52,False
1094,447,2025-06-10,761,143,False
1095,390,2026-03-06,1048,194,False
1096,312,2026-08-23,2664,65,False
1097,147,2025-08-24,2700,62,False
1098,45,2025-02-18,2521,85,False
1099,755,2025-06-07,1226,123,False
1100,523,2026-07-25,5383,68,False
1101,673,2026-07-13,605,138,False
1102,235,2026-05-26,108,78,False
1103,170,2025-12-19,1343,99,False
1104,462,2025-06-16,4001,128,False
1105,557,2026-01-10,720,47,False
1106,578,2026-06-07,4091,52,False
1107,438,2026-05-14,2148,55,False
1108,371,2025-02-06,4192,173,False
1109,452,2026-03-08,1187,120,False
1110,203,2026-08-01,4205,198,False
1111,130,2025-03-18,39,57,True
1112,172,2026-01-03,3840,85,False
1113,269,2026-01-12,155,84,False
1114,564,2025-11-13,2305,198,False
1115,696,2026-04-02,3819,131,False
1116,714,2026-08-25,295,96,False
1117,316,2026-01-30,4987,112,False
1118,784,2025-01-17,5225,4,False
1119,789,2025-11-11,3737,70,False
1120,643,2025-11-08,1330,180,False
1121,56,2025-06-14,3851,55,False
1122,483,2026-03-23,1669,67,False
1123,228,2025-12-13,3589,81,False
1124,692,2025-03-10,850,13,False
1125,180,2026-04-17,3337,100,False
1126,312,2025-01-10,1811,37,False
1127,201,2026-06-12,3181,140,False
1128,706,2026-01-09,1790,145,False
1129,458,2026-08-28,1491,86,False
1130,345,2025-07-25,1961,47,False
1131,653,2025-05-16,4731,151,False
1132,477,2025-10-20,2197,146,False
1133,485,2026-05-06,3741,64,False
1134,136,2026-01-13,3616,166,False
1135,302,2025-09-28,3261,107,False
1136,398,2025-08-23,5243,182,False
1137,336,2026-04-24,267,136,False
1138,274,2025-05-11,2835,181,True
1139,789,2025-01-21,5269,57,False
1140,294,2025-05-25,5368,36,False
1141,478,2025-05-08,2410,155,False
1142,479,2025-04-24,325,112,False
1143,169,2025-07-07,1951,154,True
1144,706,2026-03-11,2047,176,False
1145,124,2025-05-31,1982,72,False
1146,661,2025-03-23,191,49,False
1147,476,2025-08-31,4991,37,False
1148,280,2026-08-14,3237,199,False
1149,216,2026-07-24,2078,111,False
1150,588,2025-01-03,5287,147,True
1151,360,2025-01-08,4590,190,False
1152,439,2025-07-04,1169,186,False
1153,289,2025-03-30,1011,198,False
1154,279,2026-05-03,3883,62,False
1155,215,2025-04-01,4735,135,False
1156,727,2025-02-24,4128,41,False
1157,709,2025-05-18,4456,93,False
1158,130,2025-12-23,586,189,False
1159,109,2025-04-11,940,56,False
1160,645,2025-06-26,2353,57,False
1161,288,2025-11-02,3202,114,False
1162,170,2026-08-10,780,180,False
1163,172,2026-06-10,356,127,False
1164,714,2025-05-13,1921,34,False
1165,211,2025-06-26,3839,192,False
1166,578,2025-02-13,4362,72,False
1167,365,2025-06-29,4420,91,False
1168,372,2026-01-08,1590,126,False
1169,270,2025-11-11,1597,137,False
1170,62,2025-08-17,5041,182,True
1171,70,2025-01-12,871,46,False
1172,145,2026-07-03,4198,92,False
1173,230,2025-08-25,52,65,False
1174,132,2026-07-10,1443,120,False
1175,224,2026-03-23,1059,56,False
1176,610,2026-04-28,2318,65,False
1177,9,2025-09-13,618,133,True
1178,498,2025-03-20,3347,39,False
1179,418,2025-05-17,2395,88,False
1180,175,2026-02-04,3288,148,False
1181,230,2025-12-22,3932,94,False
1182,295,2025-02-25,3053,147,False
1183,218,2026-06-07,2836,90,False
1184,248,2025-01-16,2050,172,False
1185,337,2025-10-13,3563,169,False
1186,522,2025-04-30,5099,30,False
1187,514,2025-04-16,805,176,False
1188,265,2025-10-28,502,12,False
1189,233,2025-07-18,4319,183,False
1190,615,2025-10-01,3429,125,False
1191,612,2026-07-28,3140,29,False
1192,556,2026-04-17,221,98,False
1193,551,2025-07-17,2372,191,False
1194,195,2025-11-14,3014,125,False
1195,532,2025-08-16,4072,104,True
1196,260,2025-06-10,1019,48,False
1197,426,2025-10-05,3248,74,False
1198,440,2025-03-26,482,165,False
1199,637,2025-05-23,4378,170,False
1200,727,2025-12-12,313,89,True
1201,336,2026-03-24,3083,111,False
1202,90,2026-02-14,5161,135,False
1203,15,2026-08-22,1911,194,False
1204,287,2025-05-10,719,39,False
1205,345,2025-03-15,3520,14,False
1206,480,2026-01-19,1960,10,False
1207,284,2025-12-11,3606,108,True
1208,260,2026-06-07,2555,72,False
1209,588,2025-03-19,1905,21,False
1210,232,2025-05-28,160,85,False
1211,37,2025-09-08,2013,123,False
1212,346,2026-05-13,4995,86,False
1213,495,2025-04-30,5345,137,False
1214,155,2026-07-31,112,48,False
1215,9,2025-03-09,1083,197,False
1216,483,2026-07-23,4924,94,False
1217,152,2026-02-13,4489,100,True
1218,703,2025-03-27,200,101,False
1219,269,2026-08-24,2316,187,False
1220,729,2025-01-30,2233,57,False
1221,70,2025-08-25,5316,100,False
1222,378,2026-03-18,4234,67,False
1223,331,2025-07-28,4172,119,False
1224,235,2025-08-20,163,112,True
1225,289,2025-06-23,3749,185,False
1226,306,2025-04-18,4378,9,False
1227,48,2025-12-20,2250,149,False
1228,183,2025-09-29,2556,9,False
1229,221,2026-05-08,1390,113,False
1230,479,2025-11-26,2560,87,False
1231,234,2025-11-08,1851,18,False
1232,108,2025-04-09,1029,13,False
1233,551,2025-06-02,5359,158,False
1234,255,2025-01-23,1284,149,False
1235,17,2026-08-15,1038,118,False
1236,137,2026-04-20,4318,117,False
1237,442,2025-06-14,874,19,False
1238,165,2025-10-04,85,6,False
1239,742,2025-12-08,3178,163,False
1240,538,2025-05-29,1741,66,False
1241,239,2025-03-19,3761,157,False
1242,795,2026-08-03,1750,18,False
1243,573,2025-08-05,533,133,False
1244,541,2026-04-06,1484,181,False
1245,60,2026-01-20,2177,75,False
1246,196,2025-09-02,1698,62,False
1247,485,2026-01-09,3234,150,False
1248,327,2025-06-15,688,77,False
1249,682,2025-06-03,3521,66,False
1250,503,2026-03-19,925,157,False
1251,64,2026-04-17,3262,136,False
1252,694,2026-03-16,3021,44,False
1253,748,2026-03-01,905,90,False
1254,572,2026-06-21,3046,42,False
1255,615,2025-07-04,5231,98,False
1256,117,2025-01-08,5022,161,False
1257,591,2025-06-18,4087,130,False
1258,484,2026-01-18,2888,107,False
1259,101,2025-12-29,4171,62,False
1260,158,2025-06-21,2381,52,False
1261,440,2026-04-18,1692,125,False
1262,300,2026-08-15,540,32,False
1263,462,2025-03-16,2631,177,False
1264,772,2025-01-16,3982,158,False
1265,503,2026-02-26,4645,153,False
1266,714,2025-10-23,2425,41,False
1267,24,2026-02-11,3744,69,False
1268,206,2026-03-08,4106,98,False
1269,713,2025-01-25,1320,165,False
1270,583,2026-04-02,1069,38,False
1271,287,2025-04-17,3050,166,False
1272,264,2026-01-20,3333,75,False
1273,597,2026-08-22,281,176,False
1274,7,2025-10-14,3919,17,False
1275,65,2025-08-01,2616,149,False
1276,681,2026-07-07,1972,3,False
1277,603,2025-09-11,2537,67,False
1278,658,2025-12-17,2607,115,False
1279,383,2025-05-02,3898,151,False
1280,236,2025-11-13,375,114,False
1281,315,2025-02-14,4573,71,False
1282,618,2026-06-05,1481,38,False
1283,192,2026-01-06,4649,72,False
1284,26,2025-09-27,913,40,False
1285,398,2026-03-31,1961,8,True
1286,432,2026-01-04,2041,154,False
1287,336,2025-09-12,976,197,False
1288,786,2025-07-19,508,89,False
1289,485,2025-02-11,37,68,False
1290,631,2025-05-09,4479,121,False
1291,188,2025-09-02,657,1,False
1292,461,2025-10-07,3969,56,False
1293,285,2026-08-27,121,91,False
1294,293,2025-07-23,4678,117,False
1295,82,2025-10-20,1369,60,False
1296,589,2025-01-23,5119,84,False
1297,368,2025-02-25,2565,47,False
1298,781,2025-10-23,3059,55,False
1299,469,2025-07-31,2594,67,False
1300,154,2026-02-03,4031,111,False
1301,576,2026-05-28,1194,182,False
1302,40,2025-02-01,2662,14,False
1303,598,2025-04-11,1357,40,False
1304,302,2025-12-11,4249,26,False
1305,32,2025-03-02,4635,34,False
1306,414,2025-07-08,2912,89,False
1307,386,2026-03-06,3377,189,False
1308,197,2025-01-25,3984,62,False
1309,86,2026-01-11,2211,142,False
1310,494,2025-02-28,1506,161,False
1311,364,2026-04-06,5119,38,False
1312,245,2026-03-11,3718,40,False
1313,449,2025-02-02,161,141,False
1314,786,2025-11-24,3136,27,False
1315,696,2025-10-14,2438,164,False
1316,213,2026-08-04,1371,14,False
1317,295,2025-01-25,4267,117,False
1318,643,2026-02-18,3712,163,False
1319,105,2025-11-27,2518,188,False
1320,772,2026-08-08,2018,172,False
1321,330,2026-03-22,1229,128,False
1322,400,2025-06-23,3407,180,False
1323,778,2025-03-08,4622,103,False
1324,160,2025-12-20,3564,177,False
1325,133,2026-05-31,89,197,False
1326,713,2025-12-06,3634,174,True
1327,579,2025-12-19,2380,135,False
1328,322,2025-11-14,3700,194,False
1329,85,2025-08-14,2068,199,False
1330,436,2026-06-29,2271,80,True
1331,612,2025-04-12,2450,60,False
1332,40,2025-11-17,3384,131,False
1333,174,2026-06-12,4546,97,False
1334,279,2025-06-10,4899,9,False
1335,225,2025-09-14,979,62,False
1336,445,2026-03-03,395,173,False
1337,789,2025-03-19,4504,179,False
1338,555,2025-06-10,4235,29,False
1339,412,2026-03-16,1523,139,False
1340,761,2025-02-20,721,136,False
1341,655,2025-08-16,705,156,False
1342,467,2025-12-24,2530,65,False
1343,42,2026-06-01,1547,153,False
1344,218,2025-03-25,911,117,True
1345,741,2025-11-21,4389,34,False
1346,446,2026-03-10,4231,158,False
1347,741,2025-08-29,2872,193,False
1348,57,2025-09-23,229,102,False
1349,145,2025-10-07,780,23,False
1350,119,2026-06-10,3795,190,False
1351,78,2026-01-09,2044,31,False
1352,282,2025-09-03,2186,62,False
1353,800,2025-01-06,4405,58,False
1354,18,2025-08-29,1453,112,False
1355,748,2026-05-11,5282,50,False
1356,61,2025-09-18,5187,171,False
1357,13,2025-08-27,3231,65,False
1358,6,2026-03-10,1598,110,False
1359,619,2026-08-13,5338,31,False
1360,146,2025-04-05,1166,107,False
1361,89,2026-07-28,4678,47,False
1362,661,2025-07-27,2346,77,False
1363,513,2025-12-23,4647,100,False
1364,282,2025-06-12,1653,155,False
1365,614,2025-01-14,3872,165,True
1366,722,2025-08-24,3938,72,False
1367,429,2026-06-20,2032,70,False
1368,708,2026-07-08,191,50,False
1369,276,2025-08-17,1632,179,False
1370,691,2026-01-19,3746,26,False
1371,514,2026-04-14,4281,19,False
1372,170,2025-11-02,2296,86,False
1373,503,2026-05-08,4824,79,True
1374,274,2025-03-20,4239,57,False
1375,57,2026-07-21,575,88,False
1376,375,2025-12-16,1823,197,False
1377,50,2025-04-05,2843,54,False
1378,346,2026-04-30,127,122,True
1379,717,2026-07-18,1503,145,False
1380,64,2025-08-08,4128,198,False
1381,542,2025-10-10,4616,170,True
1382,192,2026-07-03,741,139,False
1383,477,2025-11-24,3234,166,False
1384,497,2025-08-02,2595,169,False
1385,608,2026-01-25,4614,157,True
1386,542,2025-04-08,4503,23,False
1387,200,2025-07-27,5144,67,False
1388,292,2026-05-18,4997,138,False
1389,459,2025-02-26,3997,177,False
1390,238,2025-12-10,1351,24,False
1391,676,2026-02-18,1370,198,False
1392,469,2025-11-10,4530,30,False
1393,548,2025-08-25,3783,40,False
1394,531,2026-07-16,4197,16,True
1395,284,2026-05-06,1542,129,False
1396,569,2026-05-16,4989,125,False
1397,519,2025-03-01,944,175,False
1398,649,2026-08-26,4407,130,False
1399,272,2025-11-03,1831,17,False
1400,468,2026-02-24,510,58,False
1401,718,2025-08-18,4442,69,False
1402,304,2025-12-18,5101,179,False
1403,672,2026-03-08,5242,143,False
1404,279,2025-11-24,162,184,True
1405,104,2025-12-13,2467,164,False
1406,28,2025-08-05,1874,161,False
1407,394,2026-08-26,1833,88,False
1408,334,2025-04-20,2120,125,False
1409,202,2025-08-15,131,153,False
1410,696,2026-05-16,2635,119,False
1411,669,2025-10-16,429,83,True
1412,503,2025-01-05,1293,79,True
1413,616,2025-03-03,3892,181,False
1414,475,2026-06-23,694,91,False
1415,516,2026-08-25,3649,79,False
1416,180,2025-06-09,4524,29,False
1417,15,2025-05-08,5281,117,False
1418,477,2025-05-26,3476,191,False
1419,93,2026-07-10,4765,155,False
1420,145,2025-01-05,2580,118,False
1421,416,2025-02-28,4879,68,False
1422,273,2025-08-07,4189,76,False
1423,316,2026-08-18,4957,91,False
1424,468,2025-02-23,4944,41,False
1425,678,2025-07-21,3730,148,False
1426,37,2025-04-23,1232,81,True
1427,222,2025-07-19,282,163,True
1428,250,2026-02-22,1764,34,False
1429,197,2025-05-02,1623,10,False
1430,71,2025-09-10,5047,159,False
1431,215,2025-04-09,232,15,False
1432,132,2025-01-07,2951,144,False
1433,703,2025-10-31,5334,63,False
1434,282,2025-07-12,1540,149,False
1435,276,2026-03-28,3140,153,False
1436,555,2025-01-04,879,137,False
1437,478,2025-01-31,2288,81,False
1438,214,2026-07-10,5339,178,False
1439,239,2025-09-20,3637,95,False
1440,17,2026-06-07,2903,37,False
1441,176,2025-03-06,5238,125,False
1442,320,2025-08-03,4660,105,False
1443,342,2026-02-27,1518,4,False
1444,177,2025-05-26,3445,123,True
1445,694,2025-05-15,3518,19,False
1446,623,2025-03-06,2412,196,False
1447,351,2025-07-31,1010,21,False
1448,658,2026-03-05,4639,73,False
1449,251,2025-06-28,898,77,False
1450,537,2025-03-15,1944,56,True
1451,631,2026-01-15,1361,87,False
1452,491,2026-02-11,4156,12,False
1453,251,2025-09-05,557,191,False
1454,585,2025-06-06,2464,194,False
1455,86,2026-03-21,4559,22,False
1456,301,2026-03-19,4848,51,False
1457,680,2025-12-31,1142,93,False
1458,521,2025-08-27,2732,23,False
1459,285,2025-11-03,2653,59,False
1460,336,2025-03-25,1779,179,False
1461,325,2025-01-02,4337,117,False
1462,344,2025-06-18,3927,186,False
1463,185,2025-11-12,474,51,False
1464,631,2026-02-23,4648,108,False
1465,73,2025-05-25,1997,197,False
1466,633,2026-02-20,4599,54,False
1467,441,2025-07-06,4138,151,False
1468,321,2025-12-29,2599,99,False
1469,636,2025-03-08,3652,63,False
1470,750,2025-07-16,2393,23,False
1471,340,2025-04-27,4212,190,False
1472,434,2026-01-21,831,27,False
1473,354,2026-03-07,3278,25,False
1474,390,2025-01-26,240,96,False
1475,284,2025-08-30,3906,20,False
1476,402,2026-01-02,5032,168,False
1477,19,2026-03-25,4113,149,True
1478,624,2026-04-20,3924,29,False
1479,74,2026-04-13,4426,180,False
1480,775,2025-03-25,3127,129,False
1481,313,2026-01-20,3328,139,False
1482,553,2026-05-11,3162,67,False
1483,25,2025-12-04,2564,168,False
1484,274,2026-07-04,155,12,True
1485,760,2026-05-13,465,195,False
1486,414,2026-08-06,2466,51,False
1487,362,2026-07-30,1495,31,False
1488,246,2025-01-19,4977,14,False
1489,552,2025-08-30,5320,17,False
1490,523,2026-06-28,2511,38,False
1491,420,2025-02-19,3772,106,False
1492,800,2025-02-08,3148,61,False
1493,443,2025-06-20,1370,108,False
1494,692,2025-08-19,2055,35,False
1495,378,2026-01-12,2095,164,False
1496,379,2025-11-29,594,81,False
1497,471,2026-03-22,129,114,False
1498,274,2025-05-15,1767,1,False
1499,632,2025-10-20,4875,67,False
1500,363,2025-07-29,486,6,False
1501,214,2026-07-02,2824,70,False
1502,253,2026-07-06,3136,153,False
1503,264,2026-05-15,3605,92,False
1504,794,2025-04-17,5302,155,False
1505,256,2025-02-26,2128,16,False
1506,162,2025-11-24,1977,77,False
1507,548,2026-03-06,2764,1,False
1508,648,2026-05-17,4639,196,False
1509,338,2026-04-29,3179,193,False
1510,332,2025-05-27,259,55,False
1511,486,2025-07-28,2436,149,False
1512,522,2026-07-22,2741,149,False
1513,88,2026-03-06,4756,76,True
1514,739,2026-08-18,3544,89,False
1515,299,2025-05-13,3676,199,False
1516,474,2025-06-11,1744,69,False
1517,42,2026-02-02,3933,87,False
1518,494,2025-10-15,558,58,False
1519,85,2026-08-17,1081,82,False
1520,29,2025-01-07,1200,46,False
1521,765,2026-01-14,2546,7,False
1522,104,2026-08-07,405,132,False
1523,598,2025-11-20,2813,59,True
1524,433,2025-03-25,4799,6,False
1525,194,2025-02-07,2162,22,False
1526,297,2025-09-17,54,181,False
1527,114,2026-04-08,1505,91,False
1528,488,2026-02-13,402,51,False
1529,667,2025-03-04,3449,65,False
1530,308,2026-01-30,4302,96,False
1531,747,2026-07-07,1578,61,False
1532,140,2026-02-01,1639,78,False
1533,753,2025-06-07,1758,84,False
1534,638,2025-01-11,1988,189,False
1535,53,2025-12-09,3769,66,False
1536,677,2026-03-22,1676,34,False
1537,52,2026-06-14,2085,95,False
1538,775,2026-03-29,4813,73,False
1539,543,2025-10-10,4125,127,False
1540,161,2025-11-28,5017,132,False
1541,730,2025-04-29,1947,92,False
1542,250,2026-03-20,5017,57,False
1543,96,2026-02-05,1633,141,False
1544,225,2025-01-01,1680,109,False
1545,691,2025-07-05,5147,64,False
1546,745,2025-04-11,1106,6,False
1547,741,2026-08-14,4424,6,False
1548,478,2025-02-15,4476,180,False
1549,148,2025-11-11,5002,126,False
1550,738,2025-07-09,4588,167,False
1551,417,2026-07-17,4452,83,False
1552,713,2025-05-04,1932,25,False
1553,79,2026-07-29,3017,197,False
1554,197,2025-04-23,3133,146,False
1555,183,2025-01-25,1600,133,False
1556,343,2025-09-12,2128,13,False
1557,681,2025-10-29,4598,13,False
1558,331,2026-01-14,110,184,False
1559,487,2025-11-15,446,169,False
1560,390,2025-11-26,2235,24,False
1561,765,2025-07-06,4173,112,False
1562,799,2026-05-24,4835,72,True
1563,695,2025-11-28,3701,127,False
1564,140,2025-08-28,4637,171,False
1565,683,2025-02-17,828,126,False
1566,618,2025-09-05,587,42,False
1567,283,2025-09-25,2732,80,False
1568,183,2025-01-07,1678,185,False
1569,792,2026-05-05,4751,13,False
1570,592,2026-04-07,426,133,False
1571,207,2025-05-24,1990,100,False
1572,163,2026-01-01,1630,95,False
1573,475,2025-03-24,3215,5,False
1574,422,2025-03-18,1628,25,False
1575,664,2026-02-12,5082,90,True
1576,535,2025-04-27,315,131,False
1577,649,2026-07-14,418,34,False
1578,346,2025-04-14,4837,118,False
1579,776,2026-01-30,2857,179,False
1580,773,2025-09-05,4540,85,False
1581,756,2025-02-15,2499,143,False
1582,565,2025-01-24,5015,81,False
1583,301,2025-03-26,2575,16,False
1584,126,2026-04-18,4027,118,False
1585,448,2026-08-25,5376,16,False
1586,298,2025-07-13,4111,82,False
1587,136,2025-06-13,1430,60,False
1588,252,2026-07-12,4257,136,False
1589,642,2025-09-05,2094,8,False
1590,237,2025-06-14,3656,87,False
1591,80,2025-12-03,3550,21,False
1592,170,2025-08-11,974,195,False
1593,143,2025-07-02,1571,139,False
1594,149,2026-07-14,984,111,False
1595,344,2026-03-20,396,176,False
1596,697,2025-04-13,2716,29,False
1597,299,2025-12-26,1105,130,False
1598,792,2026-05-29,3738,193,False
1599,694,2025-10-24,1299,95,False
1600,129,2025-04-02,189,197,False
1601,484,2025-10-23,823,170,True
1602,634,2025-10-28,2964,198,False
1603,569,2025-05-03,708,30,False
1604,183,2026-06-15,4793,61,False
1605,569,2025-01-24,4043,156,False
1606,418,2025-04-07,706,69,False
1607,187,2025-03-07,4641,144,False
1608,158,2025-01-23,1710,2,False
1609,299,2025-06-25,4844,124,False
1610,217,2025-05-26,5328,177,False
1611,434,2026-05-09,1377,54,False
1612,329,2025-06-09,1796,142,False
1613,95,2025-05-29,797,20,False
1614,565,2025-09-05,184,57,False
1615,50,2025-02-24,2793,36,True
1616,380,2026-03-28,3701,38,False
1617,44,2026-05-10,2997,98,False
1618,649,2025-01-30,5306,178,False
1619,259,2026-01-22,647,21,False
1620,78,2025-12-14,1268,71,False
1621,198,2026-08-16,4809,10,False
1622,458,2026-03-17,1190,113,False
1623,627,2026-07-04,1977,126,False
1624,86,2026-05-05,2349,32,False
1625,256,2026-01-06,1173,47,False
1626,95,2026-08-10,2907,36,False
1627,195,2026-01-08,4289,14,False
1628,248,2026-05-16,4404,78,False
1629,472,2025-09-28,2496,60,False
1630,84,2025-03-04,5365,50,False
1631,488,2026-02-06,1713,169,False
1632,621,2025-04-17,4395,45,False
1633,757,2025-11-05,4744,52,False
1634,406,2026-03-14,1592,82,False
1635,387,2026-06-15,319,172,True
1636,516,2025-05-09,4251,42,False
1637,799,2026-06-29,503,119,False
1638,46,2025-05-30,3417,188,False
1639,146,2026-04-22,2672,167,True
1640,180,2026-05-31,2666,117,False
1641,149,2026-02-03,3988,147,False
1642,419,2025-10-08,3438,9,False
1643,40,2025-12-23,3277,139,False
1644,66,2025-08-29,2391,44,False
1645,535,2025-03-07,3772,57,False
1646,129,2025-10-12,3424,90,False
1647,265,2025-01-13,3135,161,False
1648,18,2025-06-05,3986,86,False
1649,613,2026-08-25,675,42,False
1650,730,2025-02-23,103,137,False
1651,551,2025-02-04,220,119,False
1652,345,2026-08-17,3339,154,False
1653,319,2026-03-17,4068,100,False
1654,37,2025-06-27,851,114,False
1655,204,2025-03-10,342,16,False
1656,369,2025-11-07,1837,71,False
1657,41,2026-07-27,4268,8,False
1658,711,2025-02-05,2412,38,False
1659,499,2026-08-29,3610,163,False
1660,152,2025-04-01,5250,8,True
1661,707,2026-08-15,2801,58,False
1662,191,2025-03-04,1778,12,False
1663,528,2025-06-10,204,88,False
1664,786,2025-02-01,4429,82,False
1665,293,2025-09-27,4054,148,False
1666,684,2026-01-31,1840,1,False
1667,740,2025-03-25,3401,27,False
1668,439,2025-01-11,1261,68,False
1669,521,2025-03-22,3619,12,False
1670,149,2025-10-05,2360,2,False
1671,673,2025-11-08,1118,116,False
1672,176,2026-02-08,512,172,False
1673,236,2026-07-28,138,15,False
1674,690,2025-08-09,4429,43,False
1675,166,2025-12-23,407,176,False
1676,541,2025-04-02,2705,133,False
1677,294,2025-07-27,690,59,False
1678,281,2025-05-16,3722,178,False
1679,731,2025-04-25,2121,112,False
1680,21,2025-04-04,4313,178,False
1681,600,2025-01-27,513,92,False
1682,109,2025-06-29,2225,164,False
1683,642,2025-02-02,2199,73,False
1684,584,2025-08-05,2450,127,False
1685,495,2025-02-07,1571,47,False
1686,519,2025-08-29,1391,45,False
1687,15,2026-05-07,5145,21,False
1688,288,2025-05-16,3865,85,False
1689,584,2025-02-20,2480,37,False
1690,474,2025-05-23,4499,82,False
1691,159,2025-09-16,408,92,False
1692,605,2026-01-24,3113,118,False
1693,236,2026-01-15,3681,21,False
1694,516,2025-01-14,237,78,False
1695,509,2026-07-17,3829,180,False
1696,192,2025-09-25,3851,19,False
1697,40,2025-07-11,2864,184,True
1698,762,2026-07-19,3611,9,False
1699,604,2025-04-23,5106,192,False
1700,19,2026-04-08,1869,81,False
1701,156,2026-08-21,1204,139,False
1702,446,2025-07-22,2227,174,False
1703,709,2025-09-20,5133,153,False
1704,179,2025-11-29,2689,141,True
1705,421,2026-05-19,5015,14,True
1706,567,2026-08-20,4276,61,False
1707,702,2025-12-09,657,173,False
1708,450,2026-03-11,3684,187,False
1709,335,2026-06-05,4747,58,False
1710,157,2025-12-24,2806,131,False
1711,440,2026-04-22,1665,91,False
1712,405,2025-12-06,4355,167,False
1713,711,2025-11-30,338,175,False
1714,416,2026-06-27,4643,165,False
1715,617,2025-08-12,464,153,False
1716,337,2025-04-29,308,124,False
1717,400,2026-03-16,2805,199,False
1718,34,2025-12-18,404,187,True
1719,397,2025-12-07,3896,79,False
1720,166,2025-08-01,2584,90,False
1721,260,2026-03-11,4000,76,False
1722,776,2025-10-12,4227,157,False
1723,543,2026-02-03,4269,177,False
1724,151,2025-01-25,619,41,False
1725,446,2026-07-20,4587,98,False
1726,368,2026-04-27,4666,188,False
1727,603,2025-10-29,2757,44,False
1728,236,2025-04-22,767,146,False
1729,515,2026-08-20,3961,163,False
1730,606,2025-12-08,3764,54,False
1731,577,2025-10-08,748,44,False
1732,463,2026-07-15,4343,117,False
1733,16,2026-07-05,3692,163,False
1734,573,2025-06-06,274,5,False
1735,770,2026-02-13,3307,194,False
1736,510,2025-07-18,4587,105,False
1737,472,2025-01-24,5158,24,False
1738,403,2025-09-04,4548,152,True
1739,70,2025-05-27,4647,103,False
1740,769,2025-11-27,813,73,False
1741,300,2025-09-27,163,67,False
1742,563,2025-05-20,1152,148,False
1743,438,2025-10-04,4763,85,False
1744,552,2026-03-25,4649,146,False
1745,65,2026-01-12,473,163,False
1746,553,2026-01-18,5215,186,True
1747,443,2025-03-19,1184,181,False
1748,374,2025-02-26,2630,192,False
1749,598,2026-01-21,3304,133,False
1750,515,2025-11-06,704,42,False
1751,605,2026-01-17,2074,6,False
1752,484,2025-08-07,1531,65,False
1753,628,2025-03-07,1954,98,False
1754,711,2025-08-01,1846,45,False
1755,652,2026-01-27,2456,155,False
1756,784,2026-08-20,3419,78,False
1757,431,2025-12-13,661,186,False
1758,387,2025-09-04,3905,8,False
1759,56,2025-08-10,658,24,False
1760,481,2025-01-15,3288,96,False
1761,546,2025-04-30,1088,57,False
1762,233,2025-08-04,4811,177,False
1763,33,2026-01-08,1764,101,False
1764,677,2025-12-30,86,145,False
1765,101,2025-07-21,569,140,False
1766,569,2025-11-17,2123,113,False
1767,780,2025-05-20,5183,131,False
1768,740,2025-02-16,1596,50,False
1769,175,2025-06-26,2708,82,True
1770,485,2025-04-13,4066,50,False
1771,753,2025-11-21,1275,176,False
1772,567,2026-04-13,3686,17,False
1773,230,2025-04-13,2254,172,False
1774,77,2025-01-05,4814,17,False
1775,415,2025-02-03,3689,88,False
1776,486,2025-05-20,1712,153,False
1777,151,2025-04-11,2460,93,False
1778,302,2026-08-19,4624,188,False
1779,336,2025-05-24,2022,173,False
1780,407,2026-02-02,2920,169,False
1781,43,2026-02-27,4624,143,False
1782,262,2025-05-30,853,187,False
1783,674,2025-03-30,4547,68,False
1784,230,2025-04-28,4482,17,False
1785,642,2026-06-18,2939,105,False
1786,657,2025-09-10,1284,71,False
1787,693,2025-01-05,787,15,False
1788,447,2026-01-27,4112,48,False
1789,290,2025-09-18,2047,12,False
1790,203,2025-04-14,2913,20,False
1791,429,2025-04-09,512,160,False
1792,614,2026-03-31,2794,48,False
1793,663,2025-07-10,399,108,False
1794,60,2025-01-26,2902,128,False
1795,744,2026-04-11,4549,61,False
1796,235,2025-04-28,5268,97,False
1797,203,2026-08-29,4567,93,False
1798,270,2025-12-25,3169,181,False
1799,293,2025-11-30,4018,191,False
1800,143,2026-03-05,267,27,False
1801,260,2025-05-15,3698,142,False
1802,675,2026-02-13,5163,136,False
1803,21,2025-04-18,843,189,False
1804,540,2025-06-08,1542,117,False
1805,702,2025-12-14,5364,87,False
1806,537,2025-08-22,2554,148,False
1807,380,2026-07-02,3915,137,False
1808,475,2025-01-23,4450,94,False
1809,432,2025-03-02,5164,143,False
1810,303,2025-01-01,484,8,False
1811,678,2026-07-05,1953,189,False
1812,528,2025-09-10,1278,78,False
1813,45,2026-06-18,4401,60,False
1814,590,2025-11-26,4738,43,False
1815,195,2026-06-07,4696,26,False
1816,431,2026-05-14,659,62,False
1817,137,2025-03-01,3632,4,False
1818,377,2026-08-08,2804,45,False
1819,116,2025-11-07,3924,141,False
1820,179,2025-12-30,1028,127,False
1821,695,2025-05-28,724,98,False
1822,68,2026-05-11,1931,184,False
1823,245,2025-02-20,1926,152,False
1824,34,2025-03-21,4274,30,False
1825,151,2025-05-19,1055,111,False
1826,572,2026-05-11,5180,78,False
1827,441,2026-05-11,121,96,False
1828,279,2025-06-03,3111,57,False
1829,72,2025-11-30,2876,196,False
1830,567,2025-09-06,1973,23,False
1831,205,2025-11-30,629,21,False
1832,407,2025-01-13,460,80,False
1833,102,2025-09-21,1514,172,False
1834,358,2025-10-12,2185,159,False
1835,699,2025-01-09,1052,72,False
1836,504,2026-01-31,4400,55,False
1837,381,2025-08-21,5256,65,False
1838,147,2025-06-02,4093,52,False
1839,212,2026-04-23,4471,117,False
1840,784,2026-05-06,1943,185,False
1841,750,2025-06-03,4654,120,False
1842,265,2026-07-17,942,129,False
1843,515,2025-01-10,3261,68,False
1844,616,2025-12-13,2949,57,False
1845,329,2026-03-08,2598,22,False
1846,199,2025-05-29,4498,7,False
1847,268,2025-08-11,1841,88,False
1848,375,2026-03-05,3049,198,False
1849,289,2025-08-09,2514,154,False
1850,400,2025-06-28,2938,195,False
1851,124,2026-01-29,1873,59,False
1852,246,2025-04-09,3825,134,False
1853,143,2025-12-06,3204,120,False
1854,279,2025-06-23,724,25,False
1855,225,2025-07-13,2404,5,False
1856,349,2025-09-24,3352,145,False
1857,800,2026-03-21,546,51,False
1858,669,2025-05-17,449,91,False
1859,495,2026-02-12,2948,160,False
1860,401,2025-07-24,887,10,False
1861,267,2026-06-25,3093,34,False
1862,71,2025-08-29,306,27,False
1863,496,2025-09-12,4618,121,False
1864,174,2026-04-03,3328,9,False
1865,31,2025-01-27,3432,136,False
1866,789,2026-06-05,5207,23,False
1867,168,2025-07-22,3385,109,False
1868,72,2026-05-16,826,111,False
1869,475,2025-08-13,4861,155,False
1870,519,2025-04-28,2557,147,False
1871,220,2025-03-06,3632,88,False
1872,169,2026-05-07,4830,195,False
1873,112,2025-01-15,2571,50,False
1874,346,2026-01-24,4594,196,False
1875,325,2026-01-02,5143,197,False
1876,286,2025-05-25,2302,162,False
1877,740,2026-04-04,168,108,False
1878,782,2025-08-17,4029,10,False
1879,700,2026-04-29,4340,90,False
1880,442,2025-07-29,262,91,False
1881,771,2026-04-19,5150,79,False
1882,200,2025-09-22,4092,10,False
1883,594,2025-10-06,1069,183,False
1884,483,2026-05-28,3926,127,False
1885,493,2025-03-01,3724,11,False
1886,58,2025-09-07,3160,32,False
1887,116,2025-01-27,3089,162,False
1888,742,2025-02-03,643,131,False
1889,215,2025-03-24,5070,35,False
1890,276,2026-03-24,1620,51,False
1891,549,2026-04-22,1579,25,False
1892,707,2026-04-23,952,130,False
1893,318,2026-08-26,1105,14,False
1894,648,2025-12-14,346,146,False
1895,492,2025-05-01,4480,77,False
1896,150,2025-10-16,4858,58,False
1897,448,2025-12-03,315,78,False
1898,770,2026-04-14,1005,198,False
1899,788,2025-10-17,2413,85,False
1900,794,2025-01-14,1139,46,False
1901,59,2026-05-24,1103,194,False
1902,645,2025-12-21,3793,20,False
1903,380,2025-03-07,4750,55,True
1904,362,2026-08-01,1759,117,False
1905,339,2025-10-01,2821,113,False
1906,539,2026-04-28,2204,82,False
1907,403,2026-03-18,2042,69,False
1908,65,2025-06-17,333,166,False
1909,315,2026-06-28,3827,12,False
1910,737,2026-07-12,5006,103,False
1911,109,2026-07-26,4106,136,False
1912,178,2025-05-03,5380,51,False
1913,89,2025-03-26,4434,157,False
1914,574,2025-11-28,2007,105,False
1915,649,2025-05-30,4443,85,False
1916,642,2026-01-15,1187,172,False
1917,57,2026-02-13,2176,22,False
1918,776,2025-01-21,3819,48,False
1919,714,2026-04-08,1577,163,False
1920,660,2025-03-19,4099,25,False
1921,691,2025-12-14,1027,6,False
1922,655,2025-11-27,854,174,False
1923,30,2025-01-12,4074,2,False
1924,565,2025-04-20,2644,172,False
1925,730,2025-11-24,5045,160,False
1926,462,2025-09-12,1079,170,False
1927,729,2025-10-16,3868,11,False
1928,34,2026-03-05,1285,55,False
1929,479,2026-02-23,2569,37,False
1930,779,2026-01-15,2681,159,False
1931,450,2026-03-23,4587,54,False
1932,360,2026-06-15,2176,52,False
1933,230,2025-05-09,1980,117,False
1934,638,2026-07-14,2580,124,True
1935,757,2025-10-13,5281,99,False
1936,302,2026-07-17,2093,25,False
1937,397,2026-01-23,2979,84,True
1938,365,2025-08-27,422,84,False
1939,507,2025-01-27,3270,104,False
1940,370,2025-03-16,439,181,False
1941,583,2026-01-13,109,72,False
1942,793,2026-02-09,1436,4,False
1943,246,2025-03-24,1052,21,True
1944,170,2026-07-12,2838,31,False
1945,445,2025-07-19,1150,173,False
1946,402,2026-04-12,1173,128,False
1947,341,2026-04-15,4802,59,False
1948,124,2026-02-28,3389,159,False
1949,91,2026-07-10,88,195,False
1950,396,2026-05-03,4120,87,True
1951,579,2025-04-10,3916,157,False
1952,437,2025-09-06,4821,152,False
1953,623,2025-12-13,2929,54,False
1954,110,2025-11-01,5097,194,False
1955,757,2025-11-14,5079,187,False
1956,559,2025-05-02,1988,139,False
1957,533,2026-08-13,459,194,True
1958,663,2026-02-12,5094,89,False
1959,755,2026-05-04,3545,140,False
1960,653,2025-07-31,4730,126,False
1961,385,2026-02-08,432,120,False
1962,584,2025-06-12,1725,61,False
1963,337,2025-12-25,33,71,False
1964,113,2025-06-02,2016,20,False
1965,788,2026-07-21,4070,99,False
1966,498,2025-11-07,931,29,False
1967,631,2025-10-26,2042,100,False
1968,559,2025-11-24,4696,88,False
1969,272,2025-05-18,1667,27,False
1970,608,2026-05-17,2873,57,False
1971,262,2025-06-22,2371,177,False
1972,568,2026-07-11,1135,9,False
1973,656,2026-05-22,5018,43,False
1974,504,2025-07-07,4376,76,False
1975,381,2025-12-03,2125,147,False
1976,583,2025-07-21,4596,170,False
1977,58,2025-03-25,2700,155,False
1978,682,2025-06-20,3465,17,False
1979,401,2026-06-12,1604,74,False
1980,456,2025-07-03,2147,180,False
1981,162,2026-07-18,5003,147,False
1982,117,2026-03-19,1211,32,False
1983,292,2025-09-29,2251,81,False
1984,653,2026-01-17,4145,92,False
1985,12,2026-06-20,1799,43,False
1986,529,2025-02-17,4167,178,False
1987,793,2026-05-02,2135,148,False
1988,550,2025-12-14,2773,16,True
1989,236,2026-08-18,5354,45,False
1990,236,2026-05-30,4018,117,False
1991,267,2026-06-28,4961,144,False
1992,120,2025-02-06,1102,150,False
1993,479,2025-10-03,4512,188,False
1994,625,2026-07-04,2873,115,False
1995,414,2025-06-14,4143,38,False
1996,40,2025-06-05,1776,9,False
1997,693,2026-02-10,3960,14,False
1998,322,2025-07-18,5355,109,False
1999,409,2025-12-24,2700,127,False
2000,408,2025-08-31,2308,30,False
2001,508,2025-10-01,2860,79,False
2002,14,2025-03-28,1134,81,False
2003,195,2026-05-22,3045,68,False
2004,478,2025-03-01,1083,45,False
2005,311,2025-04-14,3745,61,False
2006,96,2025-05-27,5376,151,False
2007,735,2025-06-16,4124,136,False
2008,194,2025-01-04,5395,161,False
2009,178,2026-08-06,2391,178,False
2010,795,2025-12-17,4324,42,False
2011,184,2025-10-25,3046,74,False
2012,449,2025-03-23,2610,128,False
2013,414,2026-01-20,3424,111,False
2014,775,2025-02-26,3605,161,False
2015,764,2025-06-15,297,186,False
2016,395,2025-12-08,3799,87,False
2017,36,2026-08-20,2855,128,True
2018,643,2025-12-26,730,183,False
2019,513,2025-10-18,992,107,False
2020,31,2026-02-05,802,44,False
2021,113,2026-03-21,4446,160,False
2022,234,2025-11-02,2145,26,False
2023,678,2025-07-25,2346,138,True
2024,227,2026-06-21,2042,31,False
2025,710,2025-07-05,3932,54,False
2026,56,2025-03-17,2543,182,False
2027,410,2025-06-27,5349,44,False
2028,762,2026-04-23,1655,124,False
2029,520,2025-02-16,5139,100,False
2030,404,2025-09-07,3348,24,False
2031,311,2025-01-25,3466,121,False
2032,475,2026-07-03,4084,78,False
2033,204,2025-07-20,4732,191,False
2034,417,2025-05-23,4709,61,False
2035,45,2026-02-25,4826,119,False
2036,199,2026-07-30,2228,175,False
2037,585,2025-02-02,4217,95,True
2038,740,2026-06-11,1598,71,False
2039,341,2025-08-27,2665,78,False
2040,536,2025-04-16,835,18,False
2041,364,2025-02-14,2344,150,False
2042,99,2025-09-21,3038,3,True
2043,769,2025-05-27,4512,157,False
2044,370,2025-05-28,235,114,False
2045,91,2025-04-24,3242,2,True
2046,2,2025-03-28,4634,31,False
2047,164,2026-04-23,4197,19,False
2048,540,2025-08-24,2591,198,False
2049,264,2026-05-02,2231,16,False
2050,419,2025-11-21,3301,181,False
2051,132,2025-02-17,3809,5,False
2052,724,2025-09-01,2178,104,False
2053,778,2025-02-22,2956,114,True
2054,758,2025-07-21,49,140,False
2055,499,2026-05-15,1735,91,False
2056,79,2025-07-19,4266,40,True
2057,96,2025-05-25,2257,54,True
2058,72,2025-04-08,2574,5,False
2059,397,2025-03-22,5070,167,False
2060,720,2025-05-16,2213,6,False
2061,638,2026-07-07,2374,123,False
2062,410,2025-11-18,4105,113,True
2063,600,2026-04-21,4570,60,False
2064,376,2025-04-07,1895,34,False
2065,499,2026-01-05,974,118,False
2066,457,2026-05-19,3507,143,False
2067,484,2026-04-16,583,95,False
2068,374,2026-03-23,3926,140,False
2069,595,2026-04-02,2618,123,False
2070,492,2026-08-24,5305,192,False
2071,218,2025-08-23,1641,56,False
2072,760,2025-07-12,4156,154,False
2073,395,2025-02-27,47,76,False
2074,485,2025-04-21,156,113,False
2075,425,2025-09-03,2436,97,False
2076,257,2025-02-15,3386,69,False
2077,65,2026-04-05,925,137,False
2078,171,2025-08-01,3339,191,False
2079,766,2025-07-16,3598,87,False
2080,773,2026-07-14,692,38,False
2081,130,2025-02-06,4662,89,False
2082,464,2025-12-25,4058,40,True
2083,206,2025-12-30,1818,104,False
2084,454,2026-08-05,2042,126,False
2085,525,2025-09-06,1490,94,False
2086,27,2026-07-09,3379,197,False
2087,761,2026-02-15,3703,49,False
2088,735,2025-08-19,1471,17,False
2089,762,2025-11-18,2965,140,False
2090,376,2025-09-23,981,197,False
2091,575,2026-01-01,2241,11,False
2092,800,2025-07-01,2156,79,False
2093,153,2025-07-20,2062,112,True
2094,135,2026-03-27,1138,128,False
2095,642,2026-08-19,156,174,False
2096,261,2025-12-12,5328,137,False
2097,146,2025-07-19,2199,181,False
2098,169,2025-02-08,3933,111,False
2099,551,2026-07-24,4658,43,False
2100,304,2026-07-12,231,183,False
2101,246,2025-05-06,2169,76,False
2102,782,2026-04-22,2094,65,False
2103,783,2026-02-16,3439,136,False
2104,332,2026-07-21,4932,147,True
2105,185,2025-11-02,3663,140,False
2106,662,2025-06-01,3229,109,False
2107,601,2025-07-27,1249,139,False
2108,605,2026-04-03,2633,153,False
2109,173,2025-05-03,4010,43,False
2110,239,2026-01-20,2913,173,False
2111,65,2026-05-17,3298,110,False
2112,464,2025-03-16,1661,78,False
2113,37,2025-11-17,2539,72,False
2114,682,2025-06-07,2115,3,False
2115,253,2025-10-30,2685,95,False
2116,490,2025-04-27,1088,157,False
2117,131,2025-07-13,3509,187,False
2118,212,2025-04-04,3845,27,False
2119,217,2025-08-29,4107,142,False
2120,691,2026-01-30,1299,56,False
2121,784,2025-07-05,2283,21,False
2122,445,2026-06-10,2311,115,False
2123,84,2026-01-03,4759,8,False
2124,785,2026-08-23,5006,38,False
2125,232,2026-02-15,2600,51,False
2126,525,2025-05-11,2209,171,False
2127,183,2025-12-11,148,32,False
2128,360,2026-02-14,1840,57,False
2129,30,2025-10-16,406,194,False
2130,349,2025-02-17,2299,66,False
2131,540,2025-04-20,2106,57,False
2132,705,2025-05-26,1367,144,False
2133,761,2025-09-08,5271,10,False
2134,785,2026-05-30,3963,24,False
2135,775,2025-01-16,3479,76,False
2136,329,2026-07-26,3674,132,False
2137,210,2025-11-18,1884,4,False
2138,131,2026-08-13,1386,6,False
2139,132,2026-02-18,4594,9,False
2140,32,2025-10-09,2286,138,False
2141,568,2025-03-12,3862,144,False
2142,258,2026-03-23,2886,80,True
2143,407,2026-01-05,142,25,False
2144,274,2025-08-13,4688,153,False
2145,432,2026-05-11,137,142,False
2146,341,2026-03-02,1831,11,False
2147,469,2025-06-24,4073,146,False
2148,117,2025-04-03,3135,182,False
2149,724,2026-02-04,4456,133,False
2150,395,2025-03-16,5077,70,False
2151,558,2025-11-15,3847,45,False
2152,755,2026-08-21,1431,78,False
2153,72,2026-03-27,49,68,False
2154,186,2025-07-09,3941,35,False
2155,434,2026-08-07,1741,189,False
2156,548,2026-06-29,3548,26,False
2157,380,2025-10-26,2769,57,False
2158,31,2025-01-14,833,11,False
2159,554,2026-06-25,1989,117,False
2160,516,2026-05-20,5317,22,False
2161,13,2026-08-16,1758,150,False
2162,751,2026-07-23,4231,111,False
2163,712,2025-10-26,3774,101,False
2164,226,2025-01-10,2331,146,False
2165,489,2025-08-28,4107,183,False
2166,653,2025-08-25,3036,21,False
2167,359,2025-07-02,3374,135,False
2168,66,2026-05-06,1967,26,False
2169,324,2026-05-07,5087,20,True
2170,287,2025-01-03,1435,19,False
2171,651,2026-07-09,2911,52,False
2172,6,2025-07-05,4842,98,False
2173,760,2025-04-17,3842,41,False
2174,285,2025-06-06,3171,45,False
2175,309,2025-02-08,464,190,False
2176,248,2025-03-23,2013,30,False
2177,19,2025-06-28,2437,18,False
2178,555,2025-02-23,4601,84,False
2179,594,2025-04-15,4620,136,False
2180,236,2025-06-01,2405,118,True
2181,100,2026-04-11,1938,129,False
2182,659,2025-05-02,1022,36,False
2183,554,2026-07-12,2598,81,True
2184,234,2026-08-15,849,155,False
2185,536,2025-07-24,923,69,False
2186,179,2025-01-14,5082,119,False
2187,508,2025-06-25,2919,27,False
2188,396,2025-03-20,2083,152,False
2189,153,2025-01-20,2292,195,False
2190,526,2026-05-05,2153,66,False
2191,146,2025-03-08,4541,18,False
2192,711,2026-04-08,2917,79,False
2193,82,2026-02-10,3493,171,False
2194,651,2025-10-12,3125,196,False
2195,230,2025-07-13,3057,108,False
2196,420,2025-08-22,2350,121,False
2197,683,2025-07-08,4157,131,False
2198,783,2025-07-30,5055,31,False
2199,400,2025-06-13,1880,40,False
2200,238,2026-08-14,1807,143,False
2201,597,2026-07-12,4117,89,False
2202,800,2026-06-11,637,149,False
2203,239,2026-05-25,2468,79,False
2204,309,2025-06-08,5375,192,False
2205,664,2026-06-11,3775,153,False
2206,210,2025-10-07,1210,109,False
2207,452,2025-04-10,2230,163,False
2208,307,2026-03-29,5102,118,False
2209,408,2026-08-09,2861,47,False
2210,469,2026-05-16,4571,61,False
2211,413,2025-01-12,4390,37,False
2212,380,2025-03-16,4205,111,False
2213,306,2025-03-22,3509,130,True
2214,41,2026-08-04,743,8,False
2215,626,2025-11-18,1604,88,False
2216,285,2026-05-13,216,164,False
2217,59,2025-03-24,2366,153,False
2218,394,2025-11-02,947,139,False
2219,658,2025-08-15,3266,59,False
2220,531,2025-10-31,2187,136,False
2221,477,2026-02-11,5081,48,False
2222,763,2025-11-04,4283,136,False
2223,538,2025-02-14,1240,163,False
2224,765,2026-05-11,2138,44,False
2225,716,2026-07-06,2268,147,False
2226,412,2025-11-28,197,9,False
2227,57,2025-04-21,3932,129,False
2228,456,2026-05-09,414,106,False
2229,758,2025-12-30,4432,190,False
2230,559,2026-06-09,2503,108,False
2231,178,2026-01-09,2470,7,False
2232,669,2026-03-03,184,170,False
2233,672,2026-04-22,3401,53,False
2234,597,2025-01-29,4088,136,False
2235,126,2025-05-29,2247,155,False
2236,577,2025-09-29,1345,66,False
2237,693,2026-03-06,5392,9,False
2238,358,2025-06-05,2646,104,False
2239,549,2025-09-30,3574,81,False
2240,696,2025-01-27,4284,106,False
2241,588,2026-01-19,3193,180,False
2242,531,2026-01-29,2996,140,False
2243,334,2025-11-29,3707,45,False
2244,128,2025-11-08,4771,150,False
2245,217,2026-08-30,3707,58,False
2246,479,2025-02-07,4578,123,False
2247,590,2026-03-07,1538,51,False
2248,249,2026-01-13,960,171,False
2249,306,2025-10-01,572,97,False
2250,163,2025-04-26,150,64,False
2251,281,2026-07-22,2423,197,False
2252,520,2026-07-23,4671,164,False
2253,1,2025-07-26,381,38,False
2254,514,2026-02-28,3551,8,False
2255,51,2025-03-07,4326,171,False
2256,764,2025-01-03,4964,167,False
2257,592,2026-08-10,4382,51,False
2258,781,2026-06-13,476,62,False
2259,296,2025-01-06,841,134,False
2260,328,2025-02-09,5329,139,False
2261,385,2025-04-02,534,92,False
2262,143,2025-01-08,5316,142,False
2263,576,2025-08-15,5095,60,False
2264,113,2025-08-28,1469,75,False
2265,677,2026-02-07,4363,96,False
2266,780,2025-04-05,345,46,False
2267,207,2026-06-17,714,161,False
2268,317,2026-05-12,2027,151,False
2269,28,2026-03-02,1254,103,False
2270,275,2026-07-28,2362,62,False
2271,169,2025-04-27,1482,101,False
2272,497,2026-04-21,1473,65,False
2273,630,2025-09-22,1937,47,False
2274,46,2025-08-12,320,129,False
2275,138,2026-02-17,3748,40,False
2276,518,2025-06-27,4684,138,False
2277,367,2025-01-12,2179,135,False
2278,701,2025-07-27,1164,2,False
2279,631,2026-04-19,4876,37,False
2280,580,2025-02-22,4719,100,False
2281,778,2026-06-03,2508,6,False
2282,334,2026-07-03,1418,164,False
2283,525,2025-10-15,4047,114,False
2284,93,2025-05-29,4593,81,False
2285,78,2026-05-09,202,83,False
2286,193,2025-06-01,1548,70,False
2287,237,2025-05-07,4661,132,False
2288,213,2026-03-11,571,124,False
2289,538,2025-07-13,1357,11,False
2290,308,2026-01-10,4447,39,False
2291,562,2025-05-19,4404,165,False
2292,107,2026-08-06,1520,185,False
2293,284,2025-05-15,4696,169,False
2294,461,2026-08-19,1688,47,False
2295,795,2026-04-06,1142,169,False
2296,294,2025-09-11,2220,139,False
2297,455,2026-02-20,3226,42,False
2298,398,2026-07-14,3283,135,True
2299,11,2026-01-16,1428,154,False
2300,229,2026-08-03,3446,142,False
2301,231,2026-07-12,125,191,False
2302,364,2026-06-04,437,168,False
2303,149,2026-07-12,1368,142,False
2304,571,2026-07-21,5148,105,False
2305,380,2025-01-15,3809,122,False
2306,71,2025-12-31,309,180,False
2307,286,2026-02-10,404,80,True
2308,409,2025-03-11,4518,122,False
2309,175,2026-02-07,2745,71,False
2310,495,2026-06-06,3871,192,False
2311,610,2026-03-26,1695,178,False
2312,535,2025-07-06,1584,19,False
2313,537,2025-10-25,879,32,False
2314,739,2026-07-16,3236,168,False
2315,420,2025-06-14,3107,122,False
2316,625,2025-11-12,2981,125,False
2317,275,2026-05-24,5040,33,False
2318,592,2025-10-25,3611,177,False
2319,466,2025-03-08,5037,153,False
2320,695,2026-05-20,3991,70,False
2321,62,2025-07-27,735,176,False
2322,732,2025-08-24,2794,130,False
2323,186,2026-05-27,5248,173,False
2324,672,2025-03-06,3876,103,False
2325,304,2026-03-29,655,81,False
2326,492,2026-04-21,1093,152,False
2327,268,2026-06-27,444,14,False
2328,675,2025-06-26,3749,132,False
2329,581,2025-01-15,2378,189,False
2330,262,2026-05-29,2327,178,False
2331,107,2025-04-04,5272,61,False
2332,762,2026-07-10,5083,86,False
2333,780,2026-03-08,538,45,False
2334,139,2025-08-26,4624,116,False
2335,254,2025-08-14,5052,132,False
2336,184,2026-02-11,37,170,True
2337,182,2026-06-02,4937,169,False
2338,127,2025-01-11,4114,111,False
2339,584,2025-01-13,1547,57,False
2340,622,2026-04-27,3265,86,False
2341,486,2025-09-06,255,76,False
2342,348,2025-10-06,3865,94,False
2343,784,2025-01-06,1880,55,False
2344,591,2025-06-10,1417,154,False
2345,48,2025-12-31,4291,134,False
2346,409,2026-06-16,4319,188,False
2347,137,2025-03-18,1936,13,False
2348,323,2025-09-06,785,41,False
2349,316,2026-03-24,4005,2,False
2350,718,2026-05-15,4856,50,False
2351,657,2025-10-25,4734,23,False
2352,346,2025-09-13,2362,39,False
2353,617,2026-05-22,2816,113,False
2354,495,2026-07-31,601,38,False
2355,444,2026-04-12,1785,116,False
2356,687,2026-02-11,3792,13,False
2357,499,2026-02-25,4139,135,False
2358,171,2026-02-09,2107,159,False
2359,317,2025-11-10,4978,164,False
2360,323,2025-03-17,1396,68,False
2361,676,2026-06-28,3797,65,False
2362,116,2026-03-30,3622,85,False
2363,382,2025-07-29,3223,177,False
2364,435,2025-11-12,1820,173,True
2365,763,2025-02-15,3843,104,False
2366,632,2026-03-13,1194,183,False
2367,209,2025-09-07,4483,56,False
2368,45,2026-06-11,3267,109,False
2369,102,2025-05-17,2234,38,False
2370,49,2026-03-03,1911,20,False
2371,325,2025-07-25,703,138,False
2372,593,2025-10-30,313,91,False
2373,526,2025-07-14,1713,114,False
2374,568,2026-06-02,1248,182,False
2375,425,2025-05-06,3720,98,False
2376,322,2026-03-25,2451,180,False
2377,660,2025-01-16,854,116,False
2378,289,2026-04-10,3114,65,False
2379,468,2025-10-14,3440,17,False
2380,226,2026-07-08,2642,194,False
2381,293,2025-09-06,3537,159,False
2382,50,2025-03-25,4963,65,False
2383,487,2026-02-16,3240,141,False
2384,411,2025-10-30,1864,163,False
2385,253,2025-01-27,3394,5,False
2386,493,2025-03-17,4687,187,False
2387,105,2025-10-26,3473,28,True
2388,693,2026-04-01,2600,26,False
2389,27,2026-08-21,650,90,False
2390,434,2025-09-20,3688,59,False
2391,214,2026-08-01,4237,77,False
2392,122,2026-03-14,2930,112,False
2393,138,2025-11-24,3421,84,False
2394,247,2025-03-15,614,74,False
2395,507,2026-05-27,5222,107,False
2396,629,2026-01-12,2298,195,False
2397,746,2026-04-24,4770,140,False
2398,495,2025-03-10,3655,81,False
2399,397,2026-07-26,3898,139,False
2400,617,2025-08-03,1512,167,False
2401,650,2025-09-04,1440,10,False
2402,331,2025-11-22,1803,40,False
2403,335,2025-01-20,1476,199,False
2404,55,2026-02-24,3795,196,False
2405,13,2025-06-09,853,141,False
2406,714,2025-11-01,3969,146,False
2407,694,2025-11-13,820,181,False
2408,280,2026-03-20,2909,3,False
2409,755,2026-05-02,1601,105,False
2410,67,2025-04-16,3984,35,False
2411,767,2026-05-05,1569,190,False
2412,470,2026-01-25,4551,21,False
2413,418,2026-07-10,4727,24,False
2414,596,2025-08-23,2762,118,False
2415,182,2025-12-05,155,65,False
2416,383,2025-04-04,3765,166,False
2417,184,2025-08-02,3698,60,False
2418,492,2026-06-03,95,157,False
2419,334,2026-04-20,3054,79,False
2420,334,2026-08-16,187,116,False
2421,597,2026-06-05,1358,194,False
2422,651,2025-05-26,3266,123,False
2423,687,2025-07-16,2519,38,False
2424,627,2025-04-06,3443,188,False
2425,143,2025-11-03,2262,187,False
2426,576,2026-04-10,1607,91,False
2427,567,2026-05-16,403,76,False
2428,16,2026-08-25,3346,150,False
2429,155,2025-07-28,2939,110,False
2430,414,2025-09-12,576,20,True
2431,244,2025-12-16,649,66,False
2432,629,2026-04-26,4161,17,False
2433,615,2026-08-07,4469,59,True
2434,196,2025-03-31,1925,35,False
2435,15,2025-07-27,5287,196,False
2436,208,2025-05-19,3098,191,False
2437,723,2025-06-01,2969,5,False
2438,724,2025-03-27,5288,152,False
2439,404,2025-12-27,3329,162,False
2440,674,2026-02-09,2803,182,False
2441,453,2025-09-22,695,177,False
2442,791,2025-12-23,2858,68,False
2443,123,2026-02-25,1787,97,False
2444,398,2026-02-06,583,34,False
2445,145,2026-07-28,2893,173,False
2446,100,2025-04-13,268,12,False
2447,124,2026-08-03,5012,101,False
2448,7,2025-02-19,4984,88,False
2449,756,2025-01-18,3916,68,False
2450,565,2025-11-21,4682,194,False
2451,399,2025-10-20,4467,95,False
2452,654,2025-11-18,4382,9,False
2453,454,2026-08-27,703,169,False
2454,343,2025-09-13,5368,185,False
2455,388,2026-05-30,1292,70,False
2456,341,2026-02-19,549,55,False
2457,325,2025-02-08,4745,140,False
2458,673,2025-09-12,4142,12,False
2459,777,2025-03-22,3247,131,False
2460,149,2026-06-04,630,35,True
2461,590,2025-08-11,1739,44,False
2462,51,2026-04-18,3438,20,False
2463,637,2025-02-14,3808,127,False
2464,773,2025-07-23,3885,136,False
2465,579,2026-05-02,1369,93,False
2466,434,2026-06-27,3754,191,False
2467,760,2025-01-16,625,15,False
2468,618,2025-10-26,1452,197,False
2469,630,2026-06-16,123,161,False
2470,764,2025-10-09,4773,15,False
2471,434,2025-07-01,2005,86,False
2472,649,2026-03-14,3069,109,False
2473,720,2026-04-26,84,122,False
2474,375,2026-08-04,4935,87,False
2475,583,2026-07-08,2174,61,False
2476,519,2025-01-21,2417,56,False
2477,792,2026-05-08,1953,119,False
2478,506,2025-04-17,1871,108,False
2479,579,2026-05-24,1677,77,False
2480,741,2026-05-04,4855,49,False
2481,9,2025-05-21,455,102,False
2482,113,2025-09-26,4410,48,False
2483,263,2026-04-13,1400,85,False
2484,557,2026-06-06,492,191,False
2485,351,2026-06-13,4715,148,False
2486,691,2025-08-02,2385,149,True
2487,63,2025-02-18,4885,11,False
2488,288,2026-08-16,436,153,False
2489,118,2026-06-09,418,126,False
2490,567,2025-05-12,4702,102,False
2491,217,2025-12-21,1390,55,False
2492,200,2026-07-30,2598,85,False
2493,488,2025-07-17,911,73,False
2494,71,2026-04-25,1434,77,False
2495,743,2025-10-23,3130,162,False
2496,21,2026-08-15,407,28,False
2497,275,2025-09-05,4168,126,False
2498,424,2025-04-09,1603,194,False
2499,8,2026-08-01,4915,35,False
2500,42,2025-08-03,1988,135,False
2501,785,2025-06-17,3905,22,False
2502,474,2025-04-30,5241,102,False
2503,25,2025-09-07,3542,66,False
2504,301,2026-05-19,5346,126,False
2505,267,2025-07-28,3874,150,True
2506,6,2025-06-12,2515,199,False
2507,457,2025-09-26,5311,19,False
2508,182,2025-11-16,4937,50,False
2509,518,2026-05-18,5036,141,False
2510,591,2025-04-28,4319,175,False
2511,334,2025-07-16,554,77,False
2512,304,2026-03-06,4162,20,True
2513,510,2025-09-18,1253,19,False
2514,581,2026-03-28,1473,2,False
2515,317,2025-09-26,4213,16,False
2516,652,2025-03-11,4017,182,False
2517,230,2026-06-07,430,199,False
2518,638,2026-02-21,5352,18,False
2519,297,2025-03-24,3726,199,False
2520,537,2025-04-11,4540,137,False
2521,798,2025-07-26,4883,110,False
2522,598,2026-08-03,2941,96,False
2523,256,2025-07-01,1817,51,False
2524,456,2026-06-19,34,82,False
2525,161,2025-10-24,3897,195,False
2526,372,2025-05-03,2053,197,False
2527,495,2025-03-12,2284,130,False
2528,50,2025-07-26,3542,65,False
2529,320,2025-05-16,2263,70,False
2530,781,2025-12-28,773,19,False
2531,797,2026-08-18,4703,51,False
2532,673,2026-05-05,2208,49,False
2533,573,2025-07-08,3895,193,False
2534,538,2026-07-27,3844,192,False
2535,426,2026-08-10,1368,124,False
2536,516,2025-09-12,4816,187,False
2537,192,2025-10-23,5339,114,False
2538,462,2025-10-24,3796,59,False
2539,446,2025-09-07,4595,104,False
2540,76,2025-04-06,3308,109,False
2541,226,2026-06-28,1685,59,False
2542,256,2025-08-01,1243,118,False
2543,549,2025-02-21,5093,178,False
2544,272,2026-08-26,3633,195,False
2545,171,2025-03-17,2634,186,False
2546,635,2026-07-24,4532,125,False
2547,406,2025-03-24,3045,125,False
2548,484,2025-09-09,2381,170,False
2549,272,2025-11-12,350,63,False
2550,319,2025-05-16,4804,29,False
2551,463,2025-12-16,411,4,False
2552,263,2025-12-14,1849,99,False
2553,764,2026-06-10,3264,29,True
2554,684,2025-09-14,3427,153,False
2555,773,2026-06-17,3515,42,False
2556,629,2026-04-02,4547,9,False
2557,69,2026-05-06,2777,77,False
2558,651,2026-01-18,4797,86,False
2559,197,2025-04-20,3160,108,False
2560,317,2026-02-06,2545,189,False
2561,335,2026-03-11,2101,101,True
2562,384,2025-08-16,2503,156,False
2563,641,2026-01-23,2577,148,False
2564,459,2026-01-10,5106,28,False
2565,427,2026-01-25,921,47,False
2566,154,2026-02-23,2534,98,False
2567,640,2026-02-12,698,62,False
2568,290,2026-01-29,48,92,False
2569,534,2025-07-14,2471,41,False
2570,393,2026-02-27,2632,24,False
2571,522,2025-04-01,1604,80,False
2572,537,2026-06-25,3274,62,False
2573,445,2026-04-27,117,116,False
2574,360,2025-06-12,4023,36,False
2575,571,2025-02-14,2267,126,False
2576,124,2025-04-05,455,197,False
2577,778,2026-02-20,5022,88,False
2578,341,2025-01-22,3119,101,False
2579,786,2025-03-02,2564,16,False
2580,426,2026-03-01,3311,31,False
2581,104,2025-10-25,2990,7,False
2582,521,2025-07-23,3679,94,True
2583,415,2025-06-17,3933,99,False
2584,684,2025-11-04,1492,18,True
2585,669,2025-07-01,3497,85,False
2586,186,2025-02-14,4146,168,False
2587,615,2025-10-03,775,173,False
2588,448,2026-07-17,4269,128,False
2589,367,2025-11-08,1896,151,False
2590,334,2025-12-24,766,104,False
2591,542,2025-07-21,3843,65,False
2592,550,2025-03-17,4176,146,True
2593,702,2026-03-29,3009,169,False
2594,700,2025-09-04,3339,62,False
2595,195,2025-02-17,2463,80,False
2596,382,2025-07-09,2374,81,False
2597,792,2025-01-22,1781,143,False
2598,676,2026-06-11,4213,18,False
2599,359,2026-08-24,2657,149,False
2600,2,2026-06-16,714,49,False
2601,185,2026-05-09,1324,92,False
2602,730,2026-04-25,1948,7,False
2603,565,2025-10-14,4034,161,False
2604,631,2025-08-24,4824,21,False
2605,620,2025-02-18,923,48,False
2606,108,2026-07-27,799,131,True
2607,469,2025-01-10,2822,67,False
2608,541,2025-06-17,5012,45,False
2609,77,2025-09-19,1580,110,False
2610,412,2026-02-06,3408,2,False
2611,215,2026-08-30,3909,73,False
2612,777,2025-11-14,66,39,False
2613,202,2026-05-11,1987,111,False
2614,244,2025-09-23,865,62,False
2615,710,2026-08-24,5337,133,False
2616,488,2025-04-25,310,29,False
2617,757,2025-09-05,733,16,False
2618,419,2025-05-26,4176,43,False
2619,151,2025-06-12,882,173,False
2620,177,2026-05-14,1395,195,False
2621,135,2026-03-08,3006,14,False
2622,651,2026-02-10,3089,5,False
2623,20,2025-02-22,5388,33,False
2624,595,2026-07-20,4598,113,False
2625,353,2026-07-28,4528,185,False
2626,436,2026-02-18,4874,156,False
2627,663,2025-09-05,3026,50,False
2628,756,2025-02-06,4545,196,False
2629,229,2025-09-29,3829,54,False
2630,742,2025-03-12,2729,72,False
2631,729,2026-01-31,5062,163,False
2632,655,2026-03-16,795,61,False
2633,100,2025-02-14,2090,148,False
2634,122,2025-06-02,1896,85,False
2635,28,2026-01-29,2945,167,False
2636,716,2025-05-31,1828,125,False
2637,763,2026-06-03,2308,185,True
2638,245,2025-09-04,5349,88,False
2639,421,2026-02-13,4065,74,False
2640,457,2026-03-29,4362,66,False
2641,314,2026-01-02,1919,109,False
2642,780,2026-01-23,1762,182,False
2643,755,2025-12-15,2795,33,False
2644,185,2025-04-28,2245,82,False
2645,440,2025-06-28,3527,50,False
2646,160,2026-06-29,1488,38,False
2647,70,2025-08-02,789,136,True
2648,682,2026-08-14,2196,199,False
2649,693,2025-12-16,4436,198,False
2650,11,2026-04-26,460,113,False
2651,435,2025-05-20,478,1,False
2652,140,2025-04-28,4514,170,True
2653,451,2025-08-20,2074,141,False
2654,262,2026-04-27,2889,64,False
2655,428,2026-02-21,4142,175,False
2656,591,2025-11-13,3279,47,False
2657,68,2025-04-20,5246,120,False
2658,385,2025-01-18,1086,38,False
2659,274,2025-03-19,4469,101,False
2660,315,2026-02-10,2456,151,True
2661,745,2026-08-04,708,144,False
2662,735,2026-08-17,2512,193,False
2663,522,2026-04-10,2720,151,False
2664,605,2025-09-19,548,188,False
2665,309,2026-03-13,2625,176,False
2666,507,2025-02-08,193,141,False
2667,377,2025-08-02,3604,71,False
2668,273,2025-05-20,3348,144,False
2669,634,2026-08-15,686,9,False
2670,688,2025-12-05,3099,53,False
2671,282,2026-07-24,1458,94,False
2672,203,2026-04-26,3498,75,True
2673,322,2026-03-22,1299,57,False
2674,757,2025-04-23,4841,14,False
2675,618,2025-02-17,2776,181,False
2676,209,2025-05-14,5391,113,False
2677,497,2026-05-16,459,88,True
2678,657,2026-07-14,4536,191,True
2679,286,2026-03-01,332,152,False
2680,732,2026-06-20,154,133,False
2681,748,2025-02-15,936,82,False
2682,182,2026-07-10,1678,86,False
2683,483,2025-03-07,4849,84,False
2684,184,2025-04-17,4205,61,False
2685,537,2026-05-19,433,187,False
2686,63,2026-07-21,4869,99,False
2687,513,2025-04-06,1299,95,False
2688,274,2025-07-26,4926,69,False
2689,410,2026-05-17,1117,78,True
2690,401,2025-11-10,3633,185,False
2691,796,2025-09-03,3396,158,False
2692,69,2025-10-05,4578,142,False
2693,466,2025-06-28,3359,132,False
2694,118,2026-08-17,889,52,False
2695,519,2025-11-16,5378,27,False
2696,338,2025-06-09,2138,87,False
2697,133,2026-06-28,5097,127,False
2698,145,2026-08-05,478,3,False
2699,100,2025-02-08,4894,1,False
2700,619,2026-08-06,1587,5,False
2701,731,2026-08-11,5214,4,False
2702,258,2026-07-11,4198,89,False
2703,306,2025-03-28,5260,101,False
2704,38,2025-08-05,1030,87,False
2705,134,2026-06-11,3990,20,False
2706,124,2025-08-16,4016,3,False
2707,759,2025-09-22,4864,125,False
2708,246,2025-05-04,4156,74,False
2709,628,2025-09-12,518,25,False
2710,117,2025-10-16,4754,55,False
2711,144,2025-09-05,1489,51,False
2712,173,2025-05-31,5224,56,False
2713,154,2025-02-23,4171,31,False
2714,166,2026-01-16,4042,68,False
2715,231,2025-02-08,3476,33,False
2716,335,2026-06-11,3657,119,False
2717,148,2025-02-14,3068,81,False
2718,420,2026-07-31,4238,145,False
2719,292,2025-12-03,4980,155,False
2720,499,2025-09-23,1046,78,False
2721,466,2026-05-29,4504,177,True
2722,728,2025-09-19,3997,196,False
2723,497,2025-03-25,3163,89,False
2724,551,2025-11-09,4913,116,False
2725,671,2025-10-24,5057,89,False
2726,159,2026-07-08,2463,138,False
2727,699,2025-11-10,395,22,False
2728,360,2025-02-17,148,91,False
2729,530,2025-07-25,3328,99,False
2730,584,2025-07-05,1838,187,False
2731,172,2025-05-16,1233,168,False
2732,445,2025-04-30,548,108,True
2733,228,2025-02-17,1458,114,False
2734,136,2026-04-16,3393,149,False
2735,705,2025-08-29,4297,13,False
2736,631,2025-08-18,4512,104,False
2737,149,2025-09-21,3577,96,False
2738,158,2026-08-09,520,173,True
2739,70,2026-03-01,3794,144,False
2740,276,2026-08-18,2325,153,False
2741,194,2025-12-31,727,16,False
2742,587,2026-06-19,3642,165,False
2743,324,2026-07-16,5166,135,False
2744,776,2025-11-05,4903,13,False
2745,449,2025-10-26,4227,129,False
2746,713,2026-07-20,1213,114,False
2747,77,2026-03-15,2694,27,False
2748,776,2025-08-17,2865,105,False
2749,261,2025-07-14,2242,166,False
2750,318,2025-08-27,122,78,False
2751,478,2025-06-05,3093,54,False
2752,349,2025-10-15,2125,56,False
2753,252,2026-02-14,1880,143,False
2754,131,2026-02-28,1883,163,False
2755,336,2025-01-26,4020,156,False
2756,379,2025-02-08,981,58,False
2757,104,2026-01-17,2973,88,False
2758,625,2025-11-22,799,113,False
2759,144,2025-02-04,5053,140,False
2760,56,2026-08-10,2012,99,False
2761,258,2026-08-17,4924,133,False
2762,256,2025-02-10,358,102,False
2763,240,2025-01-04,3936,10,False
2764,741,2025-02-22,4897,186,False
2765,478,2026-01-31,855,56,False
2766,147,2026-07-27,5151,178,False
2767,415,2025-09-04,5100,96,False
2768,238,2026-05-20,4664,118,False
2769,761,2025-05-08,3908,176,False
2770,749,2025-01-01,49,41,False
2771,469,2025-10-20,647,21,False
2772,276,2025-10-01,1881,37,False
2773,107,2026-08-28,4222,166,False
2774,665,2025-07-07,2374,22,False
2775,20,2025-09-20,277,127,False
2776,230,2025-04-12,1797,92,True
2777,438,2025-09-01,4527,18,True
2778,206,2025-02-01,4326,38,False
2779,581,2025-07-28,4448,163,False
2780,150,2025-06-01,3656,89,False
2781,683,2025-08-18,1004,120,False
2782,51,2026-02-01,1077,70,False
2783,267,2026-04-22,5341,104,False
2784,333,2025-07-04,495,7,False
2785,789,2026-06-15,4234,198,False
2786,571,2025-07-06,3251,158,False
2787,792,2025-02-17,260,120,False
2788,405,2025-06-09,4559,190,False
2789,751,2025-05-26,4888,193,False
2790,326,2025-02-28,3435,81,False
2791,23,2026-02-05,5340,194,False
2792,164,2025-12-26,1346,63,False
2793,301,2025-07-05,5157,170,False
2794,547,2026-03-20,3023,10,False
2795,169,2025-05-15,3595,72,False
2796,203,2026-08-18,2880,4,False
2797,524,2025-08-01,4808,165,False
2798,26,2025-05-18,4256,127,False
2799,707,2026-03-30,4383,12,False
2800,772,2025-04-09,2316,108,False
2801,647,2026-08-06,5053,46,False
2802,754,2026-03-06,3902,157,False
2803,132,2025-05-05,1897,40,False
2804,172,2025-07-16,1424,109,False
2805,694,2026-08-11,4324,133,False
2806,191,2025-11-05,158,39,False
2807,564,2025-11-30,4820,11,False
2808,465,2026-03-07,4163,172,False
2809,238,2025-06-05,3098,24,False
2810,342,2025-09-12,5326,177,False
2811,358,2025-09-12,1466,49,False
2812,711,2025-08-14,5327,156,False
2813,430,2025-07-10,748,124,False
2814,342,2025-09-24,4063,190,False
2815,537,2026-04-23,1106,85,False
2816,109,2025-10-05,3616,175,False
2817,257,2025-02-23,1915,97,False
2818,438,2025-01-01,2040,94,False
2819,495,2025-01-13,1421,170,False
2820,91,2025-04-25,4995,168,False
2821,248,2026-04-08,3048,8,False
2822,358,2026-01-05,2611,146,False
2823,3,2025-07-31,1477,175,False
2824,462,2025-01-11,3934,99,False
2825,678,2025-07-19,1351,122,False
2826,757,2025-06-17,3074,82,False
2827,517,2025-10-29,1986,178,False
2828,235,2025-09-25,4846,139,False
2829,567,2025-04-15,1674,158,False
2830,520,2025-09-26,3732,15,False
2831,28,2025-03-15,1003,29,False
2832,1,2025-01-30,1677,135,False
2833,798,2026-07-15,2814,19,False
2834,698,2026-06-16,4948,84,False
2835,324,2026-08-28,2211,182,False
2836,254,2025-02-24,980,76,False
2837,75,2026-02-16,4819,10,False
2838,193,2026-06-16,1172,94,False
2839,74,2025-09-01,1220,29,False
2840,83,2026-08-25,1958,187,False
2841,686,2026-08-10,4420,147,False
2842,629,2025-04-19,2004,195,False
2843,634,2026-06-11,5169,88,False
2844,46,2025-02-12,4451,195,False
2845,296,2025-04-05,4496,154,False
2846,495,2025-03-15,2378,129,False
2847,443,2026-08-19,4492,75,False
2848,253,2026-06-02,4718,161,False
2849,327,2025-06-19,2170,195,False
2850,569,2026-08-14,1811,34,False
2851,677,2025-03-19,609,157,False
2852,773,2025-12-26,2108,106,False
2853,568,2026-06-09,2594,75,False
2854,220,2026-07-29,4126,62,False
2855,727,2025-05-15,3011,42,False
2856,496,2026-04-13,1357,35,False
2857,612,2026-02-21,1629,46,False
2858,297,2025-12-12,693,141,False
2859,446,2026-05-04,1203,59,False
2860,408,2026-07-09,774,2,False
2861,586,2025-03-31,4175,38,False
2862,67,2025-10-12,1278,173,False
2863,434,2025-05-08,303,79,False
2864,164,2025-09-07,3254,198,False
2865,129,2025-08-18,3007,61,False
2866,636,2026-03-13,247,64,False
2867,433,2026-01-10,3733,96,False
2868,276,2026-03-31,3593,27,False
2869,536,2026-03-05,5200,32,False
2870,1,2025-08-04,4138,158,False
2871,731,2026-01-26,4323,51,False
2872,257,2025-10-16,4043,160,True
2873,94,2025-11-22,3516,57,False
2874,536,2025-05-12,3425,156,False
2875,679,2025-06-17,3380,43,False
2876,778,2025-03-14,2391,141,False
2877,603,2025-04-07,539,46,False
2878,684,2025-08-02,5304,158,True
2879,251,2025-04-23,5269,58,False
2880,606,2025-10-27,515,172,False
2881,8,2026-03-12,4231,104,False
2882,744,2025-04-06,4096,7,False
2883,642,2025-05-07,1362,143,False
2884,528,2025-04-09,2080,198,False
2885,747,2026-05-08,4160,43,False
2886,416,2025-03-17,4464,153,False
2887,258,2026-07-15,2176,57,False
2888,432,2026-06-16,3408,109,False
2889,45,2025-08-23,2481,37,False
2890,756,2026-02-26,776,80,False
2891,407,2025-04-21,895,144,False
2892,2,2025-03-30,4539,197,False
2893,483,2026-02-06,125,55,False
2894,413,2026-02-06,439,19,False
2895,791,2025-07-03,1617,140,False
2896,616,2025-10-22,4383,153,False
2897,219,2025-11-15,3812,73,False
2898,31,2025-12-10,3075,28,False
2899,352,2025-06-22,3376,49,False
2900,659,2026-05-18,837,112,False
2901,582,2026-01-02,883,26,False
2902,676,2025-10-16,3224,93,False
2903,665,2025-11-12,1941,61,False
2904,419,2025-06-24,3009,22,False
2905,645,2025-07-27,3481,10,False
2906,664,2026-04-19,1729,36,False
2907,83,2025-03-21,4609,148,False
2908,115,2025-04-07,4392,72,False
2909,189,2025-04-13,608,63,False
2910,755,2026-07-16,706,65,False
2911,687,2026-05-07,1152,2,False
2912,40,2026-07-26,780,47,False
2913,742,2025-07-10,2982,164,False
2914,30,2025-07-29,1330,97,False
2915,615,2025-06-20,3517,142,False
2916,420,2026-04-14,4678,119,False
2917,516,2026-04-05,778,6,False
2918,589,2026-07-14,922,143,False
2919,697,2025-06-22,984,100,False
2920,561,2026-07-12,4360,65,False
2921,434,2026-07-31,5277,16,False
2922,441,2025-03-11,4184,130,False
2923,773,2025-07-30,3711,114,False
2924,627,2025-04-12,3302,122,False
2925,500,2026-08-18,1114,119,False
2926,487,2025-10-25,2551,140,False
2927,238,2025-01-08,4918,157,False
2928,681,2025-12-02,1943,191,False
2929,575,2025-04-19,184,193,False
2930,93,2025-07-28,1189,180,True
2931,639,2025-12-16,2741,197,False
2932,786,2025-02-16,3762,167,False
2933,582,2026-07-09,2354,79,False
2934,705,2025-09-18,2509,142,False
2935,625,2026-01-28,3759,114,False
2936,717,2025-06-20,1500,56,False
2937,466,2026-04-12,4309,2,False
2938,291,2025-09-29,1772,30,False
2939,374,2025-11-10,624,194,False
2940,758,2025-06-15,779,139,False
2941,557,2025-04-24,1979,174,False
2942,114,2025-09-22,269,118,False
2943,311,2025-07-13,1047,30,False
2944,63,2025-12-23,2383,113,False
2945,720,2025-12-24,5085,183,False
2946,319,2025-08-07,5272,141,False
2947,59,2025-03-23,4134,60,False
2948,747,2025-05-08,5097,126,False
2949,680,2025-06-14,3331,125,False
2950,775,2025-08-29,757,46,False
2951,282,2026-04-03,3577,100,False
2952,395,2025-06-08,2991,182,False
2953,406,2026-03-25,4603,113,False
2954,602,2025-02-08,1898,176,False
2955,662,2026-02-01,4434,140,False
2956,431,2026-01-20,3519,26,False
2957,434,2026-04-27,3996,110,False
2958,91,2026-01-20,175,119,False
2959,150,2025-07-11,5215,132,False
2960,523,2025-07-13,2948,182,False
2961,364,2026-05-07,3515,75,False
2962,118,2026-08-06,2506,133,False
2963,85,2025-11-06,759,167,False
2964,525,2026-04-24,3043,105,False
2965,715,2026-08-21,3742,9,True
2966,193,2026-07-02,847,182,False
2967,435,2025-01-21,2013,44,False
2968,211,2025-10-12,3352,154,False
2969,655,2026-01-01,1579,147,False
2970,540,2025-11-14,1621,131,False
2971,276,2025-12-23,633,155,False
2972,372,2026-02-24,2759,87,False
2973,427,2025-05-19,676,21,False
2974,665,2025-12-23,4696,155,False
2975,390,2026-02-10,958,110,False
2976,545,2026-02-10,533,174,False
2977,378,2025-12-22,5004,64,False
2978,236,2025-09-20,2164,33,False
2979,491,2025-08-05,1089,35,False
2980,622,2025-03-22,2974,139,False
2981,783,2026-04-06,579,17,False
2982,52,2026-05-08,2245,139,False
2983,782,2026-08-22,3566,48,False
2984,588,2025-08-24,2605,30,True
2985,220,2025-05-09,5001,70,False
2986,309,2026-01-05,3899,169,False
2987,542,2025-12-31,3513,12,False
2988,242,2025-08-12,3627,173,False
2989,271,2025-07-27,3715,182,False
2990,419,2025-10-20,2592,27,False
2991,560,2025-09-15,596,72,False
2992,726,2026-01-23,1410,146,False
2993,681,2026-03-16,1710,93,False
2994,206,2025-12-18,1415,47,False
2995,154,2026-02-20,1538,107,False
2996,800,2025-03-27,4133,47,False
2997,751,2025-07-09,5103,2,False
2998,472,2025-05-23,2448,26,False
2999,558,2026-04-30,2637,182,False
3000,202,2025-04-16,1798,137,False
3001,494,2026-06-11,3416,164,False
3002,553,2025-12-16,3708,181,False
3003,239,2025-04-17,331,35,False
3004,589,2025-08-28,2729,115,False
3005,302,2025-02-03,2319,70,True
3006,426,2025-05-30,2399,52,False
3007,37,2026-01-01,2756,72,False
3008,105,2025-01-27,774,38,True
3009,504,2025-11-14,4324,113,False
3010,653,2026-04-11,4866,34,False
3011,454,2025-05-28,612,24,False
3012,649,2025-02-02,4490,41,False
3013,642,2026-01-14,3044,124,False
3014,613,2025-08-20,4525,111,False
3015,661,2025-09-06,1016,165,False
3016,605,2025-10-04,1036,198,False
3017,664,2025-12-24,58,47,False
3018,306,2025-10-03,2738,187,False
3019,316,2025-07-04,2251,56,False
3020,395,2025-03-26,5119,19,False
3021,431,2026-08-21,3022,161,False
3022,530,2026-03-07,5012,41,False
3023,437,2026-02-07,1439,54,False
3024,133,2025-05-18,238,136,False
3025,316,2025-01-12,4490,161,False
3026,484,2026-01-17,66,138,True
3027,24,2026-07-02,4590,29,False
3028,89,2025-08-18,2775,42,False
3029,749,2025-03-14,3146,105,False
3030,679,2025-11-13,1168,191,False
3031,465,2026-08-22,1472,34,False
3032,96,2025-10-02,1159,117,True
3033,204,2025-07-25,4003,199,False
3034,618,2026-08-03,2526,106,False
3035,585,2025-05-26,574,53,False
3036,178,2025-07-30,282,164,False
3037,53,2025-05-28,3887,35,False
3038,743,2025-04-03,3625,75,False
3039,578,2026-06-23,1724,37,False
3040,527,2025-08-08,1914,143,False
3041,699,2026-04-30,4330,196,False
3042,345,2025-10-30,421,183,False
3043,87,2026-03-18,5203,16,False
3044,35,2025-02-10,4590,189,False
3045,783,2025-12-12,744,119,True
3046,486,2026-07-12,2846,8,False
3047,593,2026-08-23,3066,26,False
3048,303,2025-05-01,4943,15,False
3049,88,2026-04-10,3236,92,True
3050,639,2026-07-19,53,141,False
3051,637,2026-03-22,1558,91,False
3052,635,2025-09-03,3170,1,False
3053,415,2025-03-22,2041,60,False
3054,550,2025-12-04,2552,132,False
3055,252,2025-01-16,5084,97,False
3056,215,2026-02-19,5063,164,False
3057,27,2025-09-07,1472,151,False
3058,139,2025-02-09,979,18,False
3059,348,2026-03-04,5158,142,False
3060,398,2025-09-09,2960,5,False
3061,359,2025-11-03,3208,9,False
3062,362,2025-06-20,955,102,False
3063,174,2025-09-21,3485,196,False
3064,539,2025-04-13,4643,197,False
3065,356,2025-04-25,757,153,False
3066,427,2026-02-11,1828,107,False
3067,471,2026-05-20,2232,148,False
3068,396,2025-04-11,2447,195,False
3069,441,2025-04-08,1234,198,True
3070,385,2025-12-20,3722,140,False
3071,303,2025-12-05,1216,40,False
3072,404,2025-08-25,1484,61,False
3073,545,2026-08-24,2992,68,False
3074,698,2026-08-16,678,49,False
3075,78,2026-01-24,4562,191,False
3076,137,2026-07-05,2426,121,False
3077,98,2025-10-05,5209,81,False
3078,16,2025-01-05,2008,67,False
3079,662,2025-03-06,112,163,True
3080,178,2026-05-08,1934,48,False
3081,233,2025-03-17,3387,145,False
3082,249,2025-04-13,71,79,False
3083,691,2026-02-18,2617,11,False
3084,490,2025-10-13,4214,107,False
3085,85,2025-05-26,4816,21,False
3086,675,2026-05-08,4002,184,False
3087,789,2026-03-13,1358,43,False
3088,571,2025-06-24,3810,191,False
3089,387,2025-05-06,4235,132,False
3090,799,2026-03-22,2238,146,False
3091,35,2025-05-24,3547,24,False
3092,1,2025-05-27,2691,49,False
3093,624,2026-06-19,2232,1,False
3094,153,2026-06-14,3594,92,False
3095,47,2026-08-16,5253,57,False
3096,70,2025-09-24,5160,20,False
3097,360,2026-03-19,127,63,False
3098,531,2025-05-01,1546,114,False
3099,356,2026-08-25,4492,108,False
3100,342,2025-02-02,4044,128,True
3101,118,2026-06-05,3973,166,False
3102,250,2026-01-04,3332,80,False
3103,756,2026-07-24,2330,176,False
3104,251,2026-02-19,3438,44,False
3105,275,2025-04-27,4475,104,False
3106,715,2026-02-18,532,197,False
3107,52,2026-03-27,91,3,False
3108,61,2025-10-29,4131,8,False
3109,717,2025-12-23,368,109,True
3110,251,2025-09-02,2235,146,False
3111,191,2025-06-13,690,27,False
3112,400,2026-01-11,1799,137,False
3113,31,2025-11-03,1027,8,False
3114,330,2025-01-21,2352,112,False
3115,10,2026-04-06,101,41,False
3116,551,2025-05-26,4712,38,False
3117,682,2025-01-29,3817,196,False
3118,486,2025-06-05,3537,170,True
3119,146,2026-06-27,4205,71,False
3120,641,2026-04-18,80,122,False
3121,530,2025-09-14,2942,196,False
3122,676,2025-09-25,1289,135,False
3123,730,2025-09-18,4654,145,False
3124,320,2025-01-28,3760,142,False
3125,779,2025-08-07,450,102,False
3126,693,2026-06-28,4731,24,False
3127,470,2026-01-17,3250,5,False
3128,506,2025-08-22,2919,93,False
3129,361,2026-08-23,724,116,False
3130,689,2025-02-16,3210,158,False
3131,43,2026-06-09,2054,7,False
3132,373,2025-09-12,1539,80,False
3133,81,2025-11-02,1182,72,False
3134,21,2026-07-31,782,146,False
3135,753,2026-07-20,4506,112,False
3136,527,2026-05-02,2379,75,False
3137,368,2025-11-18,1461,144,False
3138,773,2025-12-27,2920,160,False
3139,74,2026-07-03,1821,126,False
3140,745,2026-04-06,3061,169,False
3141,388,2025-07-03,212,108,False
3142,122,2025-11-10,1051,166,False
3143,236,2026-05-12,3550,146,False
3144,392,2026-05-04,444,130,False
3145,646,2025-07-01,5272,97,False
3146,699,2026-05-25,1832,101,False
3147,103,2025-12-10,3108,135,False
3148,334,2025-07-24,4341,171,False
3149,327,2025-10-26,2633,144,False
3150,415,2025-09-28,1495,76,False
3151,446,2025-02-15,4652,9,False
3152,799,2025-05-18,3701,192,True
3153,214,2025-03-25,3869,51,False
3154,387,2026-02-20,1424,166,True
3155,221,2025-09-10,490,20,False
3156,153,2025-03-25,1291,54,False
3157,319,2025-12-28,3972,6,False
3158,31,2025-10-14,1163,75,False
3159,625,2026-02-15,4225,19,False
3160,370,2026-08-10,2331,179,False
3161,355,2026-08-21,1671,82,False
3162,412,2025-10-10,1472,51,False
3163,416,2025-01-20,390,62,False
3164,736,2025-02-11,1976,17,False
3165,469,2025-03-26,5061,41,False
3166,634,2025-01-12,3126,16,False
3167,658,2026-01-26,4220,1,False
3168,51,2026-07-31,4496,173,False
3169,643,2026-04-03,3798,136,False
3170,654,2026-03-06,4144,74,False
3171,510,2025-07-13,2353,51,False
3172,56,2026-03-07,2378,43,False
3173,7,2025-11-10,2284,74,False
3174,12,2025-08-13,1653,54,False
3175,561,2025-02-03,272,162,False
3176,438,2025-11-01,3556,118,False
3177,294,2025-09-14,3512,18,False
3178,424,2025-12-05,2356,84,False
3179,361,2025-10-11,3600,29,False
3180,254,2026-04-11,4096,29,False
3181,610,2026-07-02,4902,127,False
3182,369,2025-11-06,4644,98,False
3183,437,2025-07-26,1866,38,False
3184,737,2025-07-06,1569,131,False
3185,728,2026-06-19,2585,89,False
3186,542,2025-11-20,2097,79,True
3187,724,2026-08-13,3647,6,False
3188,274,2026-02-18,185,123,False
3189,297,2025-12-20,1469,55,False
3190,748,2025-02-05,2335,140,False
3191,712,2026-03-22,550,66,False
3192,131,2025-10-15,2383,130,False
3193,5,2025-03-06,865,125,False
3194,141,2025-07-29,4952,29,False
3195,607,2025-10-03,574,19,False
3196,187,2026-06-28,2210,87,False
3197,791,2026-01-22,1424,55,False
3198,186,2025-08-24,2315,181,False
3199,136,2026-08-18,3952,25,False
3200,57,2026-01-17,1796,32,False
3201,760,2026-08-13,3934,95,False
3202,248,2025-10-04,585,175,False
3203,659,2026-06-01,5308,85,False
3204,439,2026-05-09,3270,89,False
3205,128,2026-03-11,4942,182,False
3206,179,2026-07-19,1164,121,False
3207,68,2025-12-02,3745,173,False
3208,86,2025-02-20,2826,63,False
3209,645,2025-08-18,1543,34,False
3210,521,2025-01-12,4157,145,False
3211,128,2025-06-09,2702,51,False
3212,336,2026-03-04,3970,36,False
3213,183,2025-03-19,134,122,False
3214,523,2026-01-19,617,152,False
3215,105,2026-01-21,4300,180,True
3216,199,2025-12-03,2290,29,False
3217,538,2026-02-24,1084,177,False
3218,605,2025-09-19,4324,35,False
3219,774,2026-02-05,853,138,False
3220,779,2026-04-01,67,2,False
3221,570,2025-12-21,2999,104,False
3222,209,2026-03-04,822,172,True
3223,662,2026-04-10,3826,34,False
3224,512,2025-09-10,2272,168,False
3225,770,2026-07-10,4915,17,False
3226,613,2025-07-17,2748,78,False
3227,645,2025-02-04,1100,37,False
3228,435,2026-08-07,2834,1,False
3229,647,2026-05-27,3513,56,False
3230,233,2025-09-04,4815,186,False
3231,69,2025-05-10,706,179,False
3232,172,2025-05-07,4052,35,False
3233,454,2025-12-14,3258,110,False
3234,518,2026-08-06,5137,30,False
3235,397,2025-07-11,3164,180,False
3236,384,2026-03-05,5215,43,False
3237,159,2025-08-08,3054,177,False
3238,670,2025-12-05,301,52,False
3239,186,2026-01-23,658,29,False
3240,72,2026-04-12,569,186,False
3241,122,2026-03-21,2885,28,False
3242,27,2025-05-15,4358,125,False
3243,798,2025-03-09,3075,126,False
3244,297,2025-12-05,5050,68,False
3245,636,2025-09-03,2723,142,False
3246,380,2025-06-16,3695,153,False
3247,734,2025-04-30,1106,123,False
3248,512,2026-06-08,80,154,False
3249,195,2025-02-21,3881,55,False
3250,92,2025-03-24,541,50,False
3251,137,2025-07-28,5176,99,False
3252,470,2025-05-13,5220,35,False
3253,24,2025-02-11,1188,23,False
3254,651,2025-05-28,511,31,False
3255,230,2025-08-09,4804,6,False
3256,728,2025-09-23,4867,71,False
3257,97,2025-11-17,2923,59,False
3258,720,2025-03-22,2038,6,False
3259,700,2026-08-17,2455,134,False
3260,415,2025-11-27,5026,88,False
3261,383,2025-09-01,2992,60,False
3262,720,2026-03-21,1092,41,False
3263,653,2026-07-22,3712,96,False
3264,431,2025-01-05,5251,153,False
3265,266,2025-11-01,337,7,False
3266,59,2026-06-23,2827,66,False
3267,744,2025-05-24,2910,83,False
3268,779,2026-06-02,4152,130,False
3269,698,2025-12-25,3025,166,False
3270,3,2025-01-31,1160,136,False
3271,344,2026-06-15,3305,124,False
3272,229,2025-02-11,744,159,False
3273,347,2026-03-08,2881,127,False
3274,38,2025-12-15,1282,95,True
3275,433,2026-04-27,5392,133,False
3276,435,2025-07-10,4043,80,False
3277,199,2025-03-12,4039,178,False
3278,454,2025-10-25,33,52,False
3279,436,2026-03-29,2332,128,True
3280,511,2025-12-11,3734,2,False
3281,188,2025-02-21,2649,145,False
3282,113,2026-01-23,579,32,False
3283,260,2025-08-31,2850,116,False
3284,14,2026-03-21,3589,45,False
3285,557,2026-07-20,3912,7,False
3286,213,2026-06-05,1652,132,False
3287,255,2026-08-30,3149,137,False
3288,42,2026-01-04,4867,158,False
3289,420,2026-03-15,5157,152,False
3290,29,2025-03-05,1717,92,False
3291,380,2025-04-16,3688,186,False
3292,212,2025-03-24,4920,164,False
3293,504,2026-03-20,440,11,False
3294,800,2026-01-08,3079,75,False
3295,452,2026-07-13,4087,135,False
3296,643,2026-03-07,1200,131,False
3297,159,2026-06-15,1621,172,False
3298,290,2026-04-03,4600,111,False
3299,653,2026-01-17,938,82,False
3300,301,2025-11-11,1642,30,False
3301,740,2025-03-23,4503,194,False
3302,744,2025-12-31,3311,92,False
3303,598,2025-11-18,3489,164,False
3304,530,2026-08-15,2952,193,False
3305,275,2026-07-06,2074,134,False
3306,670,2025-07-31,4251,30,False
3307,791,2025-04-25,1587,105,False
3308,692,2025-05-11,1403,81,False
3309,278,2025-10-23,2474,122,False
3310,136,2026-08-12,703,67,False
3311,732,2026-06-08,3411,29,False
3312,13,2026-07-12,4931,149,False
3313,638,2025-05-21,3879,180,False
3314,215,2025-01-05,1706,8,False
3315,616,2026-02-13,556,44,False
3316,476,2025-09-01,3369,91,False
3317,93,2025-10-09,2873,143,False
3318,727,2026-03-23,4706,53,False
3319,749,2026-08-24,2637,114,False
3320,247,2025-04-18,464,60,False
3321,128,2026-01-05,4871,71,False
3322,681,2025-01-20,1597,82,False
3323,351,2025-11-01,4168,75,False
3324,530,2025-01-23,478,59,False
3325,660,2026-05-11,5208,33,False
3326,524,2025-12-09,4978,113,False
3327,380,2025-06-05,398,154,False
3328,574,2025-05-20,5081,58,True
3329,66,2026-02-02,4297,61,False
3330,410,2025-06-06,4890,183,True
3331,485,2025-08-23,1273,61,False
3332,539,2025-01-10,1988,90,False
3333,177,2025-07-31,2734,69,False
3334,635,2026-03-17,2605,31,False
3335,264,2025-02-04,3918,76,False
3336,472,2026-05-28,4937,58,False
3337,565,2025-06-13,4714,66,False
3338,32,2026-03-22,4782,159,False
3339,764,2025-03-26,1783,180,False
3340,409,2025-03-24,91,22,False
3341,7,2026-06-12,979,35,False
3342,478,2026-08-05,991,76,False
3343,208,2025-06-12,4207,108,False
3344,701,2026-08-08,2222,189,False
3345,133,2026-05-12,2047,165,False
3346,5,2025-06-07,4061,1,False
3347,581,2026-05-04,416,141,False
3348,39,2026-08-20,2088,194,False
3349,160,2025-07-03,2181,36,False
3350,295,2025-09-27,1137,72,False
3351,698,2025-06-25,1769,52,False
3352,643,2025-01-26,4479,43,False
3353,482,2026-07-22,3718,80,False
3354,388,2025-12-16,1860,165,False
3355,538,2025-04-21,4717,16,False
3356,245,2025-11-16,638,94,False
3357,709,2026-04-19,4758,182,False
3358,555,2026-06-05,3432,22,False
3359,468,2026-04-19,1159,154,False
3360,404,2025-08-04,4673,133,False
3361,505,2026-07-15,786,41,False
3362,459,2026-04-11,3127,155,False
3363,547,2025-09-29,3202,45,False
3364,343,2026-04-23,5380,90,False
3365,239,2026-08-26,1208,179,True
3366,581,2025-01-22,4723,143,False
3367,245,2026-01-05,792,98,True
3368,13,2026-02-13,1343,22,True
3369,59,2026-06-14,229,20,False
3370,2,2025-10-19,1798,7,False
3371,419,2025-07-28,3934,13,False
3372,547,2025-05-03,1081,44,False
3373,231,2025-09-08,420,102,False
3374,22,2025-09-11,3024,196,False
3375,514,2026-05-20,59,169,False
3376,270,2026-06-05,3531,35,False
3377,638,2025-11-04,4060,173,False
3378,294,2026-02-23,4055,184,False
3379,520,2026-03-22,522,117,False
3380,492,2026-01-16,2874,60,False
3381,227,2026-04-01,1758,70,False
3382,618,2025-02-19,687,98,False
3383,653,2025-10-08,899,48,False
3384,658,2026-02-09,1374,141,False
3385,255,2025-11-11,4077,133,False
3386,225,2026-04-06,2544,34,True
3387,232,2025-07-11,503,7,False
3388,130,2026-07-31,1476,40,False
3389,704,2025-03-17,983,76,False
3390,785,2026-04-30,302,51,False
3391,661,2026-03-17,4733,112,False
3392,35,2025-02-18,4806,95,False
3393,756,2025-05-30,339,78,False
3394,652,2026-07-27,2829,69,False
3395,55,2026-02-18,4649,145,False
3396,17,2026-04-26,3226,18,False
3397,201,2026-05-28,1862,70,False
3398,389,2025-01-03,579,54,False
3399,282,2026-06-01,529,154,False
3400,514,2026-03-09,4919,165,False
3401,556,2025-05-29,3470,168,False
3402,383,2025-07-04,4661,103,False
3403,304,2025-08-28,5267,183,False
3404,452,2026-01-03,2127,189,False
3405,84,2025-06-13,3806,182,False
3406,21,2025-06-21,1094,56,False
3407,636,2025-11-25,3651,73,False
3408,124,2026-03-20,4296,53,False
3409,787,2025-09-19,2904,131,False
3410,443,2025-04-24,3113,85,False
3411,422,2025-03-10,2461,128,False
3412,663,2026-05-22,4495,16,False
3413,166,2025-10-24,2753,27,False
3414,439,2025-02-14,2617,63,False
3415,374,2025-08-15,2070,195,True
3416,400,2025-01-15,4816,72,False
3417,740,2025-05-03,510,55,False
3418,791,2025-03-22,3875,124,False
3419,325,2026-07-18,2312,199,False
3420,312,2025-08-22,1921,29,False
3421,215,2025-04-16,2379,75,False
3422,309,2026-02-03,4083,177,False
3423,346,2026-08-27,1922,190,False
3424,60,2025-10-19,1756,175,False
3425,186,2025-04-21,5359,71,False
3426,627,2025-10-16,2336,106,False
3427,574,2026-01-14,4339,174,False
3428,55,2026-06-10,2175,84,False
3429,714,2025-03-26,5274,177,False
3430,109,2025-12-06,2276,140,False
3431,130,2025-01-26,1984,38,False
3432,46,2025-11-05,3926,41,True
3433,125,2025-01-09,4410,117,False
3434,154,2025-09-12,1349,113,False
3435,714,2025-10-28,5068,175,False
3436,352,2026-08-17,1765,58,False
3437,156,2025-04-27,4838,144,False
3438,34,2025-05-28,2780,184,False
3439,198,2025-12-18,3104,141,False
3440,330,2025-04-05,1516,96,False
3441,353,2025-02-05,905,189,False
3442,385,2025-10-26,743,101,False
3443,161,2025-05-26,637,86,False
3444,89,2026-02-16,3806,152,False
3445,388,2025-02-26,3324,30,False
3446,45,2025-01-14,3238,157,False
3447,713,2025-05-15,5002,48,False
3448,252,2026-06-05,5111,47,False
3449,523,2025-12-02,2642,22,False
3450,521,2025-06-21,4017,122,False
3451,31,2025-12-29,455,26,False
3452,486,2026-01-27,3102,173,False
3453,505,2025-09-26,2349,13,False
3454,102,2025-04-16,1461,83,False
3455,465,2025-08-13,2065,85,False
3456,74,2026-06-14,1101,23,False
3457,371,2026-03-03,2781,180,False
3458,150,2025-08-06,2840,173,False
3459,262,2026-06-30,669,191,False
3460,700,2025-04-24,2503,179,False
3461,719,2025-04-12,1733,23,False
3462,746,2025-01-12,2204,31,False
3463,768,2025-02-25,4839,187,False
3464,418,2025-07-07,2401,43,False
3465,690,2025-02-03,3543,128,False
3466,722,2025-08-19,1169,48,False
3467,222,2025-02-12,5194,147,False
3468,106,2025-01-22,2289,167,False
3469,317,2025-12-20,1715,26,False
3470,526,2025-12-04,240,191,True
3471,95,2026-04-28,4583,73,False
3472,520,2025-10-04,3039,79,False
3473,261,2026-06-09,803,196,True
3474,360,2025-10-27,3020,186,False
3475,306,2025-06-14,1465,133,False
3476,591,2025-03-23,3611,5,False
3477,264,2025-10-25,984,68,False
3478,380,2025-08-21,3863,79,False
3479,506,2025-11-08,988,180,False
3480,686,2026-08-11,3649,24,False
3481,367,2025-02-02,1592,177,False
3482,109,2025-08-05,4346,197,False
3483,448,2025-03-24,2885,47,False
3484,14,2026-04-27,744,40,False
3485,531,2025-11-23,4694,197,False
3486,303,2025-03-17,4788,186,False
3487,518,2026-04-29,1767,85,False
3488,103,2025-03-16,2115,155,True
3489,399,2026-04-14,85,194,False
3490,144,2026-08-30,3610,178,False
3491,443,2025-11-07,2451,64,False
3492,39,2026-01-29,677,102,False
3493,418,2025-01-15,3526,19,False
3494,345,2026-02-08,1234,102,False
3495,102,2025-04-02,1287,9,False
3496,590,2025-09-16,5028,30,False
3497,670,2025-11-09,4045,79,False
3498,446,2026-04-08,768,25,False
3499,417,2026-04-21,3095,56,False
3500,286,2026-07-18,2528,132,False
3501,221,2026-04-03,805,190,False
3502,10,2025-02-19,537,55,False
3503,384,2026-02-20,4691,127,False
3504,408,2025-04-15,531,95,True
3505,25,2026-07-30,3250,131,False
3506,263,2026-06-10,5367,25,False
3507,449,2025-07-07,2106,145,False
3508,192,2025-02-18,3459,118,False
3509,475,2026-07-04,2413,116,False
3510,362,2025-08-06,3445,16,False
3511,744,2026-06-01,1519,193,False
3512,137,2025-02-20,1483,35,False
3513,30,2025-06-03,3057,3,False
3514,258,2025-09-05,846,30,False
3515,641,2025-03-19,3055,136,False
3516,741,2025-09-29,3326,28,False
3517,504,2026-07-16,5299,188,False
3518,489,2025-04-20,1368,125,False
3519,580,2025-09-12,605,64,False
3520,792,2025-02-19,1485,8,False
3521,754,2026-02-04,4333,20,False
3522,503,2025-09-11,2287,134,False
3523,282,2025-11-06,919,97,False
3524,78,2025-11-09,1238,135,False
3525,134,2026-02-04,4331,79,False
3526,533,2026-03-24,5074,40,False
3527,57,2026-08-11,839,177,False
3528,693,2026-03-17,3133,95,False
3529,383,2026-05-29,5306,185,False
3530,731,2025-02-12,398,36,False
3531,689,2025-03-16,891,121,False
3532,444,2025-09-23,2621,60,True
3533,343,2025-03-26,401,59,False
3534,97,2026-05-28,3043,155,False
3535,772,2026-06-06,3726,4,False
3536,515,2025-12-29,1955,101,True
3537,333,2025-10-23,4954,94,False
3538,115,2026-06-03,4723,192,False
3539,685,2025-12-11,3906,10,False
3540,45,2026-08-01,2827,187,False
3541,535,2026-05-05,586,196,False
3542,170,2025-07-22,1312,44,False
3543,506,2026-01-28,5236,123,False
3544,78,2025-03-22,2936,162,False
3545,643,2025-01-29,2354,197,False
3546,357,2025-02-20,3912,69,False
3547,347,2026-08-22,1317,55,False
3548,756,2025-03-18,1687,77,False
3549,148,2025-05-06,2103,59,False
3550,529,2026-02-19,4715,119,False
3551,456,2025-04-16,2538,186,False
3552,556,2025-03-14,335,101,False
3553,525,2026-02-27,2553,162,False
3554,643,2026-08-02,1628,187,False
3555,283,2025-03-20,2569,194,False
3556,192,2026-02-05,5011,181,False
3557,543,2025-11-21,1759,73,False
3558,458,2026-08-04,1466,90,False
3559,731,2026-08-03,2581,53,False
3560,571,2025-12-09,437,165,False
3561,190,2026-06-22,1148,120,False
3562,244,2025-05-03,271,182,False
3563,554,2025-12-25,4886,178,False
3564,311,2025-04-13,4077,145,False
3565,740,2025-01-16,894,195,False
3566,562,2026-04-12,1835,139,False
3567,297,2025-12-10,624,32,False
3568,647,2025-01-01,4136,113,False
3569,556,2026-05-05,734,144,False
3570,290,2026-06-16,3528,138,False
3571,340,2025-08-30,3113,81,False
3572,501,2025-01-18,4061,30,False
3573,198,2025-06-29,4606,93,False
3574,532,2026-01-02,4956,42,True
3575,266,2025-02-02,1806,158,False
3576,744,2025-08-25,4404,74,False
3577,459,2025-05-14,964,197,False
3578,630,2026-01-07,842,188,False
3579,441,2025-05-06,4776,162,False
3580,156,2026-04-20,4900,60,True
3581,538,2025-07-04,3647,69,False
3582,501,2025-03-09,1832,26,False
3583,119,2025-06-14,2262,18,True
3584,767,2026-07-29,4350,93,False
3585,70,2026-04-29,1264,66,False
3586,303,2025-12-28,2829,68,False
3587,100,2025-05-07,2140,144,False
3588,613,2025-08-20,971,198,False
3589,344,2025-10-10,3121,4,True
3590,432,2026-08-18,3734,78,False
3591,720,2025-07-16,1277,48,False
3592,351,2026-05-08,3622,113,False
3593,396,2025-06-23,4955,38,False
3594,457,2025-04-09,4905,193,False
3595,742,2026-04-14,4930,124,False
3596,341,2025-02-23,2233,178,False
3597,200,2026-04-11,3701,127,False
3598,255,2026-07-15,3972,180,False
3599,439,2025-03-31,5257,69,False
3600,609,2025-12-22,2811,158,False
3601,687,2025-04-11,4561,74,False
3602,427,2025-10-09,2985,73,False
3603,383,2025-10-08,4442,81,False
3604,748,2025-02-16,1872,155,False
3605,538,2025-04-23,425,158,False
3606,7,2025-11-25,1970,120,False
3607,523,2026-05-25,1830,52,False
3608,616,2025-06-14,4340,73,False
3609,618,2026-05-25,3745,108,False
3610,126,2025-04-28,3437,106,False
3611,408,2025-01-15,1047,93,True
3612,609,2025-08-26,3715,173,False
3613,748,2025-01-02,3694,4,False
3614,697,2025-01-22,5029,14,True
3615,632,2025-07-05,1461,43,False
3616,628,2025-12-29,3733,179,False
3617,282,2026-08-08,440,34,False
3618,476,2026-01-13,3973,142,False
3619,28,2026-02-13,4396,191,False
3620,99,2026-02-26,4180,66,False
3621,203,2025-11-15,2457,171,False
3622,769,2025-01-14,2333,81,False
3623,199,2025-07-27,215,98,False
3624,262,2025-04-17,2501,86,False
3625,646,2025-12-07,3894,60,False
3626,23,2026-04-14,5286,87,True
3627,139,2025-09-16,606,31,False
3628,2,2025-12-15,3035,5,False
3629,480,2026-01-23,1355,62,False
3630,591,2025-01-06,2048,37,False
3631,745,2026-03-31,4241,82,False
3632,667,2026-03-20,342,87,False
3633,582,2026-08-09,326,116,False
3634,643,2025-09-10,1186,19,False
3635,736,2026-08-13,1391,143,False
3636,448,2025-06-09,4207,28,False
3637,102,2025-09-04,1492,46,False
3638,506,2026-04-03,5006,185,False
3639,250,2025-10-29,5271,170,False
3640,726,2025-08-07,4242,113,True
3641,425,2025-12-17,2595,48,False
3642,531,2025-10-03,4303,180,False
3643,413,2025-02-27,904,197,False
3644,281,2026-06-07,4734,130,False
3645,731,2026-04-08,1827,52,False
3646,761,2025-04-01,2418,71,False
3647,717,2025-05-11,4853,3,False
3648,773,2025-12-10,778,162,False
3649,14,2025-10-01,570,192,False
3650,503,2025-03-05,3356,116,False
3651,337,2025-08-06,5307,109,False
3652,453,2026-08-17,4912,105,False
3653,363,2025-06-21,5334,56,False
3654,750,2025-07-09,2420,19,False
3655,656,2026-05-13,3335,61,False
3656,623,2026-07-07,4415,41,False
3657,527,2025-04-25,1014,155,False
3658,95,2025-08-11,4731,9,False
3659,144,2026-05-29,4554,172,False
3660,767,2026-05-29,459,18,False
3661,36,2025-09-02,2610,105,False
3662,580,2026-04-10,2323,178,False
3663,468,2025-07-05,4323,55,False
3664,592,2025-05-22,2466,158,False
3665,792,2026-07-28,5031,20,False
3666,321,2026-01-28,2354,45,False
3667,474,2026-04-20,2623,181,False
3668,7,2025-05-22,1446,49,False
3669,281,2025-01-12,4571,132,False
3670,218,2025-01-12,2655,98,False
3671,659,2026-02-28,2673,36,False
3672,265,2025-07-02,3913,66,False
3673,244,2025-11-11,4141,120,False
3674,365,2026-03-08,3679,111,False
3675,465,2026-04-11,902,165,False
3676,562,2025-04-19,5023,44,False
3677,778,2025-12-15,4465,95,False
3678,361,2026-01-17,3978,82,False
3679,488,2025-12-11,3001,36,False
3680,298,2026-04-10,4081,183,False
3681,471,2025-08-07,3827,59,False
3682,199,2025-07-08,1584,92,False
3683,192,2025-07-13,2550,130,False
3684,615,2025-03-03,197,175,False
3685,535,2025-01-26,50,34,False
3686,631,2025-12-29,2785,106,False
3687,580,2026-08-29,4070,13,False
3688,291,2025-03-21,4212,85,False
3689,626,2025-06-02,4449,194,True
3690,175,2025-01-02,2169,102,False
3691,5,2025-05-29,2938,194,False
3692,177,2025-03-21,4403,148,False
3693,550,2026-08-28,208,58,False
3694,531,2025-06-11,3361,199,False
3695,589,2026-07-21,2131,142,False
3696,619,2026-02-16,1812,6,False
3697,176,2025-07-07,3096,158,False
3698,628,2025-07-21,1868,103,False
3699,377,2025-02-26,3204,195,False
3700,697,2026-07-12,3696,134,False
3701,18,2026-05-03,2771,26,False
3702,604,2026-03-27,3124,81,False
3703,552,2025-01-14,2154,153,False
3704,389,2026-08-23,389,114,False
3705,697,2025-05-31,1848,7,True
3706,214,2026-02-08,2996,11,False
3707,296,2025-12-15,1974,57,False
3708,300,2025-01-13,263,56,False
3709,385,2025-08-28,2769,113,False
3710,227,2025-04-01,2967,76,False
3711,544,2025-04-15,4736,57,False
3712,80,2025-06-13,5011,81,False
3713,27,2025-01-04,3145,38,False
3714,116,2026-03-03,522,136,False
3715,357,2026-03-28,4270,10,False
3716,11,2026-01-27,2628,180,False
3717,507,2025-10-04,3235,153,False
3718,158,2025-05-05,4190,13,False
3719,605,2026-01-09,3446,130,False
3720,669,2026-02-28,2332,90,False
3721,681,2025-05-10,4570,117,False
3722,430,2025-06-19,1962,80,False
3723,426,2026-06-05,3513,60,False
3724,312,2026-02-10,3131,192,False
3725,107,2025-10-27,4427,37,False
3726,190,2025-07-08,4617,141,False
3727,200,2025-05-14,1283,101,False
3728,472,2025-05-08,4684,191,False
3729,15,2026-06-22,3189,95,False
3730,779,2025-10-28,1483,101,False
3731,95,2025-12-07,3331,176,True
3732,279,2026-08-19,5223,125,True
3733,267,2026-02-27,3342,90,False
3734,679,2026-01-28,903,171,False
3735,502,2025-05-17,2689,168,False
3736,752,2025-08-02,1168,8,False
3737,729,2025-02-09,1434,47,False
3738,630,2025-11-11,3789,185,False
3739,118,2025-06-15,644,183,False
3740,474,2025-09-24,4685,95,False
3741,479,2025-09-15,4885,74,True
3742,242,2025-01-20,1025,192,False
3743,31,2025-11-02,1709,9,False
3744,27,2026-02-14,1776,2,False
3745,308,2026-05-03,302,127,False
3746,590,2025-05-05,445,19,False
3747,135,2025-08-28,4022,40,False
3748,765,2025-11-21,2500,15,False
3749,230,2026-05-18,1264,186,False
3750,552,2025-02-13,2804,12,False
3751,40,2025-10-27,1348,183,False
3752,29,2026-04-25,3201,27,False
3753,405,2025-01-26,981,179,True
3754,112,2025-01-11,1035,67,False
3755,509,2025-02-22,4519,85,False
3756,315,2025-07-15,1515,27,False
3757,185,2025-03-13,1578,56,False
3758,792,2025-08-21,4084,29,False
3759,318,2025-07-01,2205,42,False
3760,68,2026-04-14,619,90,False
3761,113,2025-08-17,4163,97,False
3762,255,2026-08-14,52,125,False
3763,399,2025-04-05,2420,183,False
3764,442,2025-04-27,2121,9,True
3765,358,2026-05-02,3588,55,True
3766,90,2025-03-26,3140,115,False
3767,207,2025-08-16,3153,94,False
3768,95,2026-01-13,4817,116,False
3769,414,2026-06-26,3226,59,False
3770,55,2025-05-12,241,64,False
3771,620,2025-06-17,347,142,False
3772,403,2025-01-15,1824,38,False
3773,229,2025-09-04,102,17,False
3774,230,2025-05-21,4629,126,False
3775,32,2025-06-26,4147,113,False
3776,32,2025-05-23,3858,156,False
3777,527,2026-08-28,3713,131,False
3778,402,2025-12-01,3429,57,False
3779,102,2025-10-31,1892,95,False
3780,585,2025-10-01,82,102,False
3781,775,2025-12-22,685,21,True
3782,536,2025-07-22,2525,20,False
3783,708,2025-04-02,1383,193,False
3784,548,2025-06-25,5282,156,False
3785,740,2025-07-14,4439,164,False
3786,441,2025-06-12,3629,132,False
3787,651,2025-03-31,2222,170,False
3788,625,2026-06-08,4408,86,False
3789,267,2025-09-20,2211,33,False
3790,50,2025-10-07,2787,121,False
3791,338,2026-06-25,3862,11,False
3792,153,2026-06-03,1971,191,False
3793,697,2025-05-30,2762,122,False
3794,563,2026-08-28,1753,112,False
3795,715,2025-09-13,930,141,False
3796,269,2025-10-28,4308,86,False
3797,436,2026-07-21,5288,127,False
3798,192,2026-07-18,2507,91,False
3799,382,2026-07-24,265,45,False
3800,22,2025-04-16,1761,37,False
3801,281,2025-02-17,4788,29,False
3802,695,2025-07-08,3550,182,False
3803,493,2025-06-22,1445,73,False
3804,671,2026-02-04,5391,110,False
3805,614,2025-04-08,717,39,False
3806,49,2025-05-25,2340,79,True
3807,384,2026-04-30,2711,96,False
3808,244,2025-12-26,910,187,False
3809,95,2026-04-28,1035,179,True
3810,172,2026-06-30,3477,110,False
3811,8,2026-07-23,288,62,False
3812,166,2026-08-14,2181,30,False
3813,539,2026-02-13,3803,190,False
3814,207,2025-11-21,3196,138,False
3815,581,2026-01-25,2093,68,False
3816,238,2026-03-24,5384,193,True
3817,44,2026-06-14,2655,137,False
3818,566,2026-01-02,2489,165,False
3819,133,2025-12-20,3490,53,False
3820,776,2025-09-12,1656,76,False
3821,344,2026-05-10,2095,81,False
3822,37,2025-08-05,5296,161,False
3823,191,2025-07-28,1221,171,False
3824,259,2026-01-08,3613,96,False
3825,399,2026-01-19,4240,120,False
3826,534,2025-07-29,1670,81,True
3827,255,2025-01-08,1719,79,False
3828,245,2026-03-31,1732,111,False
3829,743,2025-02-23,2372,180,False
3830,153,2025-03-18,3277,16,False
3831,587,2025-03-08,4074,57,False
3832,135,2026-03-13,1980,53,False
3833,210,2026-04-02,2690,117,False
3834,479,2025-11-07,4180,116,False
3835,79,2025-02-26,83,181,False
3836,121,2025-02-19,1066,24,False
3837,683,2025-12-08,633,142,False
3838,78,2026-05-25,1054,82,False
3839,115,2026-03-06,4640,14,False
3840,600,2025-11-30,1279,165,False
3841,377,2025-11-02,5193,2,False
3842,276,2026-03-23,4722,178,False
3843,659,2025-05-09,2045,54,False
3844,716,2025-03-17,520,37,False
3845,95,2025-08-04,1289,61,False
3846,398,2025-04-05,3257,188,False
3847,740,2025-06-13,2513,161,False
3848,106,2026-06-18,4667,93,False
3849,330,2025-10-19,1938,68,False
3850,155,2025-10-11,980,31,False
3851,119,2026-04-01,3642,106,False
3852,706,2025-06-29,4964,150,False
3853,520,2026-03-06,3023,22,False
3854,101,2025-11-11,3849,17,False
3855,272,2025-12-14,3163,154,False
3856,253,2025-08-14,1264,146,False
3857,739,2026-07-19,2986,86,False
3858,243,2026-08-15,5294,139,False
3859,90,2025-03-17,5379,102,False
3860,791,2025-04-30,4499,127,False
3861,51,2026-03-31,2780,39,False
3862,780,2025-11-18,335,165,False
3863,259,2026-04-13,2370,159,False
3864,554,2025-07-21,4461,164,False
3865,435,2026-01-28,5080,34,False
3866,189,2025-04-11,3127,88,False
3867,437,2026-08-07,183,59,False
3868,144,2026-02-18,4807,103,False
3869,405,2026-01-27,4526,86,True
3870,49,2025-03-25,3197,84,False
3871,188,2026-06-26,2230,182,False
3872,50,2025-06-16,4304,123,False
3873,501,2025-03-16,1645,192,False
3874,753,2025-10-23,4501,104,False
3875,35,2026-08-10,1815,149,False
3876,483,2025-09-15,4307,59,False
3877,404,2025-01-05,3690,94,False
3878,159,2026-07-07,345,85,False
3879,555,2026-02-01,228,153,False
3880,626,2026-01-31,3603,113,False
3881,743,2025-12-05,2452,65,True
3882,62,2025-02-12,4845,160,False
3883,144,2026-03-01,4213,158,False
3884,418,2025-03-28,5056,27,False
3885,617,2025-05-06,1086,80,False
3886,157,2025-12-22,4149,112,False
3887,285,2025-11-11,2395,178,False
3888,359,2025-05-17,1695,187,False
3889,528,2025-02-10,2048,50,False
3890,184,2025-04-29,4639,82,False
3891,237,2025-01-27,2894,29,False
3892,110,2026-08-23,167,14,False
3893,170,2025-02-17,2599,67,False
3894,742,2026-03-07,4169,170,False
3895,600,2025-08-16,4059,80,False
3896,736,2025-07-03,2637,43,False
3897,752,2025-01-02,4295,49,False
3898,395,2025-01-17,4755,139,False
3899,136,2026-08-29,330,110,False
3900,629,2026-04-28,2724,92,False
3901,790,2025-06-20,4741,73,False
3902,162,2025-12-17,2300,188,False
3903,614,2026-06-29,5385,29,False
3904,318,2025-07-08,4565,154,False
3905,743,2026-08-07,1057,199,False
3906,181,2025-11-17,1798,160,False
3907,526,2025-10-04,2133,108,False
3908,68,2026-06-29,2649,120,False
3909,744,2025-10-05,3744,171,False
3910,340,2025-02-08,4560,28,False
3911,394,2025-03-31,3032,161,False
3912,596,2026-03-21,99,34,True
3913,185,2026-01-19,4619,29,False
3914,596,2026-06-08,1909,9,False
3915,93,2025-04-30,1913,21,False
3916,355,2025-11-12,4502,126,False
3917,268,2025-08-16,4404,19,False
3918,358,2026-08-07,4753,138,False
3919,461,2026-05-01,4940,19,False
3920,483,2025-05-21,889,41,False
3921,167,2026-03-28,986,73,True
3922,747,2026-03-14,2417,171,False
3923,529,2025-08-25,5309,31,False
3924,121,2025-09-15,1876,71,False
3925,125,2025-05-24,1866,22,False
3926,324,2025-08-19,5270,44,False
3927,778,2025-03-03,5238,107,False
3928,725,2026-01-22,3060,150,False
3929,193,2025-11-01,3249,105,False
3930,439,2026-01-05,2174,125,False
3931,263,2026-08-08,4443,71,False
3932,635,2025-08-11,4713,40,False
3933,594,2025-03-18,1447,132,False
3934,371,2025-08-16,3833,166,False
3935,280,2025-08-02,2830,120,False
3936,737,2025-10-19,3857,21,False
3937,335,2026-05-28,2312,199,False
3938,713,2026-08-26,3315,38,False
3939,24,2026-01-20,3454,109,False
3940,357,2026-04-30,2269,153,True
3941,436,2025-06-24,1178,196,False
3942,5,2025-08-11,559,108,False
3943,51,2026-06-17,5250,183,False
3944,453,2025-08-09,3434,87,False
3945,599,2025-08-13,2432,16,False
3946,164,2026-06-29,2256,31,False
3947,720,2026-05-02,2229,183,False
3948,193,2026-04-19,2460,18,False
3949,42,2026-03-17,2426,184,False
3950,344,2026-02-01,4991,87,False
3951,89,2025-12-01,2463,190,False
3952,360,2026-03-10,3902,196,False
3953,29,2025-01-22,2658,16,False
3954,689,2025-02-04,4227,124,False
3955,514,2026-06-13,93,6,True
3956,26,2025-02-26,4112,64,False
3957,737,2026-01-30,1210,189,False
3958,237,2025-07-11,2352,199,False
3959,405,2026-03-30,3413,28,False
3960,506,2025-10-14,3031,199,False
3961,324,2025-07-03,310,37,False
3962,498,2026-03-08,2948,68,False
3963,128,2026-08-19,731,104,False
3964,255,2026-04-20,1323,44,False
3965,542,2025-05-19,2519,13,True
3966,143,2026-06-22,3427,39,False
3967,254,2026-08-30,2842,13,False
3968,222,2025-06-14,2041,117,False
3969,101,2026-01-30,508,128,False
3970,714,2026-03-31,321,63,True
3971,787,2026-01-13,2430,167,False
3972,211,2026-08-27,5239,156,False
3973,683,2025-06-03,4419,68,False
3974,394,2025-05-07,2264,71,False
3975,191,2026-06-22,1156,80,False
3976,754,2025-02-12,1908,122,True
3977,104,2025-01-20,2661,168,False
3978,95,2026-06-29,3398,50,False
3979,329,2026-05-31,3000,67,False
3980,697,2025-03-23,2465,96,False
3981,240,2026-05-17,3433,51,False
3982,595,2026-03-13,5278,131,False
3983,700,2026-07-05,2260,17,False
3984,389,2025-08-24,298,198,False
3985,101,2025-07-16,4599,56,False
3986,760,2025-08-04,4415,61,False
3987,645,2026-02-03,3189,55,False
3988,60,2026-07-25,143,151,False
3989,465,2026-07-25,4813,34,False
3990,684,2025-08-02,1012,121,True
3991,454,2025-02-10,5214,134,False
3992,159,2025-09-05,964,151,False
3993,749,2025-09-29,46,106,False
3994,284,2025-01-10,1859,122,False
3995,1,2026-08-17,2677,91,False
3996,98,2025-04-22,4732,22,False
3997,368,2025-12-18,259,3,False
3998,397,2025-08-08,1339,48,False
3999,499,2026-03-09,3560,142,False
4000,136,2026-02-09,2795,142,False
4001,80,2026-07-08,4610,120,False
4002,205,2025-02-08,2599,148,False
4003,46,2025-06-19,3376,160,False
4004,48,2025-08-01,1299,126,False
4005,512,2026-06-30,2144,95,True
4006,245,2025-08-10,2517,40,False
4007,127,2025-11-06,3266,24,False
4008,132,2026-04-26,4561,22,False
4009,640,2026-07-12,1809,22,False
4010,549,2025-06-16,3780,147,False
4011,37,2026-02-06,1132,136,False
4012,511,2026-06-26,2130,127,True
4013,492,2025-06-13,472,102,False
4014,533,2026-07-27,1476,112,False
4015,632,2025-08-28,4289,51,False
4016,541,2025-05-15,2798,4,False
4017,570,2026-04-29,4900,166,False
4018,83,2025-08-18,1236,124,False
4019,736,2025-09-10,2341,189,False
4020,172,2026-03-22,866,156,False
4021,607,2025-05-15,1579,77,False
4022,590,2025-06-13,263,93,False
4023,388,2026-03-11,1170,77,False
4024,386,2026-05-17,86,11,False
4025,719,2025-04-20,3636,42,False
4026,505,2026-08-15,5253,58,False
4027,207,2025-01-31,274,177,False
4028,46,2026-01-19,1970,35,False
4029,108,2025-09-12,4803,10,False
4030,310,2025-04-08,229,124,False
4031,534,2026-04-20,3855,61,False
4032,351,2025-01-02,3151,25,False
4033,610,2025-06-20,4479,77,False
4034,554,2025-09-06,2554,9,False
4035,568,2026-02-25,465,89,False
4036,730,2025-05-18,3114,163,False
4037,65,2025-02-02,5231,113,False
4038,460,2026-04-15,2938,184,False
4039,274,2025-02-20,299,198,False
4040,609,2025-10-13,567,168,False
4041,647,2026-02-10,2658,153,True
4042,515,2026-01-19,4049,117,False
4043,591,2025-03-05,1162,17,True
4044,728,2026-01-04,2050,71,False
4045,446,2025-01-08,5219,182,False
4046,649,2025-01-23,5379,16,False
4047,84,2025-05-24,4816,155,False
4048,198,2026-03-06,3203,78,False
4049,727,2025-05-09,4829,185,False
4050,178,2026-05-17,2662,37,False
4051,8,2025-03-25,5356,86,False
4052,730,2025-10-14,1970,161,False
4053,287,2025-10-19,4945,83,False
4054,478,2025-12-20,2923,166,False
4055,617,2025-08-19,5029,73,False
4056,360,2025-03-29,2571,94,False
4057,17,2026-03-18,4790,142,False
4058,561,2026-02-04,2853,62,False
4059,523,2026-02-03,4412,162,False
4060,226,2026-07-25,5240,140,False
4061,528,2026-06-22,457,174,False
4062,647,2026-03-09,2207,125,False
4063,786,2025-09-21,54,172,True
4064,423,2025-01-09,1538,116,False
4065,54,2025-05-12,296,92,False
4066,697,2025-07-07,2313,185,False
4067,348,2025-06-29,1874,87,False
4068,515,2026-08-03,309,56,False
4069,711,2025-02-08,2076,162,False
4070,209,2026-02-10,2480,66,False
4071,3,2025-10-22,150,6,False
4072,773,2025-07-17,4974,11,False
4073,129,2026-03-22,1700,145,False
4074,322,2025-12-31,1109,44,False
4075,633,2026-05-27,324,77,False
4076,613,2025-04-10,509,94,False
4077,133,2025-06-14,3738,77,False
4078,205,2026-07-16,115,164,False
4079,551,2026-06-13,530,168,False
4080,334,2025-08-25,3489,38,False
4081,403,2025-09-03,1878,13,False
4082,591,2025-04-27,4138,105,True
4083,689,2025-02-18,3787,169,False
4084,558,2025-02-15,3635,62,False
4085,139,2025-01-04,391,80,False
4086,752,2025-01-22,3470,157,False
4087,451,2025-08-16,4865,86,False
4088,639,2026-01-27,4416,127,True
4089,491,2026-01-26,5066,176,False
4090,260,2026-02-18,4612,11,False
4091,521,2026-01-27,4961,11,False
4092,691,2026-02-04,1835,33,False
4093,661,2025-08-22,1401,105,False
4094,737,2025-07-10,3142,152,False
4095,44,2025-09-16,1049,25,False
4096,764,2026-04-27,3563,136,False
4097,262,2025-11-25,5346,17,True
4098,721,2026-05-25,1863,24,False
4099,422,2025-07-20,1872,186,False
4100,557,2026-01-02,3446,61,False
4101,626,2026-01-26,3303,83,False
4102,637,2026-01-09,3571,55,True
4103,256,2025-03-06,2189,68,False
4104,519,2025-04-27,30,94,False
4105,452,2026-01-13,1310,41,False
4106,256,2026-06-05,486,6,False
4107,31,2025-10-21,916,140,False
4108,653,2025-02-21,3976,106,False
4109,339,2026-06-13,589,108,False
4110,183,2026-05-03,435,34,False
4111,270,2026-05-08,1111,144,False
4112,346,2025-09-12,2756,147,False
4113,797,2026-01-30,210,96,False
4114,275,2025-03-01,268,110,False
4115,107,2025-01-17,4852,76,False
4116,138,2025-02-07,4477,157,False
4117,735,2025-09-16,1201,183,False
4118,640,2026-08-24,3007,126,False
4119,3,2025-02-03,4134,21,False
4120,378,2025-12-12,1124,181,False
4121,216,2026-04-04,2937,109,False
4122,422,2025-09-27,4662,191,False
4123,481,2025-02-01,328,145,False
4124,402,2026-07-16,674,124,False
4125,390,2026-06-30,4535,64,False
4126,552,2025-10-09,4903,125,False
4127,570,2026-05-26,3618,46,False
4128,141,2026-05-30,5250,71,False
4129,550,2026-01-31,4020,129,False
4130,401,2026-06-03,3562,186,True
4131,328,2026-03-01,156,108,False
4132,209,2026-04-01,4531,163,False
4133,443,2025-03-09,1751,88,False
4134,778,2025-02-27,4453,50,False
4135,374,2025-04-06,50,19,False
4136,49,2026-08-03,2465,53,True
4137,195,2025-09-08,3367,23,False
4138,743,2026-01-16,685,148,False
4139,642,2025-12-15,2007,21,True
4140,48,2025-09-05,476,70,False
4141,645,2026-03-07,2538,176,False
4142,88,2026-04-11,587,164,False
4143,241,2026-08-03,1341,166,False
4144,726,2025-02-14,2785,183,False
4145,519,2025-08-06,2460,102,True
4146,519,2025-04-19,220,23,False
4147,172,2025-11-28,4380,45,False
4148,260,2026-02-16,2608,104,False
4149,75,2025-04-20,1625,40,False
4150,471,2026-01-18,1570,177,False
4151,389,2025-01-31,569,87,False
4152,133,2025-11-15,4711,110,False
4153,234,2026-08-15,4112,23,False
4154,52,2026-02-14,516,29,False
4155,52,2026-04-20,4752,159,False
4156,40,2026-07-31,3682,158,False
4157,259,2025-11-12,3725,121,False
4158,217,2025-03-21,466,41,False
4159,151,2025-12-21,1547,93,False
4160,144,2025-07-28,2864,99,False
4161,760,2026-08-04,3644,51,False
4162,323,2025-06-28,1824,193,False
4163,416,2025-11-17,4332,87,False
4164,702,2026-07-22,2980,178,False
4165,799,2026-03-31,4543,104,False
4166,303,2025-04-24,423,122,False
4167,615,2026-06-13,1579,194,False
4168,319,2025-08-12,2715,32,False
4169,215,2026-03-07,4249,117,True
4170,97,2026-07-04,2761,77,True
4171,279,2026-08-18,1591,39,False
4172,791,2026-02-11,4560,48,True
4173,136,2026-03-25,220,38,False
4174,117,2025-01-19,331,135,False
4175,205,2026-07-31,1946,126,False
4176,271,2026-08-06,691,152,False
4177,306,2025-05-11,1687,161,False
4178,757,2025-02-06,5293,125,False
4179,745,2026-07-29,2303,64,False
4180,364,2025-11-13,2646,122,False
4181,710,2025-04-18,2172,122,False
4182,271,2025-05-27,3844,63,False
4183,316,2026-02-07,2107,177,False
4184,573,2026-01-19,1596,91,False
4185,695,2026-01-07,112,97,False
4186,27,2025-06-22,3413,196,False
4187,471,2026-04-08,4308,92,False
4188,257,2026-05-12,2303,181,False
4189,313,2025-01-25,1719,71,False
4190,465,2025-12-10,4496,142,False
4191,411,2026-02-28,5127,190,False
4192,793,2025-07-09,2361,173,False
4193,354,2026-02-28,1128,35,False
4194,775,2026-06-10,3663,141,False
4195,544,2026-06-29,3372,43,True
4196,501,2026-04-17,1814,128,False
4197,428,2026-03-06,4375,149,False
4198,273,2025-10-27,1129,151,False
4199,470,2025-02-28,285,173,False
4200,441,2025-10-26,1199,50,False
4201,86,2026-04-22,4023,30,False
4202,748,2025-10-12,3068,192,False
4203,710,2026-07-18,3714,131,False
4204,534,2025-11-24,2666,87,False
4205,536,2025-01-05,651,85,False
4206,120,2026-06-05,3801,9,False
4207,478,2025-09-27,3615,197,False
4208,778,2025-02-14,4585,38,False
4209,99,2026-02-22,702,140,False
4210,722,2025-08-24,227,132,False
4211,282,2026-04-22,1653,192,False
4212,174,2026-04-01,4321,133,False
4213,722,2026-07-30,578,185,False
4214,526,2026-08-09,4648,108,False
4215,642,2026-04-03,5114,106,False
4216,703,2025-04-03,3847,100,False
4217,9,2026-05-13,5183,185,False
4218,177,2025-01-27,3679,127,False
4219,190,2025-10-06,501,182,False
4220,739,2026-05-04,5070,144,False
4221,421,2026-07-02,4300,110,False
4222,145,2026-08-13,4807,41,False
4223,559,2025-03-18,674,131,False
4224,286,2026-03-10,2002,41,False
4225,462,2025-02-20,1103,147,False
4226,755,2025-12-03,3485,8,False
4227,216,2025-08-01,3326,84,False
4228,758,2025-05-22,2904,121,False
4229,595,2026-03-31,921,73,False
4230,19,2026-08-05,603,75,False
4231,316,2025-07-30,5304,11,False
4232,694,2026-03-15,1265,187,False
4233,686,2026-04-10,5175,8,False
4234,555,2026-02-26,2741,67,False
4235,553,2025-07-21,137,179,False
4236,698,2026-06-20,2458,113,False
4237,114,2026-03-05,4739,98,False
4238,370,2026-06-16,3110,69,False
4239,281,2025-05-30,5108,13,False
4240,786,2025-02-18,4310,71,False
4241,614,2026-02-22,4793,108,False
4242,599,2025-01-13,4345,73,False
4243,77,2025-05-01,3742,95,False
4244,608,2025-05-16,1490,122,False
4245,669,2025-04-28,3379,89,False
4246,342,2026-07-07,1455,73,False
4247,691,2026-06-15,3462,172,False
4248,314,2025-11-20,3335,30,False
4249,523,2026-02-14,4304,106,False
4250,165,2026-01-29,2064,33,False
4251,409,2026-06-14,1616,28,False
4252,47,2025-07-30,5185,105,False
4253,96,2026-03-04,1811,9,False
4254,722,2025-09-15,3436,87,False
4255,562,2025-11-06,4784,58,True
4256,473,2025-07-02,1415,174,False
4257,324,2026-04-03,2086,42,False
4258,447,2026-07-25,596,9,False
4259,565,2026-08-20,976,14,False
4260,271,2025-09-08,3916,53,False
4261,259,2025-02-22,657,4,False
4262,592,2026-05-23,1752,138,False
4263,433,2025-01-17,771,8,False
4264,326,2025-04-05,1057,137,False
4265,358,2026-06-27,4329,49,False
4266,648,2025-07-12,1385,16,False
4267,415,2025-11-26,2703,78,False
4268,64,2025-04-21,3759,50,False
4269,664,2025-06-12,5011,103,False
4270,198,2025-06-28,3563,46,False
4271,60,2025-05-13,2179,186,False
4272,227,2026-02-10,571,191,True
4273,96,2026-02-14,2401,69,False
4274,19,2025-03-27,3600,184,False
4275,560,2026-08-17,103,194,False
4276,531,2025-11-22,3340,196,False
4277,247,2026-03-14,94,64,False
4278,562,2025-01-02,4327,30,False
4279,31,2025-08-24,5187,130,True
4280,331,2026-08-20,497,139,False
4281,461,2026-06-06,5046,97,False
4282,637,2025-01-22,1492,105,False
4283,219,2026-02-14,439,74,False
4284,763,2026-04-03,4345,150,False
4285,299,2025-03-25,1735,166,False
4286,590,2026-06-12,2391,43,False
4287,144,2025-04-20,5316,177,False
4288,539,2026-08-28,4910,6,False
4289,450,2025-01-06,2911,134,False
4290,360,2026-01-30,3746,23,False
4291,203,2025-05-25,1518,40,False
4292,443,2026-01-04,321,101,False
4293,329,2026-04-11,3811,51,False
4294,231,2025-12-05,2453,195,False
4295,421,2026-03-29,5003,147,True
4296,196,2026-04-10,1624,7,False
4297,524,2025-07-21,1216,63,False
4298,21,2026-06-13,4116,117,False
4299,196,2025-02-19,2887,31,False
4300,385,2025-11-17,834,40,False
4301,103,2026-04-03,3473,8,False
4302,181,2026-03-14,4769,15,False
4303,340,2025-07-12,3400,191,False
4304,374,2026-08-08,3948,125,False
4305,273,2026-08-23,920,59,False
4306,650,2025-03-09,3176,75,False
4307,409,2025-02-28,3746,105,False
4308,294,2025-12-24,3043,148,False
4309,411,2025-04-24,5072,59,False
4310,258,2025-02-10,5141,74,False
4311,41,2026-05-09,2930,99,False
4312,358,2025-09-22,4667,20,False
4313,290,2026-06-08,442,41,False
4314,397,2026-03-17,4980,146,False
4315,412,2026-02-05,832,164,False
4316,219,2025-08-19,4445,130,False
4317,364,2026-03-29,2424,185,False
4318,480,2025-03-02,1913,180,False
4319,194,2025-07-08,4552,131,False
4320,24,2026-05-19,941,139,True
4321,149,2026-02-17,3128,67,False
4322,389,2025-05-29,1630,3,False
4323,553,2026-06-01,1451,56,False
4324,520,2025-11-01,5194,165,True
4325,620,2026-03-22,904,149,False
4326,374,2025-04-01,5204,111,False
4327,703,2025-03-25,175,112,False
4328,783,2026-08-24,1124,3,False
4329,14,2026-07-10,2043,38,False
4330,125,2025-08-21,1245,160,False
4331,320,2026-07-18,1426,185,False
4332,363,2026-05-14,3563,154,False
4333,165,2025-06-14,354,43,False
4334,234,2025-08-22,3002,199,False
4335,36,2025-11-18,2212,100,False
4336,723,2025-08-01,3060,97,False
4337,630,2025-06-23,1893,83,False
4338,144,2025-05-26,4900,155,False
4339,321,2026-01-23,1804,141,False
4340,418,2025-09-03,3021,142,False
4341,358,2026-08-11,2382,1,False
4342,340,2026-06-16,3146,99,False
4343,442,2025-03-01,2159,27,False
4344,734,2026-02-06,3581,35,False
4345,421,2026-01-20,1130,146,False
4346,447,2025-02-02,2771,89,False
4347,208,2026-04-25,4604,182,False
4348,373,2025-11-25,3153,32,False
4349,541,2026-05-21,1115,190,False
4350,470,2025-10-30,4040,61,False
4351,390,2025-09-13,1743,128,False
4352,570,2026-02-21,4945,174,False
4353,175,2026-04-10,4461,30,False
4354,26,2026-04-04,5035,51,True
4355,250,2025-10-20,4517,60,False
4356,198,2025-12-10,3616,165,False
4357,731,2026-08-26,3579,184,False
4358,189,2026-06-16,1472,7,False
4359,729,2025-08-30,2019,158,False
4360,333,2026-01-25,4686,98,False
4361,572,2025-04-11,3350,140,False
4362,462,2025-07-25,3756,148,False
4363,5,2025-11-23,1179,132,True
4364,733,2025-08-17,2004,173,False
4365,381,2026-07-20,1377,44,False
4366,453,2026-06-06,3399,6,False
4367,212,2025-01-18,2820,105,False
4368,146,2025-06-07,2299,159,False
4369,32,2025-04-06,4157,43,False
4370,421,2025-03-28,4505,178,False
4371,251,2025-11-28,5022,25,False
4372,343,2026-04-02,1837,31,False
4373,786,2026-03-19,2621,176,False
4374,517,2025-09-17,2391,11,False
4375,590,2025-09-05,5044,195,True
4376,510,2025-05-18,4288,41,False
4377,140,2026-06-08,4993,33,False
4378,529,2026-05-19,1106,48,False
4379,710,2025-08-12,2957,165,False
4380,798,2025-04-23,3058,38,False
4381,38,2025-10-12,2327,124,False
4382,23,2026-03-21,2440,118,False
4383,784,2025-06-18,4567,131,False
4384,610,2025-07-26,2002,51,False
4385,13,2025-04-01,2414,158,False
4386,684,2026-03-09,620,144,False
4387,753,2026-06-20,3442,129,False
4388,197,2026-04-15,92,103,False
4389,171,2026-05-03,4045,95,False
4390,606,2025-04-06,3325,91,False
4391,243,2026-06-11,5184,174,False
4392,84,2026-05-16,3037,173,False
4393,557,2025-07-12,3899,49,False
4394,435,2026-01-11,5057,119,False
4395,222,2025-02-14,1256,147,False
4396,258,2026-06-06,1647,53,False
4397,376,2025-01-03,2826,37,False
4398,183,2025-01-20,247,18,True
4399,42,2026-01-10,1317,30,True
4400,518,2026-04-05,2518,108,False
4401,235,2026-05-11,1343,95,False
4402,323,2026-08-22,255,149,False
4403,248,2025-01-12,4038,162,False
4404,133,2026-03-03,1419,135,False
4405,435,2025-07-12,122,89,True
4406,486,2026-07-12,3618,161,False
4407,401,2025-06-27,1247,178,False
4408,406,2025-09-09,2484,155,False
4409,572,2025-07-01,4114,129,False
4410,34,2026-03-02,1786,104,False
4411,620,2026-07-03,3172,59,False
4412,657,2025-12-11,4322,53,False
4413,122,2025-08-01,3980,182,False
4414,790,2025-07-23,1836,165,False
4415,366,2026-02-20,2164,174,False
4416,274,2026-01-14,889,88,False
4417,238,2025-05-27,856,151,False
4418,790,2025-08-08,1530,28,False
4419,440,2026-07-29,5091,180,False
4420,797,2026-07-31,5144,178,False
4421,574,2025-08-25,4601,123,False
4422,372,2026-04-30,1373,41,False
4423,24,2025-02-13,3204,157,False
4424,737,2026-06-13,1976,34,False
4425,183,2025-07-13,1509,11,False
4426,626,2026-01-21,969,39,False
4427,103,2026-01-10,5174,92,False
4428,668,2026-05-26,3508,42,False
4429,22,2026-08-05,3798,136,False
4430,99,2025-08-11,1516,56,False
4431,238,2025-11-25,5282,155,False
4432,625,2026-02-06,1155,113,True
4433,798,2025-12-22,1008,125,False
4434,190,2025-07-22,3182,43,False
4435,462,2025-08-21,5042,120,False
4436,598,2025-12-27,4135,173,False
4437,713,2026-07-25,5135,112,False
4438,189,2025-02-13,3206,86,False
4439,90,2025-05-18,1362,117,True
4440,628,2026-04-26,2706,95,False
4441,27,2025-12-28,2709,2,False
4442,716,2025-09-13,5257,138,False
4443,322,2025-08-04,1612,100,False
4444,402,2026-08-21,1560,12,False
4445,397,2026-06-21,2245,174,False
4446,347,2026-06-05,2569,63,False
4447,10,2025-06-23,3181,154,False
4448,117,2026-01-08,1056,137,False
4449,283,2026-08-05,4377,110,False
4450,189,2025-06-11,2730,77,False
4451,653,2025-05-06,2542,176,False
4452,794,2026-01-18,2637,19,False
4453,165,2025-04-30,4965,37,False
4454,585,2026-04-05,4173,98,False
4455,405,2026-06-08,3069,3,False
4456,616,2025-10-14,2484,44,False
4457,611,2026-08-25,1257,25,False
4458,652,2025-12-26,798,176,False
4459,770,2025-09-07,5095,9,False
4460,467,2026-06-16,5129,24,False
4461,740,2026-01-14,1522,172,False
4462,353,2025-03-25,1468,16,False
4463,39,2026-06-08,4624,55,False
4464,279,2025-10-31,1344,112,False
4465,555,2025-07-27,3699,14,False
4466,22,2026-06-10,4872,40,False
4467,662,2026-04-15,5005,184,False
4468,648,2025-08-26,3587,172,True
4469,186,2026-08-22,649,130,False
4470,692,2026-06-21,4787,36,False
4471,621,2025-04-16,1102,191,False
4472,275,2025-12-05,1575,95,False
4473,740,2026-01-23,981,77,False
4474,413,2025-09-01,311,150,False
4475,358,2025-11-20,1066,139,False
4476,463,2026-08-25,2356,11,False
4477,789,2025-12-11,105,125,False
4478,526,2025-04-09,1346,199,False
4479,411,2026-06-02,837,136,False
4480,520,2025-07-30,3950,153,False
4481,590,2025-04-12,3701,135,False
4482,158,2025-05-14,1185,67,False
4483,425,2026-05-20,4679,41,False
4484,550,2026-08-20,449,94,False
4485,154,2025-04-23,881,59,False
4486,603,2025-04-02,2569,31,False
4487,9,2026-08-14,4910,125,False
4488,14,2025-03-14,1544,79,False
4489,314,2025-12-05,5204,139,False
4490,495,2025-06-10,1397,63,False
4491,95,2025-05-01,3428,43,False
4492,334,2026-01-05,1719,62,False
4493,149,2025-04-18,3236,2,False
4494,709,2025-06-10,1674,154,False
4495,587,2026-01-29,1345,137,False
4496,755,2025-07-18,2403,160,False
4497,298,2026-08-22,1804,134,False
4498,467,2025-11-21,3128,73,False
4499,287,2025-03-09,2662,176,False
4500,320,2026-01-22,2921,24,False
4501,438,2026-01-05,828,126,False
4502,751,2025-12-18,3226,9,False
4503,698,2026-08-07,3935,149,False
4504,216,2026-01-09,721,190,False
4505,247,2026-04-03,1107,123,True
4506,395,2026-02-12,352,21,False
4507,608,2025-06-03,1244,17,False
4508,283,2026-06-17,5033,131,False
4509,54,2026-02-15,542,95,False
4510,123,2026-02-14,1227,18,True
4511,320,2025-02-15,774,123,False
4512,716,2026-03-14,4489,158,False
4513,556,2025-02-26,3144,128,False
4514,201,2025-08-29,384,72,False
4515,475,2025-12-08,1298,197,False
4516,637,2026-07-28,3659,66,False
4517,224,2025-04-20,4069,198,False
4518,603,2026-05-06,3268,5,True
4519,516,2025-11-22,3068,19,False
4520,534,2025-12-20,2514,192,False
4521,107,2026-07-07,4526,27,False
4522,88,2025-09-30,2037,97,False
4523,365,2025-03-24,5212,134,False
4524,321,2025-01-12,4671,30,False
4525,247,2025-08-05,5018,34,False
4526,742,2026-08-22,3805,26,False
4527,198,2025-05-12,1881,140,False
4528,293,2025-03-27,3503,136,False
4529,39,2025-01-22,2503,147,False
4530,17,2025-11-06,5011,42,False
4531,262,2025-08-07,4901,179,False
4532,581,2025-07-27,390,99,False
4533,477,2025-12-31,4076,53,False
4534,551,2025-07-17,4052,39,False
4535,601,2025-02-04,3312,81,False
4536,465,2025-09-12,5227,77,False
4537,359,2026-03-25,452,167,False
4538,291,2025-12-14,5245,153,False
4539,32,2026-07-22,52,129,False
4540,259,2025-01-07,961,6,False
4541,399,2025-02-06,3497,93,False
4542,184,2025-04-04,4378,46,False
4543,115,2025-01-21,4891,115,False
4544,474,2026-01-08,346,184,False
4545,386,2026-01-14,4452,179,False
4546,797,2026-03-25,3746,132,False
4547,656,2025-05-06,2186,42,False
4548,627,2026-02-14,3473,176,False
4549,399,2025-04-17,2155,126,False
4550,524,2026-08-25,2477,5,False
4551,708,2025-06-02,1145,7,False
4552,456,2025-01-29,1879,175,False
4553,204,2025-04-22,3591,23,False
4554,565,2025-11-09,1314,156,False
4555,96,2026-03-10,4292,5,False
4556,402,2025-09-12,1906,26,False
4557,684,2025-07-13,4987,2,False
4558,678,2025-05-01,563,89,False
4559,620,2025-03-16,1912,161,False
4560,466,2026-06-25,1653,78,False
4561,279,2026-03-29,3094,65,False
4562,198,2025-03-29,2756,172,False
4563,400,2025-04-04,377,112,True
4564,451,2025-11-03,2793,132,False
4565,256,2025-08-02,2891,147,False
4566,197,2025-04-27,3128,147,False
4567,616,2025-09-25,2899,32,False
4568,429,2025-09-22,3934,182,False
4569,388,2025-12-19,3897,127,False
4570,644,2026-04-25,656,63,False
4571,776,2025-06-18,3453,128,False
4572,583,2026-03-02,4594,14,False
4573,625,2026-03-19,2533,168,False
4574,217,2026-03-02,1994,87,False
4575,689,2026-07-19,2829,12,False
4576,584,2025-05-11,1057,187,False
4577,450,2026-03-23,2466,87,False
4578,100,2025-01-14,993,135,False
4579,417,2025-07-22,1957,150,False
4580,517,2026-03-14,4357,8,False
4581,160,2026-07-19,4971,76,False
4582,252,2025-03-06,2596,196,False
4583,627,2026-03-20,5044,110,False
4584,494,2025-08-25,1413,108,False
4585,191,2025-11-21,1386,193,False
4586,690,2026-05-28,5031,79,True
4587,676,2026-06-02,3366,91,False
4588,108,2025-09-06,3177,99,False
4589,53,2026-06-17,1969,175,False
4590,558,2025-10-10,3436,107,False
4591,59,2025-05-20,5080,127,False
4592,547,2026-08-05,1361,184,True
4593,432,2025-08-06,4119,39,False
4594,606,2026-07-06,2176,73,False
4595,26,2026-07-13,1914,122,False
4596,776,2025-02-25,1678,132,False
4597,74,2026-03-09,4656,40,True
4598,387,2026-06-11,1350,23,False
4599,650,2025-05-05,2320,88,False
4600,110,2025-10-28,4856,85,False
4601,600,2026-08-24,2648,64,True
4602,557,2026-04-30,720,185,False
4603,702,2025-07-26,5272,41,False
4604,437,2025-08-02,509,152,False
4605,248,2025-03-07,4843,181,False
4606,650,2026-08-05,2071,185,False
4607,123,2026-06-20,3527,174,False
4608,635,2026-04-29,3561,26,False
4609,133,2025-09-03,1469,147,False
4610,587,2025-09-30,1725,93,True
4611,34,2025-08-17,746,199,False
4612,318,2025-08-07,1116,105,False
4613,707,2025-02-08,324,35,True
4614,381,2025-05-09,322,19,False
4615,23,2026-01-07,2266,137,False
4616,733,2025-06-17,4501,104,False
4617,480,2025-04-04,2141,67,False
4618,349,2025-09-26,3984,76,False
4619,710,2026-05-04,1784,155,False
4620,470,2025-08-04,3492,2,False
4621,480,2026-04-03,2829,35,False
4622,547,2026-01-26,3966,22,False
4623,140,2025-07-18,3676,106,False
4624,93,2026-01-21,4548,98,True
4625,487,2025-11-06,3003,155,False
4626,616,2025-04-28,1457,22,False
4627,769,2025-09-16,479,97,False
4628,12,2025-06-08,4276,80,False
4629,62,2025-11-30,1111,153,False
4630,786,2025-01-28,583,197,False
4631,139,2025-02-18,2316,40,False
4632,455,2025-08-21,5041,88,False
4633,378,2025-11-09,1754,104,False
4634,135,2025-10-15,3062,113,False
4635,615,2025-02-19,2528,44,False
4636,628,2025-03-05,4130,84,False
4637,226,2025-03-04,4413,145,False
4638,676,2025-02-21,2645,22,False
4639,485,2026-05-20,2362,148,False
4640,164,2025-06-12,2179,161,False
4641,214,2026-04-28,3824,192,False
4642,34,2025-10-26,3821,147,False
4643,452,2026-08-26,1427,51,False
4644,420,2026-08-20,1799,89,False
4645,145,2026-01-02,3883,160,False
4646,513,2026-07-10,3251,38,False
4647,244,2025-09-02,3959,148,False
4648,135,2025-08-30,37,146,False
4649,148,2025-03-17,4782,15,False
4650,450,2025-12-04,4530,66,True
4651,741,2026-02-06,4820,64,False
4652,422,2025-12-06,926,98,False
4653,497,2025-05-21,3055,148,False
4654,691,2025-07-28,3325,51,False
4655,522,2025-06-04,1582,12,False
4656,653,2026-06-05,4622,84,False
4657,430,2025-03-23,348,187,False
4658,106,2025-06-27,3683,182,False
4659,528,2025-07-18,3098,84,False
4660,566,2025-09-17,2573,60,False
4661,358,2025-07-07,4171,74,False
4662,403,2026-07-05,2739,78,False
4663,75,2025-11-04,391,55,False
4664,374,2025-07-29,2388,102,False
4665,738,2025-07-26,5044,108,True
4666,130,2025-11-07,215,57,False
4667,513,2025-08-09,351,141,False
4668,599,2026-06-13,4186,193,False
4669,572,2025-03-16,614,149,False
4670,695,2025-07-18,5165,21,False
4671,160,2025-09-20,2939,87,False
4672,165,2026-08-07,3899,25,False
4673,269,2025-06-30,3786,69,False
4674,24,2025-05-04,4856,126,False
4675,5,2025-08-31,5393,187,False
4676,488,2026-02-20,4709,122,False
4677,239,2026-08-22,3667,46,False
4678,786,2025-02-06,1937,57,False
4679,685,2026-01-28,1763,102,False
4680,544,2025-11-23,1979,16,False
4681,657,2025-07-24,5239,44,False
4682,203,2025-04-07,2497,27,False
4683,561,2026-02-04,252,199,False
4684,699,2026-01-17,521,45,False
4685,127,2025-03-22,3019,100,False
4686,431,2026-01-10,270,80,False
4687,793,2025-11-07,3692,145,False
4688,408,2025-09-10,43,112,False
4689,654,2025-11-19,3613,54,False
4690,46,2026-07-16,2869,124,False
4691,277,2025-09-21,3616,165,True
4692,49,2026-06-26,2922,139,True
4693,574,2025-01-18,2161,51,False
4694,464,2026-03-23,447,10,False
4695,158,2026-03-31,3229,142,False
4696,646,2026-03-13,982,109,False
4697,434,2025-08-13,4790,14,False
4698,603,2025-02-11,4011,9,False
4699,571,2025-02-03,5116,28,False
4700,753,2025-07-16,2886,130,False
4701,184,2025-03-16,4981,51,False
4702,403,2025-05-04,4211,64,False
4703,130,2025-01-12,4495,199,False
4704,497,2025-08-24,1106,121,False
4705,291,2026-07-06,4214,17,False
4706,502,2025-03-08,3100,95,False
4707,60,2025-08-10,4252,68,False
4708,305,2025-07-13,1316,163,False
4709,370,2025-09-23,1405,112,False
4710,3,2025-12-13,5186,20,False
4711,107,2026-07-13,2222,64,False
4712,672,2025-04-11,4993,107,False
4713,391,2025-07-03,1224,64,False
4714,54,2025-03-06,1780,63,False
4715,113,2025-01-28,2255,197,False
4716,768,2026-03-05,862,3,False
4717,137,2025-06-26,2286,64,False
4718,676,2025-05-30,822,108,False
4719,197,2025-09-26,808,154,False
4720,84,2025-10-18,977,156,False
4721,671,2025-09-22,1947,46,False
4722,98,2026-05-24,3421,123,False
4723,653,2026-02-19,2064,140,False
4724,590,2025-08-18,992,10,False
4725,792,2025-04-28,5151,112,False
4726,435,2025-03-01,1017,129,False
4727,743,2026-03-06,3448,34,False
4728,520,2026-04-22,2192,143,False
4729,15,2026-02-28,328,81,False
4730,232,2026-03-25,4292,15,False
4731,12,2026-01-23,593,87,False
4732,707,2026-01-06,747,77,False
4733,326,2026-08-09,282,148,False
4734,435,2025-11-23,872,60,False
4735,644,2026-07-03,1718,152,False
4736,453,2026-04-02,435,150,False
4737,738,2025-09-26,1001,125,False
4738,793,2025-08-03,372,74,False
4739,162,2025-04-11,1217,24,False
4740,618,2025-07-20,911,42,False
4741,152,2025-11-14,1547,60,False
4742,552,2026-01-16,4303,106,False
4743,431,2026-05-28,665,186,False
4744,694,2025-04-12,5320,152,False
4745,144,2025-04-09,2775,175,False
4746,793,2026-01-20,1130,79,False
4747,406,2025-01-10,898,12,False
4748,651,2026-06-11,1007,179,False
4749,650,2025-05-12,4143,187,False
4750,646,2025-11-09,918,130,False
4751,195,2025-02-16,2994,97,False
4752,154,2025-02-20,265,24,False
4753,74,2026-06-28,2408,156,False
4754,699,2026-02-07,4544,195,True
4755,486,2026-07-26,4335,97,False
4756,705,2026-06-12,2769,144,False
4757,269,2026-08-23,1422,19,False
4758,478,2025-04-30,1803,47,False
4759,46,2026-03-21,1790,124,False
4760,521,2026-01-07,1154,62,False
4761,722,2025-05-09,3589,21,False
4762,500,2025-04-30,967,94,False
4763,681,2025-08-25,5213,144,True
4764,436,2026-05-13,620,5,False
4765,350,2025-10-11,3382,72,False
4766,147,2025-06-03,3607,179,False
4767,195,2025-12-20,3553,10,False
4768,527,2026-01-18,3571,17,False
4769,319,2026-01-11,2445,184,False
4770,304,2025-12-24,714,35,False
4771,448,2025-08-20,3354,109,False
4772,430,2025-08-16,1165,107,False
4773,643,2025-08-19,1122,120,False
4774,721,2026-07-01,4424,159,False
4775,102,2025-09-20,777,129,False
4776,88,2026-07-02,2900,187,False
4777,660,2025-07-12,1988,128,False
4778,765,2025-07-26,984,23,False
4779,431,2025-08-01,5153,120,False
4780,455,2025-07-31,3529,4,False
4781,579,2025-07-17,2617,76,False
4782,760,2026-02-02,4551,140,False
4783,286,2026-08-08,1873,192,False
4784,161,2025-06-22,1795,54,False
4785,654,2025-07-05,212,20,False
4786,44,2025-07-04,4120,27,False
4787,83,2025-05-27,5222,81,True
4788,497,2025-01-13,4544,1,False
4789,253,2025-01-03,131,64,True
4790,422,2025-02-27,1896,192,False
4791,400,2025-04-01,5179,72,False
4792,588,2026-02-04,4993,147,False
4793,137,2025-03-20,1160,31,False
4794,482,2025-07-14,2192,69,False
4795,600,2025-10-10,2997,94,False
4796,412,2025-02-19,603,119,False
4797,247,2025-10-17,2127,108,False
4798,723,2026-07-19,4096,178,True
4799,105,2025-01-05,4063,193,False
4800,259,2025-06-29,963,182,True
4801,440,2025-02-24,2833,150,False
4802,218,2025-05-07,1137,107,True
4803,522,2026-05-26,4025,136,False
4804,644,2025-11-14,3550,187,False
4805,424,2025-07-29,3738,132,False
4806,282,2026-05-20,2751,151,False
4807,484,2026-07-12,2022,127,False
4808,451,2026-06-14,456,109,False
4809,650,2025-11-06,4066,83,False
4810,492,2025-07-05,4328,76,False
4811,5,2025-11-05,2311,77,False
4812,236,2026-03-27,139,187,False
4813,292,2025-09-22,3005,30,False
4814,285,2025-11-14,1055,39,False
4815,688,2026-04-15,5007,84,False
4816,33,2025-12-28,3391,109,False
4817,596,2026-04-04,5325,27,False
4818,224,2025-09-25,4161,27,False
4819,441,2026-05-05,4757,65,False
4820,261,2025-04-18,2476,27,False
4821,56,2026-02-27,5101,160,False
4822,14,2026-05-14,2458,12,False
4823,314,2025-09-11,2139,167,False
4824,659,2025-11-27,5077,62,False
4825,278,2026-01-08,1946,129,False
4826,709,2025-09-01,1655,160,False
4827,734,2025-10-20,2821,73,False
4828,142,2026-02-14,2974,37,False
4829,668,2026-03-29,2940,153,False
4830,485,2025-09-16,3492,166,False
4831,447,2026-06-21,2494,103,False
4832,354,2026-05-31,5011,198,False
4833,763,2026-03-18,4837,148,False
4834,103,2025-03-24,4135,105,False
4835,5,2025-08-22,1951,157,False
4836,20,2025-01-19,665,157,False
4837,708,2026-07-19,46,138,False
4838,531,2025-12-12,4140,133,True
4839,409,2025-07-22,879,167,False
4840,64,2025-06-05,3368,92,False
4841,107,2026-02-19,2402,106,False
4842,713,2025-03-13,4189,57,False
4843,699,2025-08-10,4618,70,False
4844,632,2025-01-19,555,134,False
4845,701,2026-03-30,2623,165,True
4846,580,2026-04-13,4973,46,False
4847,604,2026-03-28,2080,197,False
4848,675,2026-08-06,4291,74,False
4849,363,2025-10-24,4011,137,False
4850,86,2026-01-09,4582,31,False
4851,96,2026-06-09,422,153,False
4852,502,2026-04-14,4760,115,False
4853,155,2025-10-07,108,123,False
4854,166,2026-05-24,544,33,False
4855,707,2026-04-14,998,113,False
4856,416,2026-05-04,4315,160,False
4857,379,2025-10-23,822,54,False
4858,287,2025-07-18,3789,95,False
4859,215,2026-04-18,1596,110,False
4860,98,2025-01-02,3684,143,False
4861,751,2026-06-17,3770,139,True
4862,588,2026-01-17,2083,91,False
4863,689,2026-05-19,5203,93,False
4864,242,2026-07-30,1446,155,False
4865,85,2026-03-20,465,3,True
4866,99,2026-06-23,3299,177,False
4867,782,2026-01-24,324,76,False
4868,704,2025-01-03,1564,94,False
4869,744,2025-08-18,2785,29,False
4870,108,2026-07-03,4955,74,False
4871,335,2025-05-18,3822,95,True
4872,165,2025-01-07,3296,144,False
4873,467,2025-09-12,2881,168,True
4874,19,2025-11-19,1957,193,False
4875,317,2025-10-30,4477,183,False
4876,415,2026-06-02,144,36,False
4877,218,2025-04-18,885,94,False
4878,661,2025-09-10,890,149,False
4879,60,2025-12-28,3371,142,False
4880,681,2026-02-20,1591,1,False
4881,9,2026-05-26,383,170,False
4882,596,2025-05-22,900,196,False
4883,531,2026-06-21,3573,194,False
4884,378,2026-08-12,2958,159,False
4885,39,2026-08-25,2914,130,False
4886,712,2025-01-27,3902,189,False
4887,729,2025-08-13,2817,4,False
4888,614,2026-01-19,4777,22,False
4889,762,2025-06-26,3088,133,False
4890,712,2025-01-22,3492,11,False
4891,661,2025-06-10,1736,64,True
4892,192,2025-01-26,3135,87,False
4893,665,2026-03-24,1008,162,False
4894,482,2025-06-14,1317,12,False
4895,63,2026-02-07,5182,169,False
4896,18,2025-01-10,4722,11,False
4897,205,2026-04-27,2211,153,False
4898,418,2025-05-06,1726,19,False
4899,775,2025-05-26,3346,159,False
4900,702,2025-04-04,3805,13,True
4901,777,2025-02-20,206,185,False
4902,591,2026-07-08,4044,20,False
4903,102,2026-07-24,227,91,False
4904,621,2025-01-26,270,73,False
4905,308,2025-06-15,2570,80,False
4906,254,2026-01-07,3524,100,False
4907,425,2025-12-10,1876,157,False
4908,319,2026-02-12,5030,21,False
4909,505,2026-07-05,2245,7,False
4910,790,2026-05-14,3754,128,False
4911,257,2025-07-10,2779,5,False
4912,214,2025-08-11,2590,122,False
4913,777,2025-07-24,1598,24,False
4914,69,2025-04-21,2191,59,False
4915,674,2025-12-11,2027,108,False
4916,312,2025-03-15,834,61,False
4917,771,2025-03-11,4046,101,False
4918,614,2025-03-28,1237,196,True
4919,115,2026-03-28,43,85,False
4920,419,2025-11-15,4804,60,False
4921,212,2025-07-04,3782,34,False
4922,35,2025-12-29,2125,181,False
4923,492,2026-03-12,4002,193,False
4924,532,2026-04-24,901,41,False
4925,653,2025-10-07,1963,26,False
4926,589,2026-05-04,2169,36,False
4927,487,2025-07-15,2554,148,True
4928,483,2026-05-27,2382,172,False
4929,492,2025-04-27,2313,6,False
4930,138,2025-04-07,1852,121,False
4931,511,2026-04-07,2177,106,False
4932,153,2026-03-29,120,153,False
4933,463,2026-06-17,102,148,False
4934,326,2025-02-14,2002,115,False
4935,677,2026-07-03,3652,85,False
4936,287,2026-06-19,4845,194,False
4937,6,2025-12-06,4887,58,False
4938,82,2025-11-15,1505,6,False
4939,164,2025-04-03,2960,157,False
4940,688,2026-01-25,1975,30,False
4941,607,2026-04-12,372,157,False
4942,740,2026-01-12,3872,23,False
4943,587,2025-05-16,272,189,False
4944,116,2025-12-05,866,134,False
4945,38,2025-04-09,4661,191,False
4946,450,2025-11-14,4547,63,False
4947,428,2026-06-19,3217,83,False
4948,344,2026-07-14,2958,157,False
4949,473,2026-03-13,3989,171,False
4950,328,2025-07-31,2895,25,False
4951,189,2025-07-29,4008,96,False
4952,465,2026-04-18,715,46,False
4953,317,2025-01-09,5299,69,False
4954,364,2025-08-08,392,14,True
4955,662,2025-12-03,3984,106,False
4956,362,2025-01-28,4584,198,False
4957,752,2026-05-03,193,161,False
4958,115,2025-08-18,1217,143,False
4959,521,2026-05-22,1515,1,False
4960,569,2025-04-02,2370,22,False
4961,78,2025-01-23,934,133,False
4962,464,2025-09-25,2755,129,False
4963,575,2026-08-08,5169,23,False
4964,45,2025-02-19,157,88,False
4965,658,2025-03-19,4778,190,False
4966,301,2026-04-22,3809,183,False
4967,516,2025-03-10,2392,135,False
4968,175,2025-12-25,2943,27,False
4969,113,2025-01-26,858,49,False
4970,312,2025-01-23,4911,6,False
4971,122,2025-08-24,279,28,False
4972,96,2026-01-27,732,31,False
4973,458,2025-12-28,3823,181,False
4974,489,2026-08-03,933,187,True
4975,741,2025-02-03,457,158,False
4976,466,2025-02-08,1418,185,False
4977,439,2026-04-16,3086,113,False
4978,475,2025-08-05,1667,14,False
4979,794,2025-05-10,4550,158,False
4980,293,2026-06-28,5092,105,False
4981,549,2025-07-12,2271,26,False
4982,578,2025-01-21,3078,137,False
4983,140,2025-01-11,3251,51,False
4984,675,2026-07-12,1482,1,False
4985,337,2025-04-07,2614,23,False
4986,334,2026-08-24,1184,4,False
4987,180,2025-05-01,5219,91,False
4988,347,2025-08-25,2833,14,False
4989,465,2025-02-08,2295,113,False
4990,719,2025-10-10,1110,141,False
4991,253,2026-08-07,811,146,False
4992,485,2026-08-23,461,188,False
4993,698,2025-08-15,1644,192,False
4994,408,2025-02-06,3380,14,False
4995,160,2026-02-24,5051,69,False
4996,590,2025-07-13,3618,29,False
4997,457,2026-06-12,899,61,False
4998,249,2025-02-08,428,93,False
4999,690,2025-02-28,2799,172,False
5000,27,2026-03-30,2744,89,False
5001,777,2026-01-30,426,50,False
5002,562,2026-01-31,3100,43,False
5003,548,2025-11-28,601,151,False
5004,517,2026-06-09,3441,40,False
5005,791,2026-02-13,5315,144,False
5006,343,2025-04-26,73,28,False
5007,789,2026-05-03,1509,197,False
5008,37,2025-11-27,4293,50,False
5009,744,2025-04-20,3962,197,False
5010,753,2026-03-09,2868,168,False
5011,217,2026-02-16,5042,108,False
5012,585,2025-06-21,2245,92,False
5013,311,2025-04-23,3602,57,False
5014,309,2026-06-25,2389,183,False
5015,420,2026-06-05,5231,188,False
5016,161,2025-05-01,2462,168,False
5017,185,2026-02-23,640,168,False
5018,445,2025-03-13,4600,106,False
5019,794,2026-07-08,2225,105,False
5020,18,2025-06-20,3723,165,False
5021,369,2025-04-15,2206,111,False
5022,366,2026-04-30,1565,33,False
5023,599,2026-08-06,1364,7,False
5024,791,2026-03-10,97,128,False
5025,448,2026-06-29,517,185,False
5026,592,2026-06-25,2052,188,False
5027,110,2025-06-28,4193,72,True
5028,788,2026-01-10,1048,124,False
5029,762,2026-02-23,3772,121,False
5030,317,2026-07-12,3288,98,False
5031,575,2025-11-25,3729,120,False
5032,70,2025-11-26,3471,131,False
5033,467,2026-05-11,4605,22,False
5034,773,2026-07-12,1762,28,False
5035,125,2025-02-09,3624,49,False
5036,693,2026-06-13,4664,59,False
5037,782,2025-08-26,3577,135,False
5038,451,2025-10-15,5304,51,False
5039,628,2025-09-20,4445,146,False
5040,184,2025-01-04,2553,24,False
5041,357,2025-12-14,4179,112,False
5042,591,2026-08-22,2567,141,False
5043,344,2026-03-12,4909,155,False
5044,16,2025-10-29,450,127,False
5045,657,2025-01-14,5356,153,False
5046,732,2026-03-26,4746,174,False
5047,471,2026-02-10,1636,114,True
5048,558,2025-10-02,799,139,False
5049,124,2025-08-10,3143,41,True
5050,141,2025-08-08,3404,162,False
5051,735,2025-05-11,2025,44,False
5052,132,2025-08-06,3495,28,True
5053,751,2025-04-09,2899,25,False
5054,47,2025-08-04,1884,14,False
5055,379,2026-07-22,2606,165,False
5056,617,2025-12-18,563,74,False
5057,76,2025-12-19,2950,34,False
5058,103,2026-05-06,3544,27,False
5059,592,2026-06-17,5210,111,False
5060,417,2025-12-12,1866,153,False
5061,644,2025-08-08,502,15,False
5062,287,2025-11-16,851,87,False
5063,594,2026-06-12,4750,86,True
5064,440,2025-07-06,4937,187,False
5065,53,2026-08-19,4246,2,False
5066,556,2025-10-08,2642,18,False
5067,736,2026-03-19,5305,49,False
5068,168,2025-04-20,3791,189,False
5069,637,2026-08-21,1235,6,False
5070,161,2026-03-29,1644,145,False
5071,740,2026-06-28,5105,92,False
5072,271,2026-04-21,825,160,False
5073,518,2025-09-19,3891,46,False
5074,749,2025-05-25,215,99,False
5075,446,2026-05-01,3781,97,True
5076,356,2025-12-11,1880,73,False
5077,392,2025-05-28,116,67,False
5078,206,2025-06-22,299,145,False
5079,36,2025-04-25,1030,31,False
5080,416,2026-08-17,5346,195,False
5081,632,2026-03-04,5260,178,False
5082,145,2025-07-01,1282,6,False
5083,738,2025-05-12,1641,179,False
5084,613,2026-06-09,706,119,False
5085,528,2026-03-14,2715,184,False
5086,256,2026-03-02,4439,50,False
5087,575,2025-02-09,2892,169,False
5088,787,2026-08-10,4321,80,True
5089,230,2025-09-24,5247,97,False
5090,504,2026-03-13,5382,115,False
5091,338,2025-04-20,1812,155,False
5092,490,2026-01-05,1340,44,False
5093,203,2025-02-25,2654,6,False
5094,233,2025-10-07,288,3,False
5095,702,2025-05-23,2448,177,True
5096,143,2025-10-13,3913,14,False
5097,671,2026-06-12,1068,14,False
5098,63,2025-01-01,4368,6,False
5099,719,2025-10-07,4617,66,False
5100,685,2026-08-29,1909,9,False
5101,745,2026-08-14,1683,93,True
5102,784,2025-12-11,5055,33,False
5103,763,2026-02-08,4417,55,False
5104,173,2025-12-23,4174,89,False
5105,705,2025-10-05,1840,97,False
5106,795,2025-04-20,2230,91,False
5107,437,2026-05-06,3760,16,False
5108,493,2025-09-20,3895,3,False
5109,707,2026-06-15,1339,154,False
5110,630,2025-05-13,35,6,False
5111,638,2025-04-29,331,80,False
5112,791,2025-05-13,1853,51,False
5113,672,2026-01-31,2534,8,False
5114,781,2025-11-29,942,10,False
5115,739,2026-02-03,195,22,False
5116,455,2025-05-27,1669,41,False
5117,469,2025-08-07,4711,153,False
5118,422,2026-02-09,1152,7,False
5119,256,2025-11-02,3588,162,False
5120,541,2025-08-17,3869,18,False
5121,483,2025-07-16,3367,36,False
5122,176,2025-08-17,4481,132,False
5123,688,2025-06-18,1572,189,False
5124,312,2026-03-03,997,27,False
5125,372,2025-04-09,909,133,False
5126,663,2026-02-12,2270,89,False
5127,489,2025-02-16,2840,158,False
5128,88,2025-09-03,3244,161,False
5129,252,2025-10-31,4773,145,False
5130,368,2026-07-19,805,12,False
5131,586,2026-02-06,3306,61,False
5132,253,2025-07-19,1967,54,False
5133,376,2025-08-13,3737,144,False
5134,467,2026-03-13,1079,125,False
5135,431,2026-06-11,121,102,False
5136,152,2026-04-27,3048,35,False
5137,403,2026-07-01,1663,28,False
5138,743,2025-05-13,4874,104,False
5139,527,2025-10-26,3952,198,False
5140,634,2025-10-15,2515,138,False
5141,583,2025-09-12,2080,34,False
5142,66,2025-01-13,3633,189,False
5143,368,2025-05-16,2500,55,False
5144,261,2025-07-20,3898,194,False
5145,402,2025-09-07,3957,160,False
5146,35,2025-06-13,5349,33,False
5147,183,2025-08-04,1704,13,False
5148,99,2026-04-14,3401,175,False
5149,43,2025-07-18,2683,3,False
5150,339,2025-05-14,1023,11,False
5151,626,2025-10-11,1268,97,False
5152,264,2025-01-16,85,90,False
5153,623,2025-05-18,1639,86,False
5154,417,2025-01-15,776,94,True
5155,537,2025-02-11,1020,45,False
5156,233,2026-04-09,699,17,False
5157,337,2025-01-15,40,79,False
5158,266,2025-03-29,2838,63,False
5159,337,2025-04-18,5028,82,False
5160,767,2026-01-26,2388,155,True
5161,91,2025-07-20,2745,1,False
5162,700,2025-05-03,3330,43,False
5163,738,2026-03-22,3150,182,False
5164,11,2025-05-15,447,124,False
5165,325,2026-07-24,2420,102,False
5166,482,2026-05-05,4435,192,False
5167,240,2026-06-21,1191,82,False
5168,114,2026-02-18,614,11,False
5169,313,2025-06-17,3485,190,False
5170,632,2026-02-02,3700,3,False
5171,384,2026-04-04,3919,156,False
5172,669,2026-07-18,3750,53,False
5173,296,2025-02-01,1623,155,True
5174,529,2026-06-13,3079,20,False
5175,621,2026-05-08,4598,61,False
5176,539,2026-05-30,968,17,False
5177,357,2025-05-02,3748,118,False
5178,682,2025-03-24,3321,82,False
5179,135,2026-02-06,1497,44,False
5180,82,2025-04-11,4996,130,False
5181,29,2025-04-23,917,1,False
5182,567,2026-08-20,4353,148,False
5183,283,2026-07-07,3080,20,False
5184,96,2025-12-16,727,22,False
5185,154,2026-01-29,2395,57,False
5186,34,2025-11-30,1807,114,False
5187,330,2026-03-27,2269,169,False
5188,511,2025-11-03,4271,143,False
5189,206,2026-01-06,3479,68,False
5190,218,2026-03-23,1086,123,False
5191,778,2026-04-28,4020,165,False
5192,37,2025-12-27,3869,93,True
5193,673,2026-03-26,533,148,False
5194,51,2025-04-01,4961,88,True
5195,630,2025-01-31,65,85,False
5196,784,2025-03-04,1556,156,False
5197,244,2026-03-28,1587,158,False
5198,179,2025-07-03,535,46,False
5199,190,2026-04-25,3589,22,False
5200,327,2026-06-13,2501,37,False
5201,214,2026-03-02,4411,182,False
5202,214,2025-09-02,1712,12,False
5203,135,2025-03-06,4619,161,False
5204,749,2026-06-14,2763,81,False
5205,236,2025-07-24,59,173,True
5206,60,2025-12-14,1655,133,False
5207,252,2026-03-16,1973,142,False
5208,435,2026-07-19,2735,105,False
5209,93,2025-11-12,3811,85,False
5210,383,2026-06-21,877,17,False
5211,791,2026-03-17,4362,63,False
5212,554,2025-08-17,957,198,False
5213,276,2025-07-31,5372,83,False
5214,719,2025-12-01,2096,74,False
5215,265,2026-03-11,5064,199,False
5216,1,2026-03-07,511,1,False
5217,191,2026-03-25,1121,126,False
5218,14,2025-01-28,5313,121,False
5219,396,2025-09-14,929,140,False
5220,302,2025-04-08,1762,2,False
5221,55,2025-01-22,3042,161,False
5222,322,2026-03-20,1103,180,False
5223,154,2026-08-23,1898,131,False
5224,713,2026-07-10,3806,120,False
5225,483,2026-06-15,2602,107,True
5226,224,2025-07-04,2291,66,True
5227,603,2025-04-07,3630,182,False
5228,679,2025-08-28,5173,67,False
5229,616,2025-09-26,4552,158,False
5230,72,2026-06-15,314,21,False
5231,402,2025-07-14,3407,25,False
5232,62,2025-06-11,2602,84,False
5233,501,2026-08-19,2341,5,False
5234,597,2026-07-17,1289,100,False
5235,21,2026-03-11,1465,116,False
5236,611,2025-03-27,3806,31,False
5237,195,2025-12-08,5261,120,False
5238,76,2025-06-03,2959,135,False
5239,226,2025-04-04,1148,39,False
5240,795,2025-01-22,1308,64,False
5241,232,2025-07-13,1048,162,False
5242,65,2025-02-26,2849,14,False
5243,62,2025-02-25,3834,132,False
5244,708,2025-06-04,4211,50,False
5245,524,2025-10-16,3493,141,False
5246,156,2026-02-02,5264,8,False
5247,504,2026-06-12,4828,165,False
5248,18,2025-05-02,1247,182,False
5249,546,2026-04-21,4929,118,False
5250,684,2026-07-25,321,92,False
5251,625,2026-04-12,4027,140,False
5252,148,2025-07-31,3068,192,False
5253,282,2025-07-10,181,133,True
5254,424,2025-11-11,1685,123,False
5255,62,2026-05-18,4689,102,False
5256,662,2026-02-08,4030,9,False
5257,486,2025-10-01,3072,25,False
5258,124,2025-03-24,4155,35,False
5259,601,2026-02-10,1077,13,False
5260,593,2026-02-22,1046,106,False
5261,129,2025-11-02,3347,79,False
5262,426,2025-03-15,2431,2,False
5263,252,2025-09-26,1250,107,False
5264,205,2026-05-17,157,122,False
5265,645,2026-08-02,2391,41,False
5266,34,2025-10-24,3926,174,False
5267,341,2026-05-30,2073,63,False
5268,211,2025-02-24,2967,64,False
5269,264,2025-02-10,1071,184,False
5270,340,2026-03-06,5287,168,False
5271,464,2026-08-13,4373,77,False
5272,295,2025-02-16,1845,184,False
5273,436,2025-03-31,2647,119,False
5274,574,2026-08-15,3557,51,False
5275,143,2026-08-05,811,91,False
5276,328,2025-10-03,3105,94,False
5277,430,2025-01-27,1306,8,True
5278,305,2025-08-21,3009,63,False
5279,445,2026-02-13,2704,132,False
5280,650,2025-07-10,2308,57,False
5281,490,2025-07-20,3448,121,False
5282,372,2025-10-01,2032,2,False
5283,531,2025-10-02,4166,45,False
5284,789,2026-04-20,1265,46,True
5285,14,2025-10-30,276,129,False
5286,460,2025-11-12,3741,158,False
5287,5,2025-09-04,3244,80,False
5288,750,2026-01-26,3808,179,False
5289,589,2026-02-28,2118,195,False
5290,706,2025-02-04,3611,59,False
5291,458,2025-01-25,282,83,False
5292,332,2026-06-01,5281,8,False
5293,4,2025-01-30,4776,72,False
5294,491,2025-11-17,1779,150,False
5295,727,2026-05-23,1660,161,False
5296,113,2025-11-15,895,140,False
5297,196,2025-02-23,5225,92,False
5298,422,2025-06-03,347,57,False
5299,427,2025-04-06,4455,101,False
5300,340,2025-02-16,744,163,False
5301,119,2025-08-02,5231,180,True
5302,387,2025-07-23,1453,151,False
5303,404,2026-02-02,2387,89,False
5304,148,2026-05-12,351,19,False
5305,487,2025-12-17,1610,149,False
5306,693,2025-11-29,5098,97,False
5307,70,2026-05-03,3201,11,False
5308,64,2025-06-10,1776,34,False
5309,454,2025-10-17,4812,199,False
5310,625,2025-12-27,5028,34,False
5311,82,2026-05-05,2234,84,False
5312,756,2025-08-02,2049,75,False
5313,382,2025-10-31,4514,98,False
5314,86,2025-05-16,2930,32,False
5315,358,2025-07-10,1561,75,False
5316,347,2026-03-26,3223,166,False
5317,313,2026-05-28,1981,21,False
5318,468,2025-04-12,2171,89,False
5319,198,2026-08-25,3588,163,False
5320,794,2025-12-22,1950,174,False
5321,229,2026-08-24,2857,175,False
5322,693,2026-03-22,3590,109,False
5323,655,2025-03-19,4911,8,False
5324,332,2025-02-07,4868,120,False
5325,155,2026-07-08,4789,187,False
5326,775,2026-02-27,4045,114,False
5327,459,2026-06-10,2486,135,True
5328,266,2025-01-07,2397,37,False
5329,121,2025-04-06,392,145,False
5330,272,2026-05-08,4247,28,False
5331,522,2026-05-30,5042,74,False
5332,406,2025-06-18,3428,60,False
5333,54,2026-08-24,5031,7,False
5334,624,2025-04-04,2775,134,False
5335,258,2025-07-05,640,24,False
5336,154,2025-03-21,4781,173,False
5337,560,2025-12-12,2218,169,False
5338,594,2025-09-22,2740,31,False
5339,658,2026-01-02,3318,99,False
5340,3,2025-06-24,2388,17,True
5341,310,2025-11-17,2383,40,True
5342,210,2025-10-12,3612,169,False
5343,465,2025-06-22,1748,68,False
5344,780,2026-05-29,2358,72,False
5345,96,2026-06-07,829,181,False
5346,526,2025-03-05,1570,51,False
5347,356,2025-06-28,3908,41,False
5348,371,2025-06-08,2795,2,False
5349,754,2025-06-18,1997,160,False
5350,586,2025-03-10,5066,40,False
5351,76,2025-08-24,1106,86,False
5352,349,2026-01-22,2724,9,False
5353,594,2025-08-15,391,103,False
5354,86,2026-01-14,5345,138,False
5355,405,2025-02-13,4540,65,False
5356,399,2026-05-31,4434,14,False
5357,59,2025-11-12,1476,43,False
5358,765,2026-03-19,2635,150,False
5359,297,2025-10-24,2460,175,True
5360,219,2026-03-01,1842,137,False
5361,72,2025-12-09,154,184,False
5362,43,2025-04-08,3496,7,False
5363,157,2025-05-20,130,155,False
5364,594,2026-05-13,5156,198,False
5365,215,2025-07-26,812,176,False
5366,364,2025-01-05,2253,195,False
5367,530,2025-11-14,1649,102,False
5368,268,2026-03-10,1176,189,False
5369,326,2026-06-02,5317,88,False
5370,391,2026-05-10,733,49,False
5371,724,2026-07-27,4341,172,False
5372,744,2025-05-18,2805,133,False
5373,232,2026-03-10,3669,137,False
5374,201,2025-07-09,2414,90,False
5375,324,2026-06-16,68,199,False
5376,161,2025-05-27,2791,67,True
5377,455,2026-03-11,172,122,False
5378,428,2026-05-13,2640,85,False
5379,373,2025-12-26,3134,67,True
5380,371,2025-09-13,3113,139,False
5381,688,2025-10-10,3838,27,False
5382,120,2025-08-09,1715,22,False
5383,614,2025-03-12,5320,129,False
5384,465,2025-11-01,2583,89,False
5385,635,2026-01-03,3750,29,False
5386,460,2026-03-20,2325,187,False
5387,617,2025-02-05,1989,187,False
5388,485,2026-02-05,2859,122,True
5389,570,2025-06-25,4510,75,False
5390,331,2026-03-06,2444,183,False
5391,716,2025-10-29,389,40,False
5392,233,2026-07-30,3521,6,False
5393,574,2025-03-07,1901,121,False
5394,263,2025-06-04,3845,114,False
5395,634,2026-03-14,4502,56,False
5396,668,2025-05-06,2180,139,False
5397,148,2025-06-03,5012,47,False
5398,501,2026-01-30,3959,68,False
5399,423,2025-11-07,3640,29,False
5400,319,2025-03-30,4929,25,False
5401,224,2025-07-18,4750,22,False
5402,491,2026-01-26,4156,18,False
5403,659,2025-02-09,5336,40,False
5404,280,2026-08-04,4191,108,False
5405,268,2025-08-31,4614,78,False
5406,691,2025-10-06,3966,39,False
5407,605,2026-02-03,2494,25,False
5408,583,2025-05-11,2143,10,False
5409,474,2025-12-08,4360,126,False
5410,81,2026-08-27,5157,166,False
5411,121,2026-08-06,3161,49,False
5412,45,2025-08-21,1061,161,False
5413,252,2026-08-25,4380,144,False
5414,27,2025-03-11,1604,149,False
5415,377,2026-07-01,3971,58,False
5416,23,2025-09-10,1144,109,False
5417,797,2025-07-10,4640,113,False
5418,398,2025-02-23,2630,103,True
5419,11,2026-01-11,2023,149,False
5420,145,2025-02-20,4045,110,False
5421,151,2026-03-20,3824,115,False
5422,540,2025-01-29,1417,154,False
5423,616,2025-11-15,390,51,False
5424,387,2025-10-03,5188,132,False
5425,582,2026-08-24,5242,136,False
5426,75,2025-10-06,3578,29,False
5427,251,2025-07-11,622,144,False
5428,5,2026-03-22,5056,70,False
5429,326,2026-06-12,2510,139,False
5430,30,2025-11-27,3283,136,False
5431,633,2026-04-06,3656,54,False
5432,427,2026-06-07,3183,110,False
5433,603,2025-10-06,1267,102,False
5434,470,2026-06-14,5210,186,False
5435,30,2026-05-01,2872,35,False
5436,283,2025-04-14,5108,56,False
5437,10,2025-09-20,750,82,False
5438,64,2025-01-26,3755,144,False
5439,753,2026-04-11,1001,47,False
5440,748,2026-03-05,645,142,False
5441,96,2025-01-24,4747,30,False
5442,325,2025-01-07,664,151,False
5443,232,2026-01-04,247,152,False
5444,344,2025-08-28,211,128,False
5445,488,2025-01-27,1997,196,False
5446,306,2025-02-02,821,177,False
5447,650,2026-06-10,426,137,False
5448,48,2025-10-06,2968,156,False
5449,467,2026-04-05,1146,131,False
5450,569,2025-09-30,2422,163,False
5451,445,2026-07-13,567,161,False
5452,532,2026-05-29,3756,89,False
5453,496,2026-07-04,2279,29,False
5454,132,2026-01-27,4820,14,False
5455,632,2025-01-09,4366,58,False
5456,215,2025-09-02,2051,109,False
5457,143,2025-03-01,1814,58,False
5458,438,2025-11-06,4698,96,False
5459,509,2025-10-20,1988,41,False
5460,302,2025-11-30,4842,185,False
5461,49,2026-07-24,552,86,False
5462,799,2025-05-18,3670,135,False
5463,651,2026-06-13,2425,111,False
5464,398,2026-04-16,4516,158,False
5465,280,2025-09-28,499,114,False
5466,706,2025-10-11,5001,140,True
5467,284,2025-08-27,5392,167,False
5468,164,2026-01-23,2483,127,False
5469,202,2026-04-16,3553,127,False
5470,445,2025-01-20,2731,182,False
5471,598,2026-08-26,3308,142,False
5472,258,2025-03-09,2802,14,False
5473,155,2025-04-06,3593,160,False
5474,748,2025-12-24,2501,174,False
5475,78,2025-03-05,5343,119,False
5476,441,2026-03-28,5121,160,False
5477,143,2025-05-13,4321,17,False
5478,524,2025-07-14,521,198,False
5479,301,2025-12-26,1273,173,False
5480,61,2026-07-29,1980,28,False
5481,134,2025-05-01,702,131,False
5482,391,2026-05-31,4897,168,True
5483,116,2026-02-03,1501,147,False
5484,464,2025-11-15,4188,49,False
5485,641,2026-06-19,4884,46,False
5486,233,2026-01-24,1578,13,False
5487,750,2026-05-07,3922,108,False
5488,589,2025-12-27,3593,51,False
5489,69,2025-10-16,3462,114,False
5490,374,2025-07-05,40,30,False
5491,444,2025-06-11,2982,83,False
5492,450,2025-02-08,2890,58,False
5493,369,2025-06-24,54,28,False
5494,289,2026-05-04,4962,183,True
5495,456,2025-07-01,4106,22,False
5496,542,2025-10-07,3350,131,True
5497,679,2025-08-21,1982,88,True
5498,83,2026-05-27,4911,114,False
5499,111,2025-12-18,2313,55,False
5500,405,2025-08-16,435,174,False
5501,340,2026-07-20,5396,71,False
5502,717,2025-01-09,2895,179,False
5503,459,2025-03-22,3194,76,False
5504,189,2025-03-19,3704,192,False
5505,681,2025-02-28,913,146,False
5506,695,2025-04-06,208,175,False
5507,33,2026-02-21,2488,24,False
5508,709,2026-03-20,4682,163,False
5509,291,2025-02-18,5365,144,False
5510,185,2025-01-20,1407,7,False
5511,93,2026-07-03,5330,12,False
5512,65,2026-05-13,4673,111,False
5513,48,2026-04-25,4419,128,False
5514,612,2026-02-24,1532,79,True
5515,724,2025-09-11,3967,184,False
5516,767,2025-07-16,5300,13,False
5517,409,2025-07-21,3150,70,False
5518,205,2025-11-13,4795,19,False
5519,712,2025-01-29,1515,198,False
5520,731,2026-07-20,4628,86,False
5521,321,2026-08-15,984,6,False
5522,167,2025-02-12,3721,189,False
5523,672,2025-11-15,1976,146,False
5524,288,2025-08-09,2185,91,False
5525,430,2025-08-16,3972,119,False
5526,709,2025-08-26,2489,154,True
5527,134,2025-11-14,4559,51,False
5528,244,2026-08-08,3182,43,False
5529,170,2026-03-22,2782,169,False
5530,605,2026-08-15,1465,47,False
5531,94,2025-06-15,3492,132,False
5532,118,2026-05-26,1406,168,False
5533,265,2025-09-08,4048,12,False
5534,304,2025-08-20,2636,58,False
5535,597,2025-02-02,2883,10,False
5536,753,2026-06-24,2870,130,False
5537,476,2025-03-12,260,39,False
5538,182,2025-10-21,4312,1,False
5539,529,2026-08-14,5361,162,False
5540,562,2026-01-26,4030,6,False
5541,68,2025-03-16,1006,112,False
5542,736,2026-07-18,3387,95,False
5543,409,2025-12-30,894,61,False
5544,628,2025-05-31,3543,118,False
5545,42,2025-06-08,2408,121,False
5546,759,2026-06-07,4710,16,False
5547,778,2025-12-26,3155,18,False
5548,755,2025-08-31,342,157,False
5549,424,2025-06-30,4706,33,False
5550,91,2026-06-13,3094,14,False
5551,362,2025-08-03,4799,38,False
5552,482,2025-11-29,354,132,False
5553,359,2025-02-17,1305,37,False
5554,342,2025-05-31,620,135,False
5555,280,2026-04-24,1622,189,False
5556,547,2026-04-10,2584,88,False
5557,459,2026-08-21,3545,195,False
5558,595,2025-03-11,2133,93,False
5559,65,2025-11-11,2603,178,False
5560,197,2025-03-29,3971,1,False
5561,704,2026-03-30,2250,143,False
5562,640,2025-03-31,4426,107,False
5563,539,2025-03-15,651,171,False
5564,328,2026-05-26,4272,61,False
5565,343,2025-03-19,4329,176,False
5566,526,2026-06-13,3143,46,False
5567,618,2026-03-30,1634,94,False
5568,343,2025-12-14,62,22,False
5569,719,2025-03-29,5314,38,False
5570,277,2025-06-19,155,123,True
5571,257,2025-05-04,499,71,False
5572,556,2025-08-28,1051,171,False
5573,633,2025-05-03,1062,183,False
5574,434,2025-04-22,1470,25,False
5575,762,2025-07-20,1182,160,False
5576,683,2025-01-03,2504,146,False
5577,166,2026-07-06,4853,128,False
5578,629,2026-05-25,2070,96,False
5579,649,2025-06-13,783,131,False
5580,695,2025-04-29,841,2,False
5581,421,2026-06-15,4588,48,False
5582,613,2025-02-18,547,98,False
5583,580,2026-04-10,5138,168,True
5584,734,2025-03-22,146,169,False
5585,238,2025-02-15,254,110,False
5586,126,2026-07-17,401,191,False
5587,614,2025-11-30,4988,186,False
5588,513,2025-08-09,33,93,False
5589,782,2025-01-28,4786,15,False
5590,66,2026-01-29,203,90,False
5591,28,2025-12-10,3881,139,False
5592,400,2025-01-19,2431,69,False
5593,486,2026-03-09,1347,180,False
5594,690,2025-11-18,3657,76,False
5595,535,2026-06-05,3856,164,False
5596,581,2026-03-30,2278,95,False
5597,311,2025-12-29,602,85,False
5598,467,2025-02-09,1440,16,False
5599,113,2025-05-07,133,57,False
5600,556,2025-07-01,3335,129,False
5601,113,2026-07-30,1943,94,True
5602,139,2025-07-15,3425,72,False
5603,133,2025-11-14,2929,21,False
5604,745,2026-06-23,3848,132,False
5605,140,2025-01-20,2474,120,False
5606,170,2026-02-08,1556,126,False
5607,797,2026-06-23,3375,20,False
5608,134,2026-06-10,5165,177,False
5609,436,2025-11-05,3749,42,False
5610,113,2025-08-16,953,56,False
5611,359,2025-04-23,1407,44,False
5612,749,2025-12-25,5203,187,False
5613,263,2026-07-01,3881,99,False
5614,369,2025-11-11,3429,132,False
5615,701,2026-02-05,3915,143,False
5616,427,2025-06-17,1492,124,False
5617,759,2026-03-26,4972,146,False
5618,304,2025-09-14,1099,111,True
5619,186,2025-08-07,5093,127,False
5620,22,2025-05-29,1274,41,False
5621,317,2026-02-03,1713,86,False
5622,54,2025-01-10,3499,2,False
5623,461,2026-07-18,2701,102,False
5624,13,2026-08-11,5174,111,False
5625,83,2026-08-04,4611,105,False
5626,432,2026-08-05,4689,183,False
5627,487,2026-05-26,3086,99,False
5628,155,2026-05-16,5299,169,True
5629,595,2025-09-14,3937,108,False
5630,322,2025-04-16,1759,16,False
5631,150,2025-01-04,3240,10,False
5632,369,2025-01-13,2112,62,False
5633,739,2026-03-04,1505,156,False
5634,427,2025-04-29,4041,96,False
5635,684,2025-04-05,2227,73,False
5636,715,2026-06-14,1374,98,False
5637,182,2025-04-04,4632,188,True
5638,35,2025-04-03,1840,37,False
5639,537,2025-10-16,4014,119,False
5640,396,2025-05-22,1568,136,False
5641,288,2025-02-15,2084,165,False
5642,106,2026-02-24,2220,97,True
5643,119,2025-11-10,2626,187,False
5644,742,2025-10-17,4175,172,False
5645,115,2025-05-26,1923,20,False
5646,734,2026-02-01,77,50,True
5647,213,2025-12-09,859,50,False
5648,112,2025-12-08,169,181,False
5649,416,2026-07-20,4928,24,False
5650,94,2025-12-14,49,165,False
5651,219,2026-07-16,4976,193,False
5652,88,2026-06-14,3463,83,False
5653,16,2025-03-06,81,29,False
5654,79,2025-05-13,1998,162,False
5655,775,2026-02-21,4187,87,False
5656,127,2025-03-26,2559,127,False
5657,178,2026-03-18,4368,59,False
5658,125,2025-09-03,2534,91,False
5659,61,2025-07-07,1965,79,False
5660,131,2025-11-21,1120,102,False
5661,83,2025-06-28,3598,4,False
5662,119,2025-10-25,4275,110,False
5663,366,2026-04-08,3721,57,False
5664,303,2025-11-24,1032,46,False
5665,144,2026-08-21,1931,185,False
5666,204,2025-10-23,3704,31,False
5667,373,2026-05-10,1170,166,False
5668,334,2025-11-11,4000,157,False
5669,97,2026-05-26,4972,78,False
5670,715,2026-07-20,1401,18,False
5671,312,2026-06-18,2002,132,False
5672,282,2025-01-31,3838,138,False
5673,460,2025-04-02,4023,40,False
5674,230,2026-07-26,1195,175,False
5675,498,2026-04-23,2635,65,False
5676,732,2025-12-23,2854,87,False
5677,676,2026-01-26,4503,187,False
5678,258,2025-01-30,3880,155,False
5679,76,2025-11-06,808,89,False
5680,98,2025-02-02,812,172,False
5681,169,2026-01-17,4882,67,False
5682,496,2025-12-13,3666,57,False
5683,395,2026-01-25,4668,137,False
5684,226,2026-02-23,745,50,True
5685,157,2026-08-30,2866,110,False
5686,416,2025-11-12,412,106,False
5687,770,2026-05-09,2594,103,False
5688,615,2025-09-30,1905,181,False
5689,206,2026-03-29,1726,76,False
5690,453,2025-06-18,1202,139,False
5691,407,2025-09-20,725,83,False
5692,648,2026-01-04,830,37,False
5693,276,2026-08-12,2899,72,False
5694,276,2026-06-29,1417,80,False
5695,359,2025-06-12,1647,35,False
5696,135,2025-09-14,4122,116,False
5697,696,2025-02-17,2219,199,False
5698,316,2026-02-27,4651,74,False
5699,689,2025-02-12,3402,111,False
5700,330,2025-01-11,5061,39,False
5701,541,2026-03-26,3797,61,False
5702,573,2025-10-01,5137,162,False
5703,634,2025-04-22,3935,31,False
5704,550,2026-04-08,3405,138,False
5705,552,2026-04-17,2052,190,False
5706,248,2026-05-27,3754,157,False
5707,51,2026-05-10,2212,153,False
5708,744,2025-11-22,1668,33,False
5709,676,2026-07-28,183,16,False
5710,221,2025-12-10,4836,31,False
5711,17,2026-02-26,1626,165,False
5712,798,2025-03-26,1901,20,False
5713,66,2025-11-26,4273,28,False
5714,27,2025-06-29,3975,131,False
5715,791,2026-05-02,3627,12,False
5716,539,2026-02-10,4244,180,False
5717,482,2026-03-02,5264,138,False
5718,497,2026-04-11,5281,170,False
5719,594,2026-01-17,2566,138,False
5720,468,2025-02-19,201,52,False
5721,598,2025-05-20,687,125,False
5722,624,2026-08-07,1378,67,False
5723,170,2026-02-25,2916,189,False
5724,473,2026-08-02,2562,96,False
5725,266,2025-02-12,3307,122,False
5726,488,2025-04-24,4312,4,False
5727,137,2026-02-08,3877,29,False
5728,702,2025-01-28,3926,134,False
5729,213,2025-02-12,4586,187,False
5730,150,2025-07-27,435,44,False
5731,98,2026-02-15,2126,189,False
5732,425,2026-08-05,4632,163,False
5733,285,2026-08-15,706,141,False
5734,570,2025-09-26,2244,103,False
5735,335,2026-03-22,4249,1,False
5736,247,2025-07-10,4622,31,False
5737,252,2026-03-05,4449,23,False
5738,176,2026-06-28,4776,150,False
5739,559,2026-01-20,337,54,False
5740,104,2025-03-23,4959,161,False
5741,730,2025-06-19,2671,149,False
5742,211,2026-07-26,4249,171,False
5743,8,2026-04-24,1476,174,False
5744,533,2026-05-07,4075,22,False
5745,569,2025-01-31,772,133,False
5746,492,2025-08-21,2771,94,False
5747,289,2025-11-10,226,154,False
5748,138,2026-04-23,3017,11,False
5749,699,2025-03-04,5352,88,False
5750,393,2026-04-04,2803,191,False
5751,381,2026-01-07,248,2,False
5752,172,2025-12-18,2799,93,False
5753,626,2026-06-08,1118,61,False
5754,749,2026-04-20,1161,152,False
5755,517,2026-03-09,3152,83,False
5756,580,2025-10-31,1791,50,False
5757,568,2026-08-14,2088,117,False
5758,139,2026-05-27,982,42,False
5759,371,2025-07-01,3443,102,False
5760,232,2026-04-27,3884,96,False
5761,323,2025-12-12,4826,198,False
5762,683,2026-07-05,2287,121,False
5763,666,2025-08-15,161,184,False
5764,446,2026-04-30,1336,55,False
5765,94,2025-06-08,5321,9,False
5766,285,2026-07-14,4322,70,False
5767,579,2025-04-16,2894,90,False
5768,479,2025-04-19,4838,83,False
5769,447,2026-08-19,1385,2,False
5770,312,2025-06-18,54,2,False
5771,776,2025-11-12,3549,111,False
5772,730,2025-10-02,4745,48,False
5773,516,2026-04-23,739,72,False
5774,699,2025-05-28,173,154,False
5775,144,2025-07-24,3993,77,False
5776,129,2026-06-29,3841,162,False
5777,571,2026-07-12,248,98,False
5778,542,2025-04-20,4739,147,False
5779,196,2025-10-24,5282,58,False
5780,671,2025-10-06,1296,28,False
5781,598,2025-11-08,4562,52,True
5782,169,2025-11-13,5096,29,False
5783,489,2025-01-30,2434,95,False
5784,698,2026-06-14,3897,62,False
5785,616,2025-05-31,2577,53,False
5786,336,2025-06-07,5312,43,False
5787,655,2026-05-08,520,82,False
5788,247,2026-08-12,1101,5,False
5789,780,2026-07-02,1295,76,False
5790,788,2025-06-27,718,45,False
5791,242,2026-03-29,414,107,False
5792,551,2025-04-09,3583,97,False
5793,771,2025-09-03,3230,91,False
5794,233,2025-06-03,2795,121,False
5795,573,2025-05-18,4020,12,False
5796,424,2026-06-19,4405,18,False
5797,355,2026-06-24,1478,96,False
5798,515,2025-04-03,2334,75,False
5799,382,2025-08-13,3527,60,False
5800,570,2025-01-20,40,75,False
5801,768,2026-05-17,2760,49,False
5802,168,2025-06-26,2634,27,False
5803,141,2025-12-30,1499,45,False
5804,494,2025-11-27,3605,189,False
5805,770,2025-05-01,1803,24,False
5806,678,2025-08-05,1706,198,False
5807,324,2025-03-09,3925,135,False
5808,643,2025-04-08,2726,23,False
5809,730,2026-05-30,1098,158,False
5810,236,2025-08-10,3270,55,False
5811,84,2025-10-03,1788,98,False
5812,777,2026-02-25,3886,3,False
5813,128,2026-06-17,2615,4,False
5814,11,2025-09-22,1295,158,False
5815,256,2026-06-13,472,117,False
5816,624,2025-12-14,1473,84,False
5817,598,2025-02-01,3565,187,False
5818,254,2026-07-29,3717,196,False
5819,549,2025-06-08,4473,193,False
5820,753,2026-03-31,1932,99,False
5821,6,2026-06-13,4953,165,False
5822,689,2026-05-03,4059,14,False
5823,481,2026-01-05,1804,146,False
5824,705,2025-06-24,1466,164,False
5825,40,2026-01-28,3100,1,False
5826,202,2025-11-07,4083,156,False
5827,307,2026-02-07,2557,177,False
5828,638,2025-07-29,876,41,False
5829,542,2026-02-22,4151,184,False
5830,267,2025-10-22,2459,37,False
5831,194,2026-08-13,189,189,False
5832,358,2025-03-09,1058,186,False
5833,133,2026-03-16,3130,98,False
5834,724,2025-11-11,2800,199,False
5835,665,2025-12-16,924,106,False
5836,577,2025-11-16,3789,143,False
5837,384,2025-03-24,3444,90,False
5838,513,2025-12-16,2862,35,False
5839,203,2025-09-12,430,63,False
5840,104,2025-05-23,889,40,False
5841,187,2026-07-16,1003,39,False
5842,431,2025-05-15,4977,133,False
5843,768,2025-09-13,1237,14,False
5844,99,2025-08-12,55,18,False
5845,244,2025-10-03,1560,185,False
5846,61,2025-11-23,3953,40,False
5847,353,2026-01-18,1167,118,True
5848,758,2025-07-24,3910,2,False
5849,41,2025-07-30,180,149,False
5850,474,2026-03-05,4841,108,False
5851,124,2026-02-28,2968,5,False
5852,5,2025-12-22,4654,123,False
5853,431,2025-11-12,3894,33,False
5854,376,2025-03-10,836,193,False
5855,721,2025-12-10,3593,101,False
5856,230,2025-05-16,5110,20,False
5857,508,2025-02-14,2591,95,False
5858,124,2026-01-02,840,183,False
5859,463,2025-11-14,2993,160,False
5860,656,2025-11-19,3057,61,False
5861,309,2026-03-21,4227,103,False
5862,123,2025-07-25,870,176,False
5863,405,2025-07-23,3551,79,False
5864,134,2025-04-15,2065,135,False
5865,518,2025-02-16,1324,95,False
5866,187,2026-07-13,4286,66,True
5867,529,2025-06-24,2979,29,False
5868,570,2025-09-30,5056,176,False
5869,800,2026-07-05,1292,109,False
5870,153,2025-05-10,1753,119,True
5871,746,2025-04-17,4951,6,False
5872,258,2026-03-14,2371,131,False
5873,124,2025-08-04,2137,42,False
5874,722,2025-06-05,4338,178,False
5875,457,2026-04-19,610,132,False
5876,453,2025-06-11,3231,91,False
5877,242,2025-01-04,1921,78,False
5878,139,2026-05-18,4849,23,False
5879,50,2026-08-13,720,142,False
5880,688,2026-07-06,1795,17,False
5881,17,2025-03-12,1048,191,False
5882,410,2025-10-12,1037,65,False
5883,214,2026-06-21,1387,182,False
5884,668,2026-01-19,2974,171,False
5885,563,2025-07-01,2683,93,False
5886,63,2025-08-08,2536,190,False
5887,103,2025-07-10,4747,137,False
5888,130,2026-01-20,4760,113,False
5889,571,2026-02-01,1159,50,False
5890,74,2026-03-18,507,114,False
5891,188,2025-06-18,3659,122,False
5892,385,2026-03-14,274,50,False
5893,149,2025-09-24,3278,115,False
5894,310,2025-01-25,964,176,False
5895,244,2026-04-20,948,97,False
5896,333,2025-03-01,3637,78,False
5897,23,2025-01-06,4175,121,False
5898,294,2026-03-06,1777,96,False
5899,430,2025-02-22,1952,132,False
5900,340,2025-11-19,553,192,False
5901,754,2025-07-23,4835,145,False
5902,305,2026-07-27,4790,159,False
5903,244,2025-07-07,878,44,False
5904,128,2025-03-04,4123,153,False
5905,492,2025-03-24,4972,13,False
5906,456,2026-08-24,4779,90,False
5907,42,2026-08-07,2314,40,False
5908,696,2025-03-23,630,29,False
5909,783,2025-07-24,2818,193,False
5910,796,2025-01-20,1722,70,False
5911,623,2026-05-14,1899,108,False
5912,94,2026-06-30,3386,87,False
5913,718,2026-03-05,3110,144,False
5914,329,2025-11-02,453,159,False
5915,692,2025-08-13,3384,10,False
5916,193,2025-06-24,5354,154,False
5917,550,2026-03-09,1077,132,False
5918,454,2025-12-14,5361,184,False
5919,368,2025-10-10,592,16,False
5920,289,2025-08-18,2814,15,False
5921,43,2026-03-20,542,48,False
5922,703,2026-08-24,5366,88,False
5923,579,2025-03-16,4274,135,False
5924,749,2026-04-15,5061,166,False
5925,414,2025-10-03,248,136,True
5926,261,2026-02-03,3300,94,False
5927,493,2026-05-01,4469,27,False
5928,286,2025-07-15,484,47,False
5929,752,2025-05-02,5033,83,False
5930,428,2025-01-16,709,159,False
5931,543,2026-08-10,624,178,False
5932,509,2026-04-30,1627,11,False
5933,311,2026-03-13,4959,183,False
5934,602,2025-01-30,4453,73,False
5935,394,2026-07-15,2350,122,False
5936,81,2025-03-10,2927,137,False
5937,328,2025-06-26,236,79,False
5938,41,2025-12-24,4491,32,False
5939,589,2025-01-08,307,40,False
5940,543,2026-04-05,3853,167,False
5941,717,2026-07-17,2020,132,False
5942,383,2025-09-06,4406,80,False
5943,794,2025-03-15,171,195,False
5944,539,2025-12-24,1456,76,False
5945,309,2026-04-18,3529,149,False
5946,242,2026-08-15,3791,189,False
5947,759,2025-06-15,59,72,False
5948,138,2025-06-20,445,30,False
5949,14,2025-02-20,1986,91,False
5950,90,2025-01-27,3733,87,False
5951,552,2026-03-24,3420,109,False
5952,630,2025-05-15,2646,102,False
5953,408,2025-07-04,3186,125,False
5954,323,2025-09-29,1831,20,False
5955,147,2025-02-17,3097,170,False
5956,67,2026-04-17,3768,63,False
5957,597,2025-12-12,1164,156,False
5958,198,2025-09-12,66,106,False
5959,788,2025-05-22,1572,66,False
5960,690,2025-12-24,4174,184,False
5961,617,2026-03-13,4536,55,True
5962,386,2025-12-10,2907,94,False
5963,287,2026-04-05,4624,60,False
5964,683,2025-10-24,2342,112,False
5965,39,2025-03-16,3921,23,False
5966,757,2025-04-07,2874,135,False
5967,659,2026-04-28,31,6,True
5968,54,2025-02-11,1488,30,False
5969,176,2025-10-04,3634,197,False
5970,755,2025-05-04,3343,30,False
5971,531,2026-04-05,3989,63,False
5972,297,2025-06-14,1257,96,False
5973,667,2026-04-09,1017,99,False
5974,559,2025-04-24,5010,125,False
5975,740,2026-01-05,1999,19,False
5976,323,2025-04-27,4217,64,False
5977,471,2025-10-11,334,88,False
5978,492,2026-01-05,4776,17,False
5979,35,2025-04-04,4669,1,False
5980,536,2025-10-03,3870,151,False
5981,574,2026-03-09,1589,178,False
5982,107,2025-06-01,464,140,False
5983,650,2025-02-02,1153,193,False
5984,345,2025-05-24,2828,181,False
5985,342,2025-08-28,5148,190,False
5986,166,2025-03-28,3809,158,False
5987,682,2026-05-05,2598,39,False
5988,96,2026-02-24,3344,148,False
5989,783,2025-11-04,3994,162,False
5990,474,2025-10-16,3706,105,False
5991,189,2026-04-28,599,69,False
5992,545,2026-02-08,2906,187,True
5993,573,2026-02-23,4859,131,False
5994,207,2025-08-18,3429,137,False
5995,702,2025-01-04,2060,185,False
5996,6,2025-02-21,3041,23,False
5997,102,2026-03-24,3893,110,False
5998,777,2026-05-15,450,155,False
5999,609,2025-02-26,1018,80,False
6000,380,2025-01-26,3172,45,False
6001,253,2025-05-23,524,104,True
6002,522,2025-08-12,2532,161,False
6003,553,2025-04-21,4114,124,False
6004,61,2025-12-22,2740,198,False
6005,347,2026-06-26,4350,110,False
6006,497,2026-02-08,430,26,False
6007,471,2025-07-21,2511,27,False
6008,611,2025-10-20,4884,17,False
6009,730,2026-07-29,3254,145,False
6010,38,2026-04-30,4534,156,False
6011,426,2025-04-04,2188,3,False
6012,419,2025-10-19,298,159,False
6013,167,2025-02-20,1667,134,False
6014,114,2026-05-23,4860,135,False
6015,724,2026-02-26,1214,84,True
6016,118,2025-05-30,4560,93,False
6017,354,2026-03-29,3443,1,False
6018,492,2025-10-14,4201,171,False
6019,382,2026-04-29,5120,142,False
6020,496,2025-01-19,5025,132,False
6021,23,2025-09-18,2751,190,True
6022,444,2025-12-17,3572,172,False
6023,647,2025-03-05,631,41,False
6024,409,2025-09-02,688,67,False
6025,794,2026-03-25,4997,55,False
6026,376,2026-02-18,888,68,False
6027,247,2025-03-06,306,22,False
6028,385,2026-03-27,416,122,False
6029,241,2026-03-17,113,26,False
6030,268,2025-09-20,2281,137,False
6031,363,2026-05-13,482,190,False
6032,206,2026-01-05,909,27,False
6033,28,2026-08-30,4760,57,False
6034,213,2026-03-21,215,32,False
6035,25,2026-08-30,657,158,False
6036,727,2026-05-23,2805,166,True
6037,695,2025-07-23,1141,128,True
6038,214,2025-03-05,1678,115,False
6039,717,2026-01-18,2526,104,False
6040,300,2025-11-29,1096,46,False
6041,299,2026-08-22,3945,122,True
6042,404,2026-07-16,3794,67,False
6043,730,2025-01-03,124,78,False
6044,595,2025-06-22,3108,163,False
6045,509,2025-11-08,1819,177,False
6046,622,2026-01-17,2991,43,False
6047,701,2025-08-30,3549,128,True
6048,578,2025-06-21,1925,121,False
6049,375,2025-10-02,3299,189,False
6050,243,2026-05-03,4087,102,False
6051,373,2026-07-26,4346,81,False
6052,131,2026-03-28,848,191,True
6053,486,2025-04-09,3006,188,False
6054,654,2026-07-31,2416,152,False
6055,23,2025-11-19,4866,187,False
6056,700,2026-03-01,2108,143,False
6057,511,2026-02-16,1296,66,False
6058,731,2025-10-24,4306,150,False
6059,567,2025-11-17,2137,199,False
6060,687,2025-11-25,1030,189,True
6061,602,2025-03-21,2917,153,False
6062,290,2026-04-19,5330,51,False
6063,432,2025-07-09,1630,154,False
6064,123,2026-03-24,883,7,False
6065,671,2025-01-16,2563,125,False
6066,537,2025-03-13,2392,58,False
6067,468,2025-06-11,1635,30,False
6068,520,2025-07-01,3287,182,False
6069,560,2025-03-04,141,148,False
6070,199,2026-02-19,2299,140,False
6071,491,2025-02-10,746,124,False
6072,497,2025-03-03,4733,32,False
6073,552,2026-01-09,2985,106,False
6074,799,2026-02-05,3489,68,False
6075,270,2026-02-02,3256,198,False
6076,135,2026-06-09,3688,120,False
6077,794,2026-04-24,3688,171,False
6078,303,2025-08-12,4763,33,False
6079,228,2026-01-26,3318,59,False
6080,313,2025-05-13,723,120,False
6081,632,2026-05-15,2027,194,False
6082,171,2026-06-03,2430,15,False
6083,17,2025-12-04,4891,24,False
6084,631,2025-10-20,2187,145,False
6085,412,2026-01-13,4687,22,False
6086,566,2026-05-21,4062,60,True
6087,213,2026-07-08,2133,132,False
6088,174,2025-02-17,4553,86,True
6089,370,2026-01-01,2574,152,False
6090,687,2025-05-09,2446,3,False
6091,590,2025-02-07,730,129,False
6092,341,2025-01-01,658,129,False
6093,132,2025-02-27,2990,54,False
6094,441,2025-09-30,4118,137,False
6095,45,2026-06-04,4585,86,False
6096,548,2026-06-20,4235,174,False
6097,347,2026-04-19,2448,153,False
6098,700,2026-01-27,1509,145,False
6099,775,2026-01-06,2218,105,False
6100,182,2025-01-11,950,135,False
6101,94,2026-05-15,2837,28,False
6102,474,2025-01-16,789,84,False
6103,40,2026-04-24,4098,74,False
6104,538,2026-03-14,572,15,False
6105,703,2025-06-10,2222,161,False
6106,710,2025-02-26,1589,129,False
6107,614,2026-06-19,3382,66,False
6108,618,2025-05-14,3875,5,False
6109,201,2025-11-20,2124,193,False
6110,732,2026-02-28,1564,131,False
6111,604,2025-10-08,4966,161,False
6112,61,2025-06-01,4528,15,False
6113,474,2025-10-26,4560,183,False
6114,341,2025-10-25,1824,12,False
6115,125,2025-09-26,260,182,False
6116,246,2025-08-28,3816,113,False
6117,749,2025-02-01,1150,173,False
6118,398,2025-07-28,1166,184,False
6119,124,2025-08-10,4308,175,False
6120,649,2025-06-03,644,144,False
6121,193,2025-03-08,4517,21,False
6122,395,2025-09-05,1326,140,False
6123,104,2026-07-15,1805,105,False
6124,29,2025-04-21,3393,159,False
6125,785,2026-02-26,3739,196,False
6126,537,2026-08-03,3596,92,False
6127,482,2026-08-07,2753,54,False
6128,9,2025-07-12,3360,146,False
6129,488,2025-03-25,2067,48,False
6130,79,2026-03-19,2297,96,True
6131,123,2025-07-04,688,141,False
6132,583,2025-06-27,3034,189,False
6133,411,2026-03-15,1885,147,False
6134,665,2025-06-09,5085,142,False
6135,286,2025-11-11,5201,104,False
6136,255,2025-10-21,431,61,False
6137,661,2026-05-28,3463,170,False
6138,456,2026-03-21,473,73,False
6139,732,2025-08-12,1951,43,False
6140,438,2025-01-03,2679,128,False
6141,149,2025-06-01,1578,183,False
6142,45,2025-04-14,4336,95,False
6143,175,2026-04-22,74,74,False
6144,436,2026-04-16,4747,31,False
6145,525,2025-01-26,5297,163,False
6146,9,2025-08-03,3952,127,False
6147,215,2025-04-01,5350,36,False
6148,656,2026-06-04,1216,124,False
6149,317,2026-03-15,3351,75,False
6150,599,2025-03-22,4105,4,False
6151,299,2026-02-26,1889,128,False
6152,227,2026-05-09,1198,76,False
6153,554,2025-02-09,2098,42,False
6154,210,2026-01-13,110,146,False
6155,529,2025-11-16,2853,42,True
6156,153,2025-04-13,848,36,False
6157,602,2026-07-13,1720,36,False
6158,763,2025-01-08,5229,170,False
6159,726,2025-10-26,401,86,False
6160,677,2026-06-20,3866,113,False
6161,8,2025-07-09,1343,165,False
6162,671,2025-06-25,818,81,False
6163,499,2026-03-18,2983,54,False
6164,373,2025-05-27,1697,197,False
6165,645,2025-11-02,3697,122,False
6166,650,2025-04-22,4771,127,False
6167,748,2025-02-11,3887,59,False
6168,474,2025-08-04,3862,185,False
6169,562,2025-03-28,3427,67,False
6170,240,2025-11-14,1338,199,False
6171,539,2025-10-26,2449,124,False
6172,345,2025-10-17,5276,92,False
6173,516,2026-08-11,2870,143,False
6174,328,2026-06-01,3155,72,False
6175,142,2025-09-21,3394,165,False
6176,282,2025-04-30,2980,173,False
6177,269,2025-05-06,643,20,False
6178,194,2026-03-30,3179,3,False
6179,84,2026-05-28,888,14,False
6180,319,2026-07-06,3965,93,False
6181,404,2026-07-17,4849,133,False
6182,480,2025-01-23,1444,129,False
6183,493,2026-05-19,1606,52,False
6184,157,2026-04-01,158,162,False
6185,117,2025-04-11,1754,19,False
6186,114,2025-06-16,3523,137,False
6187,546,2026-08-12,972,93,False
6188,553,2025-09-29,2574,5,False
6189,412,2026-02-27,4360,172,False
6190,422,2025-02-07,4387,135,True
6191,511,2026-01-24,213,111,False
6192,282,2025-06-28,5009,130,False
6193,597,2026-04-16,4569,63,False
6194,727,2025-03-10,3309,2,False
6195,191,2026-08-27,4345,76,False
6196,370,2025-05-22,3225,60,False
6197,254,2025-09-05,2252,139,False
6198,266,2025-01-20,3445,94,False
6199,312,2025-02-28,4800,192,False
6200,174,2026-07-24,450,126,False
6201,280,2026-03-02,3963,136,False
6202,259,2026-06-28,1979,136,False
6203,651,2026-05-29,4598,59,False
6204,219,2026-01-31,3560,109,False
6205,78,2026-01-28,558,182,False
6206,694,2025-07-17,2859,198,False
6207,723,2026-03-02,4520,64,False
6208,714,2026-07-27,4243,137,False
6209,147,2025-05-22,3716,17,False
6210,331,2026-08-13,665,33,False
6211,233,2025-11-14,5376,82,False
6212,209,2026-04-28,3449,145,False
6213,734,2025-08-04,4400,36,False
6214,105,2026-02-18,4536,43,False
6215,484,2025-12-04,5347,143,False
6216,573,2025-07-19,3592,34,False
6217,55,2025-01-17,2979,15,True
6218,704,2026-06-21,444,126,False
6219,181,2026-02-26,756,101,False
6220,329,2025-10-31,3590,103,False
6221,434,2025-11-29,5004,110,False
6222,700,2026-01-19,4597,189,False
6223,791,2025-01-16,4601,189,False
6224,199,2025-04-16,827,117,False
6225,327,2026-08-24,2438,131,False
6226,487,2025-01-14,3352,104,False
6227,330,2025-03-08,3352,73,False
6228,65,2026-08-23,2641,28,False
6229,625,2026-04-22,5076,130,False
6230,451,2026-01-13,1235,172,True
6231,104,2026-07-12,4520,140,False
6232,511,2026-02-20,2402,64,False
6233,725,2025-02-23,3482,122,False
6234,516,2025-01-31,2300,83,True
6235,382,2026-06-17,1962,194,False
6236,624,2025-09-13,3098,101,False
6237,218,2025-08-03,2907,94,False
6238,76,2025-06-22,4048,191,True
6239,393,2026-05-01,420,38,False
6240,223,2026-05-23,550,52,False
6241,393,2026-01-13,2073,41,False
6242,555,2025-10-22,1110,137,False
6243,678,2025-12-26,3879,137,False
6244,474,2025-08-22,3477,141,False
6245,488,2025-08-10,791,185,False
6246,760,2025-03-31,690,5,False
6247,727,2025-10-11,4556,49,False
6248,628,2025-08-21,3559,79,False
6249,728,2025-06-21,4832,43,False
6250,377,2025-08-08,3558,9,False
6251,614,2026-03-02,2198,48,False
6252,427,2026-04-23,1837,29,False
6253,493,2026-05-04,4497,188,True
6254,528,2026-05-30,5339,16,False
6255,63,2026-08-21,2364,43,True
6256,9,2025-08-19,2574,51,True
6257,763,2026-06-27,2165,142,False
6258,292,2025-09-07,5195,139,False
6259,41,2026-05-18,677,173,False
6260,98,2026-08-15,989,30,False
6261,32,2026-04-21,4443,170,False
6262,192,2025-08-18,5052,79,False
6263,584,2025-08-17,1508,164,False
6264,664,2026-01-17,3125,115,False
6265,51,2026-08-30,1560,97,False
6266,439,2025-03-23,5345,41,False
6267,529,2025-06-06,399,7,True
6268,689,2025-09-18,3240,52,False
6269,725,2026-05-06,3205,45,False
6270,712,2025-05-27,5031,111,True
6271,574,2025-10-03,3066,143,False
6272,645,2025-05-28,1906,140,False
6273,596,2026-03-06,2674,166,False
6274,610,2025-05-23,3428,95,False
6275,722,2025-02-28,4592,48,False
6276,133,2025-10-16,202,73,False
6277,69,2025-01-01,3880,68,False
6278,216,2025-06-28,3161,170,False
6279,762,2026-08-10,1092,130,False
6280,564,2026-05-11,2043,166,False
6281,377,2026-01-17,3007,58,False
6282,241,2025-09-30,4454,55,False
6283,160,2026-05-07,4547,168,False
6284,301,2025-02-03,2697,143,False
6285,762,2025-09-21,3779,9,False
6286,750,2025-09-24,2839,125,False
6287,779,2025-01-11,3693,5,False
6288,565,2025-03-02,5309,15,False
6289,469,2025-09-19,497,18,False
6290,86,2025-03-31,4812,13,False
6291,475,2026-08-24,997,93,False
6292,577,2025-03-24,5032,1,False
6293,337,2025-01-18,2249,110,False
6294,636,2026-04-27,941,30,False
6295,472,2025-09-04,278,50,False
6296,731,2025-09-18,4756,24,False
6297,86,2025-06-11,3927,50,False
6298,549,2025-01-01,2327,21,False
6299,276,2026-03-12,5035,107,False
6300,77,2025-11-07,4606,81,False
6301,244,2025-08-29,977,181,False
6302,613,2025-05-03,2761,144,False
6303,149,2025-03-24,3484,81,False
6304,526,2026-03-12,3610,92,False
6305,162,2025-02-10,2737,4,True
6306,365,2026-07-26,1376,110,False
6307,117,2025-11-22,1295,111,False
6308,609,2025-04-14,1075,67,True
6309,698,2026-06-22,2610,61,False
6310,421,2025-06-17,3023,131,False
6311,314,2025-07-01,5105,127,False
6312,746,2026-03-09,799,66,True
6313,757,2025-03-15,2580,153,False
6314,746,2026-01-19,3384,62,False
6315,627,2025-06-16,2341,86,False
6316,181,2026-05-18,205,189,False
6317,129,2025-10-10,3653,138,False
6318,353,2026-01-30,1103,88,False
6319,455,2025-10-08,3998,116,False
6320,159,2025-04-26,1507,89,False
6321,117,2025-07-15,3661,35,False
6322,265,2026-05-23,936,15,False
6323,281,2025-11-06,3350,165,False
6324,179,2025-04-08,665,184,False
6325,370,2025-02-10,1629,178,False
6326,410,2025-02-20,4131,74,False
6327,78,2026-05-10,1479,83,False
6328,1,2026-07-25,2278,136,False
6329,29,2025-11-02,2357,72,False
6330,634,2025-12-21,1398,134,False
6331,646,2025-11-11,3136,98,False
6332,128,2025-07-21,1666,177,False
6333,754,2026-04-12,2863,172,False
6334,220,2025-06-05,4292,175,False
6335,717,2026-03-22,4068,160,False
6336,140,2025-02-21,1243,31,False
6337,654,2025-12-18,3719,156,False
6338,284,2025-12-06,4120,22,False
6339,626,2025-03-22,3039,144,False
6340,62,2026-06-13,3949,177,False
6341,459,2025-04-25,2280,170,False
6342,688,2026-02-17,392,55,True
6343,102,2025-10-17,3124,143,True
6344,332,2026-04-08,4895,167,False
6345,714,2025-09-21,2617,9,False
6346,740,2025-12-30,3059,82,False
6347,401,2026-03-25,3646,34,False
6348,38,2025-01-06,4533,70,False
6349,755,2025-05-09,2668,179,False
6350,139,2025-09-28,1738,36,True
6351,329,2025-08-06,3413,135,False
6352,669,2025-01-22,3734,194,False
6353,89,2026-01-22,3628,167,False
6354,372,2025-02-19,3265,13,False
6355,499,2026-04-07,5399,188,False
6356,48,2025-04-17,1480,105,False
6357,388,2025-12-31,1727,199,False
6358,38,2026-06-24,4603,144,False
6359,518,2025-08-09,1004,150,False
6360,716,2025-05-11,4400,84,False
6361,163,2025-05-20,1360,32,False
6362,210,2025-10-02,3628,59,False
6363,104,2025-06-28,4615,100,False
6364,329,2026-06-17,4692,32,False
6365,4,2026-05-26,3273,4,False
6366,718,2026-02-16,1206,39,False
6367,77,2025-07-29,1845,155,False
6368,535,2025-03-22,3843,189,False
6369,257,2025-05-21,3456,164,False
6370,617,2025-10-08,1577,83,False
6371,41,2026-05-11,3101,102,False
6372,378,2026-04-13,5074,7,False
6373,75,2026-08-17,340,104,False
6374,557,2025-09-27,3062,78,False
6375,154,2025-12-02,2997,76,False
6376,468,2025-05-12,4589,122,False
6377,326,2026-02-23,1413,84,False
6378,137,2026-01-26,994,124,False
6379,155,2025-02-12,2406,168,False
6380,459,2025-09-05,1738,19,False
6381,173,2026-07-21,4801,180,False
6382,741,2025-11-08,4127,52,False
6383,611,2025-09-22,2139,144,False
6384,277,2025-03-17,1956,147,True
6385,314,2026-04-27,99,197,True
6386,396,2026-07-04,512,197,True
6387,642,2026-07-04,3018,42,False
6388,333,2026-07-14,3558,102,False
6389,329,2026-07-29,4299,181,False
6390,551,2025-07-04,620,18,False
6391,206,2026-04-05,890,130,False
6392,502,2025-06-27,3013,175,False
6393,308,2025-08-08,503,92,False
6394,382,2025-04-14,4522,88,False
6395,620,2025-01-26,2407,80,False
6396,38,2025-12-22,3164,147,False
6397,522,2025-02-18,4220,33,False
6398,212,2025-05-01,2718,49,False
6399,8,2025-04-27,425,18,False
6400,252,2026-01-08,1256,174,False
6401,624,2025-10-29,1895,156,False
6402,586,2026-07-29,904,54,False
6403,206,2026-02-04,2799,121,True
6404,318,2025-04-20,130,139,False
6405,696,2025-06-03,808,42,False
6406,303,2025-05-18,4329,80,False
6407,204,2025-10-04,707,71,False
6408,357,2025-02-25,193,73,False
6409,627,2025-09-16,2429,132,False
6410,346,2025-07-11,4641,38,True
6411,412,2025-03-05,1339,49,False
6412,575,2026-06-20,2161,168,False
6413,689,2025-07-29,4120,38,False
6414,537,2025-01-10,4917,88,False
6415,325,2026-03-24,1636,149,False
6416,611,2026-01-22,868,83,False
6417,624,2025-08-01,1351,92,False
6418,166,2025-08-22,4379,23,True
6419,557,2025-05-01,1834,87,False
6420,594,2025-07-12,4678,29,False
6421,242,2025-04-11,2682,32,False
6422,237,2025-04-15,2273,74,False
6423,540,2025-08-25,3924,127,False
6424,1,2026-05-21,5306,9,True
6425,233,2025-04-15,4053,23,False
6426,512,2026-05-15,1165,120,False
6427,364,2026-05-18,1772,123,False
6428,10,2025-01-25,628,38,False
6429,102,2025-06-17,3201,12,False
6430,79,2025-12-16,5246,145,True
6431,425,2025-04-09,1720,192,False
6432,33,2025-09-09,1406,129,False
6433,611,2026-03-02,5015,48,False
6434,486,2025-01-04,182,94,False
6435,404,2026-01-23,1165,174,False
6436,167,2025-07-05,2141,41,False
6437,149,2026-04-23,5068,15,False
6438,648,2025-04-25,5353,155,False
6439,493,2026-03-02,4829,131,False
6440,286,2026-04-09,4544,198,False
6441,168,2025-09-23,186,99,False
6442,269,2025-09-29,547,142,False
6443,242,2025-09-02,4826,91,False
6444,412,2026-04-30,1962,145,False
6445,212,2025-09-06,899,135,False
6446,621,2026-08-12,2910,40,False
6447,47,2025-04-04,4972,167,False
6448,558,2025-09-01,4306,81,False
6449,6,2025-11-28,2276,95,False
6450,166,2025-12-04,1062,17,False
6451,751,2025-10-05,4144,55,False
6452,611,2026-08-14,518,17,False
6453,787,2025-10-23,644,187,False
6454,406,2025-04-11,3969,89,False
6455,111,2025-08-20,1023,28,False
6456,790,2025-02-02,144,50,False
6457,609,2025-06-26,5352,132,False
6458,414,2025-10-13,2798,129,False
6459,615,2025-02-17,4238,122,False
6460,229,2025-10-24,3822,186,False
6461,632,2025-05-14,4454,193,False
6462,609,2026-07-18,3611,86,False
6463,112,2025-03-26,3843,140,False
6464,24,2025-10-04,2769,26,False
6465,678,2025-04-21,894,17,False
6466,580,2025-09-27,4225,42,False
6467,235,2025-10-19,2628,78,False
6468,435,2025-10-30,3198,92,False
6469,24,2025-10-15,1660,194,False
6470,141,2025-09-28,4451,93,False
6471,71,2025-06-24,4085,94,False
6472,20,2026-06-30,3148,109,False
6473,111,2026-01-30,1005,20,True
6474,38,2026-01-11,2352,180,False
6475,755,2025-09-05,1416,50,False
6476,66,2026-04-29,3239,182,False
6477,106,2026-02-18,396,149,False
6478,391,2025-04-04,2312,128,False
6479,482,2025-09-21,5295,177,False
6480,567,2026-06-16,1155,31,True
6481,78,2026-06-18,2681,144,False
6482,108,2026-08-12,2561,34,False
6483,14,2026-04-01,4683,199,False
6484,128,2026-08-04,5121,60,False
6485,153,2025-06-03,4512,70,False
6486,652,2026-08-20,3187,145,False
6487,473,2026-07-30,2285,82,False
6488,183,2026-02-28,3941,168,False
6489,95,2026-02-17,302,80,False
6490,663,2026-02-12,3559,131,True
6491,571,2025-03-08,1710,39,False
6492,77,2025-02-10,2507,169,False
6493,448,2025-05-25,3516,6,False
6494,670,2025-06-21,2216,48,False
6495,217,2025-02-06,1619,157,False
6496,587,2026-04-23,1095,136,False
6497,310,2025-01-21,2192,36,False
6498,119,2025-08-08,113,55,True
6499,227,2025-03-06,4655,58,False
6500,271,2026-01-12,4665,131,True
6501,32,2026-08-01,3676,68,False
6502,267,2025-12-22,1520,6,False
6503,773,2025-12-06,4142,78,False
6504,108,2025-12-19,3208,122,False
6505,10,2025-06-14,1451,79,False
6506,302,2025-08-13,2512,178,False
6507,770,2025-07-11,460,131,False
6508,543,2026-06-22,616,53,False
6509,411,2025-08-09,2054,130,False
6510,585,2025-06-01,220,173,False
6511,8,2025-11-04,4699,193,False
6512,163,2026-04-13,5086,11,False
6513,674,2025-08-17,1796,55,False
6514,578,2025-01-16,1973,131,False
6515,369,2025-09-05,4163,4,False
6516,214,2026-05-24,1716,84,False
6517,183,2026-06-07,4249,119,False
6518,35,2026-04-06,486,6,False
6519,706,2025-11-17,2893,24,False
6520,156,2026-08-18,45,128,False
6521,652,2025-03-06,3930,94,False
6522,274,2025-03-15,3917,32,False
6523,728,2026-03-09,2500,5,False
6524,29,2026-05-03,4791,99,False
6525,414,2025-05-08,3599,184,False
6526,77,2025-07-07,1397,50,False
6527,2,2025-05-20,3200,84,False
6528,285,2025-05-31,2431,25,True
6529,510,2025-01-12,3782,76,True
6530,740,2025-05-05,3363,23,False
6531,122,2026-02-23,4213,46,False
6532,509,2026-03-13,926,126,False
6533,642,2026-06-17,149,95,False
6534,748,2026-07-27,2018,40,False
6535,223,2025-05-09,419,28,False
6536,30,2026-01-31,2658,62,False
6537,766,2025-08-30,1954,165,False
6538,695,2025-06-11,3491,41,False
6539,203,2026-02-20,3664,65,False
6540,109,2025-08-31,5303,26,True
6541,428,2026-01-02,91,123,False
6542,190,2025-05-27,2698,1,False
6543,452,2025-09-16,4317,40,False
6544,81,2025-02-12,1411,96,False
6545,742,2025-01-22,4666,133,False
6546,329,2026-04-11,3538,154,False
6547,113,2026-06-25,2683,148,True
6548,162,2025-03-05,646,14,False
6549,532,2026-02-13,3084,117,False
6550,592,2026-01-30,60,35,False
6551,86,2025-06-17,1705,119,False
6552,604,2025-09-17,2049,177,False
6553,749,2025-06-28,487,6,False
6554,233,2025-02-14,403,182,False
6555,494,2026-05-14,4803,185,False
6556,640,2025-07-03,2593,192,False
6557,754,2025-11-18,525,7,False
6558,131,2025-02-15,1785,125,False
6559,711,2025-01-26,3226,53,False
6560,33,2026-01-17,4831,4,False
6561,444,2025-09-09,2425,13,False
6562,133,2026-02-09,987,26,False
6563,91,2026-06-20,2620,83,False
6564,197,2026-06-28,3755,44,False
6565,126,2025-02-15,720,16,False
6566,41,2025-06-23,3421,71,False
6567,241,2025-05-05,1880,96,False
6568,88,2025-04-17,5373,70,True
6569,307,2025-10-05,2383,125,False
6570,243,2025-10-16,3085,36,False
6571,417,2026-08-11,3825,65,True
6572,682,2026-05-10,4365,36,False
6573,113,2025-02-05,326,45,False
6574,685,2025-12-10,1916,190,False
6575,432,2025-05-14,91,129,False
6576,795,2026-07-27,417,19,False
6577,327,2025-06-04,2588,34,False
6578,79,2025-02-23,2202,4,False
6579,169,2026-07-25,3907,170,False
6580,2,2026-03-13,3641,5,False
6581,693,2026-03-01,4986,16,False
6582,453,2026-02-07,1395,112,False
6583,706,2026-03-17,2971,93,False
6584,483,2025-05-28,775,45,False
6585,748,2026-02-11,2316,93,False
6586,189,2025-05-07,593,96,False
6587,266,2026-07-05,4942,28,False
6588,638,2025-08-20,2870,93,False
6589,658,2026-07-20,419,161,False
6590,765,2025-07-15,1828,180,False
6591,710,2025-04-24,4167,123,False
6592,266,2025-07-23,4132,33,False
6593,541,2025-12-03,4040,158,False
6594,757,2026-03-15,3460,63,False
6595,213,2025-01-15,5317,32,False
6596,84,2025-02-24,5065,136,False
6597,403,2025-06-19,2186,37,False
6598,381,2026-03-31,5293,106,False
6599,556,2025-06-25,3707,101,True
6600,158,2025-10-31,33,117,False
6601,359,2026-08-25,4034,71,False
6602,468,2025-04-16,1292,93,False
6603,467,2025-04-29,4646,25,False
6604,57,2026-02-11,1327,164,False
6605,82,2026-04-18,2607,134,False
6606,404,2025-08-15,4750,25,False
6607,297,2025-04-29,4243,164,False
6608,139,2025-03-22,742,190,False
6609,645,2026-08-13,5269,154,False
6610,334,2025-12-23,2272,37,False
6611,464,2025-08-18,2879,135,False
6612,551,2025-07-14,315,38,False
6613,580,2025-04-06,182,158,False
6614,268,2025-06-22,2597,47,False
6615,20,2026-04-19,1943,183,False
6616,433,2025-10-18,236,148,False
6617,192,2026-07-05,499,164,False
6618,778,2025-11-12,3921,120,False
6619,716,2026-01-03,3188,22,False
6620,701,2026-03-03,2812,21,False
6621,627,2025-04-19,3078,162,True
6622,798,2025-10-26,5389,174,True
6623,765,2026-06-12,2509,76,False
6624,142,2025-11-20,5326,197,False
6625,492,2025-06-01,1637,58,False
6626,396,2025-12-13,4242,100,False
6627,26,2026-02-07,3407,87,False
6628,628,2026-07-17,1601,5,False
6629,88,2026-04-09,659,55,False
6630,744,2025-03-03,632,102,False
6631,557,2025-12-21,3545,5,False
6632,193,2026-02-07,871,116,False
6633,30,2026-03-28,3363,102,False
6634,791,2025-01-23,3735,40,False
6635,647,2025-06-21,3995,106,False
6636,354,2025-06-07,751,7,False
6637,644,2025-05-02,689,130,False
6638,618,2026-04-26,1553,97,False
6639,490,2025-10-06,2644,74,False
6640,415,2025-08-08,526,174,False
6641,35,2025-11-29,2664,166,False
6642,239,2025-01-17,307,50,False
6643,249,2025-05-22,782,108,False
6644,88,2025-11-08,2119,74,False
6645,568,2025-05-03,3110,173,False
6646,130,2025-09-23,2258,180,False
6647,208,2025-07-15,3829,166,True
6648,518,2026-07-17,1061,122,True
6649,416,2026-06-18,545,196,False
6650,444,2026-07-26,4971,114,False
6651,684,2025-08-18,2370,127,False
6652,347,2025-06-19,3292,66,False
6653,495,2025-11-09,3885,143,False
6654,501,2026-05-13,1597,192,False
6655,101,2026-05-04,378,111,False
6656,406,2025-11-09,4512,139,False
6657,439,2025-12-09,3700,56,False
6658,114,2025-11-24,2998,21,False
6659,103,2025-10-10,4684,75,False
6660,210,2025-03-11,2421,10,False
6661,341,2025-07-22,293,199,False
6662,346,2026-05-23,4065,123,False
6663,183,2026-06-09,4347,148,False
6664,319,2026-01-03,2000,54,False
6665,234,2026-08-18,1098,120,False
6666,723,2026-08-03,4341,22,False
6667,525,2025-11-01,332,184,False
6668,754,2026-04-21,53,146,True
6669,520,2025-05-08,4510,59,False
6670,428,2025-10-11,1351,173,False
6671,393,2025-09-09,4258,109,False
6672,213,2026-06-05,2878,90,False
6673,143,2025-09-10,5035,104,False
6674,640,2025-07-13,4520,61,False
6675,312,2025-08-22,2624,81,False
6676,146,2026-06-08,4024,28,False
6677,334,2026-01-12,905,18,False
6678,394,2025-03-12,5046,135,False
6679,537,2025-01-16,4955,126,False
6680,796,2025-07-24,1430,3,False
6681,780,2026-05-14,2830,75,False
6682,700,2026-06-12,4984,136,False
6683,662,2025-04-05,1784,29,True
6684,744,2025-01-15,646,191,False
6685,573,2025-06-08,5295,65,False
6686,79,2026-06-12,1098,78,False
6687,192,2025-09-17,876,121,False
6688,370,2025-01-25,2537,145,False
6689,628,2025-11-01,2512,69,False
6690,616,2026-02-04,1162,12,False
6691,703,2025-03-01,4765,104,True
6692,125,2026-01-23,199,68,False
6693,478,2026-05-01,4975,48,False
6694,616,2025-02-04,3463,91,False
6695,316,2025-02-02,1442,32,False
6696,274,2026-05-24,2219,129,False
6697,529,2025-10-10,463,134,False
6698,710,2025-02-22,4985,60,False
6699,364,2025-03-23,3817,83,False
6700,335,2026-06-01,5312,129,False
6701,62,2026-06-04,263,171,False
6702,201,2026-08-20,5000,144,False
6703,64,2026-02-24,4504,178,False
6704,734,2026-02-12,2802,31,False
6705,675,2026-06-30,3345,61,False
6706,571,2026-07-19,1684,168,False
6707,172,2025-01-16,2763,41,False
6708,371,2026-01-15,5159,137,False
6709,10,2026-04-05,4398,15,False
6710,769,2026-08-19,2035,198,False
6711,43,2025-02-02,2984,61,False
6712,482,2026-04-29,2064,155,True
6713,397,2025-12-03,1898,159,False
6714,470,2026-02-17,3440,152,False
6715,67,2026-08-30,2273,54,False
6716,289,2026-08-24,3435,4,False
6717,663,2025-04-22,5241,198,False
6718,668,2025-10-21,591,85,False
6719,323,2025-09-08,2198,138,False
6720,469,2025-10-21,1058,62,False
6721,641,2025-09-12,386,197,False
6722,498,2026-06-01,30,154,False
6723,335,2026-06-25,2031,131,False
6724,749,2026-02-14,561,131,False
6725,796,2026-01-28,3894,14,False
6726,216,2025-03-29,1870,102,False
6727,39,2025-07-29,1205,55,False
6728,633,2025-07-06,5124,73,False
6729,86,2025-03-11,3394,109,False
6730,649,2025-12-21,4322,20,False
6731,624,2026-01-25,4162,155,False
6732,51,2025-01-10,1253,63,True
6733,439,2025-10-07,3403,92,False
6734,578,2025-11-06,654,121,True
6735,65,2025-10-05,2887,20,False
6736,665,2025-05-23,5393,59,False
6737,88,2025-01-15,1160,45,False
6738,430,2025-05-24,3897,24,False
6739,17,2026-08-23,312,140,False
6740,89,2026-06-28,2840,4,False
6741,588,2026-02-27,705,30,False
6742,64,2025-06-21,5284,181,True
6743,719,2025-01-12,2425,128,False
6744,19,2026-06-30,5153,45,False
6745,502,2025-09-17,4875,151,False
6746,293,2025-11-20,652,186,False
6747,485,2026-08-11,2746,77,False
6748,497,2026-07-18,3445,5,True
6749,516,2025-12-01,2341,100,False
6750,457,2026-03-19,3734,85,False
6751,765,2025-12-06,2423,47,False
6752,408,2025-09-09,4667,99,False
6753,682,2025-05-26,3413,72,False
6754,334,2025-01-22,2707,79,False
6755,489,2026-07-26,4624,57,False
6756,545,2026-06-26,3680,20,False
6757,310,2025-08-27,1482,70,False
6758,707,2026-03-06,1934,175,False
6759,217,2025-03-03,528,180,False
6760,662,2025-03-23,2184,183,False
6761,152,2026-06-07,3071,50,False
6762,573,2026-07-22,3054,151,False
6763,666,2026-01-06,4282,4,False
6764,234,2025-10-24,1179,22,False
6765,205,2026-01-29,2154,160,False
6766,753,2025-01-18,4284,51,False
6767,508,2025-07-15,3952,171,True
6768,689,2025-06-29,2701,59,False
6769,759,2025-11-15,4266,127,False
6770,759,2026-06-06,4601,188,False
6771,656,2025-02-21,2322,109,False
6772,496,2025-09-12,4255,160,False
6773,759,2026-04-10,1235,192,False
6774,267,2026-05-06,3048,87,False
6775,437,2026-06-05,1367,97,False
6776,362,2025-09-02,3722,101,False
6777,273,2026-07-29,1996,137,False
6778,262,2025-03-23,4584,159,False
6779,778,2026-05-11,4932,44,True
6780,281,2025-04-29,1848,13,False
6781,85,2026-02-15,214,85,False
6782,341,2026-06-19,3944,79,False
6783,300,2026-02-23,4938,110,False
6784,749,2025-04-21,4991,11,False
6785,624,2026-06-17,1275,33,False
6786,398,2026-07-22,197,182,False
6787,663,2025-10-23,441,115,False
6788,324,2025-06-25,2711,88,False
6789,179,2026-01-26,1486,122,False
6790,512,2026-08-13,807,36,True
6791,498,2026-08-11,1100,63,False
6792,230,2025-02-28,2099,195,False
6793,137,2025-03-25,318,43,False
6794,8,2025-11-29,4480,175,False
6795,308,2026-06-08,5160,32,False
6796,584,2025-01-22,1098,102,False
6797,644,2026-02-21,3121,162,False
6798,266,2025-06-05,222,184,False
6799,531,2025-06-29,486,39,False
6800,190,2026-06-04,1558,37,False
6801,151,2025-06-25,4578,79,False
6802,429,2025-04-24,4215,153,False
6803,250,2026-08-09,3847,23,False
6804,129,2026-06-26,607,154,True
6805,193,2026-07-16,1193,102,False
6806,223,2025-12-25,3177,118,True
6807,252,2025-06-08,2012,137,False
6808,410,2026-03-18,4017,79,False
6809,698,2026-04-08,2997,78,False
6810,780,2025-08-07,3093,56,False
6811,460,2025-12-19,3121,12,False
6812,196,2026-08-21,5050,129,False
6813,156,2025-12-15,3014,138,False
6814,374,2026-05-17,4096,65,False
6815,540,2025-01-18,2635,198,False
6816,423,2026-07-08,502,26,False
6817,106,2026-08-09,2938,171,False
6818,571,2025-03-30,4625,170,False
6819,249,2025-09-21,4111,11,False
6820,418,2025-06-11,2972,160,False
6821,688,2025-12-02,5165,33,False
6822,587,2026-05-26,5226,60,False
6823,422,2025-04-24,5090,135,False
6824,692,2026-02-11,5320,2,False
6825,161,2025-03-20,1815,48,False
6826,227,2025-08-22,909,48,False
6827,215,2025-11-29,2405,10,False
6828,669,2025-10-09,1364,113,False
6829,671,2025-03-15,889,133,False
6830,211,2025-09-24,3539,137,False
6831,154,2025-07-22,621,148,False
6832,648,2025-12-05,329,81,False
6833,361,2025-07-21,1020,76,False
6834,510,2025-10-24,2183,171,False
6835,159,2026-08-02,3572,8,False
6836,455,2025-10-04,5337,53,False
6837,548,2026-03-21,3385,64,False
6838,372,2025-07-18,2854,188,False
6839,657,2026-02-14,1615,38,False
6840,437,2025-09-30,1809,129,False
6841,431,2026-01-13,3350,68,False
6842,188,2025-04-18,1027,150,False
6843,535,2026-05-22,450,77,False
6844,399,2025-04-26,4058,108,False
6845,520,2025-04-14,5309,28,False
6846,487,2026-02-22,5025,199,False
6847,295,2025-06-29,3644,19,False
6848,306,2026-08-09,4994,33,False
6849,250,2026-02-18,4098,86,False
6850,306,2025-05-09,379,91,False
6851,677,2026-08-14,2124,93,False
6852,278,2026-07-09,436,53,False
6853,98,2025-06-29,1425,45,False
6854,655,2026-01-15,5349,54,False
6855,175,2025-09-25,4463,97,False
6856,308,2026-08-02,5149,162,False
6857,162,2026-08-07,2612,26,False
6858,465,2025-08-28,1208,115,False
6859,214,2026-07-05,2065,82,False
6860,778,2026-02-24,1091,21,False
6861,342,2025-02-25,5214,81,False
6862,25,2025-11-27,3196,185,False
6863,443,2025-08-25,291,33,False
6864,176,2026-08-17,1733,29,False
6865,281,2025-04-29,2703,192,False
6866,741,2025-02-06,3886,142,False
6867,144,2025-03-27,4844,82,False
6868,574,2025-02-05,1134,135,False
6869,552,2025-10-31,3819,122,False
6870,302,2026-06-09,4359,165,False
6871,355,2025-10-27,4222,76,False
6872,72,2025-02-02,1546,127,False
6873,383,2026-06-08,1849,34,False
6874,412,2026-07-05,777,76,False
6875,479,2026-04-07,3153,30,False
6876,628,2025-02-27,1867,41,False
6877,744,2025-05-18,2250,153,False
6878,339,2025-03-10,136,108,False
6879,707,2026-02-07,5101,20,False
6880,676,2025-07-20,3493,7,False
6881,246,2025-01-31,1309,193,False
6882,233,2026-03-18,394,105,False
6883,430,2026-03-27,2124,73,False
6884,397,2025-12-17,822,35,False
6885,298,2025-04-15,1041,46,False
6886,73,2026-07-06,4290,129,False
6887,636,2025-08-30,314,16,False
6888,421,2026-01-18,2745,82,False
6889,141,2025-01-08,4178,159,False
6890,689,2025-12-28,3214,152,True
6891,741,2026-06-26,737,83,True
6892,122,2025-12-13,1540,118,False
6893,421,2025-06-20,956,136,False
6894,488,2025-09-04,5250,100,False
6895,190,2025-06-10,3669,141,False
6896,252,2026-01-23,5330,131,False
6897,309,2025-11-20,761,65,False
6898,283,2026-08-14,1993,45,False
6899,541,2025-01-15,1931,52,False
6900,7,2026-08-14,4261,184,False
6901,521,2025-06-19,420,23,False
6902,427,2025-03-09,4337,15,False
6903,607,2025-06-07,2542,146,False
6904,789,2025-10-04,4936,69,False
6905,346,2026-03-31,1800,159,False
6906,118,2025-12-26,4657,12,False
6907,350,2025-05-20,4833,163,False
6908,188,2026-03-11,2389,117,False
6909,408,2025-01-24,4852,1,False
6910,182,2025-07-02,1968,76,False
6911,9,2026-08-07,3578,6,False
6912,450,2026-08-20,5051,12,False
6913,258,2025-07-11,983,14,False
6914,152,2025-09-10,2221,133,True
6915,2,2025-08-03,315,98,False
6916,762,2025-06-23,2823,191,False
6917,671,2025-04-25,1509,137,False
6918,558,2026-04-19,546,22,False
6919,297,2026-01-31,4883,179,False
6920,501,2025-12-23,1609,44,False
6921,430,2026-04-16,3951,67,False
6922,4,2026-07-04,904,55,False
6923,731,2026-06-03,1458,79,False
6924,377,2025-03-06,472,136,False
6925,372,2026-04-11,3832,38,False
6926,648,2025-02-03,2021,77,False
6927,570,2026-03-09,4870,171,False
6928,406,2026-07-27,2797,151,False
6929,681,2026-07-20,1052,59,False
6930,591,2025-09-28,4214,93,True
6931,461,2026-08-13,4687,135,False
6932,546,2025-05-12,3293,5,False
6933,132,2026-07-13,3761,154,False
6934,744,2026-03-28,4457,35,False
6935,706,2026-04-27,618,80,False
6936,294,2026-08-29,1280,64,False
6937,32,2026-04-11,4218,23,False
6938,661,2026-08-30,4299,127,False
6939,404,2025-09-22,1039,64,False
6940,209,2026-08-08,307,136,False
6941,798,2026-05-10,2937,64,True
6942,447,2025-04-06,1518,128,False
6943,164,2025-08-15,915,192,False
6944,495,2026-06-01,2412,13,False
6945,609,2026-01-10,1458,11,False
6946,355,2025-03-17,5170,74,False
6947,549,2025-12-28,4396,157,False
6948,82,2025-08-05,517,127,False
6949,221,2025-03-11,5200,194,False
6950,348,2025-04-19,1440,128,False
6951,92,2025-05-06,908,172,False
6952,158,2025-08-05,848,116,False
6953,432,2026-06-28,2065,40,False
6954,390,2025-05-31,2313,85,True
6955,289,2025-04-18,4880,127,False
6956,17,2026-06-29,1796,2,False
6957,319,2025-10-26,3706,77,False
6958,387,2026-08-23,524,112,False
6959,789,2025-07-06,4439,88,False
6960,302,2025-04-16,2614,53,False
6961,412,2026-06-07,3141,86,False
6962,11,2025-03-20,2637,71,False
6963,144,2026-03-24,4009,146,False
6964,499,2025-04-10,3414,119,False
6965,388,2026-06-01,1989,183,False
6966,251,2025-12-10,4546,96,False
6967,317,2025-03-27,613,129,False
6968,466,2026-06-20,5256,87,False
6969,345,2025-06-19,3371,147,True
6970,709,2026-03-29,587,81,False
6971,176,2025-04-23,2712,155,False
6972,692,2025-09-14,1847,153,False
6973,739,2025-06-05,306,45,False
6974,403,2026-08-06,5251,99,False
6975,139,2025-03-11,4733,156,False
6976,378,2025-11-23,3077,124,False
6977,725,2025-06-13,694,130,False
6978,427,2026-04-22,2161,19,True
6979,503,2025-12-02,3883,179,False
6980,313,2025-10-31,2365,122,False
6981,466,2026-05-04,2941,15,False
6982,237,2026-02-09,4555,12,False
6983,212,2026-02-03,1007,49,False
6984,127,2025-08-17,4668,154,False
6985,560,2025-05-21,5290,136,False
6986,733,2025-02-01,1614,3,False
6987,287,2025-12-05,5020,63,False
6988,50,2026-01-07,1688,149,False
6989,323,2025-05-27,3793,49,False
6990,277,2025-06-25,3788,106,False
6991,497,2025-02-04,5057,156,False
6992,134,2025-12-01,392,141,False
6993,628,2026-07-29,3225,193,False
6994,49,2026-01-31,4572,49,False
6995,308,2025-02-13,520,104,False
6996,139,2025-10-02,67,105,False
6997,699,2026-07-12,377,85,False
6998,365,2025-04-06,2505,168,False
6999,729,2025-06-08,3039,72,False
7000,448,2026-05-04,4285,43,False
7001,607,2026-02-14,2292,3,False
7002,716,2025-04-15,4939,6,False
7003,660,2025-01-05,637,19,False
7004,548,2025-03-20,3396,150,False
7005,636,2025-12-06,2527,115,True
7006,642,2025-07-12,2880,141,False
7007,536,2025-04-17,2732,47,False
7008,443,2025-02-05,3774,30,False
7009,408,2025-02-24,3877,153,False
7010,162,2025-08-03,4552,69,False
7011,461,2025-05-20,2000,155,False
7012,680,2026-04-05,99,84,False
7013,682,2026-04-03,887,27,False
7014,380,2026-04-25,3285,8,False
7015,389,2026-03-09,892,18,False
7016,617,2025-10-05,4148,76,False
7017,785,2025-04-22,31,63,False
7018,6,2025-04-22,4999,19,False
7019,561,2026-01-14,5357,46,False
7020,357,2026-08-15,2175,198,False
7021,185,2026-03-23,4636,124,False
7022,272,2026-05-16,4872,196,False
7023,796,2026-05-24,4385,102,False
7024,238,2025-01-04,3413,113,False
7025,403,2026-07-07,1142,100,False
7026,540,2026-01-04,1820,96,False
7027,212,2026-06-12,1952,60,False
7028,660,2026-07-28,5310,193,False
7029,58,2025-03-20,3479,16,True
7030,692,2026-07-19,344,133,False
7031,557,2025-11-25,891,176,False
7032,641,2025-08-31,4700,27,False
7033,74,2026-08-11,2640,186,False
7034,650,2026-01-07,2867,43,False
7035,225,2026-01-29,4963,193,False
7036,669,2026-01-10,3169,131,False
7037,281,2026-01-19,2254,91,False
7038,555,2026-03-20,4499,189,False
7039,795,2025-08-03,1829,39,False
7040,608,2026-07-26,5008,67,False
7041,66,2026-02-14,417,118,False
7042,177,2025-10-11,4838,24,True
7043,103,2025-11-20,686,33,False
7044,766,2025-02-07,2535,152,False
7045,259,2025-02-24,1178,28,False
7046,403,2026-03-15,3853,41,False
7047,462,2025-08-18,2527,178,False
7048,211,2026-07-29,4070,20,False
7049,296,2025-09-16,3055,125,False
7050,364,2026-06-13,1889,138,False
7051,12,2026-03-13,3965,18,False
7052,659,2025-01-15,1659,109,False
7053,725,2025-07-22,1239,82,False
7054,554,2026-06-20,4441,88,False
7055,350,2026-04-26,5372,65,False
7056,123,2025-03-31,2907,11,False
7057,263,2025-05-20,5180,101,False
7058,351,2026-08-18,1227,3,False
7059,159,2025-10-11,56,84,False
7060,605,2026-03-26,4758,83,False
7061,361,2025-10-23,4495,121,True
7062,556,2025-03-18,2686,120,True
7063,413,2025-12-09,4624,151,False
7064,152,2025-03-03,4713,175,False
7065,522,2026-07-16,1967,102,False
7066,595,2025-06-18,914,119,False
7067,341,2026-05-22,3329,104,False
7068,540,2025-05-20,4814,97,False
7069,787,2025-02-14,3138,120,False
7070,196,2025-01-03,2203,36,False
7071,712,2025-03-07,1284,7,False
7072,247,2026-06-25,1601,32,False
7073,35,2025-03-02,4146,34,False
7074,336,2025-03-18,2011,122,False
7075,656,2025-05-13,2746,22,False
7076,539,2026-08-24,3266,71,False
7077,266,2026-05-09,1651,22,False
7078,762,2025-06-10,1643,32,False
7079,788,2025-09-19,3901,128,False
7080,796,2025-12-15,3486,80,False
7081,443,2025-06-17,4200,162,False
7082,552,2026-02-28,2736,147,False
7083,425,2025-06-12,86,50,False
7084,330,2025-07-02,3550,16,True
7085,421,2026-07-12,103,192,False
7086,55,2025-10-04,1841,27,False
7087,131,2026-07-14,4002,136,False
7088,475,2026-04-15,1422,117,False
7089,336,2025-07-10,4707,164,False
7090,386,2025-02-09,3648,110,False
7091,733,2025-04-01,4885,2,False
7092,537,2025-08-08,2872,31,False
7093,58,2026-04-02,2499,166,False
7094,772,2026-04-25,794,120,False
7095,691,2025-09-03,4862,154,False
7096,134,2025-07-21,3535,126,False
7097,681,2026-03-12,4412,196,False
7098,297,2025-02-05,1516,17,False
7099,298,2025-09-04,1139,17,False
7100,461,2025-04-24,1986,145,False
7101,725,2026-02-15,2582,9,False
7102,281,2026-02-16,4622,23,False
7103,461,2026-06-01,1464,145,False
7104,141,2026-08-11,1116,151,False
7105,69,2025-05-10,673,169,False
7106,479,2025-05-19,2343,49,False
7107,189,2025-09-05,589,134,False
7108,32,2025-11-11,491,45,False
7109,7,2026-03-18,1948,198,False
7110,302,2025-05-26,2448,134,False
7111,200,2025-12-09,2245,154,False
7112,779,2026-07-15,4975,132,False
7113,383,2025-02-12,4958,197,True
7114,383,2026-07-01,3029,54,False
7115,125,2025-04-18,5077,152,False
7116,82,2025-08-26,4692,193,False
7117,240,2025-04-02,287,43,False
7118,668,2025-01-23,2940,78,True
7119,497,2025-06-20,1902,141,False
7120,144,2026-01-04,344,81,False
7121,30,2025-08-16,3543,140,False
7122,201,2026-01-17,2738,40,False
7123,219,2026-03-25,3313,16,False
7124,770,2026-01-10,1279,12,False
7125,137,2026-02-15,4548,38,False
7126,621,2025-06-29,2353,164,False
7127,309,2026-05-08,1307,135,False
7128,258,2025-01-15,1303,67,False
7129,168,2026-05-30,1513,134,False
7130,518,2025-01-20,637,98,False
7131,553,2026-01-18,4687,35,False
7132,391,2026-04-18,1166,157,False
7133,759,2026-07-02,4009,8,False
7134,714,2025-11-19,2185,22,False
7135,631,2026-05-07,677,52,False
7136,449,2025-06-14,4449,124,False
7137,417,2025-06-25,4374,71,False
7138,529,2026-07-10,4161,73,False
7139,467,2025-11-29,1997,108,False
7140,120,2026-06-21,227,167,False
7141,524,2025-11-07,4239,66,False
7142,200,2026-05-11,4201,78,False
7143,592,2025-04-18,4703,8,False
7144,22,2026-01-13,195,190,False
7145,40,2025-05-07,4583,168,False
7146,471,2026-01-09,437,75,False
7147,629,2025-07-17,179,169,False
7148,451,2025-11-19,4120,7,False
7149,136,2026-07-06,4011,15,False
7150,247,2025-04-22,2141,109,False
7151,355,2026-03-17,3951,111,False
7152,186,2026-03-18,1756,26,False
7153,771,2025-07-09,668,102,False
7154,363,2025-11-13,2046,28,False
7155,714,2026-07-02,4846,91,False
7156,84,2025-11-28,2844,96,False
7157,373,2025-03-26,3961,42,False
7158,683,2026-02-22,3287,58,False
7159,225,2025-03-11,3560,103,False
7160,666,2025-08-14,3629,109,False
7161,606,2026-05-24,607,196,False
7162,477,2026-03-04,546,132,False
7163,36,2026-02-15,682,150,False
7164,722,2025-05-31,913,180,False
7165,382,2025-01-11,3731,76,False
7166,491,2026-06-10,2361,58,False
7167,551,2025-05-24,1991,117,False
7168,393,2026-08-22,4670,102,False
7169,128,2025-07-12,2595,128,False
7170,480,2025-12-26,4125,152,False
7171,480,2026-03-07,3370,121,False
7172,69,2025-08-20,1032,116,False
7173,160,2026-04-29,2015,163,False
7174,174,2025-06-25,1573,72,False
7175,290,2025-09-29,3881,37,False
7176,447,2026-06-26,2063,18,False
7177,491,2025-07-08,3066,34,False
7178,90,2025-07-18,4647,38,False
7179,688,2025-02-24,2007,89,False
7180,648,2026-05-10,5283,8,False
7181,74,2025-02-10,1118,154,False
7182,137,2025-09-06,439,123,False
7183,673,2025-06-21,1065,52,False
7184,335,2026-06-18,2644,101,False
7185,355,2025-10-14,189,18,False
7186,388,2025-09-20,1976,60,False
7187,793,2025-11-17,1735,96,False
7188,127,2025-12-17,1757,189,False
7189,754,2025-05-13,1091,130,False
7190,194,2025-03-16,2710,100,False
7191,719,2025-04-17,1515,199,False
7192,388,2026-08-16,3889,197,False
7193,607,2025-01-28,3150,107,False
7194,86,2025-12-08,3200,74,False
7195,293,2026-03-30,4156,73,False
7196,150,2026-01-11,2308,124,False
7197,460,2026-05-11,926,157,False
7198,19,2025-03-18,3908,62,False
7199,305,2025-08-26,5098,169,False
7200,406,2026-02-24,2239,186,False
7201,383,2025-02-05,3874,113,False
7202,658,2025-09-16,3529,52,False
7203,486,2026-04-28,279,60,False
7204,649,2025-09-14,931,40,False
7205,401,2026-04-25,3701,53,False
7206,284,2025-10-15,1853,127,True
7207,234,2025-03-06,1440,11,False
7208,550,2025-11-22,3083,65,False
7209,738,2025-09-07,3015,169,False
7210,792,2026-05-03,4959,174,False
7211,186,2026-05-24,5292,15,False
7212,339,2025-07-27,133,25,False
7213,497,2026-07-05,2483,47,False
7214,732,2026-06-19,3933,13,False
7215,248,2025-10-21,1861,113,False
7216,623,2025-03-09,2628,6,False
7217,673,2026-03-08,3752,49,False
7218,142,2025-11-19,4029,61,False
7219,251,2026-02-05,5104,175,False
7220,356,2026-02-16,646,161,False
7221,680,2026-04-10,2434,149,False
7222,745,2026-08-13,3207,184,False
7223,134,2025-07-15,4823,196,False
7224,135,2025-08-30,2294,180,False
7225,308,2025-04-17,308,188,False
7226,47,2026-02-16,1702,186,False
7227,413,2026-03-06,5034,44,False
7228,214,2026-04-23,204,60,False
7229,310,2025-04-03,5121,95,False
7230,4,2026-05-21,2851,110,False
7231,186,2026-01-02,1139,91,False
7232,102,2026-07-11,1865,70,False
7233,179,2025-01-01,1931,88,False
7234,342,2025-07-29,4981,141,False
7235,188,2026-08-01,4381,149,False
7236,612,2026-05-27,4063,181,False
7237,362,2026-01-26,107,160,False
7238,171,2026-08-04,497,33,False
7239,500,2026-01-23,4752,41,False
7240,680,2025-10-12,1694,96,False
7241,399,2025-06-15,1073,172,False
7242,791,2026-02-24,1424,90,False
7243,286,2025-11-17,3567,26,True
7244,372,2025-07-16,3703,181,False
7245,340,2025-04-05,1513,118,False
7246,794,2025-06-05,3118,177,False
7247,577,2025-11-07,4451,72,False
7248,463,2025-06-18,1957,172,False
7249,293,2025-12-24,740,11,False
7250,49,2025-02-01,1221,149,False
7251,722,2025-07-30,5298,196,False
7252,89,2025-12-18,2395,183,False
7253,582,2026-03-19,3894,92,False
7254,411,2026-06-08,1377,199,False
7255,560,2025-03-23,4656,197,False
7256,738,2025-06-24,1047,26,False
7257,157,2026-01-25,644,98,False
7258,79,2025-01-20,4410,182,False
7259,297,2025-11-29,3323,174,False
7260,458,2025-06-21,5230,110,False
7261,54,2025-11-12,2885,48,True
7262,649,2026-04-14,4084,54,False
7263,485,2025-04-15,2840,19,False
7264,787,2025-09-29,365,114,False
7265,229,2026-03-27,2067,6,False
7266,727,2026-04-11,5069,99,False
7267,307,2025-07-04,5128,35,False
7268,85,2025-05-12,2465,108,False
7269,672,2025-09-12,4662,12,False
7270,62,2026-01-25,1455,75,False
7271,570,2026-03-06,1676,69,False
7272,165,2026-03-20,4174,129,False
7273,537,2025-06-30,391,136,False
7274,224,2026-05-07,50,135,False
7275,65,2026-04-23,1342,98,False
7276,693,2026-02-20,193,13,False
7277,282,2026-03-25,3003,180,False
7278,517,2026-07-07,4103,154,False
7279,32,2026-05-15,3469,133,False
7280,754,2025-03-18,891,109,False
7281,497,2026-04-09,4572,113,False
7282,336,2025-12-01,2566,174,False
7283,721,2025-09-18,1666,62,False
7284,329,2025-10-01,2848,130,False
7285,264,2025-04-08,888,198,False
7286,224,2026-08-30,5366,198,False
7287,523,2025-02-01,2509,151,False
7288,351,2025-11-30,1799,148,True
7289,456,2026-07-17,3741,23,False
7290,633,2026-02-20,1661,89,False
7291,525,2026-08-03,4129,167,False
7292,558,2026-07-12,2573,48,False
7293,488,2025-01-17,4731,69,False
7294,632,2025-03-28,2628,126,True
7295,578,2025-03-08,3511,193,False
7296,665,2025-07-25,2974,99,False
7297,506,2025-08-26,5254,160,False
7298,4,2025-07-16,4746,87,False
7299,728,2025-04-04,2462,131,True
7300,190,2025-03-12,3837,165,False
7301,576,2025-11-03,1190,176,False
7302,524,2025-12-06,4658,183,False
7303,529,2025-07-04,3338,173,False
7304,357,2025-07-06,2105,91,False
7305,362,2025-10-28,4805,21,False
7306,94,2025-04-11,4170,7,False
7307,197,2025-04-06,934,198,False
7308,52,2025-01-14,5191,175,False
7309,727,2025-08-07,1556,59,False
7310,755,2025-01-16,453,9,False
7311,86,2025-08-08,1909,117,False
7312,679,2025-08-26,2366,90,False
7313,545,2025-06-06,437,99,True
7314,256,2026-01-06,3232,67,False
7315,127,2025-03-30,2360,2,False
7316,512,2025-05-10,3175,72,False
7317,23,2026-08-01,2700,82,False
7318,118,2026-07-07,2785,128,False
7319,85,2025-03-12,858,47,False
7320,108,2025-05-08,4446,171,False
7321,6,2025-12-18,3392,164,False
7322,267,2025-06-14,1160,144,False
7323,642,2025-04-09,626,75,False
7324,225,2025-07-04,5215,87,False
7325,199,2026-08-23,2839,188,False
7326,784,2025-04-06,4372,154,False
7327,386,2026-01-12,2609,114,False
7328,20,2026-08-30,1603,129,False
7329,471,2026-05-16,1606,195,False
7330,438,2026-03-12,205,98,False
7331,340,2025-07-04,2972,72,False
7332,684,2025-07-02,3901,67,False
7333,546,2025-12-31,621,174,False
7334,21,2026-08-14,171,98,False
7335,299,2025-07-31,923,74,False
7336,443,2026-01-21,2643,157,False
7337,530,2026-08-15,2811,169,False
7338,304,2026-04-12,3155,137,False
7339,356,2026-08-06,4542,174,True
7340,173,2025-07-28,5285,161,False
7341,481,2026-02-17,4851,134,False
7342,189,2025-05-12,1716,196,False
7343,391,2025-01-27,2451,75,False
7344,652,2025-10-01,3887,194,False
7345,733,2026-04-27,1455,67,False
7346,372,2025-09-10,5154,183,True
7347,166,2025-06-15,705,138,False
7348,37,2026-08-21,2515,151,False
7349,676,2025-09-02,4070,198,False
7350,328,2025-03-30,678,198,False
7351,151,2025-04-21,5345,183,True
7352,654,2025-03-24,691,95,False
7353,386,2026-08-13,1387,95,False
7354,552,2026-01-13,2121,29,False
7355,52,2025-01-10,3481,76,False
7356,764,2025-12-08,1772,161,False
7357,252,2025-09-11,3091,118,False
7358,619,2025-11-28,1729,35,False
7359,238,2026-06-05,1897,62,False
7360,137,2025-09-08,2632,103,False
7361,329,2025-07-02,1619,59,False
7362,54,2025-08-08,2915,180,False
7363,407,2026-03-04,2270,163,False
7364,371,2025-02-22,1455,157,False
7365,62,2026-01-13,2195,164,False
7366,356,2026-04-27,2393,63,False
7367,457,2026-08-25,2642,30,False
7368,439,2025-09-29,3529,47,False
7369,58,2025-10-11,1591,30,False
7370,538,2026-06-29,3020,122,False
7371,266,2026-05-03,2365,48,False
7372,204,2025-10-28,4084,151,False
7373,683,2025-08-17,3362,162,False
7374,791,2026-07-03,1501,153,False
7375,91,2025-09-07,1190,61,False
7376,396,2026-07-15,2053,153,False
7377,212,2025-09-22,1916,37,False
7378,572,2025-12-06,3002,1,False
7379,487,2025-11-17,1366,136,True
7380,327,2026-04-30,4905,140,False
7381,598,2026-04-19,4508,159,False
7382,548,2025-03-05,3316,131,False
7383,743,2026-05-23,3594,98,False
7384,787,2025-03-13,1575,80,False
7385,331,2026-05-10,3034,141,False
7386,123,2026-03-02,228,199,False
7387,739,2025-12-22,768,84,True
7388,349,2025-01-31,2793,90,False
7389,711,2026-06-03,558,49,False
7390,558,2026-03-08,5134,14,False
7391,419,2025-12-19,4002,143,False
7392,686,2025-05-21,3612,12,False
7393,604,2026-04-14,4849,13,False
7394,510,2025-05-23,2309,85,False
7395,415,2025-09-21,4651,131,False
7396,186,2025-08-07,442,123,False
7397,170,2025-09-11,4328,197,False
7398,517,2026-07-16,655,199,False
7399,308,2026-04-13,691,74,False
7400,499,2026-03-08,4023,87,False
7401,574,2026-02-22,3808,63,False
7402,35,2026-04-02,1726,115,False
7403,70,2026-03-22,844,121,False
7404,486,2026-04-21,1602,168,True
7405,782,2025-01-30,2533,70,False
7406,427,2026-05-20,1269,142,False
7407,540,2025-07-08,5052,25,False
7408,232,2025-04-14,4848,182,False
7409,173,2025-04-28,2197,21,False
7410,192,2026-07-26,1670,128,False
7411,753,2026-05-17,1092,29,False
7412,615,2025-08-29,980,187,False
7413,285,2026-07-08,500,171,False
7414,52,2025-12-07,2002,128,False
7415,688,2026-05-27,4829,84,False
7416,228,2026-05-07,3845,26,False
7417,191,2025-06-01,312,193,False
7418,561,2026-06-02,2254,69,False
7419,99,2026-08-11,1800,24,False
7420,168,2025-11-04,4138,93,False
7421,401,2025-07-16,2848,13,False
7422,95,2025-11-27,3692,160,False
7423,731,2026-05-27,386,85,False
7424,787,2025-09-06,1939,60,False
7425,665,2025-01-29,1955,52,False
7426,453,2025-01-31,4729,99,False
7427,437,2026-04-05,4115,17,False
7428,216,2026-01-29,426,45,False
7429,120,2025-05-14,920,67,False
7430,124,2026-02-16,3977,75,False
7431,120,2025-07-08,1967,3,False
7432,6,2025-10-15,2757,56,False
7433,595,2025-05-05,2081,76,True
7434,600,2025-01-30,1751,187,False
7435,584,2026-07-03,704,178,False
7436,286,2025-12-10,2224,180,False
7437,82,2026-08-08,4304,36,False
7438,156,2025-03-04,3186,146,False
7439,657,2025-08-30,959,2,False
7440,723,2025-10-03,1498,25,False
7441,46,2025-01-21,3855,6,False
7442,558,2026-04-30,3289,188,True
7443,718,2026-08-23,5371,60,False
7444,649,2025-05-18,2876,32,False
7445,199,2026-06-15,5136,23,False
7446,525,2026-07-12,4158,11,False
7447,656,2025-09-09,4728,21,False
7448,734,2026-03-06,993,9,False
7449,545,2025-09-28,2139,118,False
7450,276,2025-06-06,1944,56,False
7451,536,2025-06-22,570,191,False
7452,126,2025-05-20,2772,33,False
7453,71,2026-08-23,332,38,False
7454,6,2025-02-15,3936,34,False
7455,440,2025-09-25,1468,69,False
7456,28,2026-06-15,1834,57,True
7457,109,2025-11-02,1347,192,False
7458,684,2025-02-08,1671,176,False
7459,328,2025-08-14,2492,18,False
7460,492,2026-01-16,4825,181,True
7461,353,2025-03-14,733,196,False
7462,37,2026-04-02,615,181,False
7463,475,2026-02-06,1737,182,False
7464,86,2025-06-04,3935,156,False
7465,538,2026-04-29,4079,54,False
7466,558,2025-08-19,4349,132,False
7467,572,2025-08-25,3671,48,False
7468,308,2025-06-28,1433,118,False
7469,383,2025-08-19,3561,2,False
7470,620,2026-05-02,2377,198,True
7471,352,2025-01-12,3691,1,True
7472,750,2026-08-28,2821,63,False
7473,521,2026-04-08,5030,21,False
7474,605,2026-08-13,4168,147,False
7475,533,2026-02-06,5308,125,False
7476,146,2025-02-12,4723,13,True
7477,372,2026-04-03,2690,117,False
7478,520,2026-02-16,2138,18,False
7479,414,2025-10-11,1532,134,False
7480,477,2025-12-22,1900,117,False
7481,726,2025-07-24,1083,11,False
7482,679,2026-07-19,1916,171,False
7483,172,2026-06-24,4730,16,False
7484,161,2025-12-17,1079,180,False
7485,117,2026-08-04,4740,140,False
7486,576,2025-10-05,328,6,False
7487,397,2025-05-05,908,69,False
7488,480,2025-09-30,4804,57,False
7489,694,2026-07-12,2859,181,False
7490,383,2026-06-03,1705,171,False
7491,504,2025-01-14,1066,75,False
7492,233,2026-02-12,89,110,False
7493,664,2026-05-04,1134,42,False
7494,21,2025-02-14,809,33,False
7495,462,2025-12-09,3716,52,False
7496,645,2026-07-21,5090,91,False
7497,573,2025-08-14,1374,3,False
7498,86,2026-02-16,358,157,False
7499,683,2025-08-21,5362,154,False
7500,302,2025-04-05,3746,155,False
7501,416,2025-08-31,2157,146,False
7502,397,2025-10-12,4223,171,False
7503,276,2025-09-17,3769,25,False
7504,264,2025-06-02,4047,5,False
7505,732,2026-07-29,938,84,False
7506,530,2025-12-25,1820,62,False
7507,795,2026-01-24,2827,159,False
7508,263,2025-12-04,3464,61,False
7509,238,2025-07-31,3015,91,False
7510,414,2026-08-12,1543,52,False
7511,489,2025-09-10,2019,166,False
7512,77,2025-02-03,2266,87,False
7513,290,2025-09-29,434,131,False
7514,348,2025-10-01,4492,83,False
7515,69,2025-08-25,3513,144,False
7516,467,2025-04-22,3287,80,False
7517,97,2025-10-18,4142,181,False
7518,690,2025-01-14,2546,87,False
7519,415,2025-08-01,3189,68,False
7520,146,2026-04-18,3719,63,False
7521,419,2026-03-08,3519,159,False
7522,271,2026-04-05,4005,196,False
7523,352,2025-04-02,401,110,False
7524,208,2026-07-22,5024,114,False
7525,340,2025-04-25,2862,188,False
7526,123,2025-12-24,4156,93,False
7527,233,2026-08-11,244,170,False
7528,309,2025-06-05,2600,48,False
7529,624,2025-02-26,2470,25,False
7530,727,2025-08-09,1200,51,False
7531,701,2025-01-09,4825,23,False
7532,299,2026-01-02,2556,152,False
7533,296,2026-04-17,4821,28,False
7534,218,2026-01-17,2392,83,False
7535,410,2025-05-30,3209,150,False
7536,767,2025-01-26,3247,65,False
7537,198,2025-07-13,3433,175,False
7538,573,2026-07-07,3388,38,False
7539,203,2025-08-10,4337,145,False
7540,296,2026-07-17,1194,198,False
7541,419,2026-08-12,3875,63,True
7542,600,2026-04-30,4358,73,False
7543,673,2025-05-23,4431,144,False
7544,511,2025-06-01,2249,39,False
7545,485,2025-03-23,2285,126,False
7546,684,2025-07-31,4257,147,False
7547,500,2025-10-21,2793,190,False
7548,89,2026-03-03,113,180,False
7549,42,2025-02-06,4064,49,False
7550,432,2025-07-05,4163,151,False
7551,8,2025-08-02,2772,157,False
7552,562,2025-08-24,2979,75,True
7553,623,2025-12-20,2873,177,True
7554,799,2026-02-10,2302,146,False
7555,19,2026-07-27,3776,85,False
7556,482,2025-01-21,795,64,False
7557,748,2025-04-12,1578,25,False
7558,113,2025-03-25,4791,98,False
7559,621,2025-06-22,4337,18,False
7560,778,2025-01-22,315,21,False
7561,56,2025-08-22,951,134,False
7562,368,2025-06-11,640,57,False
7563,58,2025-11-16,5173,114,False
7564,391,2025-10-20,4573,102,False
7565,684,2026-02-05,3113,113,True
7566,203,2026-05-28,3727,15,False
7567,635,2025-03-05,3344,112,False
7568,651,2025-04-19,4561,147,False
7569,11,2026-03-14,4974,160,False
7570,424,2025-08-05,5248,83,False
7571,201,2026-07-03,1862,91,False
7572,780,2025-01-06,1856,106,False
7573,557,2025-03-05,645,128,False
7574,416,2025-10-09,4374,92,False
7575,521,2025-10-31,2278,129,False
7576,145,2025-01-16,236,142,False
7577,404,2025-10-26,4479,147,False
7578,617,2025-07-15,4925,127,False
7579,756,2026-01-22,4620,193,False
7580,119,2026-05-20,3450,141,False
7581,725,2025-12-19,4721,191,False
7582,227,2026-07-23,4880,47,False
7583,692,2025-12-06,2951,130,False
7584,752,2025-08-11,3058,125,False
7585,636,2025-03-06,1763,72,False
7586,782,2025-06-21,3418,104,True
7587,445,2025-08-02,5383,82,False
7588,622,2026-04-06,5023,15,True
7589,727,2025-10-10,4575,76,False
7590,166,2026-02-28,1653,12,True
7591,571,2025-03-28,4094,176,False
7592,594,2025-08-18,1879,116,False
7593,394,2026-04-25,124,120,False
7594,476,2026-07-04,4603,117,False
7595,525,2025-08-11,1662,74,False
7596,358,2025-10-03,5212,154,False
7597,477,2025-06-16,2963,81,False
7598,357,2026-07-23,3615,153,False
7599,377,2025-03-03,3122,96,False
7600,363,2026-06-21,2339,91,False
7601,371,2026-02-14,4908,55,False
7602,258,2026-07-30,626,86,False
7603,86,2025-04-01,899,48,False
7604,431,2025-03-08,3291,78,False
7605,339,2025-04-22,5225,72,False
7606,30,2025-06-12,4455,188,False
7607,424,2025-05-18,3824,77,False
7608,679,2025-08-14,620,138,False
7609,205,2025-06-16,342,68,False
7610,718,2026-03-28,1590,70,False
7611,433,2025-06-16,3867,73,False
7612,313,2025-06-28,576,140,False
7613,698,2026-05-31,1934,41,True
7614,759,2025-05-06,1849,108,False
7615,740,2025-07-31,846,101,False
7616,621,2025-07-28,3129,115,False
7617,502,2025-10-06,1308,19,True
7618,679,2025-07-08,728,183,False
7619,687,2025-12-19,2356,54,False
7620,714,2026-05-10,2572,121,False
7621,665,2025-10-11,1130,65,False
7622,273,2026-08-24,102,181,False
7623,774,2026-01-24,413,194,False
7624,651,2025-07-04,4455,106,False
7625,693,2025-06-11,4439,177,False
7626,117,2025-02-01,3658,153,False
7627,11,2025-01-05,1463,193,True
7628,782,2026-03-15,3515,106,False
7629,494,2026-04-04,4978,128,False
7630,477,2025-10-19,4582,113,False
7631,562,2025-04-02,3835,144,False
7632,556,2025-09-21,775,86,False
7633,34,2025-12-08,2422,83,False
7634,246,2025-08-02,5226,131,False
7635,433,2025-10-30,4208,179,False
7636,26,2025-10-13,281,14,False
7637,709,2025-03-16,4757,188,False
7638,131,2025-03-24,2423,136,False
7639,344,2025-01-30,843,5,False
7640,114,2026-01-07,40,104,False
7641,51,2026-06-21,2211,183,False
7642,354,2026-07-19,4974,145,False
7643,622,2026-01-29,3287,112,False
7644,235,2026-07-12,2593,3,False
7645,368,2025-08-17,2817,89,False
7646,756,2026-03-25,1498,58,False
7647,301,2025-11-06,129,165,False
7648,674,2025-08-25,2413,113,False
7649,790,2026-02-21,1016,54,False
7650,432,2026-07-14,5137,93,False
7651,490,2025-10-11,1376,136,False
7652,682,2026-02-05,1266,22,False
7653,544,2025-05-15,2448,98,True
7654,469,2025-11-02,1883,11,False
7655,708,2026-02-06,3277,36,False
7656,737,2025-06-22,85,81,False
7657,244,2026-04-24,5254,119,False
7658,597,2026-04-04,1208,83,True
7659,209,2026-06-02,3594,185,False
7660,589,2026-04-29,4778,76,False
7661,70,2026-01-08,283,126,False
7662,220,2025-12-06,2604,187,False
7663,635,2026-07-29,3219,131,False
7664,636,2025-06-23,560,41,False
7665,376,2025-02-04,3575,3,False
7666,618,2025-08-25,4495,143,False
7667,389,2025-09-13,714,42,False
7668,65,2026-01-14,4575,37,False
7669,650,2025-03-26,2551,167,False
7670,47,2025-05-16,5282,9,False
7671,642,2026-07-10,1569,63,False
7672,706,2025-10-13,358,124,False
7673,2,2025-10-02,3565,183,False
7674,784,2025-01-26,2392,168,False
7675,494,2025-01-19,3443,131,False
7676,484,2026-05-04,4783,66,False
7677,260,2026-01-21,4661,46,False
7678,137,2025-08-20,668,109,False
7679,19,2025-08-29,388,121,False
7680,337,2025-09-28,1976,126,False
7681,633,2026-05-03,740,196,False
7682,17,2026-06-22,4892,134,False
7683,179,2025-09-20,2974,33,False
7684,658,2025-08-29,524,121,False
7685,351,2025-09-06,3015,163,False
7686,83,2025-10-16,3926,179,False
7687,786,2025-07-02,4184,75,False
7688,269,2025-06-29,5129,37,False
7689,142,2025-10-06,3348,77,False
7690,451,2026-05-05,3262,148,False
7691,69,2025-06-23,339,39,False
7692,559,2025-09-22,4750,189,False
7693,517,2025-06-08,4190,164,False
7694,726,2025-10-20,4323,70,False
7695,236,2025-03-10,5256,89,False
7696,338,2025-10-26,4360,155,False
7697,536,2026-03-03,2346,123,False
7698,153,2026-02-15,3410,123,False
7699,290,2026-01-17,4779,36,False
7700,88,2025-11-25,406,55,False
7701,561,2026-01-02,827,38,False
7702,527,2025-09-21,2175,81,False
7703,76,2026-07-26,3572,120,False
7704,104,2026-02-02,4505,175,False
7705,321,2025-06-30,1684,195,False
7706,527,2026-01-22,1122,96,False
7707,632,2025-07-17,1044,84,False
7708,365,2026-03-08,1643,59,True
7709,643,2025-08-07,354,171,True
7710,334,2025-10-13,2784,199,False
7711,475,2025-12-16,4655,81,False
7712,209,2026-08-19,2299,61,False
7713,514,2025-11-26,2640,199,False
7714,722,2025-12-16,4419,9,False
7715,229,2026-07-09,98,93,False
7716,573,2026-04-30,5257,40,False
7717,364,2025-01-21,1126,119,False
7718,420,2025-10-10,603,193,False
7719,463,2026-03-03,3204,15,False
7720,340,2025-07-24,127,62,False
7721,533,2025-05-28,2435,9,False
7722,289,2025-11-15,4188,172,False
7723,131,2025-04-16,3723,26,False
7724,320,2025-12-17,430,174,True
7725,354,2026-02-09,3939,69,False
7726,683,2025-07-07,1318,5,False
7727,513,2026-01-25,1017,99,False
7728,338,2026-04-03,1906,147,False
7729,683,2025-06-21,2419,45,False
7730,4,2025-09-17,1633,109,False
7731,550,2025-12-24,2888,77,False
7732,739,2026-02-05,3513,125,False
7733,556,2026-01-08,444,40,False
7734,475,2025-06-24,1517,87,False
7735,425,2025-03-21,1681,181,False
7736,133,2025-10-21,3291,25,True
7737,123,2025-07-02,1411,53,False
7738,102,2025-08-02,3766,28,False
7739,748,2026-04-30,3930,83,False
7740,302,2025-09-12,146,6,False
7741,773,2026-07-08,3421,6,True
7742,490,2026-02-15,2002,53,False
7743,603,2025-04-12,1598,149,False
7744,752,2025-04-05,305,131,False
7745,411,2026-02-07,2639,116,False
7746,44,2025-05-29,4141,56,False
7747,659,2026-07-22,865,185,False
7748,283,2025-08-07,344,76,True
7749,124,2025-01-20,781,119,True
7750,206,2025-06-15,4655,118,False
7751,794,2026-05-30,1139,183,False
7752,337,2025-04-16,4581,127,False
7753,462,2025-10-04,1049,89,False
7754,634,2026-05-11,2804,172,False
7755,464,2026-06-12,2424,130,False
7756,127,2025-04-09,5092,72,False
7757,68,2026-04-24,1495,7,False
7758,748,2026-01-25,1998,146,False
7759,161,2025-05-01,2427,157,False
7760,206,2025-10-01,1654,69,False
7761,33,2025-03-18,927,120,False
7762,603,2025-04-10,642,142,False
7763,406,2026-06-26,3215,154,False
7764,512,2025-06-29,3936,186,False
7765,148,2025-07-31,941,119,False
7766,439,2025-03-08,2313,67,False
7767,441,2025-08-04,3823,91,False
7768,676,2025-02-28,5285,99,False
7769,571,2026-04-27,730,37,False
7770,486,2025-08-06,4703,50,False
7771,537,2026-08-17,2103,41,False
7772,626,2026-04-04,2782,105,False
7773,178,2026-05-19,384,86,False
7774,472,2025-08-30,2454,103,False
7775,754,2026-07-30,1565,16,False
7776,577,2025-12-12,1294,162,False
7777,670,2025-03-23,4725,176,False
7778,38,2025-03-19,849,156,False
7779,671,2026-07-17,1295,139,False
7780,517,2026-06-20,1328,83,False
7781,146,2026-01-08,4193,24,False
7782,712,2025-07-20,2987,35,False
7783,703,2026-02-16,2487,65,False
7784,521,2025-04-25,792,51,False
7785,770,2026-06-08,2151,65,False
7786,655,2025-08-03,4777,100,False
7787,337,2025-08-28,2707,86,False
7788,793,2026-08-12,5226,194,False
7789,381,2026-06-07,273,22,False
7790,126,2026-01-18,1460,136,False
7791,93,2025-02-27,845,44,False
7792,552,2025-03-15,3490,54,False
7793,114,2025-11-18,588,89,False
7794,718,2025-04-09,2232,198,False
7795,744,2025-06-07,235,191,False
7796,23,2026-04-08,2840,167,False
7797,135,2025-07-09,1033,11,False
7798,139,2026-05-29,4167,89,False
7799,565,2026-03-02,2506,162,False
7800,200,2025-02-20,3301,137,False
7801,537,2025-01-23,1046,73,False
7802,705,2025-06-28,3602,23,False
7803,528,2025-02-09,210,96,False
7804,782,2025-01-29,809,196,False
7805,390,2025-10-29,4422,59,False
7806,731,2025-03-17,1315,33,False
7807,621,2026-08-24,3978,162,False
7808,380,2025-03-25,4673,170,False
7809,228,2026-07-05,730,159,True
7810,535,2025-09-23,5236,95,False
7811,622,2025-12-08,4405,94,False
7812,84,2025-01-08,3010,149,False
7813,253,2026-04-30,1741,15,False
7814,784,2026-03-09,1144,66,True
7815,109,2025-11-08,1263,17,False
7816,756,2025-09-02,2775,102,False
7817,106,2025-11-13,843,184,False
7818,478,2025-09-01,2580,119,False
7819,251,2026-06-09,2753,9,False
7820,115,2026-08-07,3591,83,False
7821,179,2025-10-02,68,118,False
7822,758,2025-07-20,1789,93,False
7823,220,2026-04-10,746,92,False
7824,717,2025-01-26,4758,195,False
7825,509,2025-11-29,4538,40,False
7826,793,2025-09-03,5283,91,False
7827,371,2025-12-16,4886,75,False
7828,407,2025-10-11,4922,32,False
7829,65,2026-04-02,1781,198,False
7830,279,2025-10-13,5339,97,False
7831,476,2025-05-20,42,99,False
7832,302,2025-10-09,769,181,False
7833,138,2026-05-01,1638,56,False
7834,398,2025-07-22,1381,51,False
7835,782,2025-09-30,4290,174,False
7836,730,2025-11-28,4138,61,False
7837,294,2025-11-19,920,86,False
7838,103,2026-06-13,2534,54,False
7839,11,2026-08-14,531,55,False
7840,519,2025-08-06,5189,75,False
7841,551,2026-02-01,3817,52,False
7842,733,2025-11-21,829,95,False
7843,464,2026-02-22,4154,162,False
7844,220,2026-05-30,1681,67,False
7845,21,2026-05-30,1270,55,False
7846,421,2025-08-30,3498,38,False
7847,231,2026-08-08,1222,86,False
7848,636,2025-03-24,2230,68,False
7849,516,2026-03-04,4768,80,False
7850,412,2025-09-20,1974,83,False
7851,594,2025-09-26,838,113,False
7852,422,2025-11-03,2991,98,False
7853,519,2026-02-14,805,39,False
7854,614,2026-06-12,4351,131,False
7855,57,2025-06-21,4000,113,False
7856,132,2026-06-02,2355,148,False
7857,384,2026-06-07,2918,158,False
7858,572,2026-04-12,214,165,False
7859,335,2026-03-04,3469,144,False
7860,732,2025-08-21,4229,50,True
7861,783,2025-06-06,4883,23,False
7862,82,2025-06-18,3905,123,True
7863,531,2025-08-30,1581,37,False
7864,49,2025-09-25,2745,37,False
7865,627,2025-05-11,1762,132,False
7866,70,2025-07-13,3268,124,False
7867,82,2025-05-25,4704,35,False
7868,589,2026-08-18,2007,183,False
7869,318,2025-11-07,4305,19,False
7870,313,2025-02-21,598,174,False
7871,345,2025-10-22,3868,162,False
7872,372,2025-11-04,4311,122,False
7873,537,2025-09-26,4233,68,False
7874,583,2025-08-22,2141,56,False
7875,763,2025-11-21,4009,110,True
7876,419,2026-04-14,5321,28,False
7877,676,2026-03-25,372,156,False
7878,481,2025-12-29,5277,89,False
7879,55,2026-03-20,1965,107,False
7880,681,2025-02-06,1745,80,False
7881,352,2025-02-01,594,25,False
7882,362,2026-02-13,1077,135,False
7883,670,2025-09-01,2799,136,False
7884,700,2025-10-27,4107,22,False
7885,797,2026-05-09,3920,68,False
7886,419,2026-01-10,4135,10,False
7887,355,2025-12-10,3939,68,False
7888,322,2025-02-25,199,145,False
7889,270,2026-08-05,2457,114,False
7890,209,2025-11-06,2914,120,False
7891,255,2025-08-12,292,119,False
7892,585,2025-11-17,1553,71,False
7893,239,2026-08-06,1555,81,False
7894,498,2025-03-30,298,149,False
7895,196,2025-03-14,2442,143,False
7896,647,2026-01-09,2340,89,False
7897,337,2026-05-17,2942,148,False
7898,438,2026-07-06,744,158,False
7899,778,2026-05-29,5261,81,True
7900,694,2025-01-16,1550,167,False
7901,267,2025-12-15,3347,31,False
7902,230,2025-06-03,3071,149,False
7903,439,2025-03-26,66,111,False
7904,585,2025-07-19,1361,186,False
7905,775,2026-08-04,3782,40,False
7906,315,2025-11-27,1979,15,False
7907,464,2025-05-04,1812,10,False
7908,92,2026-03-26,3837,26,False
7909,585,2026-08-29,4319,107,False
7910,423,2026-02-06,4363,158,False
7911,519,2025-09-17,2384,165,False
7912,186,2025-10-08,2498,146,False
7913,344,2025-07-21,3656,58,False
7914,50,2026-08-06,3196,85,False
7915,285,2025-06-16,2030,10,False
7916,291,2025-07-27,1803,107,False
7917,365,2025-02-28,5226,152,True
7918,783,2026-04-21,4782,41,False
7919,494,2025-09-11,1661,102,False
7920,716,2026-05-17,466,68,False
7921,161,2025-03-30,5153,179,False
7922,784,2025-03-03,553,16,False
7923,484,2025-09-20,1286,144,False
7924,23,2025-01-27,232,7,False
7925,691,2026-02-17,4190,90,False
7926,123,2026-08-22,577,132,False
7927,645,2026-08-03,1738,91,False
7928,189,2025-08-06,3406,118,False
7929,542,2025-05-30,316,133,False
7930,590,2026-02-10,5390,140,False
7931,96,2025-03-27,4219,4,False
7932,783,2025-01-18,3260,77,False
7933,710,2025-10-15,3041,100,False
7934,326,2026-04-09,1398,161,False
7935,199,2026-05-27,3193,124,False
7936,467,2025-08-02,4423,75,False
7937,634,2025-02-15,2721,161,False
7938,71,2025-12-19,1934,62,False
7939,123,2026-04-24,1602,166,False
7940,504,2025-01-30,3219,120,False
7941,230,2025-09-13,4828,157,False
7942,721,2025-03-07,2394,109,False
7943,434,2025-10-25,3600,156,False
7944,528,2026-05-15,2774,144,False
7945,280,2025-12-03,2651,104,False
7946,523,2025-12-03,597,92,False
7947,206,2025-04-14,1849,91,False
7948,390,2026-04-17,5026,189,False
7949,19,2026-05-05,4773,120,False
7950,360,2025-04-08,1669,98,False
7951,613,2026-03-10,3194,66,True
7952,296,2025-07-18,3257,4,False
7953,47,2026-08-14,4767,35,False
7954,657,2026-06-01,69,116,False
7955,232,2026-04-26,1667,10,False
7956,516,2025-12-22,2500,152,False
7957,575,2025-08-20,2817,72,False
7958,240,2026-02-11,4147,100,False
7959,236,2026-01-02,1861,114,False
7960,415,2025-05-06,3318,62,False
7961,373,2025-11-22,4580,121,False
7962,93,2025-12-04,1740,110,True
7963,66,2026-07-17,2717,66,False
7964,37,2026-03-22,3523,135,False
7965,253,2026-05-29,4341,55,False
7966,110,2025-04-15,4301,125,False
7967,606,2026-01-17,2212,5,False
7968,695,2025-07-01,879,82,False
7969,637,2025-05-24,672,85,False
7970,206,2025-01-06,383,76,False
7971,268,2025-12-08,2617,175,False
7972,771,2026-08-08,2508,162,False
7973,107,2026-01-15,1366,142,False
7974,271,2026-06-28,2378,53,True
7975,356,2026-02-13,3743,80,False
7976,328,2025-02-25,281,77,False
7977,753,2026-03-17,1381,145,False
7978,650,2026-05-21,3680,132,False
7979,787,2026-05-02,1326,29,False
7980,180,2025-11-28,3152,83,False
7981,55,2025-11-13,4206,118,False
7982,728,2026-08-09,1709,79,False
7983,111,2026-08-26,573,13,False
7984,523,2025-11-06,1518,25,False
7985,713,2026-04-04,3475,195,False
7986,50,2025-05-06,1580,103,False
7987,497,2026-02-01,4930,29,False
7988,766,2026-06-04,639,197,False
7989,769,2026-07-06,2482,188,False
7990,230,2026-07-24,5015,171,False
7991,207,2025-04-11,3989,110,False
7992,186,2025-11-19,352,157,False
7993,478,2025-12-09,1541,197,False
7994,719,2025-09-05,263,97,False
7995,730,2025-01-03,5176,198,False
7996,261,2026-04-16,4231,164,True
7997,413,2026-04-09,1368,126,False
7998,579,2025-02-21,2496,182,False
7999,541,2025-08-10,2433,80,False
8000,28,2026-05-27,4386,44,False
8001,709,2025-06-17,607,191,False
8002,737,2026-06-07,2766,99,False
8003,510,2025-01-20,3945,137,False
8004,328,2025-06-29,4856,171,False
8005,634,2026-06-16,1908,32,True
8006,143,2025-01-07,1904,164,False
8007,178,2025-11-22,3495,140,True
8008,785,2025-01-06,3173,176,False
8009,280,2025-04-12,4914,43,False
8010,594,2026-08-17,1211,191,False
8011,321,2025-10-09,2113,26,False
8012,635,2026-04-19,2437,58,False
8013,643,2026-06-13,2820,103,False
8014,401,2025-08-06,742,117,False
8015,305,2026-02-10,867,173,False
8016,551,2026-06-24,2706,32,False
8017,164,2025-09-21,488,187,False
8018,233,2026-06-26,2499,105,False
8019,40,2025-02-18,900,135,False
8020,415,2026-07-06,172,15,False
8021,515,2025-08-31,2265,35,True
8022,305,2025-11-01,516,84,False
8023,600,2025-05-06,3479,108,False
8024,341,2026-05-14,3055,104,False
8025,168,2025-06-16,828,32,False
8026,4,2025-01-23,3878,139,False
8027,682,2025-03-05,1608,46,False
8028,649,2025-04-08,3582,43,False
8029,360,2026-01-10,5105,21,False
8030,175,2026-01-19,3896,175,False
8031,474,2025-04-24,1661,136,False
8032,379,2025-03-05,2599,6,False
8033,282,2025-05-21,1646,26,False
8034,528,2025-01-27,1858,123,False
8035,184,2025-07-17,4763,129,False
8036,28,2025-03-07,3719,182,False
8037,133,2025-05-06,2953,191,False
8038,274,2025-10-03,1483,173,False
8039,663,2025-07-02,2833,169,False
8040,212,2025-10-24,3408,105,False
8041,769,2025-05-13,3834,189,False
8042,107,2026-07-17,519,29,False
8043,799,2025-02-08,4682,119,False
8044,651,2025-09-14,2917,20,False
8045,55,2025-04-19,1929,154,False
8046,434,2025-11-09,3891,142,False
8047,545,2025-10-16,2978,197,False
8048,366,2026-05-11,1729,25,False
8049,786,2026-03-13,4930,142,False
8050,106,2026-05-10,4961,12,False
8051,432,2025-09-18,4916,17,False
8052,412,2025-07-18,421,90,False
8053,488,2026-01-30,4957,191,False
8054,214,2026-03-16,1456,37,False
8055,390,2025-04-19,1896,62,False
8056,102,2026-06-22,3661,161,False
8057,99,2025-10-21,2590,197,False
8058,422,2026-05-15,4466,108,False
8059,588,2025-02-10,3595,68,False
8060,546,2025-07-19,638,171,False
8061,766,2025-08-16,786,101,True
8062,46,2026-03-26,561,78,False
8063,347,2025-05-29,1798,46,False
8064,45,2026-03-24,2528,184,False
8065,289,2026-05-20,4766,89,True
8066,591,2025-05-27,1884,195,False
8067,476,2026-08-20,551,39,False
8068,166,2026-02-11,2982,110,False
8069,56,2025-11-06,2268,85,False
8070,123,2025-02-23,4555,38,False
8071,338,2025-11-06,218,196,False
8072,770,2025-06-16,1580,11,False
8073,313,2025-09-09,3770,4,False
8074,144,2025-01-18,84,183,False
8075,213,2026-04-26,3053,51,False
8076,548,2025-03-21,3632,102,False
8077,223,2025-11-09,208,21,False
8078,652,2025-03-06,3051,41,False
8079,31,2025-07-14,5028,167,False
8080,264,2026-07-29,2798,75,False
8081,203,2025-04-21,956,168,False
8082,371,2025-04-10,4241,186,False
8083,318,2026-07-18,350,194,False
8084,444,2025-02-14,4594,192,False
8085,264,2026-08-09,5150,83,False
8086,161,2026-04-01,805,42,False
8087,516,2025-08-19,1503,151,False
8088,237,2026-01-29,4498,101,False
8089,701,2025-12-26,4012,30,False
8090,771,2026-01-22,2934,161,False
8091,185,2025-04-25,3647,172,False
8092,219,2026-06-26,4707,144,False
8093,763,2025-10-11,3868,95,False
8094,650,2026-02-09,3078,131,False
8095,359,2026-03-10,2111,28,False
8096,429,2026-02-10,4832,165,False
8097,194,2025-10-25,3102,179,False
8098,517,2025-10-05,4500,163,False
8099,751,2025-12-14,4627,89,False
8100,366,2025-12-10,1779,121,False
8101,348,2026-05-10,4024,4,False
8102,471,2026-04-10,3484,98,False
8103,657,2026-02-05,1256,118,False
8104,433,2025-08-06,3080,163,False
8105,354,2025-10-27,5154,179,False
8106,386,2025-01-22,2903,152,True
8107,11,2025-06-16,3728,33,False
8108,643,2025-09-16,619,40,False
8109,286,2026-01-01,2120,175,False
8110,705,2025-08-17,157,101,False
8111,297,2025-02-01,1995,161,False
8112,205,2025-04-21,1868,118,False
8113,708,2025-04-18,1049,9,False
8114,109,2026-03-07,2703,193,False
8115,623,2026-07-05,2740,175,False
8116,649,2026-05-04,2996,96,False
8117,178,2025-10-30,2166,54,False
8118,170,2025-04-07,2810,55,False
8119,267,2026-07-08,3140,162,False
8120,693,2025-10-20,812,39,False
8121,276,2026-04-05,2615,118,False
8122,83,2025-07-17,4419,186,False
8123,325,2025-07-18,3815,104,False
8124,73,2025-12-11,3896,110,False
8125,427,2026-03-02,1610,89,False
8126,146,2025-02-27,4666,51,False
8127,224,2025-09-02,2651,52,True
8128,10,2026-07-22,4772,84,False
8129,17,2026-01-01,875,92,False
8130,599,2025-02-08,4499,6,False
8131,739,2026-01-29,1621,168,False
8132,318,2026-05-15,3597,1,False
8133,15,2026-06-03,122,47,False
8134,757,2025-04-29,2393,69,False
8135,328,2025-04-17,4216,187,False
8136,293,2026-04-13,3440,141,False
8137,635,2026-06-23,1695,33,False
8138,563,2025-06-21,1359,146,False
8139,591,2025-04-11,1267,100,False
8140,547,2026-04-25,4981,1,False
8141,16,2026-04-09,1650,83,False
8142,260,2026-07-10,3427,136,False
8143,542,2026-03-03,92,98,True
8144,715,2026-07-22,3245,151,False
8145,507,2026-05-16,3516,198,False
8146,319,2026-06-09,3147,47,False
8147,715,2026-04-14,4506,117,False
8148,442,2025-09-16,3701,31,False
8149,106,2025-03-07,1161,81,False
8150,319,2025-09-18,3711,141,False
8151,677,2025-06-10,1301,95,False
8152,349,2026-08-02,267,113,False
8153,441,2025-08-05,5022,96,True
8154,44,2026-06-25,2307,79,False
8155,527,2025-08-04,2350,148,False
8156,249,2025-10-22,5267,116,False
8157,75,2026-02-27,3292,55,False
8158,759,2025-08-30,4102,162,False
8159,328,2026-02-26,4738,149,False
8160,666,2025-02-27,1058,19,False
8161,561,2025-12-25,847,128,False
8162,705,2025-08-08,2327,102,False
8163,347,2025-04-16,425,125,False
8164,571,2025-10-13,2509,56,False
8165,750,2025-03-14,2950,17,False
8166,523,2026-05-20,5283,57,False
8167,530,2026-07-02,939,103,False
8168,719,2025-07-16,5140,154,False
8169,284,2025-07-24,1330,66,False
8170,431,2025-07-03,443,130,False
8171,585,2026-05-28,4575,138,False
8172,733,2025-01-17,1453,177,False
8173,638,2025-03-24,1620,153,False
8174,333,2025-01-25,422,73,False
8175,630,2026-01-12,2906,89,False
8176,479,2026-05-06,1073,101,False
8177,365,2026-02-14,3294,65,False
8178,378,2025-04-10,2442,29,False
8179,608,2025-08-30,1486,112,False
8180,16,2026-08-10,3254,170,False
8181,760,2026-05-19,858,94,False
8182,160,2025-02-06,4390,124,True
8183,556,2025-04-03,3747,128,False
8184,743,2026-05-05,497,182,True
8185,167,2026-02-02,5370,115,False
8186,479,2025-03-11,1539,126,False
8187,430,2025-05-31,5211,182,False
8188,38,2026-01-21,3305,27,True
8189,517,2026-04-28,4972,31,False
8190,774,2026-04-05,2497,113,False
8191,715,2025-02-18,4164,172,False
8192,743,2025-05-18,1685,189,False
8193,391,2025-12-01,3761,82,False
8194,570,2025-12-07,984,34,False
8195,190,2026-08-15,816,140,False
8196,227,2026-04-19,3834,66,False
8197,745,2025-06-20,206,39,False
8198,236,2025-04-14,1291,129,False
8199,579,2025-01-27,2655,163,False
8200,693,2025-11-14,3705,114,False
8201,504,2025-04-02,3134,67,True
8202,49,2025-11-20,4952,37,False
8203,761,2026-01-18,3920,185,False
8204,190,2026-04-12,1188,33,False
8205,793,2025-11-19,3809,130,False
8206,134,2025-08-08,3906,30,False
8207,277,2026-06-01,4599,99,False
8208,574,2026-01-27,4330,107,False
8209,43,2026-02-08,3401,165,False
8210,306,2026-07-31,3429,182,False
8211,721,2026-08-04,2474,175,False
8212,733,2026-03-07,1778,100,False
8213,434,2025-04-04,5171,103,False
8214,643,2025-01-11,1318,82,False
8215,635,2025-12-19,4541,43,False
8216,788,2025-04-02,4256,42,False
8217,347,2026-07-09,3339,32,False
8218,240,2025-08-30,1780,177,False
8219,702,2025-06-04,3852,145,False
8220,380,2025-09-03,4358,197,False
8221,480,2026-03-04,3244,65,False
8222,528,2025-07-20,4544,142,False
8223,641,2025-03-22,2771,8,True
8224,780,2025-09-26,4702,103,False
8225,296,2025-10-14,2198,80,False
8226,276,2026-07-27,4415,182,False
8227,704,2025-02-11,399,89,False
8228,262,2026-05-04,4864,105,False
8229,520,2025-06-28,3615,174,False
8230,502,2025-03-26,5023,69,False
8231,351,2025-03-20,4982,182,False
8232,533,2025-09-27,2680,38,False
8233,577,2026-01-21,3562,168,False
8234,152,2026-02-18,1594,28,False
8235,150,2026-04-07,5274,111,False
8236,364,2025-04-10,1045,90,False
8237,689,2026-01-05,1047,24,False
8238,302,2025-01-31,2130,78,False
8239,375,2025-09-20,2362,24,False
8240,337,2026-08-05,1389,42,False
8241,633,2026-01-06,5197,147,False
8242,113,2026-04-22,4552,102,False
8243,484,2025-02-02,1118,134,False
8244,519,2026-06-22,4547,146,False
8245,165,2025-08-17,1712,141,False
8246,151,2026-04-20,2407,123,False
8247,566,2025-08-08,5304,107,False
8248,21,2026-02-17,4372,154,True
8249,172,2025-11-24,1917,175,False
8250,397,2026-04-10,3471,162,False
8251,3,2026-07-23,4339,87,False
8252,31,2025-11-15,3114,28,False
8253,505,2025-01-20,1355,67,False
8254,533,2025-06-06,4384,198,False
8255,764,2025-07-24,1923,138,False
8256,476,2025-02-27,4353,33,False
8257,92,2025-10-23,2926,74,False
8258,454,2025-12-29,4323,147,False
8259,20,2025-11-02,4453,186,False
8260,77,2025-05-14,2959,114,False
8261,174,2025-08-15,1780,175,False
8262,100,2026-05-15,1752,104,False
8263,780,2025-03-24,216,158,False
8264,533,2025-11-21,2195,180,False
8265,469,2026-04-27,1145,117,False
8266,26,2026-08-28,3687,158,False
8267,112,2025-11-09,3582,40,True
8268,93,2025-08-22,4917,12,False
8269,499,2026-01-21,913,98,False
8270,612,2025-09-12,3910,125,False
8271,489,2026-04-28,1274,63,False
8272,134,2025-06-13,4278,99,False
8273,210,2025-07-05,4370,88,False
8274,397,2025-06-23,1597,83,False
8275,353,2026-04-22,5244,152,False
8276,79,2025-10-17,2383,7,False
8277,344,2026-03-22,3438,41,False
8278,189,2025-02-09,4040,175,False
8279,157,2026-04-11,3281,179,True
8280,704,2026-05-21,4706,66,False
8281,100,2025-03-20,391,93,False
8282,603,2025-03-01,2780,199,False
8283,42,2025-12-03,4276,91,False
8284,151,2026-07-05,128,163,False
8285,709,2026-05-26,2582,23,False
8286,172,2025-08-31,4786,160,False
8287,48,2026-07-19,1794,102,False
8288,380,2025-10-07,552,118,False
8289,196,2026-02-09,2093,65,False
8290,506,2026-08-09,2874,166,False
8291,445,2025-04-17,512,60,False
8292,466,2026-03-25,2603,50,True
8293,33,2025-09-13,3573,82,False
8294,228,2025-06-19,5196,118,False
8295,32,2025-09-10,3615,8,False
8296,758,2025-07-05,699,117,False
8297,76,2026-01-01,5047,55,False
8298,669,2025-04-01,3596,86,False
8299,699,2025-12-26,4547,45,False
8300,522,2026-01-23,1700,113,False
8301,647,2026-05-01,198,16,False
8302,727,2026-02-06,2360,151,False
8303,719,2026-02-25,1950,49,False
8304,236,2026-06-24,2266,38,False
8305,613,2025-12-26,5081,5,False
8306,240,2025-06-22,1901,195,False
8307,104,2026-04-06,1468,142,False
8308,248,2025-02-10,4756,94,False
8309,755,2025-08-27,4840,62,False
8310,129,2025-05-14,3903,138,False
8311,467,2026-05-13,698,93,False
8312,112,2026-08-08,4857,181,False
8313,378,2025-07-22,249,148,False
8314,728,2026-08-23,4374,193,False
8315,761,2026-08-06,4006,173,False
8316,687,2025-08-03,2267,117,False
8317,669,2025-05-08,1085,6,False
8318,440,2025-10-25,360,191,False
8319,29,2026-06-10,226,50,False
8320,529,2026-05-29,1634,115,True
8321,359,2026-03-22,2581,153,False
8322,191,2025-10-17,1886,51,False
8323,564,2025-09-16,3285,154,False
8324,19,2026-08-06,577,110,False
8325,123,2025-12-03,3808,184,False
8326,354,2026-05-24,857,24,False
8327,147,2026-05-19,2406,56,False
8328,536,2026-03-27,153,145,False
8329,640,2026-06-19,5018,177,False
8330,544,2026-01-17,2385,47,False
8331,103,2025-09-26,2033,144,False
8332,484,2025-05-06,941,83,False
8333,751,2025-02-06,1275,174,False
8334,741,2025-04-21,1487,75,False
8335,131,2026-08-16,545,190,False
8336,168,2026-06-11,2611,47,False
8337,141,2025-10-15,817,198,False
8338,211,2025-05-27,911,144,False
8339,726,2025-03-05,514,44,False
8340,64,2025-05-28,381,64,True
8341,448,2025-05-25,4483,14,False
8342,750,2026-05-29,4142,188,False
8343,661,2026-03-16,3660,31,False
8344,364,2025-01-29,4784,2,False
8345,429,2025-01-05,2465,117,False
8346,322,2026-03-12,1843,91,True
8347,534,2025-03-23,2338,134,False
8348,789,2026-01-09,2514,93,False
8349,467,2025-09-29,601,42,False
8350,343,2025-01-24,1577,117,False
8351,722,2026-02-02,2548,171,False
8352,268,2025-04-20,2510,24,False
8353,51,2025-05-18,2122,55,False
8354,167,2025-07-02,507,172,False
8355,523,2026-07-24,1550,183,False
8356,352,2025-05-18,2497,45,False
8357,715,2025-06-07,1194,161,False
8358,549,2025-04-13,2507,77,True
8359,460,2026-06-26,1752,143,False
8360,732,2026-06-03,1678,113,False
8361,596,2026-08-01,5027,83,False
8362,154,2026-07-16,4691,1,False
8363,568,2025-11-01,3790,73,False
8364,554,2025-04-17,2285,124,False
8365,750,2025-09-13,4333,153,False
8366,6,2025-12-18,826,41,False
8367,130,2026-05-01,1033,40,False
8368,641,2025-09-20,4060,152,False
8369,770,2025-01-24,4876,50,False
8370,225,2025-08-17,816,58,False
8371,768,2025-12-04,2676,83,False
8372,32,2026-08-02,488,120,False
8373,562,2026-01-02,5260,66,False
8374,316,2025-01-28,2010,100,False
8375,513,2025-11-17,4411,192,False
8376,715,2026-08-15,4311,176,False
8377,457,2025-08-29,904,93,False
8378,187,2025-07-12,5138,71,False
8379,763,2025-01-07,5199,79,False
8380,230,2025-12-12,3563,100,False
8381,402,2025-06-20,5181,80,False
8382,135,2026-07-20,4836,107,False
8383,701,2025-06-04,3047,112,False
8384,786,2026-01-27,3083,23,False
8385,307,2026-01-24,5371,119,False
8386,347,2026-04-11,1052,109,False
8387,372,2025-08-23,2564,184,False
8388,759,2025-02-28,3064,98,False
8389,489,2025-04-15,543,84,False
8390,74,2025-12-12,3984,35,False
8391,604,2025-06-27,3420,27,False
8392,359,2025-07-08,432,124,False
8393,54,2025-03-09,4571,82,False
8394,380,2025-09-12,2284,102,False
8395,52,2025-12-12,621,55,False
8396,205,2025-05-25,482,29,False
8397,591,2026-03-29,1509,193,False
8398,398,2026-01-09,2160,126,False
8399,350,2025-08-16,2184,110,False
8400,281,2025-11-22,3051,94,False
8401,704,2026-04-30,3551,9,False
8402,198,2025-03-19,3883,181,False
8403,755,2025-07-09,2406,123,False
8404,293,2026-03-19,1938,108,False
8405,313,2026-03-14,4027,194,False
8406,509,2025-06-22,686,49,False
8407,613,2026-01-09,4868,40,False
8408,375,2025-12-23,2688,148,False
8409,510,2025-12-20,3391,179,False
8410,328,2026-06-12,724,85,False
8411,621,2025-05-25,503,33,False
8412,683,2025-08-30,549,167,False
8413,693,2025-09-19,2154,33,False
8414,516,2026-01-24,3963,90,False
8415,223,2026-02-28,5175,80,False
8416,510,2026-06-08,3298,42,False
8417,500,2025-04-02,2334,190,False
8418,178,2026-01-13,2879,100,False
8419,684,2025-04-14,937,123,False
8420,601,2026-08-20,930,21,False
8421,354,2025-01-03,4635,166,False
8422,30,2025-02-19,4972,79,False
8423,577,2026-06-29,4529,24,False
8424,171,2025-08-09,4650,113,False
8425,600,2025-08-01,3931,119,False
8426,331,2026-03-03,4555,123,False
8427,572,2025-03-23,293,157,False
8428,712,2025-10-24,380,75,False
8429,73,2025-07-16,4844,66,True
8430,23,2025-06-06,418,32,False
8431,540,2025-05-01,1424,194,True
8432,356,2025-07-23,2561,64,False
8433,559,2025-10-30,2857,191,True
8434,96,2026-03-16,1578,102,False
8435,696,2025-04-29,4794,189,False
8436,185,2026-04-23,1834,109,False
8437,107,2025-04-22,4239,188,False
8438,325,2026-01-21,3840,168,False
8439,655,2025-08-19,284,12,False
8440,79,2026-06-24,5053,11,False
8441,401,2026-02-24,1148,31,False
8442,664,2025-11-13,3269,107,False
8443,414,2025-02-08,3255,32,False
8444,67,2026-05-15,184,37,False
8445,162,2026-08-25,5246,47,False
8446,469,2025-03-07,245,176,False
8447,520,2025-11-25,2353,61,False
8448,131,2026-08-22,1273,137,False
8449,313,2026-01-08,1146,72,False
8450,86,2026-06-15,78,54,False
8451,460,2026-05-02,704,28,False
8452,371,2026-06-27,773,116,False
8453,523,2025-06-30,3615,111,False
8454,277,2026-06-19,315,173,False
8455,790,2025-04-10,2934,169,False
8456,37,2026-05-27,1520,29,False
8457,194,2025-12-09,222,112,False
8458,52,2025-02-21,275,64,False
8459,685,2026-02-26,4519,122,False
8460,240,2026-07-07,4923,96,False
8461,25,2026-06-17,3357,72,False
8462,627,2025-04-13,2839,50,False
8463,715,2026-05-29,1297,97,False
8464,682,2026-06-11,4657,27,False
8465,168,2026-08-10,2662,96,False
8466,54,2025-12-06,3673,39,False
8467,234,2026-07-07,4247,38,False
8468,138,2025-06-21,2502,67,False
8469,614,2025-11-11,1798,157,False
8470,272,2025-07-11,2530,152,False
8471,359,2025-08-07,4829,187,False
8472,521,2025-06-13,3899,196,False
8473,355,2026-02-03,3738,41,False
8474,229,2026-03-17,1753,43,False
8475,174,2026-05-10,1760,190,False
8476,178,2026-03-23,2881,162,False
8477,104,2025-03-19,176,130,False
8478,471,2025-09-17,660,89,False
8479,183,2026-01-13,3016,51,False
8480,546,2025-09-17,4244,24,False
8481,289,2025-04-13,2085,181,False
8482,390,2025-05-10,1792,120,False
8483,674,2025-11-22,3798,10,False
8484,535,2025-08-30,989,78,False
8485,233,2026-03-04,564,151,False
8486,4,2026-02-07,4008,62,False
8487,583,2025-06-02,2689,184,False
8488,263,2026-01-15,530,74,False
8489,61,2025-12-18,3451,163,False
8490,488,2025-03-20,5142,102,False
8491,646,2026-05-21,1932,161,False
8492,521,2026-03-20,3732,100,False
8493,661,2026-06-21,3792,134,False
8494,156,2026-08-24,4006,79,False
8495,684,2025-06-22,2576,43,False
8496,266,2026-05-08,470,22,False
8497,420,2026-08-05,705,95,False
8498,182,2025-01-05,3057,103,False
8499,493,2026-01-26,2795,132,False
8500,719,2026-05-15,190,179,True
8501,780,2025-03-16,1298,197,False
8502,237,2025-01-19,1786,79,False
8503,324,2025-07-07,4412,14,False
8504,706,2025-03-23,3918,108,False
8505,249,2025-04-27,4646,179,False
8506,707,2025-05-28,1188,127,False
8507,432,2025-05-29,4708,108,False
8508,421,2025-10-26,3773,86,False
8509,749,2026-07-20,291,184,False
8510,697,2026-05-28,2985,159,False
8511,735,2025-03-08,1429,169,False
8512,62,2026-05-10,4919,7,False
8513,91,2026-04-03,2406,56,False
8514,101,2025-08-15,2698,24,False
8515,429,2025-09-07,5072,110,False
8516,326,2025-10-15,1647,6,False
8517,176,2026-06-27,3371,168,False
8518,554,2025-04-14,4728,187,False
8519,181,2025-11-01,3084,165,False
8520,777,2026-08-01,2596,20,False
8521,286,2026-02-11,1665,102,False
8522,374,2025-06-15,1576,162,False
8523,47,2026-05-16,4511,82,False
8524,6,2025-05-05,2261,19,False
8525,129,2025-05-25,1810,151,False
8526,146,2026-08-23,2408,88,False
8527,76,2026-04-13,354,171,False
8528,351,2025-05-09,1223,109,False
8529,562,2026-04-19,4895,73,False
8530,552,2025-04-21,4312,157,False
8531,641,2025-07-03,4832,151,False
8532,470,2026-08-20,4435,32,False
8533,112,2025-08-10,226,52,False
8534,701,2025-02-16,2420,130,False
8535,676,2026-08-29,742,185,False
8536,213,2025-01-21,121,173,False
8537,691,2026-08-18,1333,33,False
8538,432,2025-10-04,582,189,False
8539,309,2025-06-16,4868,94,False
8540,116,2025-06-30,2763,196,True
8541,748,2025-03-19,5075,47,False
8542,517,2026-06-13,1430,185,False
8543,350,2026-08-11,2748,112,False
8544,610,2026-03-23,1806,70,False
8545,620,2025-05-16,2785,69,False
8546,411,2025-11-25,2879,40,False
8547,174,2026-03-04,264,198,False
8548,359,2025-01-07,3589,85,False
8549,488,2026-01-20,1150,130,False
8550,149,2025-06-11,1034,43,False
8551,97,2026-03-22,5377,64,False
8552,748,2026-06-25,3719,185,False
8553,466,2025-08-03,544,9,False
8554,485,2025-05-31,615,92,False
8555,353,2025-09-03,449,115,False
8556,653,2025-01-17,3062,62,False
8557,296,2025-06-05,3655,114,False
8558,20,2025-05-21,3627,184,False
8559,614,2025-01-16,50,71,False
8560,202,2026-04-05,1598,60,False
8561,609,2025-10-10,1016,49,False
8562,386,2026-06-06,4521,99,False
8563,288,2025-06-26,809,177,False
8564,429,2025-06-23,4262,92,True
8565,352,2025-09-19,1319,134,False
8566,324,2025-05-21,4765,167,False
8567,218,2026-04-07,1744,25,False
8568,270,2026-05-24,1865,97,False
8569,266,2026-02-16,2912,199,False
8570,361,2025-04-30,5041,71,False
8571,778,2026-04-17,2434,58,False
8572,293,2025-08-09,2629,25,False
8573,499,2026-08-21,2089,33,False
8574,33,2025-08-20,1700,108,False
8575,3,2025-12-31,5315,154,False
8576,555,2025-08-29,3375,133,False
8577,534,2026-06-18,5224,111,False
8578,618,2025-02-15,4775,52,False
8579,448,2026-08-19,2339,104,False
8580,249,2026-05-28,4804,133,False
8581,80,2025-01-22,718,45,False
8582,773,2025-05-11,1333,92,False
8583,147,2025-07-20,2513,118,False
8584,790,2025-08-11,848,9,False
8585,219,2025-12-22,114,133,False
8586,455,2026-01-22,2434,9,False
8587,75,2025-04-15,387,87,False
8588,636,2026-05-03,5070,12,False
8589,322,2025-01-03,2910,53,False
8590,437,2025-12-23,5212,83,False
8591,105,2026-03-31,3472,31,False
8592,209,2025-08-08,1511,164,False
8593,324,2025-09-09,3598,175,False
8594,57,2025-01-04,391,65,False
8595,591,2025-03-28,2715,112,False
8596,276,2025-10-28,3839,126,False
8597,589,2025-03-15,2425,96,False
8598,149,2025-12-08,1274,169,True
8599,27,2026-07-06,4982,174,False
8600,738,2025-08-07,1163,112,False
8601,177,2026-03-06,1516,137,False
8602,777,2026-01-18,3980,184,False
8603,557,2026-03-23,1422,173,True
8604,426,2026-04-24,1109,61,False
8605,507,2026-03-05,809,186,False
8606,451,2025-01-22,4237,102,False
8607,301,2026-05-04,684,187,False
8608,745,2026-05-08,5003,109,False
8609,49,2025-08-31,830,195,False
8610,598,2025-12-25,854,35,False
8611,495,2026-05-15,5191,156,True
8612,130,2025-07-17,2968,100,False
8613,532,2025-04-13,3878,28,False
8614,762,2026-02-26,3789,130,False
8615,234,2025-07-16,1582,110,False
8616,458,2026-03-04,2903,20,False
8617,304,2025-09-03,2571,31,False
8618,17,2026-04-06,4915,128,False
8619,46,2025-04-18,4582,192,False
8620,157,2025-09-08,393,105,False
8621,508,2025-11-27,3496,76,False
8622,638,2025-12-16,5371,74,False
8623,63,2026-05-25,2450,146,False
8624,103,2025-10-17,3040,76,False
8625,689,2026-08-28,4139,108,False
8626,682,2025-08-09,1175,171,False
8627,426,2026-05-19,1553,156,False
8628,630,2025-03-20,3428,192,False
8629,171,2025-10-16,5221,145,False
8630,29,2026-07-12,3598,71,False
8631,727,2026-07-21,4188,18,True
8632,265,2025-03-19,57,92,False
8633,286,2025-07-22,535,71,False
8634,406,2026-01-29,4524,96,False
8635,486,2025-01-30,4198,187,False
8636,61,2025-08-31,412,131,False
8637,470,2026-07-14,2131,32,True
8638,464,2026-05-14,1183,48,False
8639,595,2025-10-24,3287,36,False
8640,785,2025-10-14,3230,71,False
8641,574,2025-08-03,147,192,False
8642,481,2025-04-24,4189,28,False
8643,711,2026-02-24,959,142,False
8644,395,2025-04-02,3461,2,False
8645,44,2026-03-29,4498,22,False
8646,694,2025-08-26,3363,38,False
8647,775,2026-04-28,5318,81,False
8648,772,2025-11-21,2676,9,False
8649,732,2026-08-08,1506,10,False
8650,721,2026-01-18,2787,49,False
8651,552,2026-07-14,3962,160,False
8652,30,2026-05-31,2340,72,False
8653,599,2026-03-21,537,19,False
8654,80,2025-08-16,1521,13,False
8655,119,2025-02-06,2831,14,False
8656,493,2026-04-20,1978,192,False
8657,739,2026-01-06,4950,82,False
8658,182,2025-05-17,4745,27,False
8659,133,2025-02-08,3499,30,False
8660,417,2026-06-18,2086,171,False
8661,284,2025-12-03,949,163,False
8662,671,2025-03-01,4116,143,False
8663,154,2026-06-10,5144,105,False
8664,751,2026-05-03,3319,154,False
8665,210,2025-10-03,111,99,False
8666,267,2025-06-12,1232,45,False
8667,537,2025-05-07,2983,84,False
8668,679,2026-02-03,856,187,False
8669,385,2025-05-31,3118,77,False
8670,404,2025-11-27,690,46,False
8671,514,2025-01-12,2429,123,False
8672,527,2025-12-17,2690,5,False
8673,628,2025-08-18,3500,102,False
8674,101,2026-08-19,1123,31,False
8675,764,2026-02-16,3214,3,False
8676,51,2025-12-30,1424,70,False
8677,190,2025-09-28,2345,141,False
8678,625,2025-05-11,4528,17,False
8679,226,2026-03-19,379,18,False
8680,479,2025-09-07,2653,162,False
8681,126,2025-04-07,5089,183,False
8682,660,2025-02-28,1816,112,False
8683,241,2025-12-11,2308,93,False
8684,93,2025-07-23,1025,185,False
8685,89,2025-01-29,907,52,False
8686,138,2025-06-27,2377,117,False
8687,586,2026-08-28,3095,12,False
8688,51,2026-01-26,1444,13,False
8689,478,2025-03-15,3048,72,False
8690,521,2026-07-09,239,107,False
8691,263,2026-08-22,2844,1,False
8692,493,2025-06-20,4687,16,False
8693,235,2025-10-18,3852,28,False
8694,341,2026-05-30,3083,187,True
8695,24,2025-10-23,5205,52,True
8696,109,2026-06-16,4490,131,False
8697,83,2025-11-30,333,183,False
8698,20,2026-01-20,4008,70,False
8699,270,2026-05-10,3922,31,False
8700,208,2026-03-01,108,122,False
8701,206,2025-01-20,2198,66,False
8702,3,2026-04-30,3538,150,False
8703,630,2025-02-19,3605,193,False
8704,760,2025-08-14,783,188,False
8705,591,2025-01-13,1319,77,False
8706,137,2026-08-22,421,125,False
8707,626,2026-01-13,2769,90,False
8708,213,2025-08-20,186,135,False
8709,242,2026-05-29,3409,55,False
8710,639,2025-02-21,4565,80,False
8711,169,2025-05-21,4216,23,False
8712,796,2026-03-21,3094,45,False
8713,686,2026-07-13,3635,45,False
8714,497,2025-07-23,4179,71,False
8715,404,2026-02-19,4175,31,False
8716,203,2025-01-17,3458,132,False
8717,524,2025-05-22,5304,195,False
8718,363,2025-04-19,774,174,False
8719,520,2025-10-30,2611,151,False
8720,48,2025-08-13,3294,133,False
8721,296,2025-02-26,4538,64,False
8722,88,2025-05-10,630,191,False
8723,331,2025-02-24,1659,113,False
8724,568,2025-03-24,312,134,False
8725,92,2026-02-06,1643,17,False
8726,664,2025-04-09,1857,126,False
8727,662,2025-02-06,1776,40,True
8728,217,2026-01-16,566,3,True
8729,155,2026-03-29,3188,185,False
8730,591,2025-03-19,3818,122,False
8731,613,2025-08-11,1118,4,False
8732,513,2026-04-21,3281,15,False
8733,119,2025-04-03,2035,158,False
8734,408,2026-05-26,3696,104,False
8735,205,2026-01-06,2516,32,False
8736,232,2026-03-16,4903,117,False
8737,463,2026-05-22,4022,185,False
8738,789,2025-05-29,1980,129,False
8739,159,2025-05-24,2651,168,False
8740,199,2025-12-16,3029,174,False
8741,198,2026-04-23,678,189,False
8742,167,2025-02-07,2038,95,False
8743,755,2026-01-05,1505,199,False
8744,88,2026-07-27,783,96,True
8745,156,2026-01-10,1362,68,False
8746,528,2025-01-05,4548,110,False
8747,281,2025-04-10,4367,172,False
8748,721,2025-05-15,3103,67,False
8749,475,2025-08-19,3358,97,False
8750,108,2025-02-20,3377,55,False
8751,387,2026-04-27,3784,70,False
8752,84,2026-08-27,1416,22,False
8753,342,2025-08-19,3059,172,False
8754,724,2025-01-25,4476,168,False
8755,384,2026-02-02,220,198,False
8756,529,2025-01-02,2765,9,False
8757,310,2025-08-01,601,13,False
8758,776,2025-03-03,402,196,False
8759,477,2026-01-20,3358,166,False
8760,569,2026-06-19,1751,58,False
8761,638,2025-08-19,2748,97,False
8762,618,2025-09-01,2469,140,False
8763,754,2025-11-10,3028,78,False
8764,370,2026-07-28,1823,146,False
8765,130,2026-02-16,2811,156,False
8766,191,2026-08-06,645,80,False
8767,193,2025-07-05,1355,7,False
8768,456,2026-03-17,1772,82,False
8769,70,2026-07-27,2893,192,False
8770,287,2025-04-13,45,119,False
8771,584,2025-09-17,4810,21,False
8772,376,2026-08-13,1166,14,False
8773,269,2025-11-12,4514,193,True
8774,413,2025-09-23,3460,5,False
8775,104,2026-01-11,1686,1,False
8776,22,2025-10-09,2929,144,False
8777,576,2025-10-26,1521,21,False
8778,487,2026-01-22,2045,104,False
8779,550,2025-04-22,4391,25,False
8780,287,2026-03-11,5184,199,False
8781,178,2026-05-10,2557,40,False
8782,650,2026-08-08,276,60,False
8783,587,2026-04-06,2389,58,False
8784,46,2026-08-13,3467,75,False
8785,774,2025-11-11,2744,64,False
8786,445,2025-09-09,3366,127,False
8787,236,2026-02-27,822,85,False
8788,289,2025-03-28,2826,137,False
8789,439,2025-09-18,2249,111,False
8790,75,2026-07-10,1446,77,False
8791,65,2025-01-11,5184,163,False
8792,331,2025-03-14,2737,25,False
8793,765,2026-02-03,1913,170,False
8794,328,2025-12-02,2555,14,False
8795,687,2026-04-11,3488,105,False
8796,603,2025-04-11,813,1,False
8797,679,2025-09-18,5298,120,False
8798,122,2025-08-06,1300,74,False
8799,799,2026-07-30,586,25,False
8800,665,2025-11-18,2378,56,False
8801,687,2025-03-16,5216,98,False
8802,39,2026-03-04,2027,5,False
8803,214,2026-01-09,3124,89,False
8804,413,2026-08-15,728,132,False
8805,505,2025-09-02,2695,43,False
8806,520,2026-07-12,1310,71,False
8807,783,2025-07-13,55,90,False
8808,12,2025-11-12,3207,109,False
8809,201,2025-07-17,2848,124,False
8810,56,2025-07-09,3809,172,False
8811,427,2025-12-20,5365,142,False
8812,219,2025-11-22,4065,73,False
8813,494,2026-07-02,4635,171,False
8814,306,2025-08-11,2927,44,False
8815,204,2026-01-03,5078,158,False
8816,278,2025-10-06,325,56,False
8817,506,2026-06-13,4242,78,False
8818,778,2026-07-10,1270,8,False
8819,137,2025-06-29,5226,178,False
8820,134,2025-11-09,3940,45,False
8821,771,2025-08-09,1093,9,False
8822,713,2025-01-26,1579,180,True
8823,714,2026-06-18,397,192,True
8824,756,2026-02-20,3628,26,False
8825,172,2026-07-26,1133,170,False
8826,141,2025-06-20,3507,66,False
8827,524,2025-07-24,360,156,False
8828,607,2025-05-10,2800,26,False
8829,666,2025-08-03,1210,5,False
8830,799,2026-04-11,1686,12,False
8831,718,2026-05-30,2300,155,False
8832,199,2025-04-11,458,76,False
8833,236,2025-01-27,2050,40,False
8834,403,2026-01-05,3946,164,False
8835,239,2025-03-31,1885,80,False
8836,608,2026-05-12,1357,8,False
8837,659,2025-03-04,2654,166,False
8838,588,2025-07-02,1550,137,False
8839,8,2025-07-19,4827,134,False
8840,667,2025-10-14,687,10,False
8841,230,2026-06-05,2633,34,False
8842,279,2025-12-17,3938,145,False
8843,448,2025-06-23,2114,154,False
8844,97,2026-01-25,5183,193,False
8845,586,2025-11-08,5370,166,False
8846,542,2026-08-13,2618,55,False
8847,359,2026-08-05,3843,102,True
8848,272,2026-06-24,1973,92,False
8849,228,2025-04-13,5156,80,False
8850,517,2025-05-07,2803,110,False
8851,792,2025-04-23,3318,179,False
8852,379,2025-11-28,2131,46,False
8853,780,2026-05-09,2325,110,False
8854,367,2025-04-06,1687,10,False
8855,4,2026-08-13,1385,103,False
8856,706,2025-02-06,5247,14,False
8857,282,2025-11-12,1828,171,False
8858,513,2025-08-12,5050,74,False
8859,376,2026-07-10,54,44,False
8860,500,2025-07-14,3389,42,False
8861,611,2025-04-23,4400,53,False
8862,777,2025-12-13,134,103,True
8863,768,2025-02-01,383,68,False
8864,216,2026-01-25,2024,13,False
8865,18,2025-03-31,1726,40,False
8866,551,2025-08-23,1098,137,False
8867,163,2025-12-22,2725,63,False
8868,285,2026-06-11,3162,31,False
8869,603,2026-02-24,4662,121,False
8870,480,2026-05-26,2175,7,False
8871,479,2026-05-07,4302,126,False
8872,654,2026-03-14,2267,51,False
8873,506,2025-07-22,4098,104,False
8874,739,2025-08-01,4986,137,True
8875,158,2026-06-12,2227,89,False
8876,342,2025-05-28,4884,23,False
8877,354,2026-06-08,3047,142,False
8878,666,2025-03-12,1486,155,False
8879,669,2026-05-18,4641,55,False
8880,269,2025-06-02,3377,125,False
8881,736,2026-03-16,3017,7,False
8882,529,2026-08-06,4680,62,False
8883,189,2026-07-12,3528,167,False
8884,703,2025-09-11,5184,18,False
8885,138,2025-03-30,66,68,False
8886,549,2025-09-10,4025,182,False
8887,746,2026-01-03,2644,94,False
8888,565,2025-10-13,563,47,False
8889,402,2026-04-10,1913,145,False
8890,671,2026-01-29,3682,126,False
8891,152,2025-01-19,371,94,False
8892,202,2026-07-13,2668,138,False
8893,516,2025-06-14,3660,157,False
8894,598,2025-03-11,1581,106,False
8895,220,2025-05-28,4716,40,True
8896,511,2026-05-13,4817,117,False
8897,632,2026-04-25,3484,163,False
8898,437,2025-09-30,3459,59,False
8899,131,2025-11-07,1518,11,False
8900,781,2025-06-16,4932,117,False
8901,287,2026-08-21,2685,70,False
8902,331,2025-11-27,390,164,False
8903,459,2025-03-14,1904,122,False
8904,188,2025-11-25,4240,155,False
8905,60,2025-02-12,3127,100,False
8906,672,2025-03-22,3179,45,True
8907,603,2025-05-12,3737,131,False
8908,149,2025-02-28,1648,156,False
8909,413,2026-06-05,1438,47,False
8910,597,2026-01-16,4737,136,False
8911,787,2025-11-01,2654,194,False
8912,743,2026-03-23,4310,87,True
8913,54,2026-01-07,3416,53,False
8914,658,2026-01-09,3082,97,False
8915,114,2025-12-09,2738,87,False
8916,507,2025-08-03,5248,103,False
8917,474,2025-01-01,3138,135,False
8918,739,2025-12-04,4316,156,False
8919,467,2026-04-19,1256,147,True
8920,392,2026-07-05,2539,122,False
8921,485,2025-05-25,2912,134,False
8922,61,2026-07-15,323,169,False
8923,25,2025-01-31,5398,47,False
8924,588,2025-05-21,3299,164,False
8925,398,2026-05-30,604,34,False
8926,574,2025-02-27,2357,182,False
8927,387,2025-10-16,5330,109,False
8928,693,2026-02-01,3140,175,False
8929,250,2025-01-26,1221,190,False
8930,325,2025-04-16,283,5,False
8931,212,2025-08-22,2207,109,False
8932,117,2026-05-02,4452,73,False
8933,95,2026-04-07,1471,37,False
8934,83,2025-06-20,4353,75,False
8935,80,2025-08-31,3030,122,False
8936,277,2025-04-02,4083,137,False
8937,357,2025-09-28,4895,18,False
8938,635,2026-05-11,4218,113,False
8939,660,2025-02-24,3758,122,False
8940,418,2025-05-07,1004,198,False
8941,475,2025-06-29,3968,43,False
8942,137,2025-01-06,2778,124,False
8943,210,2026-07-05,1138,157,False
8944,194,2026-05-14,4098,113,False
8945,396,2025-07-19,4919,42,False
8946,279,2025-02-26,3376,170,False
8947,169,2025-11-01,4728,27,False
8948,385,2025-09-12,2809,158,False
8949,95,2025-03-28,4821,186,False
8950,672,2025-08-29,1936,32,False
8951,606,2026-07-11,161,124,False
8952,794,2025-03-28,3586,97,False
8953,216,2026-06-16,1904,145,False
8954,480,2025-01-22,240,198,False
8955,650,2025-09-29,2916,47,False
8956,312,2025-02-21,181,141,False
8957,748,2026-02-26,2790,186,False
8958,147,2025-09-17,2371,5,False
8959,138,2026-01-06,1505,161,False
8960,409,2026-08-04,2974,13,False
8961,284,2026-06-17,2220,34,False
8962,491,2026-03-17,1771,146,False
8963,683,2025-08-01,468,177,False
8964,262,2026-03-10,3693,154,True
8965,593,2025-11-25,409,38,False
8966,260,2026-02-11,5019,164,False
8967,36,2026-02-24,4588,58,True
8968,663,2026-04-12,716,59,False
8969,419,2026-03-22,1937,158,False
8970,528,2025-11-18,2577,161,False
8971,299,2025-04-28,3112,158,False
8972,361,2026-08-22,5092,198,False
8973,656,2025-02-14,173,49,False
8974,447,2026-01-04,5158,115,False
8975,119,2025-05-18,3509,114,False
8976,404,2026-01-18,2664,119,False
8977,108,2025-10-01,1752,197,False
8978,140,2025-01-13,4167,49,False
8979,789,2026-07-20,242,37,False
8980,697,2026-04-04,1061,43,False
8981,694,2025-07-23,4653,20,False
8982,73,2025-08-05,4351,2,False
8983,799,2025-12-04,2490,62,False
8984,171,2026-04-15,5268,43,True
8985,143,2026-08-24,2154,189,True
8986,450,2026-05-30,1812,31,False
8987,305,2025-02-15,754,65,False
8988,369,2025-01-14,1291,132,False
8989,693,2025-04-21,1335,128,False
8990,477,2025-08-22,662,9,False
8991,240,2025-01-28,5246,103,False
8992,736,2026-07-04,2431,193,False
8993,565,2026-02-03,5375,42,False
8994,229,2025-03-19,1782,184,False
8995,44,2026-06-06,4862,170,False
8996,121,2026-03-28,2708,63,False
8997,164,2025-07-06,1331,77,False
8998,98,2025-07-16,2811,182,False
8999,740,2026-02-28,1166,116,False
9000,48,2025-11-06,4664,96,False
9001,759,2026-08-04,1696,98,False
9002,633,2026-07-03,4769,172,False
9003,61,2026-07-23,4051,28,False
9004,366,2026-01-20,2381,137,False
9005,6,2026-04-14,2501,8,False
9006,205,2025-09-21,4105,19,False
9007,217,2026-04-04,201,30,False
9008,540,2026-02-28,3028,142,True
9009,153,2025-11-05,3807,170,False
9010,622,2025-05-16,3929,128,False
9011,564,2026-08-09,4817,81,False
9012,750,2025-01-08,3791,161,False
9013,441,2025-03-09,2414,56,False
9014,320,2026-01-11,4475,153,False
9015,576,2025-08-24,951,132,False
9016,552,2026-06-07,907,146,False
9017,169,2025-01-30,80,55,False
9018,217,2026-03-01,4303,129,False
9019,512,2025-05-25,1698,37,False
9020,693,2025-11-12,1237,171,False
9021,420,2025-09-22,1034,18,False
9022,727,2025-03-28,3723,156,False
9023,437,2025-09-12,2576,119,False
9024,505,2025-02-21,5183,147,False
9025,293,2026-06-03,3727,14,False
9026,528,2025-06-19,3169,25,False
9027,62,2025-03-05,979,66,False
9028,528,2026-08-08,4785,194,False
9029,322,2026-01-08,1692,92,True
9030,474,2025-10-08,4383,175,False
9031,790,2025-10-21,57,62,False
9032,352,2026-05-04,3795,107,False
9033,542,2025-09-04,4192,87,False
9034,593,2025-01-08,431,180,False
9035,135,2026-02-12,3821,81,False
9036,782,2025-10-14,159,108,False
9037,445,2025-03-15,2900,59,False
9038,597,2025-05-30,4897,110,False
9039,102,2025-08-15,2149,117,False
9040,248,2026-08-02,3774,168,False
9041,752,2026-05-09,1060,108,False
9042,401,2025-05-01,2969,78,False
9043,18,2025-05-13,2515,121,False
9044,478,2025-01-31,44,144,False
9045,682,2025-05-06,4535,60,False
9046,66,2025-04-09,697,160,False
9047,153,2025-11-15,361,73,True
9048,394,2025-02-08,3734,179,False
9049,321,2025-11-29,4478,74,False
9050,82,2025-07-11,1290,125,False
9051,154,2026-02-15,3679,61,False
9052,409,2026-08-28,1944,58,False
9053,480,2026-08-01,4152,24,False
9054,70,2026-07-19,4483,156,False
9055,575,2025-12-12,3091,94,False
9056,290,2025-12-14,1772,19,False
9057,799,2025-12-23,1994,51,False
9058,764,2026-05-20,2809,130,False
9059,495,2025-06-10,1037,146,False
9060,6,2025-08-31,409,141,False
9061,102,2025-07-26,3662,188,False
9062,220,2026-06-25,2692,175,False
9063,353,2025-05-09,2755,76,False
9064,298,2025-05-08,3877,79,False
9065,621,2025-08-10,2577,47,False
9066,473,2025-09-02,1259,151,False
9067,238,2026-03-07,38,145,False
9068,773,2025-03-15,3142,113,False
9069,717,2025-05-10,3215,143,False
9070,512,2026-07-23,3186,126,False
9071,175,2026-01-25,504,161,False
9072,716,2025-07-25,4409,137,False
9073,585,2026-08-14,4870,115,False
9074,131,2025-05-30,1969,32,False
9075,140,2026-01-23,207,102,False
9076,231,2025-05-15,4833,148,False
9077,504,2026-02-21,3504,194,False
9078,710,2025-10-15,2555,19,False
9079,112,2025-03-27,1012,50,False
9080,5,2025-11-02,204,194,False
9081,547,2025-09-30,1241,197,False
9082,364,2026-02-13,443,29,False
9083,63,2026-06-29,927,57,False
9084,363,2026-05-07,4921,197,False
9085,32,2025-07-21,3698,15,False
9086,758,2026-03-03,446,50,False
9087,690,2025-12-03,4274,184,False
9088,360,2025-10-26,4292,82,False
9089,659,2025-05-11,1018,165,False
9090,726,2025-11-22,5327,114,False
9091,25,2025-07-23,707,56,False
9092,469,2026-08-16,4522,96,False
9093,178,2025-10-06,1686,121,False
9094,240,2025-09-29,2208,141,True
9095,509,2025-02-17,2400,99,False
9096,119,2025-07-15,1279,135,False
9097,736,2026-08-23,4585,27,False
9098,393,2026-01-27,894,74,False
9099,696,2026-03-25,3328,151,False
9100,15,2026-02-13,2003,153,False
9101,634,2025-10-16,5235,163,False
9102,269,2026-07-23,2663,98,True
9103,565,2025-07-08,4766,115,True
9104,419,2025-08-02,2580,124,False
9105,461,2026-03-17,3821,20,False
9106,447,2025-11-06,3353,141,False
9107,386,2025-08-24,2009,45,False
9108,356,2026-01-14,4281,123,False
9109,779,2026-05-17,1795,173,False
9110,772,2026-03-07,922,16,False
9111,471,2025-09-18,3648,69,False
9112,119,2025-01-25,1809,151,False
9113,43,2026-05-04,3865,21,False
9114,798,2026-07-01,4019,95,True
9115,148,2026-03-26,3917,147,False
9116,554,2025-04-18,4817,27,False
9117,569,2026-06-10,4210,193,False
9118,660,2025-05-17,4535,38,True
9119,246,2026-06-13,5122,141,False
9120,508,2026-02-26,5233,45,False
9121,365,2025-11-01,261,81,False
9122,172,2025-05-01,4314,177,False
9123,583,2025-09-16,4678,198,True
9124,601,2025-03-23,5250,121,False
9125,415,2026-03-06,1139,41,False
9126,679,2026-07-31,5054,12,False
9127,498,2026-05-21,5350,139,False
9128,602,2026-01-26,3547,160,False
9129,601,2026-08-17,2113,78,False
9130,700,2026-07-30,3819,139,False
9131,511,2026-08-26,703,43,False
9132,51,2025-02-08,1686,103,False
9133,770,2026-08-15,2998,22,False
9134,770,2025-01-22,4855,165,False
9135,583,2025-08-28,2452,169,False
9136,752,2025-06-19,3785,153,True
9137,165,2026-06-02,3059,3,False
9138,718,2025-01-24,4843,101,False
9139,103,2026-08-05,4755,96,False
9140,510,2025-09-24,1165,147,False
9141,410,2025-02-19,2543,151,False
9142,678,2026-08-07,2010,5,False
9143,427,2025-02-01,3589,182,False
9144,484,2025-08-05,484,101,False
9145,254,2025-06-09,1321,18,False
9146,394,2026-03-21,5036,74,False
9147,295,2025-05-25,4312,144,False
9148,745,2026-01-28,4383,46,False
9149,436,2025-02-24,3508,103,False
9150,167,2025-01-20,4125,92,False
9151,37,2025-02-14,2602,72,False
9152,682,2025-05-21,2379,79,False
9153,500,2025-10-25,2319,112,False
9154,353,2026-01-18,87,37,False
9155,228,2026-01-07,1744,132,False
9156,234,2025-02-25,5237,199,False
9157,498,2025-08-11,4177,150,False
9158,405,2025-10-05,2092,11,False
9159,427,2025-08-27,824,84,False
9160,510,2026-02-16,1360,167,False
9161,742,2025-10-27,3304,139,False
9162,147,2025-07-26,4616,151,False
9163,504,2025-05-13,1845,130,False
9164,601,2025-07-09,1135,15,False
9165,392,2026-05-18,2209,145,False
9166,316,2026-03-16,950,68,False
9167,422,2025-09-19,2476,7,False
9168,563,2025-09-12,2561,123,False
9169,275,2025-06-30,1686,125,False
9170,126,2025-11-19,2492,31,False
9171,67,2026-06-18,3202,149,False
9172,45,2025-05-02,4782,148,False
9173,724,2025-12-22,4165,76,False
9174,130,2026-04-25,5379,70,False
9175,529,2025-02-11,3103,175,False
9176,145,2025-12-31,1422,29,False
9177,421,2025-12-22,412,132,False
9178,610,2026-08-14,1107,138,False
9179,118,2025-08-23,1964,48,False
9180,395,2026-04-04,2543,50,False
9181,340,2025-02-19,3120,105,False
9182,612,2025-12-30,2402,70,False
9183,454,2025-06-01,1791,20,False
9184,598,2026-01-08,4448,87,False
9185,470,2025-12-31,3291,147,False
9186,197,2025-07-22,549,87,False
9187,454,2026-05-28,2859,149,False
9188,729,2025-09-28,891,158,False
9189,325,2025-06-03,4267,117,False
9190,616,2026-02-13,1127,129,False
9191,533,2025-11-17,2846,14,False
9192,69,2025-11-09,473,170,True
9193,70,2025-03-23,5080,32,True
9194,458,2026-08-03,377,154,False
9195,156,2025-08-09,3445,154,False
9196,331,2025-12-02,2795,187,False
9197,357,2025-04-02,354,67,False
9198,368,2025-01-08,4809,70,False
9199,581,2026-03-12,2227,50,False
9200,294,2025-03-18,4446,116,False
9201,82,2026-02-24,2503,43,False
9202,398,2025-01-29,1065,168,False
9203,693,2025-07-17,1566,132,False
9204,285,2026-07-03,802,163,False
9205,611,2025-12-01,2226,96,False
9206,371,2025-07-11,3316,162,False
9207,156,2025-03-10,2968,22,False
9208,436,2026-05-23,1798,86,False
9209,386,2025-12-13,1935,124,False
9210,585,2025-09-28,2744,97,False
9211,550,2026-04-20,1572,148,False
9212,122,2026-07-13,3879,16,False
9213,46,2026-02-13,1770,160,False
9214,107,2025-10-20,4856,35,True
9215,535,2026-01-15,1360,25,False
9216,399,2026-06-07,1033,88,False
9217,303,2025-06-22,5103,160,False
9218,380,2026-02-12,405,62,False
9219,1,2025-11-15,97,167,False
9220,452,2025-06-11,1252,48,True
9221,130,2025-05-20,960,158,True
9222,491,2025-12-16,3004,30,False
9223,127,2025-04-18,4657,138,False
9224,220,2025-06-12,512,150,False
9225,756,2025-08-16,2809,22,False
9226,519,2025-05-02,1789,162,False
9227,708,2025-07-12,4206,125,False
9228,397,2025-07-13,1669,98,False
9229,580,2025-01-30,1654,182,False
9230,397,2025-06-30,619,165,False
9231,504,2026-02-07,37,73,False
9232,476,2025-10-29,5292,182,False
9233,4,2025-08-14,2322,177,False
9234,490,2026-01-22,4618,31,False
9235,105,2025-04-30,5244,127,False
9236,494,2026-08-11,3213,166,False
9237,96,2025-02-10,2977,26,False
9238,665,2025-10-12,4778,6,False
9239,469,2026-04-24,4011,152,False
9240,400,2026-04-07,1562,23,False
9241,750,2025-10-07,5347,64,False
9242,753,2025-10-26,4566,82,False
9243,224,2026-06-20,140,172,False
9244,758,2025-09-21,3674,134,False
9245,339,2025-01-26,234,56,False
9246,269,2025-09-08,1282,98,False
9247,754,2025-01-27,3428,95,False
9248,706,2026-06-16,3650,42,False
9249,684,2025-05-14,1220,91,False
9250,337,2025-03-30,2776,126,False
9251,472,2026-01-15,564,27,False
9252,780,2025-06-26,2700,173,False
9253,33,2026-03-24,1413,137,False
9254,742,2026-03-14,5022,159,False
9255,748,2025-11-11,4299,105,False
9256,352,2025-06-29,2119,60,False
9257,31,2025-06-20,2300,145,False
9258,280,2025-01-02,4960,180,False
9259,85,2026-06-21,4692,33,False
9260,549,2025-05-12,4478,77,False
9261,285,2025-10-12,2961,186,False
9262,295,2025-01-18,2299,179,False
9263,452,2025-11-06,3323,172,False
9264,529,2025-06-27,4194,21,False
9265,105,2025-11-04,580,26,False
9266,338,2025-07-18,646,187,False
9267,76,2026-04-12,2405,173,False
9268,402,2026-08-02,2721,70,False
9269,266,2026-01-28,1018,62,False
9270,303,2026-05-06,365,88,False
9271,145,2025-10-07,2731,2,False
9272,638,2025-03-16,1084,167,False
9273,225,2025-08-08,820,175,False
9274,482,2025-03-16,1949,138,False
9275,517,2025-01-27,4931,36,False
9276,547,2026-08-29,523,111,False
9277,6,2025-10-19,2508,83,False
9278,657,2026-02-12,4817,136,False
9279,522,2025-09-19,50,12,False
9280,637,2026-01-15,4732,104,False
9281,592,2025-06-29,4242,160,True
9282,408,2025-12-24,53,6,False
9283,595,2025-11-18,2258,191,False
9284,204,2025-04-01,565,94,False
9285,273,2025-11-26,2085,9,True
9286,291,2025-06-10,5076,121,False
9287,312,2025-12-06,4521,136,False
9288,442,2025-09-20,45,27,False
9289,589,2025-07-16,4443,95,False
9290,192,2025-09-28,5166,45,False
9291,263,2025-02-14,3477,182,False
9292,625,2026-08-13,3106,46,False
9293,625,2025-12-21,3591,24,False
9294,184,2025-01-27,3007,108,False
9295,83,2025-03-27,1315,181,False
9296,269,2025-01-09,218,45,False
9297,96,2025-06-02,290,178,False
9298,507,2026-07-10,1978,46,False
9299,577,2026-03-18,3999,184,False
9300,559,2026-06-17,4522,85,False
9301,272,2025-10-18,1227,81,False
9302,316,2025-06-25,1767,157,False
9303,389,2025-08-19,89,98,False
9304,605,2025-07-15,4892,56,True
9305,762,2026-06-13,890,76,False
9306,722,2025-12-26,2795,51,False
9307,272,2026-05-21,348,90,False
9308,132,2025-05-03,4532,101,False
9309,42,2026-07-02,4761,137,False
9310,733,2026-06-16,4234,71,False
9311,755,2025-12-27,991,54,False
9312,431,2025-06-13,2519,196,False
9313,55,2025-12-28,5139,164,False
9314,360,2025-02-06,4513,161,False
9315,579,2025-04-28,862,71,False
9316,637,2025-11-20,4663,78,False
9317,625,2026-08-11,2623,135,False
9318,628,2026-03-22,5194,24,False
9319,77,2025-05-24,2294,193,False
9320,547,2026-08-04,436,44,False
9321,794,2025-10-21,2656,47,True
9322,327,2026-01-15,4372,156,False
9323,411,2026-05-06,4494,56,False
9324,214,2025-03-03,3607,91,False
9325,642,2025-04-30,4699,189,False
9326,289,2026-02-07,3790,39,False
9327,790,2025-09-20,3138,22,False
9328,459,2025-02-26,5007,125,False
9329,274,2025-03-26,1482,7,False
9330,452,2025-04-28,239,128,False
9331,32,2025-10-29,5061,49,False
9332,740,2025-06-30,4085,66,True
9333,367,2026-07-07,4196,78,False
9334,366,2025-02-03,2045,29,False
9335,328,2025-09-20,2790,180,False
9336,534,2025-08-11,3269,113,False
9337,625,2025-03-19,3499,71,False
9338,529,2026-04-11,1295,113,False
9339,101,2026-04-08,2106,64,False
9340,586,2025-02-02,1593,91,False
9341,516,2025-11-25,2429,29,True
9342,794,2025-10-28,3340,194,False
9343,213,2025-01-31,1381,155,False
9344,642,2025-05-18,2008,64,False
9345,702,2025-08-12,1977,109,False
9346,32,2025-12-10,1629,101,False
9347,734,2025-10-07,4388,13,False
9348,650,2025-10-26,222,127,False
9349,643,2026-03-18,3219,104,False
9350,800,2025-04-11,851,138,False
9351,161,2025-02-11,2661,49,False
9352,31,2026-06-02,3298,169,False
9353,492,2025-05-22,2552,148,False
9354,478,2025-10-31,2209,44,False
9355,685,2025-02-08,3243,113,False
9356,480,2026-08-22,188,172,False
9357,90,2026-03-09,4903,6,False
9358,420,2026-08-21,1912,21,False
9359,309,2026-08-02,270,164,False
9360,701,2025-06-02,1991,13,True
9361,565,2025-09-07,1934,73,False
9362,652,2026-06-21,1263,174,False
9363,587,2025-11-16,3315,154,False
9364,138,2026-03-13,924,65,False
9365,688,2025-10-07,1879,116,False
9366,83,2025-09-20,81,159,False
9367,212,2025-09-06,1271,80,False
9368,134,2026-05-10,3408,155,False
9369,72,2025-10-29,1509,168,False
9370,710,2025-09-13,4152,135,False
9371,107,2025-11-04,2727,136,False
9372,79,2025-10-26,1277,41,False
9373,76,2025-05-09,1450,167,False
9374,517,2025-08-14,1776,85,False
9375,184,2026-01-15,2932,108,False
9376,547,2026-05-28,4861,162,False
9377,212,2025-09-03,1339,63,False
9378,175,2026-07-05,5219,20,False
9379,133,2026-08-23,3537,4,False
9380,184,2025-04-02,3072,101,True
9381,189,2025-05-06,1726,112,False
9382,669,2025-12-25,2173,31,False
9383,426,2025-06-16,4128,120,False
9384,337,2025-03-12,5327,21,False
9385,722,2026-04-25,2729,124,False
9386,400,2026-06-22,342,88,False
9387,701,2025-05-25,3077,198,False
9388,318,2025-05-14,1616,62,False
9389,786,2026-05-14,4161,157,False
9390,147,2025-01-22,2851,164,False
9391,413,2025-01-10,783,187,False
9392,352,2026-03-29,1354,98,False
9393,712,2025-04-25,4929,101,False
9394,216,2026-02-09,4987,148,False
9395,275,2025-09-03,2065,101,False
9396,241,2025-09-07,2853,132,False
9397,497,2026-07-30,1844,92,False
9398,162,2026-01-11,4810,190,False
9399,382,2025-06-04,4593,197,False
9400,502,2026-04-14,1805,52,False
9401,173,2025-03-30,1368,26,False
9402,230,2025-04-14,918,156,False
9403,113,2025-08-30,4170,39,False
9404,133,2025-07-04,4948,38,False
9405,739,2026-08-17,2865,167,False
9406,647,2025-10-22,2599,172,False
9407,155,2025-09-04,2007,12,False
9408,461,2026-01-20,4288,174,False
9409,85,2025-09-28,286,197,False
9410,688,2026-01-08,1723,163,False
9411,609,2025-09-10,3276,45,False
9412,626,2025-10-27,617,64,True
9413,251,2026-07-10,1919,128,False
9414,298,2026-02-06,3432,30,False
9415,700,2025-02-22,1887,165,False
9416,450,2025-01-13,1443,168,False
9417,466,2025-09-30,3910,170,False
9418,790,2025-07-16,4952,118,False
9419,658,2025-11-26,1175,186,False
9420,287,2025-12-14,1608,90,True
9421,41,2026-06-08,1192,72,True
9422,192,2025-07-05,1567,83,False
9423,606,2026-02-15,4968,51,False
9424,131,2026-07-26,4078,21,False
9425,244,2025-05-05,4379,95,False
9426,752,2026-08-08,2056,129,False
9427,352,2026-07-29,665,156,True
9428,200,2025-08-14,797,104,False
9429,439,2026-04-23,5032,197,False
9430,743,2025-05-21,1314,192,False
9431,173,2025-01-21,597,30,False
9432,474,2025-05-17,3591,135,False
9433,636,2025-03-14,1759,127,True
9434,473,2025-09-27,694,193,False
9435,705,2025-06-07,1853,167,False
9436,321,2026-08-05,3769,28,False
9437,634,2025-10-31,1842,42,False
9438,317,2025-05-24,5120,136,False
9439,49,2025-06-27,2388,52,False
9440,257,2025-07-20,763,163,False
9441,115,2025-03-02,4843,110,False
9442,584,2025-12-06,1524,122,False
9443,321,2025-01-15,1941,170,True
9444,592,2025-12-12,1859,123,False
9445,599,2026-03-14,2644,120,False
9446,425,2026-02-07,3181,31,False
9447,743,2025-01-04,3063,171,False
9448,360,2026-03-18,3508,64,False
9449,553,2025-10-27,1500,56,False
9450,509,2026-04-26,5207,126,False
9451,569,2025-09-14,2543,27,False
9452,394,2025-10-26,5311,95,False
9453,343,2025-09-25,409,131,False
9454,660,2025-02-13,1748,172,False
9455,721,2025-09-30,4460,45,False
9456,53,2026-02-15,1140,155,False
9457,783,2026-05-15,3465,160,False
9458,723,2025-12-26,1369,107,False
9459,468,2025-08-16,4442,175,False
9460,420,2025-05-10,3307,122,False
9461,367,2026-05-01,2690,56,False
9462,408,2026-06-03,1471,131,False
9463,141,2025-06-19,4989,124,False
9464,313,2026-03-27,4409,131,False
9465,758,2026-05-24,2500,32,False
9466,426,2025-09-14,2515,139,False
9467,291,2025-12-13,4138,171,False
9468,177,2026-08-12,88,99,False
9469,617,2026-01-12,4232,102,False
9470,398,2026-02-15,4254,25,False
9471,463,2026-07-04,4027,65,False
9472,319,2026-07-19,2299,191,True
9473,28,2026-04-21,2508,182,False
9474,236,2026-03-19,5361,4,False
9475,474,2025-05-11,3786,132,False
9476,170,2026-03-08,4123,4,False
9477,405,2025-08-08,2500,134,False
9478,689,2025-05-13,3035,187,False
9479,152,2026-08-24,2045,117,False
9480,681,2025-09-12,683,99,False
9481,112,2026-01-23,4358,51,False
9482,389,2026-01-22,2829,163,False
9483,520,2026-01-09,2851,183,False
9484,186,2026-05-18,3325,77,False
9485,185,2026-05-12,3691,137,False
9486,361,2026-07-08,4621,86,False
9487,17,2026-06-22,3993,47,False
9488,741,2025-02-19,4386,141,False
9489,207,2025-09-02,3840,117,False
9490,624,2026-03-10,5056,102,False
9491,231,2026-05-27,696,160,False
9492,647,2025-06-11,3839,180,False
9493,148,2026-05-17,670,55,False
9494,563,2026-03-07,2605,138,False
9495,577,2025-11-11,266,88,False
9496,580,2025-07-12,2239,105,False
9497,44,2025-12-23,2070,63,False
9498,120,2025-12-13,2588,166,False
9499,697,2025-06-23,4556,2,False
9500,278,2025-11-16,1653,109,False
9501,643,2025-12-06,621,94,False
9502,666,2026-06-14,785,60,False
9503,555,2025-04-19,4340,68,True
9504,142,2026-02-01,1405,24,False
9505,268,2025-02-18,2046,34,False
9506,61,2025-05-28,3751,70,False
9507,5,2026-05-22,4780,22,False
9508,678,2026-01-17,454,127,False
9509,382,2025-05-19,4160,112,False
9510,625,2026-01-24,2130,196,False
9511,126,2026-08-09,2819,182,False
9512,127,2025-08-10,976,149,False
9513,451,2026-03-28,698,102,False
9514,423,2025-06-09,3728,124,False
9515,331,2025-08-14,3384,17,False
9516,34,2026-07-07,1827,41,False
9517,211,2025-03-16,1981,144,False
9518,119,2025-04-04,2843,141,False
9519,133,2025-02-01,2379,4,False
9520,206,2025-03-28,4518,105,False
9521,534,2026-04-19,1198,62,False
9522,564,2025-12-24,2866,148,False
9523,642,2025-03-17,3534,124,False
9524,244,2025-07-07,1633,73,False
9525,433,2026-05-04,1097,183,False
9526,649,2025-11-03,3235,96,False
9527,391,2026-03-05,2158,62,False
9528,19,2025-06-12,5264,105,False
9529,398,2026-07-18,1149,182,False
9530,4,2025-08-12,3084,73,False
9531,310,2026-08-03,2290,49,False
9532,240,2025-09-05,1881,116,False
9533,733,2026-03-26,3098,55,False
9534,585,2025-12-08,4165,55,False
9535,527,2026-01-11,1618,115,False
9536,762,2025-02-17,3356,16,False
9537,754,2026-04-26,4508,181,False
9538,253,2025-09-20,5224,36,True
9539,442,2025-06-07,3391,139,False
9540,446,2026-02-22,875,99,False
9541,19,2026-04-07,4542,55,False
9542,34,2026-03-07,5335,14,False
9543,272,2026-07-18,5127,54,False
9544,2,2025-06-14,3780,77,True
9545,552,2025-04-26,668,23,False
9546,13,2025-11-26,3326,135,False
9547,182,2025-07-26,1007,140,True
9548,78,2025-08-22,4115,102,False
9549,400,2026-01-26,295,38,False
9550,700,2025-01-23,840,111,False
9551,44,2025-09-19,3763,155,False
9552,514,2025-09-20,1406,145,False
9553,434,2025-01-15,508,74,False
9554,719,2026-02-13,668,25,True
9555,477,2026-05-21,1675,93,False
9556,668,2026-07-28,2674,53,False
9557,554,2026-07-28,3877,154,False
9558,613,2025-03-10,2784,85,False
9559,389,2025-05-30,2286,139,False
9560,283,2025-09-17,4875,54,False
9561,410,2025-12-21,4205,42,False
9562,108,2026-07-26,2405,88,False
9563,570,2025-06-13,5397,149,False
9564,83,2025-10-12,3891,178,False
9565,747,2026-02-18,1993,174,False
9566,21,2026-06-27,2199,23,False
9567,90,2026-02-28,437,131,False
9568,143,2026-02-19,4314,59,False
9569,147,2026-08-18,3271,43,False
9570,16,2026-06-10,655,173,False
9571,788,2026-06-09,837,17,False
9572,551,2026-04-06,587,113,False
9573,241,2025-07-21,886,156,False
9574,312,2025-02-13,1760,194,False
9575,182,2026-04-22,4097,93,False
9576,423,2026-04-08,5376,35,False
9577,317,2026-01-15,2293,88,False
9578,384,2025-03-19,2897,151,False
9579,320,2026-08-10,2921,105,False
9580,227,2026-03-31,3528,167,False
9581,404,2026-02-03,3724,136,False
9582,92,2025-09-12,556,191,False
9583,446,2025-02-02,3109,125,False
9584,434,2026-02-20,2123,32,False
9585,96,2025-08-19,4372,14,False
9586,691,2025-02-06,5029,107,True
9587,762,2025-02-05,1926,190,False
9588,600,2025-03-11,3089,81,False
9589,760,2025-06-13,1395,10,False
9590,746,2025-03-06,337,121,False
9591,592,2025-03-20,801,122,False
9592,285,2025-08-16,4595,16,False
9593,167,2025-01-19,1756,127,False
9594,677,2025-04-13,601,95,False
9595,391,2025-08-25,1311,33,False
9596,579,2025-01-05,3351,6,False
9597,713,2025-05-08,2313,119,False
9598,755,2026-06-18,844,62,False
9599,547,2025-08-31,2565,44,True
9600,231,2026-04-02,4714,164,False
9601,66,2025-09-30,2503,57,False
9602,643,2025-12-12,5256,93,False
9603,20,2025-03-20,2011,116,False
9604,407,2026-03-16,1420,170,False
9605,236,2025-06-14,3189,181,False
9606,350,2025-07-03,4582,12,False
9607,703,2025-06-07,4369,60,False
9608,373,2026-03-05,4895,140,False
9609,119,2026-02-02,318,136,False
9610,347,2025-11-12,4107,12,False
9611,81,2025-07-22,205,57,False
9612,702,2025-02-23,4198,31,False
9613,32,2026-05-21,1456,36,False
9614,756,2026-02-08,3796,160,False
9615,178,2025-12-15,2117,199,False
9616,531,2026-08-27,405,4,False
9617,707,2025-02-21,3745,175,False
9618,155,2025-06-05,1939,76,False
9619,745,2026-07-01,859,166,False
9620,337,2025-01-03,1679,187,False
9621,408,2025-07-11,1023,92,False
9622,285,2026-04-01,1150,31,False
9623,790,2025-12-11,2383,35,False
9624,537,2025-06-19,2500,189,False
9625,287,2025-07-30,1812,154,False
9626,57,2025-09-03,1429,39,False
9627,714,2025-06-03,4462,170,False
9628,524,2025-01-05,2853,54,False
9629,101,2026-01-07,1273,15,False
9630,374,2025-02-09,2610,127,False
9631,212,2026-03-09,5385,110,False
9632,209,2026-03-07,72,2,False
9633,384,2026-07-29,4987,109,False
9634,51,2026-08-09,734,142,False
9635,197,2026-07-27,1380,74,False
9636,43,2025-12-25,3181,180,False
9637,752,2025-02-24,1201,77,False
9638,714,2026-05-27,5288,71,True
9639,131,2026-07-05,3977,137,False
9640,462,2025-05-05,3123,121,False
9641,180,2025-08-08,2132,187,False
9642,442,2025-02-11,5024,72,False
9643,366,2025-07-17,1955,25,False
9644,15,2025-07-30,5357,138,False
9645,635,2026-06-11,5336,192,True
9646,617,2025-05-07,3705,105,False
9647,48,2025-03-30,3779,117,True
9648,169,2026-01-10,3196,101,True
9649,92,2026-03-11,5138,72,False
9650,307,2026-08-04,3142,11,False
9651,359,2026-04-24,5113,199,False
9652,518,2025-05-21,1111,132,False
9653,507,2026-02-25,2336,158,False
9654,108,2026-07-02,922,101,True
9655,384,2026-05-20,51,78,False
9656,638,2025-11-23,1632,64,False
9657,712,2025-06-28,5057,45,False
9658,669,2025-03-03,1805,96,False
9659,240,2025-07-28,4435,26,False
9660,416,2025-11-22,1521,66,False
9661,116,2026-08-11,3696,191,False
9662,293,2025-10-11,1062,54,False
9663,225,2026-03-09,2614,59,False
9664,202,2026-03-31,4078,25,False
9665,703,2025-10-09,4780,179,True
9666,580,2026-03-31,2032,44,False
9667,681,2026-06-09,3146,160,False
9668,273,2026-01-25,3154,26,False
9669,317,2026-03-07,2430,62,False
9670,648,2026-02-10,2166,3,False
9671,34,2026-08-28,5034,128,False
9672,586,2026-01-04,2389,147,False
9673,544,2025-03-16,3987,176,False
9674,283,2025-05-24,2317,19,False
9675,754,2025-06-20,2902,166,False
9676,184,2026-07-16,3121,79,False
9677,270,2025-01-01,1074,21,False
9678,287,2025-05-09,1273,129,False
9679,294,2026-02-27,3686,67,False
9680,274,2025-12-28,5309,141,False
9681,382,2025-01-10,3677,80,False
9682,766,2026-04-15,3257,16,True
9683,387,2025-01-20,5388,167,True
9684,502,2025-02-20,3761,176,False
9685,535,2026-05-15,4780,115,False
9686,527,2025-10-01,1887,18,True
9687,266,2025-12-01,4391,98,False
9688,227,2025-01-19,4650,103,False
9689,292,2025-04-09,4443,155,False
9690,292,2025-05-18,2001,164,False
9691,661,2025-08-01,4016,189,False
9692,373,2026-01-22,4506,92,False
9693,746,2025-08-24,3228,149,True
9694,782,2026-07-09,1248,199,False
9695,544,2025-05-11,1025,65,False
9696,535,2025-07-04,4520,141,False
9697,100,2025-02-24,1005,188,False
9698,124,2026-05-22,5136,68,False
9699,569,2026-01-03,3213,29,False
9700,793,2025-11-15,1119,16,False
9701,643,2026-05-13,1148,52,False
9702,216,2026-04-07,209,165,False
9703,543,2025-09-04,3222,104,False
9704,498,2026-05-07,4452,174,False
9705,44,2025-06-10,3995,132,False
9706,701,2026-01-22,3164,126,False
9707,278,2025-09-25,3192,10,False
9708,493,2025-09-14,1343,66,False
9709,271,2026-01-20,4439,97,False
9710,741,2025-12-21,2905,113,False
9711,375,2026-07-25,4505,146,False
9712,679,2026-02-24,5314,1,False
9713,752,2025-09-07,4753,133,False
9714,29,2026-06-07,5087,84,False
9715,338,2026-08-12,4061,184,False
9716,550,2025-11-29,1681,197,False
9717,675,2025-06-07,1569,23,True
9718,577,2026-06-15,3729,43,False
9719,528,2026-01-27,1332,164,False
9720,298,2025-08-24,2771,136,False
9721,132,2025-09-09,3759,10,False
9722,728,2026-04-06,1568,21,False
9723,36,2026-01-27,609,49,False
9724,641,2026-01-06,798,146,False
9725,29,2026-04-28,3781,51,True
9726,294,2025-02-17,712,88,False
9727,688,2025-07-31,4263,171,False
9728,179,2025-11-01,159,68,False
9729,212,2025-06-10,4149,108,False
9730,171,2026-04-09,3459,101,False
9731,546,2025-06-09,1442,111,False
9732,177,2026-02-13,1484,163,False
9733,559,2025-09-26,2855,183,False
9734,472,2025-12-09,3173,167,True
9735,715,2025-01-03,4539,113,False
9736,515,2026-04-27,4090,71,False
9737,323,2025-06-03,2819,179,False
9738,120,2026-07-03,55,126,False
9739,355,2026-08-07,4978,143,False
9740,439,2025-03-29,2410,65,False
9741,747,2025-01-29,4589,190,False
9742,201,2025-06-04,1489,90,False
9743,306,2025-07-06,2000,53,False
9744,729,2026-08-24,3325,131,False
9745,735,2025-02-22,3948,49,False
9746,686,2025-05-27,800,51,False
9747,144,2025-04-23,4293,69,False
9748,93,2026-05-18,3093,65,False
9749,301,2026-02-24,4398,22,False
9750,202,2025-11-19,3177,34,False
9751,251,2026-05-21,2972,169,False
9752,756,2025-08-22,3464,120,False
9753,431,2025-06-03,2747,43,False
9754,240,2026-03-18,573,169,False
9755,583,2026-06-27,1852,4,False
9756,653,2026-04-03,5288,183,False
9757,346,2025-01-08,1389,150,False
9758,41,2025-06-15,2373,188,False
9759,374,2026-08-29,1208,95,False
9760,311,2025-01-07,2494,156,True
9761,152,2025-10-13,4215,60,False
9762,492,2026-04-18,3885,95,False
9763,589,2026-06-12,579,190,False
9764,320,2026-02-23,4993,162,False
9765,306,2026-06-24,3439,100,False
9766,633,2025-03-15,3704,51,False
9767,143,2025-06-25,4161,98,False
9768,784,2025-01-23,3610,102,False
9769,336,2026-05-03,4722,130,True
9770,411,2026-02-05,3760,183,False
9771,473,2026-07-02,5340,18,False
9772,371,2025-12-31,3675,116,False
9773,39,2026-01-09,4523,73,False
9774,564,2026-04-09,2931,122,False
9775,717,2025-09-17,1809,45,False
9776,603,2026-06-15,2796,124,False
9777,551,2026-08-26,862,14,False
9778,48,2026-02-08,2587,160,False
9779,629,2025-08-05,3936,73,False
9780,351,2026-01-21,4125,17,False
9781,244,2026-07-24,2135,116,False
9782,400,2025-11-13,2540,75,False
9783,183,2026-04-07,3118,183,False
9784,246,2025-12-10,768,187,False
9785,649,2025-09-26,3396,128,False
9786,608,2026-08-15,2654,193,False
9787,448,2025-08-07,4036,23,False
9788,710,2025-01-29,3449,112,False
9789,126,2026-04-28,974,156,False
9790,677,2025-11-26,3063,60,False
9791,382,2025-01-18,1852,90,True
9792,508,2025-05-31,3346,170,False
9793,670,2026-04-08,3403,177,False
9794,636,2026-03-17,2080,178,False
9795,793,2025-11-02,3325,144,False
9796,187,2026-03-31,968,60,False
9797,136,2026-08-30,2070,27,False
9798,21,2025-06-11,3900,147,False
9799,539,2025-05-06,2815,9,False
9800,411,2026-04-06,231,190,False
9801,533,2025-08-21,2467,43,False
9802,328,2026-01-26,1397,87,False
9803,280,2025-11-14,4838,199,False
9804,706,2026-07-29,5036,17,False
9805,146,2025-02-19,397,118,False
9806,632,2026-05-11,2007,166,False
9807,86,2026-07-24,3179,32,False
9808,306,2026-04-14,1823,135,False
9809,38,2026-08-18,3940,149,False
9810,14,2025-03-27,699,151,False
9811,29,2026-08-09,4583,44,False
9812,220,2026-08-22,1376,132,False
9813,755,2026-07-19,1318,112,False
9814,289,2026-04-29,1853,84,False
9815,492,2025-08-06,5048,98,False
9816,541,2026-05-27,1531,192,False
9817,701,2025-01-10,1396,7,False
9818,723,2026-04-02,1367,124,False
9819,31,2025-04-20,833,114,False
9820,177,2026-06-03,5024,105,False
9821,615,2025-05-02,3559,177,False
9822,629,2026-01-05,3040,111,False
9823,785,2025-03-20,760,165,False
9824,583,2025-01-08,295,152,False
9825,429,2025-01-21,1679,163,False
9826,283,2025-10-09,5030,122,False
9827,377,2026-05-28,2885,4,False
9828,13,2025-05-31,4374,15,False
9829,549,2025-05-07,1659,104,False
9830,27,2025-07-08,569,56,False
9831,519,2025-04-15,1251,50,False
9832,496,2025-06-17,1293,103,False
9833,788,2025-08-13,3267,94,False
9834,678,2026-01-19,1062,33,False
9835,584,2026-01-06,5288,91,False
9836,506,2026-04-24,3737,171,False
9837,238,2025-08-13,2218,30,False
9838,619,2026-06-12,3259,155,False
9839,443,2026-03-22,3865,159,False
9840,403,2026-06-15,4144,151,False
9841,498,2026-03-19,129,31,False
9842,211,2025-01-13,2755,94,False
9843,209,2025-05-15,2143,185,False
9844,32,2026-04-03,1653,58,False
9845,310,2025-04-09,3500,100,False
9846,654,2026-07-19,1332,167,False
9847,68,2025-06-18,1399,116,False
9848,380,2026-04-15,3594,71,False
9849,681,2025-06-23,376,24,False
9850,702,2025-03-12,2037,112,False
9851,746,2025-06-05,4086,99,False
9852,297,2026-08-05,2181,59,False
9853,269,2025-11-11,1603,63,True
9854,221,2025-11-01,1159,196,False
9855,333,2025-12-15,2664,123,True
9856,534,2025-12-15,4253,141,False
9857,544,2026-03-31,512,13,False
9858,484,2025-06-21,3299,192,False
9859,371,2025-01-09,4242,63,False
9860,564,2026-05-29,1218,192,False
9861,274,2025-07-26,3708,189,False
9862,73,2026-06-17,2268,42,False
9863,770,2026-01-09,135,67,False
9864,67,2026-05-11,3818,146,False
9865,681,2026-03-27,3884,100,False
9866,457,2025-05-06,3741,93,False
9867,787,2025-04-26,462,81,False
9868,439,2025-03-19,2447,126,False
9869,43,2025-06-01,971,133,False
9870,75,2026-08-16,3546,93,True
9871,70,2025-01-14,2445,115,False
9872,345,2026-06-14,3370,12,False
9873,608,2025-09-07,4747,76,False
9874,507,2026-06-04,489,136,False
9875,652,2026-06-07,1318,151,False
9876,434,2026-04-19,3162,98,False
9877,100,2025-07-16,5011,135,False
9878,150,2025-03-06,293,27,False
9879,129,2025-11-08,4523,123,False
9880,743,2025-11-09,4320,131,False
9881,642,2025-06-06,1078,111,False
9882,28,2025-03-12,4471,32,True
9883,174,2025-10-07,3175,181,False
9884,219,2025-09-14,311,175,False
9885,571,2025-05-02,302,189,False
9886,55,2025-04-09,1807,5,False
9887,784,2025-10-24,2896,15,True
9888,227,2025-10-19,4231,84,False
9889,683,2025-11-05,565,192,False
9890,549,2026-02-12,3591,69,False
9891,305,2026-01-17,3618,64,False
9892,20,2026-05-26,2102,176,False
9893,441,2026-07-03,1460,8,False
9894,32,2025-02-18,1433,148,False
9895,575,2025-08-05,2449,112,False
9896,165,2026-06-26,1614,53,False
9897,761,2026-07-18,3090,133,False
9898,23,2025-04-26,685,68,False
9899,280,2025-05-15,3798,166,False
9900,313,2026-07-27,5388,127,False
9901,615,2025-04-01,1225,2,False
9902,185,2025-10-20,3665,193,False
9903,624,2026-06-06,3931,152,False
9904,258,2025-02-04,2979,81,False
9905,66,2026-06-19,1651,124,False
9906,670,2026-04-26,5319,167,False
9907,154,2026-06-20,3389,98,False
9908,346,2025-01-29,2021,143,False
9909,485,2025-04-20,1452,164,False
9910,13,2026-01-16,4705,141,False
9911,518,2025-07-22,3908,98,False
9912,438,2026-04-29,4815,48,False
9913,622,2025-01-08,4026,45,False
9914,88,2025-10-08,680,6,False
9915,704,2025-05-01,4221,91,False
9916,48,2026-02-18,5351,94,False
9917,751,2026-01-01,157,73,False
9918,262,2025-12-14,4054,122,False
9919,59,2025-12-23,4259,63,False
9920,218,2025-02-12,1880,96,True
9921,397,2025-06-05,4687,155,False
9922,90,2026-02-25,2195,77,False
9923,240,2025-06-09,2317,14,False
9924,239,2026-08-02,410,58,True
9925,131,2025-02-16,2044,83,False
9926,388,2025-07-28,4240,172,False
9927,20,2025-08-08,2972,13,False
9928,201,2025-03-18,1666,34,False
9929,115,2026-08-28,3933,55,False
9930,26,2025-06-05,1866,2,False
9931,386,2026-07-05,2104,183,False
9932,715,2026-01-21,2805,22,False
9933,280,2025-12-04,522,127,False
9934,522,2026-08-20,2745,89,True
9935,120,2025-01-17,3903,169,False
9936,566,2026-05-08,1139,112,False
9937,545,2026-06-01,3027,176,False
9938,327,2026-04-20,91,139,False
9939,218,2025-12-19,4452,165,False
9940,459,2025-08-07,3862,112,False
9941,484,2025-04-06,3912,17,False
9942,563,2026-01-06,2379,127,False
9943,160,2025-09-25,3206,76,False
9944,286,2025-09-03,3888,24,False
9945,661,2026-08-09,1984,87,False
9946,666,2025-02-05,2112,88,False
9947,650,2025-05-11,1779,198,False
9948,618,2025-10-26,2027,142,False
9949,67,2026-08-08,3687,155,False
9950,230,2025-11-29,4898,65,True
9951,227,2025-10-17,1237,86,False
9952,267,2026-05-30,1472,52,False
9953,391,2026-03-28,266,103,False
9954,148,2026-04-09,2085,55,False
9955,631,2026-01-24,4291,62,False
9956,403,2025-10-03,1929,76,False
9957,67,2025-12-20,59,189,False
9958,650,2025-10-30,1077,1,False
9959,250,2025-10-08,1187,173,False
9960,452,2026-04-27,1117,180,False
9961,336,2025-12-19,4460,50,False
9962,284,2025-06-25,5110,41,False
9963,266,2026-01-25,2448,52,False
9964,329,2025-08-07,545,171,False
9965,55,2026-05-10,5183,30,False
9966,555,2026-07-03,3847,12,False
9967,519,2026-01-02,4438,32,False
9968,412,2026-04-07,641,56,False
9969,710,2025-03-29,803,136,False
9970,443,2026-07-27,877,109,False
9971,312,2026-02-14,5387,97,False
9972,488,2026-06-18,3964,29,False
9973,640,2026-04-08,4517,152,False
9974,591,2026-04-08,3410,197,False
9975,458,2025-03-05,1923,77,False
9976,501,2025-06-08,1928,112,False
9977,787,2025-08-01,548,60,False
9978,548,2025-11-13,1345,161,False
9979,564,2025-09-09,3504,115,False
9980,533,2025-09-10,2274,56,False
9981,765,2025-11-21,2949,62,False
9982,742,2025-08-25,4716,38,False
9983,276,2025-12-18,706,188,False
9984,590,2026-04-18,3926,169,False
9985,522,2026-01-16,5264,86,False
9986,438,2025-08-24,4850,44,False
9987,413,2026-08-06,1087,40,False
9988,719,2025-03-31,1574,77,False
9989,730,2025-01-02,3344,17,False
9990,721,2025-07-31,2529,148,False
9991,245,2025-11-24,3499,18,False
9992,282,2026-05-05,3613,47,False
9993,72,2025-12-25,858,80,False
9994,645,2025-11-05,4706,131,False
9995,551,2025-07-04,636,86,False
9996,786,2025-01-08,3301,191,False
9997,590,2025-08-25,4995,75,False
9998,166,2026-01-14,292,108,False
9999,236,2026-05-13,2326,96,False
10000,318,2025-04-17,2425,54,False
10001,607,2025-06-08,2263,122,False
10002,333,2025-03-07,4650,188,False
10003,775,2026-03-04,401,39,False
10004,489,2025-07-04,4264,183,False
10005,294,2026-06-19,110,165,False
10006,771,2026-04-13,5165,125,False
10007,434,2026-07-30,5287,146,False
10008,245,2025-01-31,4044,150,False
10009,313,2026-06-08,4540,69,False
10010,603,2025-05-06,896,150,False
10011,68,2025-12-21,839,88,False
10012,623,2025-05-04,1112,89,False
10013,88,2026-01-22,1892,184,False
10014,557,2026-05-15,1885,53,False
10015,577,2025-10-02,914,16,True
10016,471,2025-06-01,648,14,False
10017,148,2025-10-23,4420,82,False
10018,458,2025-12-18,3753,10,False
10019,664,2026-03-31,4433,185,True
10020,226,2025-03-18,1954,11,False
10021,736,2025-01-29,4609,157,False
10022,110,2026-04-26,1083,48,False
10023,715,2025-03-08,4124,146,False
10024,268,2025-06-08,1296,23,True
10025,561,2026-06-27,2810,189,False
10026,184,2025-10-07,5082,10,False
10027,497,2025-02-26,502,72,False
10028,523,2025-07-21,4162,117,False
10029,393,2026-06-09,3029,126,False
10030,683,2026-02-04,1755,68,False
10031,727,2026-04-13,5260,10,False
10032,127,2025-06-06,4231,199,False
10033,653,2026-05-14,4498,173,False
10034,528,2025-01-01,4971,133,False
10035,420,2025-04-15,4627,67,False
10036,98,2025-11-15,4161,187,False
10037,485,2026-06-16,961,36,False
10038,305,2026-08-15,2124,13,False
10039,31,2025-08-31,2131,159,False
10040,139,2026-05-20,983,53,False
10041,72,2025-06-03,1608,150,False
10042,240,2026-08-26,4261,156,True
10043,141,2025-03-09,3178,27,False
10044,687,2025-09-27,327,124,False
10045,230,2025-01-03,3661,90,False
10046,336,2025-12-11,1573,73,False
10047,595,2025-09-25,327,94,False
10048,87,2026-04-30,447,168,True
10049,285,2026-01-18,495,27,False
10050,160,2025-07-24,1353,100,False
10051,415,2026-07-31,3513,145,False
10052,675,2025-03-10,1720,183,True
10053,437,2025-02-12,4761,111,False
10054,329,2025-04-13,1986,109,False
10055,69,2025-12-12,324,36,False
10056,749,2026-08-08,795,117,False
10057,371,2025-04-06,1292,193,False
10058,449,2026-04-25,3324,62,False
10059,402,2026-04-06,2904,98,False
10060,406,2025-06-25,5198,16,False
10061,81,2025-04-03,773,56,False
10062,365,2026-04-19,649,3,False
10063,337,2026-04-30,2903,176,False
10064,619,2026-03-04,3848,58,False
10065,343,2026-04-11,2215,186,False
10066,669,2025-10-12,999,170,False
10067,525,2025-08-16,2338,34,False
10068,102,2025-01-14,3482,68,False
10069,707,2025-11-07,2570,88,False
10070,327,2026-03-18,911,166,False
10071,565,2025-04-26,341,192,False
10072,227,2025-06-26,4797,198,False
10073,602,2025-12-12,1838,93,False
10074,720,2025-06-14,157,86,False
10075,23,2026-06-19,2283,29,False
10076,588,2025-11-16,1199,87,False
10077,600,2025-09-11,1143,38,False
10078,234,2025-06-11,3546,170,False
10079,318,2026-07-06,3618,73,False
10080,327,2026-03-11,3650,112,False
10081,358,2025-12-15,4767,46,False
10082,336,2025-06-27,2487,166,False
10083,724,2025-03-14,3995,149,False
10084,746,2026-05-05,1346,140,False
10085,756,2025-01-29,3529,168,False
10086,379,2025-09-23,3369,75,False
10087,557,2025-12-15,1987,190,False
10088,15,2025-11-10,5354,129,False
10089,15,2026-02-24,5030,19,False
10090,585,2025-01-22,3464,6,False
10091,532,2025-05-18,1052,151,False
10092,78,2025-01-13,986,100,False
10093,531,2025-06-02,3494,187,False
10094,505,2025-05-09,4950,18,False
10095,598,2026-06-07,906,141,True
10096,411,2025-07-31,3864,110,False
10097,609,2025-12-10,3114,15,False
10098,611,2025-04-17,3250,162,False
10099,476,2026-04-15,808,13,False
10100,441,2025-11-01,980,32,False
10101,638,2026-06-26,2395,183,False
10102,141,2025-12-31,1624,79,False
10103,787,2026-04-26,3442,166,False
10104,716,2026-05-03,2594,109,False
10105,428,2025-02-17,3431,96,False
10106,723,2025-11-08,3228,41,False
10107,578,2025-08-09,5195,26,False
10108,337,2025-08-11,1918,7,False
10109,346,2025-08-30,2027,7,False
10110,488,2026-07-15,3510,1,False
10111,201,2026-08-15,3057,190,False
10112,442,2025-09-22,914,51,False
10113,329,2026-08-27,1395,176,False
10114,428,2025-06-20,4434,62,False
10115,325,2026-03-23,501,102,False
10116,73,2025-02-16,949,93,False
10117,574,2025-04-07,3898,166,False
10118,396,2025-04-23,5164,169,True
10119,157,2025-12-13,4610,25,False
10120,181,2026-02-24,3921,83,False
10121,413,2025-01-20,1536,176,False
10122,639,2025-05-01,4165,17,False
10123,204,2026-06-21,2066,163,True
10124,680,2025-08-10,1793,65,False
10125,638,2026-03-12,1530,140,False
10126,15,2025-01-17,1702,61,False
10127,111,2025-09-20,3436,106,False
10128,590,2025-08-18,4402,114,False
10129,442,2026-04-26,3590,47,False
10130,92,2026-01-29,4509,130,False
10131,793,2025-02-12,1472,20,False
10132,8,2025-05-14,3174,1,False
10133,323,2025-12-03,3685,133,False
10134,11,2025-01-03,2095,108,False
10135,726,2025-03-11,4272,118,False
10136,373,2026-05-21,3033,50,False
10137,498,2025-01-13,1479,9,False
10138,652,2026-03-14,3810,152,False
10139,210,2025-11-30,320,58,False
10140,250,2026-08-26,4264,68,False
10141,504,2025-12-24,1074,174,False
10142,740,2025-03-24,2450,183,False
10143,150,2026-01-10,4066,72,False
10144,337,2026-02-16,4293,80,True
10145,213,2025-06-28,1945,194,False
10146,151,2025-06-06,3480,70,False
10147,159,2025-09-02,487,113,True
10148,368,2025-11-01,4560,27,False
10149,89,2025-06-03,1342,174,False
10150,502,2026-03-30,4336,35,False
10151,148,2026-06-02,2761,63,False
10152,405,2025-04-13,2243,135,False
10153,187,2026-03-26,1845,172,False
10154,353,2025-10-10,4159,114,False
10155,118,2025-03-24,1653,171,True
10156,151,2025-06-13,3278,110,False
10157,264,2026-07-13,146,95,False
10158,560,2025-04-05,3592,27,False
10159,340,2025-01-29,719,73,False
10160,281,2026-03-15,1252,22,False
10161,461,2025-11-28,3920,53,False
10162,777,2025-06-06,4184,88,False
10163,648,2026-04-01,600,188,False
10164,321,2025-11-18,650,190,False
10165,408,2025-05-25,672,115,False
10166,178,2026-02-25,1075,84,False
10167,584,2026-05-30,1379,70,False
10168,688,2025-09-26,1912,180,False
10169,689,2026-04-24,2819,74,False
10170,167,2025-03-22,4117,193,False
10171,600,2025-02-08,471,91,False
10172,135,2025-01-08,2260,23,False
10173,8,2025-07-25,218,81,False
10174,575,2025-08-20,3349,184,False
10175,341,2026-06-20,4877,78,False
10176,239,2026-08-25,4957,144,False
10177,404,2026-01-22,398,198,False
10178,334,2026-08-14,3854,19,False
10179,195,2026-08-13,4296,177,False
10180,361,2025-09-30,4496,145,False
10181,29,2025-06-11,286,132,True
10182,627,2025-09-10,746,99,False
10183,750,2025-01-09,2030,137,False
10184,460,2026-01-28,356,28,False
10185,497,2026-06-17,1877,185,False
10186,594,2026-05-21,1329,48,False
10187,389,2025-06-02,4639,31,False
10188,790,2025-12-17,4847,141,False
10189,232,2026-06-22,1588,16,False
10190,569,2026-03-16,3949,64,False
10191,226,2025-02-05,151,49,False
10192,224,2025-01-15,2075,190,False
10193,347,2026-07-07,4929,51,True
10194,614,2026-06-18,4919,164,False
10195,327,2026-04-04,2100,116,False
10196,680,2025-11-24,3549,111,False
10197,307,2026-08-16,302,137,False
10198,345,2025-10-26,4326,125,False
10199,417,2026-01-04,1339,52,False
10200,528,2025-05-12,501,183,False
10201,349,2025-07-22,2907,8,False
10202,393,2025-03-24,4496,64,False
10203,50,2025-11-20,3382,61,False
10204,103,2025-08-12,2659,162,False
10205,113,2026-03-07,1485,97,False
10206,584,2026-07-13,484,90,False
10207,295,2026-05-26,205,3,False
10208,355,2025-12-06,238,174,False
10209,431,2026-04-26,1874,81,False
10210,278,2025-09-08,3071,13,False
10211,101,2026-01-16,73,53,False
10212,375,2025-03-26,3182,143,False
10213,276,2025-02-28,3956,5,False
10214,466,2025-02-07,1002,161,False
10215,504,2025-06-29,2404,92,False
10216,606,2026-01-04,1677,123,False
10217,412,2025-10-14,4221,149,False
10218,727,2026-08-05,2147,59,False
10219,799,2025-02-11,4275,106,False
10220,548,2025-09-29,87,30,False
10221,746,2025-08-30,4881,101,False
10222,796,2025-05-24,5240,148,False
10223,669,2025-11-25,3696,30,False
10224,126,2025-08-17,4485,26,False
10225,539,2025-05-11,3881,22,False
10226,124,2025-11-06,1374,169,False
10227,236,2025-05-14,804,176,False
10228,633,2026-04-03,4564,100,False
10229,433,2025-08-10,30,113,False
10230,507,2025-10-03,3302,77,False
10231,318,2025-04-15,157,103,False
10232,690,2026-07-17,990,48,False
10233,279,2025-04-18,1781,94,False
10234,544,2026-01-24,4270,4,False
10235,619,2026-01-25,555,104,False
10236,11,2025-03-15,546,181,False
10237,677,2025-03-31,1308,141,False
10238,539,2025-03-11,2306,121,False
10239,158,2026-07-21,1633,48,True
10240,170,2025-12-01,4081,140,False
10241,56,2025-04-01,2639,186,False
10242,358,2026-05-03,4849,194,False
10243,46,2026-07-20,4789,189,False
10244,554,2025-11-20,1572,44,True
10245,59,2025-12-05,4024,44,False
10246,526,2026-05-03,3269,13,False
10247,586,2025-09-14,3460,181,False
10248,307,2025-02-18,4551,97,False
10249,280,2026-03-25,1037,115,False
10250,571,2025-07-19,4678,84,False
10251,722,2026-02-07,3095,133,False
10252,756,2025-01-30,48,13,False
10253,498,2025-07-28,2171,66,True
10254,185,2025-08-05,538,94,False
10255,282,2025-07-10,1804,31,False
10256,96,2025-12-12,1045,108,False
10257,23,2025-09-21,3548,139,False
10258,109,2026-07-16,98,24,False
10259,618,2026-03-14,491,165,False
10260,367,2025-10-07,4830,139,False
10261,454,2025-06-14,2204,15,False
10262,239,2025-08-16,386,69,False
10263,49,2025-07-08,4235,149,False
10264,374,2026-02-17,4944,113,False
10265,348,2026-07-20,1770,5,False
10266,68,2026-03-12,1672,127,False
10267,531,2026-07-22,3071,59,False
10268,198,2025-04-14,429,72,False
10269,405,2025-02-22,5347,11,False
10270,278,2026-03-02,2059,147,False
10271,77,2026-08-19,1393,57,True
10272,748,2025-11-24,3940,131,False
10273,502,2025-10-02,2133,87,False
10274,238,2025-11-06,754,12,True
10275,183,2025-04-05,2560,22,False
10276,39,2026-08-19,5153,27,False
10277,621,2025-02-05,2678,7,False
10278,249,2026-04-14,979,9,False
10279,176,2025-09-11,1217,6,False
10280,750,2026-05-10,4855,174,False
10281,799,2026-03-20,4159,185,False
10282,342,2026-05-14,106,70,False
10283,480,2026-03-20,1193,17,False
10284,655,2026-01-29,3983,106,False
10285,485,2025-11-20,1641,142,False
10286,214,2025-01-16,2640,106,False
10287,610,2026-05-17,4736,82,False
10288,109,2025-08-12,4151,95,False
10289,438,2025-08-22,3643,20,True
10290,398,2026-04-11,3558,80,False
10291,476,2025-02-14,1353,22,False
10292,562,2025-04-20,1079,69,True
10293,48,2026-07-16,4424,24,False
10294,677,2026-08-05,295,52,False
10295,244,2026-07-18,3510,41,False
10296,193,2025-01-05,2201,48,False
10297,427,2025-08-23,176,31,False
10298,790,2025-12-05,3141,129,False
10299,668,2025-07-09,741,56,False
10300,392,2025-02-21,4593,140,False
10301,471,2025-01-22,1364,101,False
10302,402,2026-04-07,1298,49,False
10303,548,2026-05-02,3668,40,False
10304,687,2026-01-10,1647,28,False
10305,113,2025-03-06,1999,173,False
10306,326,2025-09-03,1855,154,False
10307,455,2025-10-09,2748,115,False
10308,606,2025-03-03,3919,15,False
10309,77,2025-04-25,4212,114,True
10310,455,2025-10-02,705,110,False
10311,620,2025-06-11,2548,192,False
10312,109,2025-08-01,2831,97,False
10313,138,2025-05-15,5139,21,False
10314,27,2025-04-25,3200,139,False
10315,681,2026-08-22,4481,91,False
10316,748,2025-04-22,2831,159,False
10317,376,2025-12-24,2793,197,False
10318,694,2026-05-30,2953,184,False
10319,476,2025-06-26,554,118,False
10320,787,2025-07-19,2360,55,False
10321,87,2025-12-15,5117,111,False
10322,540,2025-03-02,5325,8,False
10323,580,2026-01-26,962,130,False
10324,517,2025-04-06,2449,114,False
10325,396,2026-04-01,4409,170,False
10326,167,2026-02-06,4524,77,False
10327,136,2025-08-30,3476,150,False
10328,514,2025-08-13,3006,89,False
10329,464,2025-04-14,4736,113,False
10330,391,2025-02-04,3312,168,False
10331,32,2026-08-16,4289,67,False
10332,302,2025-02-03,4393,72,False
10333,695,2025-04-19,1466,88,False
10334,546,2025-02-06,5301,108,False
10335,608,2025-10-18,2029,11,False
10336,68,2026-03-24,789,27,False
10337,363,2025-06-05,1312,106,False
10338,404,2026-05-31,3151,158,False
10339,623,2026-01-04,4960,13,False
10340,607,2026-05-29,1009,98,False
10341,78,2025-08-25,3663,164,True
10342,664,2025-11-28,286,65,True
10343,33,2025-05-16,2753,192,False
10344,393,2025-08-27,4853,87,False
10345,199,2026-07-05,3515,138,False
10346,283,2025-07-12,5365,48,False
10347,342,2025-09-05,5159,178,False
10348,458,2026-03-29,3736,112,False
10349,27,2025-06-18,129,93,False
10350,103,2026-05-06,2208,45,False
10351,552,2025-06-18,662,155,False
10352,74,2026-07-24,4090,72,False
10353,196,2026-02-22,916,189,False
10354,656,2026-08-21,5331,18,False
10355,170,2025-12-12,3415,198,False
10356,102,2026-03-04,4940,60,False
10357,384,2026-02-19,4374,2,False
10358,334,2025-04-27,4662,76,False
10359,101,2025-01-18,285,66,False
10360,330,2026-08-08,2791,155,False
10361,679,2025-12-28,4870,195,False
10362,787,2025-03-16,1186,130,False
10363,53,2026-01-04,2007,122,False
10364,565,2025-06-19,747,24,False
10365,551,2025-07-26,2785,49,False
10366,614,2026-05-21,413,120,False
10367,615,2025-11-30,520,135,False
10368,536,2025-11-09,1861,89,False
10369,697,2025-12-05,4287,166,False
10370,219,2025-05-29,245,83,False
10371,103,2026-04-21,4527,174,False
10372,289,2025-11-14,3658,21,False
10373,157,2025-08-31,5129,172,False
10374,147,2026-04-13,4461,117,False
10375,36,2025-12-24,4052,191,False
10376,434,2025-06-16,4309,35,False
10377,660,2026-04-12,3872,24,False
10378,63,2025-11-01,486,56,True
10379,529,2025-03-03,3523,114,False
10380,724,2025-06-24,1104,164,False
10381,384,2026-03-10,948,157,False
10382,158,2025-08-30,5230,12,False
10383,539,2026-03-04,4887,90,False
10384,171,2025-05-09,5385,156,False
10385,104,2026-08-01,78,150,False
10386,388,2026-03-06,5249,78,False
10387,12,2025-05-29,50,81,False
10388,256,2025-07-10,4988,57,False
10389,628,2025-07-16,734,56,False
10390,134,2025-11-04,810,101,True
10391,413,2025-07-26,263,92,False
10392,789,2026-05-04,4270,53,False
10393,175,2025-04-30,4341,10,False
10394,224,2025-03-27,1170,168,False
10395,562,2025-01-31,4335,161,False
10396,592,2026-02-06,1411,9,False
10397,390,2026-06-26,4685,119,False
10398,581,2025-07-20,2666,134,False
10399,505,2026-05-08,3102,112,False
10400,196,2025-10-24,4341,161,False
10401,659,2025-06-22,2578,126,False
10402,223,2026-03-11,2409,43,False
10403,542,2025-01-01,3156,74,False
10404,428,2026-07-15,1239,154,False
10405,429,2026-08-21,2467,198,False
10406,689,2026-06-07,4914,90,False
10407,726,2026-06-19,3474,79,False
10408,592,2026-07-01,1565,197,False
10409,478,2025-09-26,4967,47,False
10410,243,2025-01-31,4180,75,False
10411,577,2025-12-03,5265,165,False
10412,35,2025-09-13,4139,65,False
10413,82,2026-05-01,122,131,False
10414,486,2026-05-02,516,178,False
10415,219,2026-05-14,38,198,True
10416,381,2026-05-08,2422,132,False
10417,754,2026-05-26,2501,22,False
10418,276,2025-09-12,737,154,False
10419,338,2026-01-28,552,181,False
10420,517,2025-06-23,3915,83,False
10421,590,2026-01-10,3877,151,False
10422,762,2025-11-30,4017,98,False
10423,255,2025-01-28,3310,197,True
10424,723,2026-03-30,1649,196,False
10425,177,2026-02-12,3065,121,False
10426,533,2026-02-24,3690,108,False
10427,64,2025-05-22,4045,144,False
10428,768,2025-06-02,2262,149,True
10429,632,2025-01-22,1074,36,False
10430,317,2025-01-01,3041,195,False
10431,721,2026-03-14,4748,130,False
10432,81,2026-06-22,3711,145,False
10433,292,2025-08-29,3810,28,False
10434,362,2025-09-28,4536,143,False
10435,528,2025-08-24,3615,42,False
10436,529,2026-05-21,2678,24,False
10437,43,2026-05-28,3621,165,False
10438,642,2026-06-13,3800,43,False
10439,116,2025-02-20,2421,58,False
10440,751,2026-07-24,1520,156,False
10441,328,2025-01-07,2086,80,False
10442,414,2025-08-03,2537,196,False
10443,313,2025-06-26,3627,104,False
10444,299,2026-02-05,498,87,False
10445,361,2025-06-11,3644,134,False
10446,226,2025-12-28,2620,152,False
10447,724,2026-06-26,572,115,True
10448,486,2025-04-10,2027,3,False
10449,363,2026-06-18,4062,38,False
10450,555,2025-09-23,4976,25,False
10451,47,2025-12-29,4334,111,True
10452,506,2025-09-19,1438,16,False
10453,136,2025-05-01,3077,171,False
10454,157,2025-04-26,5371,22,False
10455,527,2025-01-28,2662,121,False
10456,357,2025-08-16,1160,12,False
10457,142,2025-03-01,2784,174,False
10458,60,2025-09-22,3245,5,False
10459,488,2025-10-16,1230,138,False
10460,417,2026-05-01,1787,134,False
10461,191,2026-03-20,5271,103,False
10462,172,2026-06-05,4864,88,False
10463,595,2025-01-16,4733,184,False
10464,712,2026-03-12,2621,108,False
10465,750,2025-06-16,4572,31,False
10466,647,2026-05-04,1444,68,False
10467,190,2026-07-06,1708,116,False
10468,586,2025-03-01,938,80,False
10469,309,2025-11-08,3752,74,False
10470,90,2025-12-05,4042,32,False
10471,136,2025-06-17,3417,47,False
10472,358,2025-06-07,4824,128,False
10473,225,2025-03-27,1137,169,False
10474,145,2025-09-12,4147,27,False
10475,617,2026-03-03,5286,45,False
10476,36,2026-03-03,2815,176,False
10477,765,2026-04-16,2759,74,False
10478,322,2026-07-29,4973,57,False
10479,262,2026-01-20,734,108,False
10480,251,2025-08-05,2778,52,False
10481,540,2025-06-18,2814,175,False
10482,735,2025-12-17,1218,40,False
10483,216,2025-09-26,577,122,False
10484,741,2025-03-07,1283,22,False
10485,727,2025-08-30,4221,180,False
10486,748,2026-02-19,3473,50,False
10487,495,2025-04-17,4313,156,False
10488,12,2025-05-25,4403,199,False
10489,249,2025-06-20,4458,112,False
10490,416,2025-10-12,3781,5,False
10491,638,2026-05-10,438,74,False
10492,15,2025-07-17,690,99,False
10493,466,2025-03-19,756,19,False
10494,484,2025-01-31,2511,71,False
10495,34,2026-01-08,588,113,False
10496,407,2026-03-26,376,155,True
10497,334,2025-02-22,3518,40,False
10498,345,2026-01-11,4972,123,False
10499,597,2026-07-04,1576,139,False
10500,43,2026-05-12,584,6,False
10501,601,2026-07-22,856,86,False
10502,84,2026-07-29,4926,16,False
10503,568,2026-04-22,5293,166,False
10504,251,2025-09-07,1951,131,True
10505,417,2026-02-27,2634,114,False
10506,194,2026-04-05,3169,138,False
10507,787,2026-04-08,2706,187,False
10508,144,2025-07-08,3814,127,False
10509,329,2025-09-26,3128,54,True
10510,682,2025-09-20,4507,131,False
10511,304,2026-05-06,2702,160,False
10512,23,2026-05-23,3860,167,False
10513,161,2026-08-06,1397,106,False
10514,175,2026-06-30,2737,77,False
10515,65,2025-03-11,3679,90,False
10516,734,2025-08-17,1435,64,False
10517,663,2025-09-03,3173,42,False
10518,698,2026-05-03,1108,164,False
10519,441,2025-01-16,4551,190,False
10520,285,2026-04-10,3685,67,False
10521,685,2026-06-27,2191,117,False
10522,644,2025-04-24,2176,191,False
10523,582,2025-07-27,4184,74,False
10524,122,2026-01-15,3910,144,False
10525,675,2025-12-27,5261,163,False
10526,513,2025-10-29,4220,140,False
10527,560,2025-06-30,2105,101,False
10528,707,2025-02-08,1375,181,False
10529,214,2025-06-01,3800,69,False
10530,378,2025-11-29,162,153,False
10531,272,2025-05-22,223,50,False
10532,134,2026-08-18,2713,9,False
10533,408,2025-04-28,4924,165,False
10534,464,2026-04-19,1771,92,False
10535,215,2025-07-21,3862,135,False
10536,599,2025-05-02,583,76,False
10537,242,2025-05-06,3415,94,False
10538,693,2025-05-15,2343,85,False
10539,590,2026-08-08,593,117,False
10540,304,2025-07-13,2124,57,False
10541,589,2025-07-09,5287,42,False
10542,228,2025-01-11,1240,45,False
10543,478,2025-07-19,4904,122,False
10544,549,2025-02-14,1793,109,False
10545,162,2025-04-25,1648,193,False
10546,200,2026-03-13,275,148,False
10547,101,2026-01-19,386,51,False
10548,195,2025-11-28,5199,37,False
10549,559,2025-05-17,2203,40,False
10550,146,2026-02-27,3883,55,False
10551,709,2025-04-06,201,150,True
10552,294,2026-03-11,1011,133,False
10553,241,2026-03-02,2931,57,False
10554,352,2025-02-14,3065,133,False
10555,508,2026-01-01,3989,42,False
10556,580,2026-07-29,3562,18,False
10557,541,2026-01-11,2369,80,False
10558,87,2026-08-12,2877,16,False
10559,699,2026-05-23,4587,161,False
10560,341,2025-01-21,3279,99,False
10561,689,2026-07-02,4817,124,False
10562,527,2025-02-11,4697,167,False
10563,58,2025-05-03,5252,143,False
10564,436,2026-05-13,4812,45,False
10565,666,2025-10-24,2805,77,True
10566,631,2026-01-05,177,199,False
10567,581,2025-06-26,2956,97,False
10568,714,2026-08-25,2795,199,False
10569,451,2025-02-23,4996,111,False
10570,171,2025-05-30,2488,120,False
10571,3,2026-05-27,4138,119,False
10572,727,2026-04-28,251,192,False
10573,519,2025-06-22,1059,119,True
10574,709,2025-11-15,4901,79,False
10575,635,2025-01-23,544,91,False
10576,292,2025-12-03,5355,100,False
10577,135,2026-06-01,3157,42,False
10578,651,2025-05-07,3841,140,False
10579,685,2026-07-21,4626,74,False
10580,413,2026-01-04,1494,15,False
10581,199,2025-01-29,2212,77,False
10582,649,2025-09-07,384,154,False
10583,672,2025-04-14,3198,153,False
10584,599,2025-05-14,1547,187,False
10585,422,2025-02-20,3634,189,False
10586,770,2026-05-24,3284,114,False
10587,757,2026-02-09,1860,111,True
10588,177,2025-05-11,1568,44,False
10589,251,2025-02-20,2124,187,False
10590,589,2025-07-02,4020,26,False
10591,124,2025-06-22,66,197,False
10592,12,2025-02-22,5300,44,False
10593,413,2025-03-17,2447,178,False
10594,738,2026-02-15,1175,41,False
10595,703,2026-04-01,1191,146,False
10596,160,2025-06-22,5363,172,False
10597,182,2025-08-29,3047,145,False
10598,299,2026-08-05,2713,28,False
10599,742,2025-07-28,2771,189,False
10600,675,2026-03-27,2271,194,False
10601,726,2026-05-25,1293,130,False
10602,383,2026-07-02,1089,155,False
10603,63,2026-08-11,688,86,False
10604,532,2025-04-30,416,146,False
10605,722,2026-08-01,3545,197,False
10606,290,2026-01-24,4029,123,False
10607,193,2025-05-23,2255,55,False
10608,445,2026-06-19,3636,9,False
10609,193,2025-08-26,2016,134,False
10610,677,2026-08-07,4146,144,False
10611,322,2025-10-11,4443,160,False
10612,715,2026-01-30,1193,77,False
10613,483,2025-10-19,3464,147,False
10614,366,2026-07-30,4046,25,False
10615,364,2025-10-14,3300,156,False
10616,577,2025-03-31,3405,166,False
10617,196,2026-06-17,1072,57,False
10618,374,2025-01-25,2163,67,False
10619,692,2026-04-01,275,166,False
10620,752,2025-10-10,959,120,False
10621,35,2026-02-25,3195,100,False
10622,583,2025-07-12,3600,32,False
10623,674,2025-05-18,2095,162,False
10624,346,2026-07-17,4915,26,False
10625,187,2025-04-24,2544,86,False
10626,399,2025-01-10,4333,89,False
10627,721,2025-09-03,2241,144,False
10628,147,2025-07-12,5320,9,False
10629,254,2025-12-27,4760,3,False
10630,753,2025-08-01,841,123,False
10631,530,2025-08-06,5080,72,False
10632,205,2026-03-09,3509,16,False
10633,543,2026-04-11,4192,155,False
10634,146,2025-01-02,1942,105,False
10635,577,2025-04-13,491,123,False
10636,362,2026-05-31,1877,72,False
10637,707,2026-06-28,1124,44,False
10638,581,2026-07-22,1830,65,False
10639,97,2025-08-04,2374,181,False
10640,547,2025-10-21,3584,154,False
10641,528,2025-04-01,1225,171,False
10642,204,2025-03-07,4241,95,False
10643,414,2025-12-30,807,176,False
10644,212,2025-01-31,2995,39,False
10645,592,2025-04-10,4631,133,True
10646,189,2025-06-06,3786,78,False
10647,327,2025-01-29,2514,38,False
10648,483,2025-03-23,1922,77,False
10649,38,2025-01-09,3449,134,False
10650,766,2025-11-02,2710,106,False
10651,34,2025-12-24,4701,178,False
10652,712,2025-09-06,895,129,False
10653,522,2025-08-19,4169,111,False
10654,404,2025-04-27,314,61,False
10655,392,2026-06-10,5106,160,True
10656,303,2026-05-21,2472,63,False
10657,576,2025-09-18,79,29,False
10658,317,2025-12-31,5272,159,False
10659,422,2026-08-03,1137,143,False
10660,645,2026-01-16,4985,36,False
10661,522,2025-11-10,3946,196,False
10662,521,2026-02-19,4847,131,False
10663,456,2026-05-02,3396,108,False
10664,34,2026-06-09,1987,197,False
10665,55,2025-04-19,2580,147,False
10666,61,2026-02-14,4056,156,False
10667,218,2026-06-28,2508,114,False
10668,386,2025-03-22,5059,54,False
10669,192,2026-08-15,2980,14,False
10670,426,2025-08-21,355,7,False
10671,701,2026-07-01,414,49,False
10672,769,2025-11-13,2425,58,False
10673,526,2025-10-13,193,63,False
10674,113,2025-04-23,2027,1,False
10675,596,2026-04-29,1439,61,False
10676,647,2026-07-25,4555,117,False
10677,628,2026-07-30,4754,104,False
10678,717,2025-06-03,3133,92,False
10679,4,2026-01-31,4333,179,True
10680,303,2026-04-14,5390,120,False
10681,473,2026-08-03,5105,115,False
10682,130,2026-08-01,333,158,False
10683,319,2026-01-15,2390,181,False
10684,198,2025-06-16,1710,47,False
10685,174,2025-04-21,1380,174,False
10686,531,2025-10-04,3000,75,False
10687,533,2026-01-25,326,181,False
10688,56,2025-06-01,1208,92,False
10689,547,2026-01-17,1114,139,False
10690,709,2026-05-15,5229,154,True
10691,33,2025-12-04,4954,79,False
10692,606,2026-04-28,3755,91,False
10693,563,2025-07-14,2372,70,False
10694,636,2026-06-27,3289,43,False
10695,771,2026-08-22,3555,197,False
10696,593,2025-02-08,763,179,False
10697,288,2025-06-16,1120,16,False
10698,103,2026-03-26,4278,13,False
10699,724,2026-04-03,4955,160,False
10700,585,2025-12-18,5243,128,False
10701,357,2025-12-07,1374,146,False
10702,480,2025-09-15,4336,61,False
10703,427,2025-12-11,3664,118,False
10704,41,2026-06-24,3067,98,False
10705,204,2025-01-30,861,7,True
10706,228,2026-06-11,3704,193,False
10707,496,2025-02-18,571,193,False
10708,339,2026-03-01,2891,119,False
10709,339,2025-07-30,1871,26,False
10710,435,2025-04-15,229,134,False
10711,713,2025-01-05,2039,47,False
10712,145,2025-06-07,4708,130,False
10713,91,2025-01-02,4172,40,False
10714,422,2025-04-05,1285,144,False
10715,685,2025-08-27,4020,91,False
10716,767,2025-06-05,1713,89,False
10717,267,2025-09-28,2251,197,False
10718,284,2026-04-15,4945,4,False
10719,666,2025-01-12,2785,182,False
10720,122,2025-07-22,4046,178,False
10721,290,2025-08-18,5333,189,False
10722,375,2025-06-21,2985,112,False
10723,237,2025-11-21,2656,1,False
10724,361,2025-06-01,1395,182,False
10725,791,2025-05-14,3262,135,False
10726,734,2025-01-31,4452,147,False
10727,307,2026-03-07,5136,51,False
10728,370,2025-07-26,2899,150,False
10729,740,2026-05-07,1385,33,False
10730,195,2025-02-27,2962,130,False
10731,457,2025-05-15,5366,140,False
10732,180,2025-12-08,1049,192,False
10733,508,2026-06-01,3304,175,False
10734,28,2025-04-23,2388,159,False
10735,171,2025-07-03,4022,142,False
10736,594,2025-06-14,1946,87,False
10737,556,2025-01-21,2585,123,False
10738,215,2025-10-18,1606,55,False
10739,163,2026-02-13,5182,155,False
10740,631,2025-08-20,2572,79,False
10741,785,2026-02-23,4914,171,False
10742,441,2025-07-15,4545,37,False
10743,578,2025-11-28,2753,20,False
10744,570,2026-08-04,1728,48,False
10745,722,2025-04-02,3055,89,False
10746,163,2025-02-05,1350,33,False
10747,455,2025-03-16,2694,109,False
10748,124,2026-06-19,4767,12,False
10749,267,2025-12-29,3635,158,False
10750,335,2026-07-18,4180,79,False
10751,747,2025-08-23,2973,164,False
10752,286,2026-08-11,3066,152,False
10753,21,2025-08-20,3250,180,False
10754,405,2026-06-08,3681,14,False
10755,341,2025-11-28,1542,105,True
10756,599,2026-05-07,484,128,False
10757,3,2026-04-26,1200,44,False
10758,728,2025-05-24,3993,195,False
10759,593,2026-04-15,5181,176,False
10760,476,2025-04-20,4815,91,False
10761,688,2025-11-04,5124,192,False
10762,181,2026-01-01,2570,56,False
10763,321,2025-02-05,1637,192,False
10764,237,2025-11-22,4550,124,False
10765,221,2025-05-09,2196,5,False
10766,725,2026-03-14,3087,137,False
10767,724,2025-10-14,5025,163,False
10768,168,2025-03-13,223,59,True
10769,200,2026-08-29,4233,128,False
10770,76,2025-06-23,99,80,False
10771,124,2025-11-30,3248,197,False
10772,737,2026-02-13,710,187,False
10773,154,2026-05-08,4140,113,False
10774,22,2026-01-07,5206,105,False
10775,700,2026-02-05,2948,17,False
10776,600,2025-07-31,5168,197,False
10777,570,2025-07-15,3749,131,False
10778,117,2025-03-31,253,102,True
10779,16,2026-08-21,1982,70,False
10780,534,2026-06-05,2012,33,False
10781,445,2025-05-19,5122,45,False
10782,150,2026-05-20,5113,159,False
10783,363,2026-02-16,4201,56,True
10784,718,2025-03-30,2999,171,False
10785,724,2025-05-29,359,199,False
10786,40,2026-03-31,4283,7,False
10787,28,2026-08-15,2241,161,True
10788,244,2025-03-28,1126,47,False
10789,600,2026-07-28,4580,101,False
10790,627,2025-10-02,581,90,False
10791,419,2026-07-07,3411,68,False
10792,454,2025-10-10,1803,184,True
10793,378,2025-06-26,4444,43,False
10794,338,2025-09-01,3748,176,False
10795,101,2025-11-02,995,173,False
10796,349,2025-07-27,5023,131,False
10797,788,2025-06-17,383,146,False
10798,402,2025-10-11,4219,152,False
10799,476,2025-07-02,2788,136,False
10800,796,2026-03-09,2228,29,False
10801,23,2025-06-21,2617,75,False
10802,539,2025-07-20,2031,113,False
10803,204,2026-04-30,4235,97,False
10804,390,2025-12-19,4703,156,False
10805,10,2026-05-16,4591,189,False
10806,258,2025-08-06,2808,47,False
10807,435,2026-04-21,5068,162,False
10808,404,2026-08-13,2482,25,False
10809,316,2025-01-04,2514,193,False
10810,739,2026-02-20,1563,120,False
10811,174,2026-07-16,4366,192,False
10812,176,2026-06-02,3734,184,False
10813,458,2025-08-28,3138,5,False
10814,277,2025-09-20,846,194,False
10815,225,2025-07-06,1976,196,False
10816,52,2025-06-05,2113,85,False
10817,418,2026-05-03,3110,90,False
10818,504,2025-02-17,4070,93,False
10819,456,2025-09-22,944,110,False
10820,614,2026-05-11,3654,125,False
10821,531,2026-03-02,3105,16,False
10822,506,2026-02-28,745,8,False
10823,252,2025-10-16,1175,13,False
10824,650,2026-05-14,1951,108,False
10825,713,2025-08-14,3049,112,False
10826,617,2026-02-17,2147,125,False
10827,84,2025-01-20,3993,50,False
10828,778,2025-01-23,1284,25,False
10829,443,2025-06-16,2328,55,False
10830,362,2025-09-15,1105,165,False
10831,182,2025-07-06,1256,90,False
10832,68,2025-07-21,2763,107,False
10833,671,2025-02-24,1111,22,True
10834,429,2025-09-21,1829,173,False
10835,732,2025-02-28,3582,35,False
10836,617,2026-02-10,3289,111,False
10837,648,2026-04-26,3890,198,False
10838,326,2025-12-10,3472,62,False
10839,300,2025-07-16,5093,94,False
10840,360,2026-01-21,5159,75,False
10841,5,2026-06-06,2247,58,False
10842,590,2025-05-08,3201,191,False
10843,719,2025-05-02,551,146,False
10844,14,2025-10-29,4439,90,False
10845,714,2025-09-17,3180,120,False
10846,526,2025-05-23,4920,102,False
10847,443,2025-07-14,693,190,False
10848,566,2025-11-07,2314,151,False
10849,18,2026-07-19,2812,64,False
10850,777,2025-06-29,966,163,False
10851,697,2025-04-03,1616,83,False
10852,584,2025-05-12,1531,184,False
10853,266,2025-12-27,3550,5,False
10854,105,2026-07-25,3705,138,False
10855,243,2026-07-10,3502,127,False
10856,399,2025-06-12,1757,60,False
10857,790,2025-07-04,729,123,False
10858,325,2026-01-15,732,30,False
10859,584,2025-05-22,4294,32,False
10860,321,2026-01-16,778,92,True
10861,51,2026-06-20,4581,169,True
10862,629,2025-12-17,1825,19,False
10863,271,2026-03-24,3350,51,True
10864,465,2026-03-13,807,182,False
10865,267,2025-04-14,4447,88,False
10866,585,2026-01-05,4959,195,False
10867,653,2025-06-01,5116,42,False
10868,597,2026-05-31,65,104,False
10869,719,2026-03-17,4935,72,False
10870,551,2025-01-16,1277,8,False
10871,423,2025-06-21,3154,178,False
10872,607,2025-02-14,5018,59,False
10873,547,2025-08-25,3500,15,False
10874,175,2025-12-03,4362,78,False
10875,236,2026-07-30,1297,106,True
10876,79,2025-08-31,4996,78,False
10877,612,2025-10-06,3443,63,False
10878,130,2025-05-09,4740,140,False
10879,69,2025-12-23,85,140,False
10880,648,2025-08-03,2285,196,True
10881,41,2026-03-13,4416,27,False
10882,765,2026-01-30,530,5,True
10883,177,2025-03-10,1230,171,False
10884,750,2026-06-02,4496,193,False
10885,526,2025-07-06,5143,131,False
10886,11,2025-04-21,2038,183,False
10887,625,2026-01-25,879,121,False
10888,797,2025-06-27,647,171,False
10889,740,2025-11-02,4456,97,False
10890,710,2025-03-27,4183,87,False
10891,194,2026-05-05,3609,112,False
10892,160,2026-08-28,165,78,False
10893,250,2025-08-01,1950,77,False
10894,446,2025-01-13,1199,96,False
10895,622,2026-03-14,3027,128,False
10896,788,2025-04-06,3553,131,False
10897,386,2025-10-22,4712,4,False
10898,377,2025-08-22,1319,53,False
10899,680,2025-03-16,3074,51,False
10900,763,2025-05-01,385,80,True
10901,343,2026-06-09,1008,127,True
10902,436,2026-02-17,3695,191,False
10903,209,2025-07-03,3013,144,False
10904,276,2025-01-14,1659,15,False
10905,610,2025-04-10,2598,136,False
10906,129,2025-11-09,4954,41,False
10907,230,2026-03-22,1767,142,False
10908,84,2025-04-30,369,9,False
10909,203,2026-02-27,577,71,False
10910,566,2026-01-19,1906,119,False
10911,687,2025-02-11,2931,42,False
10912,263,2025-03-13,4852,104,False
10913,719,2025-04-10,2988,86,False
10914,327,2025-04-30,457,14,False
10915,213,2025-01-11,1053,73,False
10916,750,2026-05-19,4734,92,False
10917,412,2026-06-06,774,113,False
10918,160,2026-07-01,4522,39,False
10919,178,2026-06-19,4243,162,False
10920,299,2025-08-08,740,129,False
10921,87,2025-08-24,3006,154,False
10922,728,2025-12-23,3030,161,False
10923,495,2026-07-19,589,152,False
10924,753,2026-02-14,669,22,False
10925,192,2026-01-02,1067,76,False
10926,643,2026-04-07,5009,151,False
10927,541,2026-06-07,359,77,False
10928,307,2025-11-22,5324,88,False
10929,280,2026-04-12,3255,81,False
10930,101,2025-12-18,1893,103,False
10931,640,2026-03-31,1686,7,False
10932,632,2026-04-21,5189,90,False
10933,449,2026-03-11,2328,127,False
10934,672,2025-11-28,1503,143,False
10935,497,2026-06-24,4987,120,False
10936,572,2025-11-23,3266,142,False
10937,798,2025-08-01,4055,14,False
10938,270,2025-06-21,1325,117,False
10939,523,2025-07-19,5296,132,False
10940,522,2026-05-24,143,46,False
10941,727,2026-08-04,5150,79,False
10942,562,2025-09-26,1912,76,False
10943,214,2025-07-04,78,10,False
10944,710,2025-12-02,2398,163,False
10945,651,2025-08-18,2224,116,False
10946,112,2026-01-19,1068,63,False
10947,590,2025-02-01,4636,191,False
10948,212,2025-11-25,2804,183,False
10949,218,2025-05-11,164,14,False
10950,323,2025-09-26,5027,58,False
10951,252,2026-01-10,2583,188,False
10952,650,2025-10-22,4402,110,False
10953,157,2026-08-04,595,81,False
10954,715,2025-03-02,2245,122,False
10955,45,2025-08-30,3782,156,False
10956,223,2026-05-15,2283,34,False
10957,363,2025-07-24,129,47,False
10958,404,2025-02-19,4689,99,False
10959,708,2026-01-04,3307,38,False
10960,487,2026-08-23,3094,52,False
10961,424,2026-07-12,1007,28,False
10962,133,2026-08-12,2274,48,True
10963,35,2025-09-04,4705,119,False
10964,634,2026-06-20,1515,98,False
10965,461,2025-01-04,932,118,False
10966,377,2025-02-16,5069,60,False
10967,403,2026-04-03,1969,150,False
10968,716,2025-01-16,2650,119,False
10969,366,2025-12-31,107,5,False
10970,439,2026-01-10,1781,142,False
10971,413,2025-04-29,5021,132,False
10972,667,2025-04-11,4858,145,False
10973,180,2025-04-12,5365,117,False
10974,40,2026-07-25,3681,42,False
10975,767,2025-05-07,4053,159,True
10976,352,2026-02-03,4782,67,True
10977,462,2026-06-05,463,45,False
10978,336,2026-06-06,1641,194,False
10979,236,2025-06-17,550,116,False
10980,156,2026-08-27,5278,183,False
10981,543,2025-08-07,3237,73,False
10982,450,2026-07-24,4712,184,False
10983,501,2025-06-18,3269,194,False
10984,601,2025-03-05,3446,122,False
10985,240,2025-12-16,3694,62,False
10986,395,2026-08-20,5266,112,False
10987,481,2026-03-12,4709,118,False
10988,666,2025-02-12,2390,106,False
10989,79,2026-05-07,3405,64,False
10990,235,2026-04-18,2726,146,False
10991,158,2026-08-03,970,144,False
10992,239,2026-03-31,3233,10,False
10993,748,2025-09-07,2036,126,False
10994,134,2025-05-10,4222,32,False
10995,601,2026-08-05,4748,191,False
10996,628,2025-08-21,3798,54,False
10997,596,2025-11-28,973,121,True
10998,119,2026-01-18,4956,129,False
10999,67,2026-08-23,1813,157,False
11000,120,2025-10-30,2554,53,False
11001,669,2026-06-15,3427,164,False
11002,6,2026-03-04,3081,28,False
11003,577,2025-04-29,4165,3,False
11004,311,2025-03-21,2260,20,False
11005,759,2026-01-21,3570,9,False
11006,350,2025-09-05,4268,179,False
11007,369,2025-01-24,2817,16,False
11008,361,2026-03-12,3886,135,False
11009,646,2026-07-25,4611,106,False
11010,613,2025-01-05,5157,84,True
11011,767,2026-07-22,2843,34,False
11012,332,2026-01-30,5228,20,False
11013,673,2026-08-05,2494,99,True
11014,4,2025-11-25,3035,127,False
11015,496,2025-08-08,798,128,False
11016,488,2026-07-16,235,124,True
11017,41,2025-12-24,2447,80,False
11018,137,2026-08-08,3179,2,False
11019,780,2025-06-07,2653,161,False
11020,21,2026-02-23,3512,64,True
11021,405,2025-12-29,1560,133,False
11022,622,2025-11-24,391,153,False
11023,787,2026-05-21,3861,198,False
11024,197,2025-11-19,1000,173,False
11025,500,2026-05-08,1739,174,False
11026,605,2025-09-27,4687,51,False
11027,724,2025-04-13,99,126,False
11028,514,2026-04-18,2349,89,False
11029,187,2026-01-26,3445,99,False
11030,707,2025-07-22,4988,154,False
11031,756,2025-01-06,1870,189,False
11032,287,2025-05-27,1763,119,False
11033,397,2025-09-14,1115,26,False
11034,521,2025-09-25,5295,71,False
11035,666,2026-03-23,1208,43,False
11036,455,2025-07-21,3649,194,True
11037,600,2025-02-18,4693,193,False
11038,627,2026-05-10,4051,102,False
11039,167,2025-08-01,2807,40,False
11040,264,2025-06-17,3250,125,False
11041,676,2026-04-03,1850,187,False
11042,480,2025-09-02,2950,101,False
11043,161,2025-10-29,4099,46,False
11044,433,2025-06-13,3933,26,False
11045,170,2026-06-23,898,120,False
11046,35,2025-11-23,1104,109,False
11047,368,2025-07-10,3890,69,False
11048,28,2025-07-05,2646,56,False
11049,764,2025-09-20,2410,152,False
11050,723,2026-01-16,5131,5,False
11051,175,2025-05-29,897,143,False
11052,513,2026-05-05,4833,33,False
11053,310,2025-07-31,2941,195,False
11054,491,2026-04-01,5031,185,False
11055,418,2026-07-11,2693,18,False
11056,595,2025-07-03,4331,160,False
11057,607,2025-11-05,1260,118,False
11058,13,2025-12-10,4243,5,False
11059,677,2026-03-31,1151,66,False
11060,186,2025-08-21,5002,122,False
11061,509,2026-03-21,3137,29,False
11062,521,2026-01-30,4137,118,False
11063,507,2025-07-20,4943,64,False
11064,575,2026-06-14,516,94,False
11065,105,2025-01-24,1838,30,False
11066,504,2026-05-26,3123,29,False
11067,301,2025-08-05,115,187,False
11068,329,2026-06-23,235,187,False
11069,118,2025-05-29,3579,162,False
11070,472,2025-09-02,984,104,False
11071,259,2025-03-05,2698,185,False
11072,560,2026-05-08,3672,146,False
11073,381,2026-03-03,4208,108,False
11074,326,2025-08-17,4981,170,False
11075,408,2025-12-31,149,173,False
11076,452,2025-03-03,107,192,False
11077,542,2026-01-23,278,198,False
11078,64,2025-12-24,4091,22,False
11079,641,2026-06-13,470,195,False
11080,136,2025-12-29,2484,77,False
11081,186,2025-07-09,105,131,False
11082,619,2026-04-07,4448,105,False
11083,4,2026-04-03,4412,63,False
11084,305,2026-05-26,3432,116,False
11085,532,2026-02-05,5251,116,False
11086,623,2026-06-28,3185,182,False
11087,715,2026-01-09,3714,196,False
11088,540,2026-03-03,2317,96,False
11089,187,2026-07-17,5295,11,False
11090,291,2026-01-16,1900,153,False
11091,19,2025-12-26,1328,176,False
11092,617,2025-01-10,2729,90,False
11093,6,2025-05-21,973,63,False
11094,102,2025-03-10,3641,77,False
11095,779,2025-06-28,3181,83,False
11096,129,2025-03-26,2064,52,False
11097,228,2026-01-12,132,70,False
11098,328,2025-06-07,2650,61,False
11099,111,2025-05-25,2893,26,False
11100,525,2026-06-27,3230,127,False
11101,249,2025-09-22,268,77,False
11102,239,2026-03-17,45,12,False
11103,459,2025-02-06,4218,124,False
11104,259,2026-01-20,1178,63,False
11105,175,2026-06-19,4834,28,False
11106,690,2025-03-17,1020,135,False
11107,465,2025-04-19,1991,139,False
11108,720,2026-02-02,4719,18,False
11109,287,2026-01-12,691,151,False
11110,731,2026-03-20,4860,108,False
11111,711,2025-06-06,126,31,False
11112,18,2025-07-06,995,92,False
11113,101,2025-02-15,1624,198,False
11114,639,2025-05-28,3778,13,False
11115,237,2026-01-25,3176,98,False
11116,610,2026-02-21,2266,16,False
11117,347,2025-12-08,3041,41,False
11118,207,2025-03-15,2973,120,False
11119,175,2026-06-09,4291,117,False
11120,182,2025-12-20,2233,106,False
11121,532,2025-01-22,5021,116,False
11122,28,2026-08-16,2546,144,False
11123,152,2025-12-22,4567,94,False
11124,658,2025-01-15,3735,125,False
11125,256,2025-09-04,2203,178,False
11126,487,2025-04-21,1586,98,False
11127,240,2025-01-04,2739,24,False
11128,13,2025-11-18,143,86,False
11129,359,2025-01-13,1841,139,False
11130,181,2025-02-13,2728,64,False
11131,589,2025-10-28,1997,69,False
11132,665,2026-03-06,556,8,False
11133,706,2025-08-07,3220,186,False
11134,482,2025-02-19,5169,16,False
11135,65,2026-03-10,2357,172,False
11136,685,2025-04-27,1867,116,False
11137,676,2025-05-27,3794,148,True
11138,118,2025-11-29,142,116,False
11139,327,2025-04-27,4856,18,False
11140,763,2026-05-10,2609,9,False
11141,646,2026-05-01,4107,55,False
11142,166,2025-08-11,1756,87,False
11143,502,2026-03-22,1131,192,False
11144,243,2025-02-04,3714,189,False
11145,695,2026-05-15,1588,32,False
11146,741,2025-07-31,3820,38,False
11147,626,2026-08-03,3775,189,False
11148,251,2025-02-14,3780,153,False
11149,316,2025-05-05,4262,75,False
11150,477,2025-04-25,2134,102,False
11151,759,2026-01-12,5296,7,False
11152,276,2025-10-12,4637,155,False
11153,445,2025-01-20,2535,164,False
11154,592,2026-06-19,284,55,False
11155,298,2025-07-29,253,15,False
11156,250,2026-06-27,2555,196,False
11157,313,2025-08-05,186,96,False
11158,354,2026-03-04,5118,72,False
11159,75,2026-08-08,2294,5,False
11160,68,2026-05-27,2275,125,False
11161,560,2026-02-23,2850,194,False
11162,737,2025-11-21,5304,137,False
11163,645,2026-05-08,3235,192,False
11164,725,2026-08-04,3849,132,False
11165,671,2025-10-31,3031,140,False
11166,644,2026-05-22,2227,106,False
11167,47,2025-01-04,504,162,False
11168,699,2026-02-03,3695,135,False
11169,358,2026-08-04,2708,119,False
11170,483,2025-05-23,5114,136,False
11171,712,2026-05-06,775,182,False
11172,69,2026-04-07,4590,147,False
11173,204,2025-04-02,3631,83,False
11174,57,2026-06-16,1078,145,False
11175,336,2026-01-02,2812,179,False
11176,629,2025-10-18,4411,134,False
11177,394,2025-06-16,3816,106,False
11178,414,2025-08-09,1250,182,True
11179,188,2025-10-26,3737,76,False
11180,222,2025-08-10,566,179,True
11181,446,2025-09-27,781,108,False
11182,30,2026-04-02,2196,9,True
11183,355,2025-05-04,359,12,True
11184,788,2026-07-31,3210,196,False
11185,457,2025-07-31,1013,54,False
11186,78,2025-09-01,1707,159,False
11187,336,2025-09-13,3207,130,False
11188,292,2025-03-06,4579,119,False
11189,560,2025-11-23,782,103,False
11190,545,2025-01-26,1780,122,False
11191,784,2026-05-11,2344,156,False
11192,499,2026-05-20,676,78,False
11193,190,2025-07-13,1096,129,False
11194,102,2025-07-08,2707,86,False
11195,127,2025-06-01,2117,135,False
11196,497,2026-05-15,3432,76,False
11197,478,2026-08-16,4704,40,False
11198,270,2025-03-12,1512,189,False
11199,590,2025-03-24,956,192,False
11200,137,2025-01-24,4835,120,True
11201,572,2025-09-21,1905,129,False
11202,494,2025-07-07,359,32,False
11203,141,2025-08-30,4966,147,False
11204,721,2025-07-11,3230,154,False
11205,696,2025-11-30,5251,24,False
11206,602,2026-08-29,4551,139,False
11207,532,2026-08-15,3413,33,False
11208,130,2025-05-25,4382,127,False
11209,774,2026-05-27,763,156,False
11210,140,2026-03-27,3526,53,False
11211,646,2026-07-06,893,173,False
11212,376,2026-07-14,255,124,False
11213,536,2025-03-03,4460,197,False
11214,17,2026-04-21,464,163,False
11215,254,2026-04-06,114,126,True
11216,17,2026-08-15,2617,34,False
11217,583,2026-04-03,2019,190,False
11218,202,2025-04-12,5104,109,False
11219,252,2025-07-23,3712,84,False
11220,86,2026-02-19,450,42,False
11221,106,2025-07-15,846,103,False
11222,438,2025-11-13,4608,110,False
11223,274,2026-01-01,4306,9,False
11224,35,2026-06-13,4395,128,False
11225,672,2025-03-27,1487,9,False
11226,195,2026-03-27,5152,162,False
11227,35,2026-07-15,2609,103,False
11228,47,2026-04-18,843,100,False
11229,325,2025-01-01,4742,81,False
11230,425,2025-08-23,592,186,False
11231,103,2025-11-20,677,149,False
11232,283,2026-02-15,2066,182,False
11233,278,2026-05-01,4451,165,False
11234,67,2026-06-19,2813,163,False
11235,521,2026-05-11,852,166,False
11236,284,2025-04-30,4637,111,False
11237,561,2026-02-08,2812,64,False
11238,1,2025-01-20,4973,38,False
11239,28,2025-03-22,3282,55,False
11240,661,2025-07-09,1749,130,False
11241,261,2026-01-20,708,84,False
11242,291,2026-06-08,4451,141,False
11243,335,2026-03-25,569,114,False
11244,533,2025-10-10,4527,99,False
11245,570,2025-02-24,4058,47,False
11246,568,2025-06-05,2244,193,False
11247,699,2026-01-31,3115,107,False
11248,444,2026-07-07,2488,20,False
11249,202,2025-03-14,246,78,False
11250,472,2025-01-26,4764,170,False
11251,234,2025-11-11,4111,64,False
11252,343,2026-05-05,4739,180,False
11253,23,2025-05-13,3165,51,False
11254,326,2026-05-01,5191,126,False
11255,480,2026-08-27,361,103,False
11256,245,2025-11-12,3316,177,False
11257,88,2026-03-02,4921,56,True
11258,57,2025-06-10,2644,43,False
11259,95,2026-03-02,2551,48,False
11260,280,2025-09-21,4469,69,False
11261,797,2026-05-01,1957,54,False
11262,371,2025-08-03,463,37,False
11263,728,2025-12-14,1495,116,False
11264,107,2025-03-28,4714,63,False
11265,778,2026-02-06,1674,32,False
11266,727,2025-12-28,1193,33,False
11267,70,2025-08-10,2364,23,False
11268,7,2025-04-29,2551,33,False
11269,515,2026-08-01,5110,188,False
11270,180,2026-08-28,3715,7,False
11271,513,2025-10-31,4221,190,False
11272,544,2025-12-15,179,149,False
11273,52,2026-01-22,4637,57,False
11274,659,2025-03-12,2127,61,False
11275,694,2025-06-01,534,19,False
11276,379,2026-01-09,1602,122,False
11277,745,2026-01-12,3530,15,False
11278,471,2025-08-19,396,139,False
11279,585,2025-11-02,4072,92,False
11280,219,2025-04-23,933,134,False
11281,507,2026-03-19,4546,190,False
11282,764,2025-06-30,886,186,False
11283,621,2026-08-25,4790,38,False
11284,516,2025-06-05,4064,144,False
11285,325,2025-01-26,1080,111,False
11286,106,2025-12-20,2202,123,False
11287,274,2025-04-04,488,16,False
11288,590,2025-06-17,278,27,False
11289,422,2025-11-15,1945,34,False
11290,103,2025-01-30,1225,5,False
11291,189,2025-05-18,4180,20,False
11292,323,2026-05-12,3914,145,False
11293,37,2025-06-10,1639,65,False
11294,393,2025-06-23,1228,173,False
11295,731,2025-09-24,4780,156,False
11296,578,2025-07-04,2381,120,False
11297,749,2026-07-30,3527,74,True
11298,798,2025-09-21,3562,198,False
11299,44,2025-05-14,3728,126,False
11300,298,2026-04-27,5191,177,False
11301,162,2025-01-13,3811,54,False
11302,541,2026-01-09,354,187,False
11303,29,2025-10-20,2180,56,False
11304,538,2025-02-23,1220,146,True
11305,310,2025-05-28,1337,199,False
11306,148,2025-10-07,1222,192,False
11307,167,2025-01-18,4593,72,False
11308,515,2026-04-05,4774,120,False
11309,380,2026-05-06,1116,145,False
11310,704,2025-01-25,2989,94,False
11311,783,2025-08-21,2456,101,False
11312,445,2025-01-25,4062,10,False
11313,552,2025-04-10,4683,17,False
11314,384,2026-03-03,2496,184,False
11315,314,2025-07-14,2273,16,False
11316,519,2025-11-01,2569,79,False
11317,11,2025-06-11,2690,153,False
11318,646,2025-04-10,5259,20,False
11319,548,2026-06-01,713,174,False
11320,181,2026-02-11,915,142,False
11321,3,2026-06-09,2137,87,False
11322,131,2025-02-19,2163,67,False
11323,562,2025-05-08,2651,19,False
11324,521,2025-09-27,5330,109,False
11325,533,2026-08-29,3166,153,False
11326,28,2026-05-13,1429,199,False
11327,14,2025-11-10,1450,55,False
11328,661,2025-04-18,625,131,False
11329,364,2026-08-05,128,6,False
11330,242,2025-12-24,1621,5,False
11331,64,2026-04-19,3796,38,False
11332,89,2025-08-14,4518,12,False
11333,593,2026-04-07,3783,61,False
11334,612,2026-06-27,5376,116,False
11335,226,2025-09-14,1363,33,False
11336,179,2026-01-28,3376,11,False
11337,241,2026-04-19,4180,76,False
11338,322,2025-08-07,5344,2,False
11339,679,2026-02-01,1581,125,False
11340,332,2025-10-24,986,64,False
11341,618,2025-12-08,5277,155,False
11342,657,2025-11-16,3408,12,False
11343,478,2025-05-17,4238,69,False
11344,212,2026-08-21,3212,171,False
11345,790,2025-07-11,792,72,False
11346,507,2026-03-29,736,75,False
11347,556,2026-04-18,1741,7,False
11348,799,2026-03-10,3337,96,False
11349,489,2025-05-07,5171,141,False
11350,480,2026-08-21,2910,152,False
11351,664,2026-01-12,2834,32,False
11352,113,2025-04-03,4091,66,False
11353,771,2026-01-04,3719,15,False
11354,227,2025-10-11,4489,65,False
11355,776,2026-02-24,1661,181,False
11356,429,2026-08-07,1233,54,False
11357,705,2025-06-03,3658,100,True
11358,258,2026-06-02,620,195,False
11359,608,2026-05-31,4198,190,False
11360,414,2025-05-05,4993,42,False
11361,518,2025-06-29,3544,84,False
11362,435,2025-09-13,4007,137,False
11363,790,2025-06-24,2905,197,False
11364,589,2025-04-25,1975,129,False
11365,202,2026-03-22,1215,153,False
11366,499,2026-03-02,2911,92,False
11367,293,2026-03-30,4884,27,False
11368,559,2026-01-10,4446,152,False
11369,384,2025-04-24,2022,80,False
11370,175,2025-12-19,903,36,False
11371,179,2025-11-22,5344,100,False
11372,339,2026-07-03,36,16,False
11373,387,2026-06-17,1013,136,False
11374,661,2025-03-02,2964,128,False
11375,511,2025-11-26,4530,89,False
11376,602,2026-07-25,530,52,False
11377,120,2026-03-07,1349,95,False
11378,146,2025-10-22,5196,175,False
11379,30,2026-02-14,398,58,False
11380,52,2025-01-17,1124,114,False
11381,117,2025-10-29,212,110,True
11382,523,2026-07-10,3983,37,True
11383,366,2025-09-30,1799,107,False
11384,356,2026-07-20,3848,57,False
11385,592,2026-04-30,121,168,False
11386,329,2026-07-27,922,119,False
11387,6,2025-03-30,646,112,False
11388,21,2026-05-22,166,186,False
11389,144,2025-05-10,88,76,False
11390,306,2025-06-19,1266,76,False
11391,707,2025-03-22,4645,48,False
11392,143,2025-06-23,2935,12,False
11393,588,2026-01-26,4100,162,False
11394,28,2025-07-19,708,138,False
11395,87,2025-01-15,4859,136,False
11396,320,2025-05-17,5078,111,False
11397,510,2025-03-20,3234,131,False
11398,660,2026-07-06,4233,151,False
11399,593,2026-04-03,2245,16,False
11400,714,2025-11-21,1234,100,False
11401,347,2026-06-02,4736,169,False
11402,191,2025-06-11,637,80,False
11403,337,2026-07-05,2110,112,True
11404,220,2026-04-14,392,86,False
11405,285,2025-06-02,1669,169,False
11406,79,2026-01-17,4431,162,False
11407,615,2026-08-06,4022,158,False
11408,728,2025-08-19,4766,78,False
11409,77,2025-05-12,4412,190,False
11410,53,2026-07-09,2854,93,False
11411,643,2025-07-11,5217,148,False
11412,750,2025-12-04,3062,50,False
11413,13,2025-02-28,3515,37,False
11414,514,2026-01-17,2297,3,False
11415,332,2026-08-26,1633,56,False
11416,630,2025-01-20,4318,43,False
11417,413,2025-06-21,4963,192,False
11418,176,2026-01-18,4721,161,False
11419,233,2025-12-28,3995,197,True
11420,487,2025-09-08,1716,183,False
11421,207,2025-07-11,4450,114,False
11422,88,2026-03-31,4865,148,False
11423,426,2025-10-23,2491,43,False
11424,527,2025-01-27,1327,88,False
11425,639,2025-03-27,3563,165,False
11426,481,2025-08-23,1213,136,False
11427,322,2026-01-28,5267,191,False
11428,660,2025-02-09,4601,25,False
11429,366,2026-08-29,3561,93,False
11430,516,2026-07-20,2824,19,False
11431,722,2025-02-11,979,32,False
11432,778,2025-09-12,311,38,False
11433,356,2025-08-13,117,146,False
11434,393,2025-03-26,577,121,False
11435,696,2025-11-09,2304,96,False
11436,442,2026-03-28,1577,84,False
11437,604,2025-11-20,1906,167,False
11438,61,2026-06-20,987,37,False
11439,660,2026-01-25,3899,77,False
11440,87,2026-04-16,5380,109,False
11441,312,2026-05-29,36,79,False
11442,139,2026-06-01,3882,182,True
11443,743,2025-12-13,4823,79,False
11444,95,2026-05-30,2385,110,False
11445,437,2025-08-19,3095,118,False
11446,110,2026-08-24,4363,103,False
11447,15,2026-02-05,3449,39,False
11448,209,2025-08-09,1609,71,False
11449,63,2025-02-05,1717,198,False
11450,223,2025-07-31,185,3,False
11451,129,2025-10-20,4335,167,False
11452,557,2025-03-09,1990,49,False
11453,138,2025-12-11,4722,123,False
11454,390,2026-06-05,1952,66,False
11455,1,2025-07-11,2803,32,False
11456,742,2026-07-19,782,91,False
11457,354,2025-09-06,408,90,False
11458,275,2025-06-21,3415,184,False
11459,260,2026-05-24,3922,37,False
11460,51,2026-01-09,2106,60,False
11461,208,2026-01-14,3429,168,False
11462,676,2025-05-29,1632,63,False
11463,309,2025-12-31,3744,4,False
11464,675,2026-06-08,3275,64,True
11465,144,2025-04-29,4587,91,False
11466,291,2025-01-05,3910,43,False
11467,506,2026-04-10,4751,33,False
11468,57,2026-02-26,5350,87,False
11469,283,2025-05-04,1970,7,False
11470,705,2025-11-26,4782,149,False
11471,396,2025-03-15,2467,79,False
11472,747,2025-06-23,113,147,True
11473,114,2025-04-20,5172,98,False
11474,798,2026-07-15,844,1,False
11475,703,2025-08-06,669,197,False
11476,313,2025-10-19,2958,153,False
11477,450,2025-05-26,3761,15,False
11478,102,2025-11-15,2517,79,False
11479,126,2025-12-04,3321,131,False
11480,303,2025-02-20,4717,4,False
11481,262,2026-04-22,3101,40,False
11482,469,2025-09-08,4404,198,False
11483,724,2025-10-11,3253,145,False
11484,35,2025-04-07,2869,174,False
11485,671,2025-02-09,2751,179,False
11486,220,2025-12-03,5126,72,False
11487,522,2025-01-17,1904,161,False
11488,754,2025-12-18,1960,136,False
11489,587,2026-04-10,4263,123,False
11490,36,2025-05-29,3531,127,False
11491,475,2025-06-23,794,40,True
11492,121,2026-07-27,3767,197,False
11493,203,2025-10-05,194,31,False
11494,465,2025-07-03,2760,37,False
11495,467,2026-06-23,1754,178,False
11496,767,2026-02-02,1188,43,False
11497,228,2025-12-29,3382,14,False
11498,753,2026-08-18,862,134,False
11499,349,2026-01-03,1961,62,False
11500,207,2026-05-03,897,15,False
11501,499,2026-03-03,707,38,False
11502,492,2026-03-29,2113,164,False
11503,719,2026-02-20,3379,31,False
11504,773,2025-02-05,3633,43,False
11505,532,2025-04-22,4985,130,False
11506,504,2025-11-15,1694,153,False
11507,230,2026-03-07,1947,112,False
11508,178,2026-04-03,4651,31,False
11509,476,2026-05-05,1006,60,False
11510,555,2026-02-05,3230,148,False
11511,295,2025-01-27,4013,93,False
11512,409,2025-12-11,2468,16,False
11513,460,2026-03-08,4627,175,False
11514,396,2026-07-14,1756,21,True
11515,37,2026-01-06,608,137,False
11516,391,2025-12-06,638,10,False
11517,172,2025-04-06,2887,83,False
11518,91,2026-05-24,2983,132,True
11519,375,2025-09-04,2835,34,False
11520,632,2026-06-22,2060,33,False
11521,638,2025-04-18,2543,131,False
11522,278,2026-04-23,5200,73,False
11523,455,2025-07-01,2574,55,False
11524,148,2025-04-01,4016,177,False
11525,225,2026-07-10,4624,59,False
11526,353,2026-04-16,756,64,False
11527,312,2026-06-10,1362,160,False
11528,515,2026-04-23,3016,33,False
11529,597,2025-12-21,4056,90,False
11530,443,2026-02-13,4722,134,False
11531,24,2025-01-31,3922,14,False
11532,656,2025-08-14,5073,32,False
11533,365,2025-07-18,5365,183,False
11534,675,2025-06-25,5032,146,False
11535,220,2025-08-04,3340,67,False
11536,497,2026-01-31,4417,89,False
11537,196,2026-01-12,5156,75,False
11538,442,2026-03-19,1518,186,False
11539,670,2025-09-18,3024,148,False
11540,454,2026-07-13,3424,47,False
11541,799,2025-11-08,2001,18,False
11542,315,2025-07-27,3842,97,False
11543,102,2026-06-25,3860,161,False
11544,376,2025-06-25,4509,170,True
11545,667,2026-05-17,1250,21,False
11546,422,2026-03-27,4789,130,False
11547,490,2026-08-02,5195,92,False
11548,641,2026-08-17,2882,41,False
11549,211,2025-03-25,2398,108,True
11550,597,2025-06-26,1766,15,True
11551,764,2025-10-30,4055,12,False
11552,157,2025-06-16,2855,112,False
11553,149,2025-04-05,3440,34,False
11554,783,2026-06-27,4981,114,False
11555,778,2025-01-03,3824,195,False
11556,773,2025-06-10,2855,43,False
11557,686,2026-06-07,896,144,False
11558,224,2025-09-10,786,158,False
11559,449,2025-06-13,3913,26,False
11560,800,2026-08-26,2365,48,False
11561,563,2026-02-10,97,43,False
11562,421,2026-05-02,4117,194,False
11563,487,2025-08-05,3987,117,False
11564,182,2025-06-01,5258,142,False
11565,281,2025-09-20,1430,24,False
11566,577,2026-08-02,2298,121,False
11567,772,2025-12-27,3323,112,False
11568,39,2026-05-28,4310,131,False
11569,332,2026-07-29,1151,89,False
11570,551,2026-08-15,1495,2,False
11571,372,2026-07-25,3475,133,False
11572,669,2025-09-02,1982,72,False
11573,517,2026-07-30,5208,53,False
11574,281,2026-02-09,1629,173,False
11575,612,2026-07-05,198,35,True
11576,268,2025-08-20,3671,184,False
11577,331,2025-01-06,4090,98,False
11578,218,2025-09-26,4956,39,False
11579,799,2025-07-01,1443,169,False
11580,326,2026-02-12,4427,179,False
11581,764,2026-01-11,5226,189,False
11582,459,2025-09-09,3216,75,False
11583,101,2026-02-11,1375,184,True
11584,610,2025-09-12,2902,139,False
11585,157,2026-03-24,3600,79,True
11586,710,2025-11-25,4596,175,False
11587,772,2025-06-20,2603,103,False
11588,439,2025-03-07,5066,45,False
11589,319,2025-03-02,1688,150,False
11590,380,2026-08-22,4214,28,False
11591,621,2026-04-23,3896,59,False
11592,300,2026-05-17,3554,95,False
11593,41,2026-01-23,3558,120,False
11594,477,2025-10-20,4309,124,False
11595,592,2026-05-17,557,164,False
11596,116,2026-04-04,2646,114,False
11597,288,2025-06-05,5112,102,False
11598,374,2026-08-29,2309,136,False
11599,491,2025-03-11,711,103,False
11600,408,2025-11-10,5203,183,False
11601,604,2025-03-10,4062,79,False
11602,504,2026-03-16,2993,23,False
11603,571,2025-08-20,5122,123,False
11604,55,2025-02-21,3119,192,False
11605,736,2026-05-02,4639,40,False
11606,344,2026-08-04,659,32,False
11607,339,2025-08-01,2400,85,False
11608,610,2025-04-11,2794,186,False
11609,333,2025-07-04,2884,56,False
11610,628,2026-05-02,2063,151,False
11611,660,2026-06-04,190,54,False
11612,435,2025-10-24,1530,162,False
11613,453,2025-11-27,4358,52,False
11614,698,2026-01-27,5211,175,False
11615,598,2025-08-11,459,100,False
11616,604,2025-12-28,5020,23,False
11617,560,2025-02-06,5271,188,False
11618,638,2025-09-10,5279,133,False
11619,616,2026-03-18,1400,2,True
11620,635,2026-08-01,1908,69,False
11621,325,2026-06-28,1068,178,False
11622,583,2025-07-08,3521,76,False
11623,413,2025-05-06,856,190,False
11624,685,2025-05-21,1683,105,False
11625,395,2025-05-13,3024,24,False
11626,78,2026-06-27,2417,120,False
11627,652,2025-01-19,2165,13,True
11628,404,2025-06-28,1460,140,False
11629,34,2026-01-24,1256,17,False
11630,661,2025-03-07,3168,122,False
11631,41,2025-08-21,978,33,False
11632,88,2025-04-06,1580,46,False
11633,569,2025-06-24,413,40,False
11634,125,2025-08-05,1604,73,False
11635,216,2026-02-09,1581,121,False
11636,322,2026-06-18,2292,172,False
11637,780,2026-08-22,1489,129,False
11638,452,2026-02-07,152,143,False
11639,777,2026-03-24,1963,170,False
11640,580,2025-03-18,4854,92,False
11641,231,2026-01-18,3138,20,False
11642,449,2025-11-21,1222,48,False
11643,269,2026-08-17,5092,197,False
11644,174,2026-01-14,3417,166,False
11645,427,2026-04-29,3657,198,False
11646,679,2026-05-06,396,50,False
11647,632,2025-03-14,1455,30,True
11648,212,2025-12-09,2079,180,False
11649,207,2026-06-27,3717,199,False
11650,687,2025-07-28,266,88,True
11651,506,2026-04-24,1254,196,False
11652,397,2026-08-28,5388,132,False
11653,659,2026-08-16,1591,169,False
11654,33,2025-06-07,4696,45,False
11655,603,2025-07-18,947,114,False
11656,384,2026-08-09,4605,31,False
11657,389,2025-08-28,2125,151,False
11658,524,2025-05-08,1137,48,False
11659,181,2026-01-09,3560,171,True
11660,704,2025-11-11,3084,111,True
11661,68,2025-01-01,758,137,False
11662,466,2025-03-09,4690,137,False
11663,381,2026-01-13,4083,180,False
11664,794,2026-06-27,2064,96,False
11665,521,2026-01-31,4889,79,False
11666,305,2025-10-25,218,157,False
11667,337,2026-08-29,5243,80,False
11668,197,2026-06-21,2286,31,False
11669,41,2025-08-17,4349,126,False
11670,355,2026-05-16,4820,187,True
11671,18,2026-07-04,4530,127,True
11672,527,2025-04-26,626,120,False
11673,722,2026-01-15,2191,53,False
11674,76,2025-02-05,499,67,False
11675,778,2025-12-06,1326,120,False
11676,73,2026-07-11,3243,109,False
11677,381,2026-06-30,3759,188,False
11678,500,2025-12-08,1248,88,True
11679,513,2025-12-23,351,135,False
11680,308,2026-06-02,2117,161,False
11681,36,2025-01-03,3181,133,False
11682,627,2026-02-23,2174,58,False
11683,371,2025-07-11,5149,164,False
11684,211,2026-04-13,3788,125,False
11685,361,2025-03-12,3464,96,False
11686,347,2025-10-21,181,146,True
11687,478,2026-04-06,5017,166,False
11688,413,2026-03-22,3569,194,False
11689,480,2026-03-25,5308,147,False
11690,754,2026-07-12,2664,19,False
11691,738,2025-08-08,3676,119,False
11692,6,2026-03-07,2783,124,False
11693,516,2026-05-08,4656,15,False
11694,174,2026-07-20,3827,73,False
11695,55,2025-05-14,2134,18,False
11696,74,2025-05-27,3473,79,False
11697,511,2025-09-23,620,89,False
11698,794,2026-05-03,3663,85,False
11699,625,2026-06-18,2509,152,False
11700,106,2025-11-18,1635,67,True
11701,169,2026-03-17,4607,74,False
11702,659,2025-02-06,4608,106,False
11703,486,2026-04-03,329,28,False
11704,417,2026-01-27,3335,49,True
11705,147,2025-07-20,270,126,False
11706,626,2026-01-16,2501,170,True
11707,668,2026-07-30,5143,132,False
11708,242,2026-08-25,2724,167,False
11709,799,2026-01-25,773,38,False
11710,381,2026-01-30,1346,19,False
11711,32,2026-02-03,192,163,False
11712,783,2025-03-21,4264,15,False
11713,156,2025-07-29,4841,177,False
11714,77,2026-08-25,1523,84,False
11715,363,2025-02-08,1515,6,False
11716,497,2025-07-11,3141,134,False
11717,504,2026-07-02,4289,199,False
11718,767,2026-02-28,5044,120,False
11719,370,2025-08-28,5224,161,False
11720,102,2025-12-30,2992,42,False
11721,364,2026-04-06,3493,185,False
11722,673,2025-08-04,234,110,False
11723,10,2026-07-17,394,152,False
11724,221,2025-09-04,5229,5,False
11725,542,2026-06-20,1318,71,False
11726,161,2026-02-01,3060,33,False
11727,390,2025-01-29,1557,184,False
11728,134,2026-06-14,1008,56,False
11729,102,2025-03-12,4382,110,False
11730,589,2026-07-29,2698,146,False
11731,624,2025-01-09,627,52,True
11732,29,2026-08-25,2011,150,False
11733,429,2025-10-13,2336,131,False
11734,337,2025-03-12,2282,25,False
11735,295,2025-05-07,4164,51,False
11736,558,2025-04-25,2629,34,False
11737,511,2025-11-24,3312,43,False
11738,112,2025-05-05,4473,40,False
11739,778,2026-04-29,5014,122,False
11740,180,2026-08-14,1322,114,False
11741,438,2025-07-02,3414,98,False
11742,122,2025-03-01,3576,17,False
11743,481,2025-02-01,3670,145,False
11744,21,2026-02-28,3891,157,False
11745,216,2026-04-04,605,153,False
11746,366,2026-08-05,5293,135,False
11747,79,2025-03-25,3974,118,True
11748,398,2025-12-16,1716,142,False
11749,465,2025-04-29,2184,75,False
11750,757,2025-01-05,1106,59,False
11751,300,2025-09-17,3318,114,False
11752,583,2025-02-09,5050,110,False
11753,212,2025-04-07,2240,31,False
11754,777,2026-03-07,5137,61,False
11755,772,2025-05-10,3962,33,False
11756,606,2025-08-30,4208,86,False
11757,171,2026-08-02,362,155,False
11758,784,2025-11-03,2109,18,False
11759,320,2025-03-25,2660,123,False
11760,199,2025-01-28,5247,39,False
11761,322,2025-09-02,4343,114,False
11762,135,2026-06-30,3163,17,True
11763,287,2025-01-23,4605,38,False
11764,314,2026-07-04,1203,124,False
11765,798,2025-10-16,860,191,False
11766,394,2026-01-01,4463,161,False
11767,594,2025-11-28,4274,198,False
11768,660,2025-10-17,2616,195,False
11769,756,2025-07-09,1734,112,False
11770,434,2025-08-27,339,137,False
11771,468,2026-03-20,794,86,False
11772,762,2025-05-01,4208,171,False
11773,545,2026-04-29,3334,38,False
11774,231,2026-07-25,4414,69,False
11775,476,2025-11-01,302,187,False
11776,464,2025-10-25,4625,160,False
11777,469,2026-05-05,2998,16,False
11778,522,2025-03-07,903,46,False
11779,346,2026-04-18,5169,162,False
11780,125,2026-04-27,1835,111,False
11781,292,2025-07-28,1950,156,False
11782,629,2026-08-13,4280,76,False
11783,800,2025-10-29,2551,157,False
11784,512,2025-06-21,4119,137,False
11785,623,2025-06-04,3109,111,False
11786,154,2026-02-22,4786,117,False
11787,628,2026-07-16,1409,10,False
11788,331,2026-08-29,2971,155,False
11789,563,2026-07-02,1080,122,False
11790,513,2025-03-11,1698,47,False
11791,609,2026-03-14,5355,21,True
11792,587,2026-05-09,2234,178,False
11793,517,2025-05-13,3800,89,False
11794,334,2025-10-30,1608,63,False
11795,652,2025-02-01,228,174,False
11796,578,2026-02-11,3479,14,False
11797,111,2025-12-30,1195,175,False
11798,209,2025-04-20,2686,79,True
11799,216,2025-04-18,4134,158,False
11800,245,2025-05-13,3075,7,False
11801,563,2026-01-19,332,151,False
11802,10,2025-12-04,3640,131,False
11803,209,2025-11-10,2208,177,False
11804,391,2025-06-02,1314,38,False
11805,143,2026-04-25,3713,21,False
11806,151,2025-12-29,4834,148,False
11807,345,2025-07-05,1249,133,False
11808,482,2025-02-23,281,181,False
11809,268,2026-06-04,4541,156,False
11810,773,2026-04-20,1344,118,False
11811,336,2025-07-03,1661,165,False
11812,800,2025-06-16,698,133,False
11813,451,2026-08-13,440,30,True
11814,300,2026-03-24,2238,86,False
11815,92,2025-03-29,3261,45,False
11816,587,2025-04-09,5103,18,False
11817,431,2025-11-20,2557,33,False
11818,769,2026-05-01,4470,86,False
11819,774,2025-02-02,5000,113,False
11820,419,2025-01-09,2679,82,False
11821,197,2026-01-04,3006,195,False
11822,268,2025-04-14,2189,77,False
11823,58,2025-12-04,4143,97,True
11824,125,2025-07-25,241,125,False
11825,331,2026-05-30,5093,46,False
11826,141,2026-04-19,2663,102,False
11827,686,2025-03-25,707,45,False
11828,684,2025-01-20,1397,181,False
11829,141,2025-09-17,2976,91,False
11830,208,2026-03-26,35,151,False
11831,662,2025-10-24,4208,90,False
11832,217,2025-05-23,4567,142,False
11833,209,2025-01-28,3158,26,False
11834,598,2026-08-28,3909,181,False
11835,322,2026-06-24,506,61,False
11836,670,2025-06-24,5075,96,False
11837,424,2025-10-25,2228,152,False
11838,167,2025-03-30,2544,183,False
11839,123,2025-08-26,1494,106,False
11840,551,2026-02-19,2697,83,False
11841,359,2026-01-18,157,95,False
11842,358,2025-06-17,3041,58,False
11843,545,2025-08-01,1532,78,False
11844,222,2025-11-24,4767,158,False
11845,800,2025-11-15,1033,140,True
11846,417,2026-04-14,1135,160,False
11847,689,2025-10-25,3472,62,False
11848,622,2026-05-01,398,82,False
11849,487,2025-06-09,3549,19,False
11850,80,2025-05-14,3596,127,False
11851,590,2026-08-02,2857,141,False
11852,57,2025-05-08,2765,173,False
11853,590,2026-05-14,4198,176,False
11854,730,2025-06-14,3212,6,False
11855,427,2025-03-04,4327,35,False
11856,771,2025-08-28,4794,153,False
11857,502,2025-03-02,1543,93,True
11858,423,2026-03-30,4897,70,False
11859,426,2026-08-26,3083,91,False
11860,115,2025-11-26,2062,186,False
11861,54,2026-08-16,4472,191,False
11862,63,2026-06-19,3727,28,False
11863,717,2026-08-01,3853,129,False
11864,125,2026-02-28,2672,129,False
11865,510,2025-07-24,304,86,False
11866,227,2026-01-08,3014,152,False
11867,307,2025-06-07,4168,38,False
11868,548,2025-11-13,4395,29,False
11869,698,2026-04-08,430,70,False
11870,89,2025-09-08,1531,175,False
11871,420,2025-10-20,3900,8,False
11872,110,2025-07-29,521,81,False
11873,162,2025-02-12,4739,123,False
11874,571,2025-04-17,3693,7,True
11875,24,2025-04-11,4246,54,False
11876,206,2025-06-13,1669,131,False
11877,447,2025-02-08,3288,154,False
11878,173,2026-07-01,1628,1,False
11879,309,2026-04-23,679,136,False
11880,467,2026-05-19,702,187,False
11881,722,2025-11-30,930,99,False
11882,64,2025-01-03,5140,103,True
11883,407,2025-04-09,529,158,False
11884,504,2025-05-16,4509,175,False
11885,384,2026-03-22,2864,59,False
11886,16,2026-05-06,3955,133,False
11887,609,2026-02-18,3602,145,False
11888,187,2025-12-22,2947,187,False
11889,80,2025-08-10,4981,84,False
11890,361,2025-02-13,187,108,False
11891,153,2025-05-22,2789,76,False
11892,505,2026-05-06,5244,65,False
11893,432,2026-01-07,3291,67,False
11894,164,2026-04-03,1083,16,False
11895,736,2026-07-08,1339,148,False
11896,704,2025-06-20,3870,51,False
11897,252,2026-01-02,3388,117,False
11898,736,2026-03-28,2967,181,False
11899,261,2026-04-09,246,85,False
11900,385,2026-06-23,1539,196,False
11901,453,2026-07-18,2412,13,False
11902,218,2026-01-28,2481,8,False
11903,481,2026-05-30,3228,68,False
11904,89,2026-03-28,3125,52,False
11905,485,2025-07-05,2534,154,False
11906,751,2025-01-30,3800,41,False
11907,259,2026-07-07,3589,165,False
11908,107,2025-12-09,4031,103,False
11909,464,2025-11-27,1708,48,False
11910,239,2026-04-03,216,92,False
11911,595,2025-03-21,5389,128,False
11912,264,2025-10-08,4707,196,False
11913,51,2026-03-23,1381,13,False
11914,215,2025-09-03,3895,71,False
11915,662,2026-02-23,1738,91,False
11916,2,2025-12-08,4231,118,False
11917,709,2025-08-11,917,176,False
11918,166,2026-02-14,1894,159,False
11919,219,2025-10-03,2959,102,False
11920,599,2026-05-11,3757,4,False
11921,747,2025-02-06,1576,49,False
11922,165,2026-05-11,3317,158,False
11923,730,2026-04-10,2232,96,False
11924,612,2026-03-03,1846,138,False
11925,22,2025-06-09,4478,139,False
11926,333,2026-08-21,932,181,False
11927,203,2026-02-01,3943,56,False
11928,65,2025-11-23,3159,192,False
11929,740,2025-05-24,3658,144,False
11930,662,2025-09-27,4164,113,False
11931,700,2025-09-30,4364,28,False
11932,509,2025-07-20,1881,147,False
11933,584,2025-07-10,2212,190,False
11934,490,2025-03-17,4689,197,False
11935,38,2026-03-15,2842,51,False
11936,121,2025-05-16,4694,168,True
11937,711,2025-10-14,5318,189,False
11938,499,2025-07-05,4122,116,False
11939,260,2026-08-18,4468,14,False
11940,638,2025-11-04,717,30,False
11941,423,2025-06-24,4050,139,False
11942,798,2026-08-29,2786,74,False
11943,399,2026-05-17,2878,103,False
11944,537,2026-04-16,5305,175,False
11945,787,2025-03-28,1422,121,False
11946,346,2026-06-23,1424,17,True
11947,743,2025-04-15,1064,84,False
11948,656,2025-04-21,223,177,False
11949,29,2025-08-06,928,166,False
11950,41,2025-01-15,2813,126,False
11951,74,2025-01-18,1996,96,False
11952,336,2025-01-02,1460,162,False
11953,649,2025-07-11,5378,107,False
11954,586,2025-11-02,4005,81,False
11955,591,2025-03-04,1053,32,False
11956,288,2025-03-13,5086,62,False
11957,36,2025-11-10,3460,160,False
11958,48,2025-04-25,2345,193,False
11959,111,2025-10-21,1993,119,False
11960,89,2025-04-18,4317,118,False
11961,758,2026-03-18,2345,131,False
11962,134,2026-03-10,3871,137,False
11963,256,2026-07-20,2576,122,False
11964,666,2026-08-02,3633,185,False
11965,167,2026-03-21,4089,175,False
11966,577,2025-03-15,203,95,False
11967,373,2025-11-26,697,57,True
11968,612,2025-03-06,3924,17,False
11969,241,2026-02-15,1589,119,False
11970,728,2025-07-20,4206,50,False
11971,585,2025-10-21,2054,39,False
11972,243,2026-01-23,432,125,False
11973,533,2025-09-03,2375,149,False
11974,595,2025-08-13,4906,152,False
11975,790,2025-09-29,5325,77,False
11976,292,2025-06-19,2515,101,False
11977,782,2025-05-18,3541,92,False
11978,629,2025-03-11,4172,128,False
11979,350,2025-02-06,2234,74,True
11980,557,2025-10-05,3778,136,False
11981,453,2026-01-30,4719,41,False
11982,792,2025-01-22,4322,9,False
11983,50,2025-10-19,3021,90,False
11984,606,2026-01-17,149,95,False
11985,667,2026-06-04,3837,112,False
11986,5,2026-05-15,3484,175,False
11987,408,2025-11-28,2584,63,False
11988,560,2026-08-11,1736,12,False
11989,680,2026-06-24,2530,56,False
11990,82,2025-07-15,2046,135,False
11991,223,2025-09-29,792,192,False
11992,437,2026-05-16,758,110,False
11993,515,2026-03-09,1800,55,False
11994,126,2025-11-04,3097,144,False
11995,660,2025-10-27,136,58,False
11996,396,2025-06-12,3906,178,True
11997,322,2025-11-10,174,29,False
11998,635,2025-02-28,1338,177,False
11999,411,2026-05-04,4944,119,False
12000,232,2025-09-29,868,164,False
