payment_id,order_id,customer_id,amount,fee_amount,status,paid_at,method
1,1,276,119.61,3.77,captured,2026-05-05 02:00:00,ach
2,2,399,122.04,3.84,captured,2026-06-13 18:00:00,wire
3,4,56,150.45,4.66,captured,2025-09-10 04:00:00,paypal
4,5,294,363.48,10.84,captured,2025-12-25 14:00:00,paypal
5,6,392,223.5,6.78,captured,2025-06-28 15:00:00,ach
6,7,8,71.93,2.39,captured,2025-03-25 12:00:00,ach
7,7,8,71.93,2.39,captured,2025-03-25 12:00:00,card
8,8,407,306.91,9.2,captured,2025-09-03 18:00:00,wire
9,9,402,335.11,10.02,captured,2025-04-14 01:00:00,wire
10,10,289,312.78,9.37,refunded,2025-03-02 02:00:00,wire
11,12,194,310.81,9.31,captured,2026-05-26 16:00:00,card
12,13,67,245.45,7.42,refunded,2026-04-02 15:00:00,ach
13,14,329,101.88,3.25,captured,2026-07-12 13:00:00,wire
14,15,305,126.03,3.95,captured,2025-10-25 22:00:00,card
15,15,305,126.04,3.96,captured,2025-10-25 04:00:00,ach
16,16,458,378.4,11.27,captured,2026-02-17 23:00:00,paypal
17,17,113,115.2,3.64,refunded,2025-05-04 22:00:00,ach
18,18,79,331.28,9.91,captured,2025-09-29 16:00:00,ach
19,19,340,220.71,6.7,captured,2025-03-04 10:00:00,ach
20,20,156,17.12,0.8,captured,2026-01-10 19:00:00,card
21,21,93,94.64,3.04,captured,2025-09-23 09:00:00,card
22,21,93,94.64,3.04,refunded,2025-09-23 08:00:00,wire
23,22,336,228.43,6.92,captured,2025-12-03 15:00:00,wire
24,23,93,138.76,4.32,captured,2026-06-05 10:00:00,ach
25,24,417,239.78,7.25,captured,2025-02-02 18:00:00,card
26,25,156,171.24,5.27,captured,2025-10-01 14:00:00,wire
27,26,327,556.1,16.43,captured,2025-08-29 23:00:00,paypal
28,27,289,112.34,3.56,captured,2026-03-27 08:00:00,paypal
29,29,153,315.24,9.44,captured,2026-03-15 18:00:00,wire
30,30,43,117.77,3.72,captured,2026-05-30 20:00:00,wire
31,31,320,176.02,5.4,captured,2025-07-03 13:00:00,paypal
32,32,217,145.36,4.52,captured,2025-08-08 12:00:00,wire
33,33,489,314.11,9.41,captured,2025-08-01 19:00:00,ach
34,34,446,77.15,2.54,captured,2026-05-15 20:00:00,wire
35,35,38,256.58,7.74,captured,2025-10-11 21:00:00,paypal
36,37,208,543.42,16.06,captured,2025-06-01 17:00:00,paypal
37,38,191,90.77,2.93,captured,2026-07-20 08:00:00,wire
38,38,191,90.77,2.93,captured,2026-07-20 13:00:00,paypal
39,40,179,209.22,6.37,captured,2026-08-25 02:00:00,wire
40,41,77,232.4,7.04,captured,2025-10-01 15:00:00,ach
41,43,394,88.46,2.87,captured,2025-06-11 13:00:00,card
42,44,203,27.79,1.11,captured,2025-09-25 18:00:00,paypal
43,44,203,27.79,1.11,captured,2025-09-26 02:00:00,card
44,45,143,210.16,6.39,captured,2025-03-24 03:00:00,ach
45,47,33,146.97,4.56,captured,2025-08-03 17:00:00,card
46,47,33,146.97,4.56,captured,2025-08-03 13:00:00,card
47,48,228,256.47,7.74,refunded,2026-05-17 14:00:00,wire
48,49,52,68.2,2.28,captured,2026-08-10 14:00:00,ach
49,50,304,187.07,5.73,captured,2025-02-23 03:00:00,paypal
50,53,491,44.25,1.58,captured,2026-06-11 08:00:00,wire
51,54,437,147.6,4.58,captured,2026-07-01 10:00:00,card
52,55,364,251.59,7.6,captured,2025-04-30 00:00:00,ach
53,56,90,179.84,5.52,captured,2025-05-21 06:00:00,ach
54,57,17,88.03,2.85,captured,2025-05-02 01:00:00,card
55,58,62,321.04,9.61,captured,2025-07-31 00:00:00,card
56,60,204,250.83,7.57,captured,2025-08-29 16:00:00,ach
57,61,106,163.23,5.03,captured,2026-03-18 15:00:00,wire
58,62,488,63.85,2.15,captured,2025-08-29 16:00:00,paypal
59,62,488,63.85,2.15,captured,2025-08-29 09:00:00,paypal
60,63,372,603.77,17.81,captured,2025-12-26 15:00:00,ach
61,64,350,128.23,4.02,captured,2025-12-09 11:00:00,wire
62,65,326,191.66,5.86,captured,2025-06-06 03:00:00,card
63,66,309,181.29,5.56,captured,2025-02-08 23:00:00,paypal
64,67,441,210.91,6.42,captured,2025-05-17 21:00:00,wire
65,68,196,455.0,13.5,captured,2026-04-19 02:00:00,card
66,70,148,133.36,4.17,captured,2025-03-17 16:00:00,card
67,71,115,411.32,12.23,captured,2025-08-24 06:00:00,wire
68,72,479,312.75,9.37,captured,2026-05-12 17:00:00,card
69,73,284,66.06,2.22,captured,2026-05-07 03:00:00,card
70,73,284,66.05,2.22,captured,2026-05-07 02:00:00,card
71,74,214,359.77,10.73,refunded,2025-01-12 05:00:00,ach
72,75,13,59.71,2.03,captured,2026-04-26 14:00:00,ach
73,76,356,77.15,2.54,refunded,2026-04-25 07:00:00,ach
74,77,324,48.5,1.71,captured,2025-03-13 23:00:00,wire
75,79,66,406.87,12.1,captured,2025-02-02 22:00:00,ach
76,80,329,171.07,5.26,captured,2026-02-03 23:00:00,ach
77,81,181,57.79,1.98,captured,2026-06-08 05:00:00,wire
78,82,117,160.09,4.94,captured,2025-04-19 16:00:00,wire
79,83,112,297.06,8.91,captured,2025-08-05 08:00:00,paypal
80,84,144,111.01,3.52,captured,2025-11-22 07:00:00,card
81,85,367,136.74,4.27,captured,2025-02-15 23:00:00,wire
82,86,12,264.28,7.96,captured,2025-07-01 11:00:00,ach
83,86,12,264.28,7.96,captured,2025-07-01 17:00:00,wire
84,87,474,166.31,5.12,captured,2025-05-13 09:00:00,ach
85,88,485,54.94,1.89,captured,2025-01-04 02:00:00,wire
86,89,484,109.84,3.49,captured,2026-02-10 22:00:00,paypal
87,90,418,47.2,1.67,refunded,2026-03-18 06:00:00,paypal
88,91,162,286.67,8.61,captured,2025-02-21 08:00:00,card
89,92,203,91.2,2.94,captured,2025-03-23 04:00:00,card
90,93,64,80.35,2.63,captured,2025-02-13 07:00:00,ach
91,94,447,530.96,15.7,captured,2026-07-27 10:00:00,ach
92,95,386,75.75,2.5,captured,2025-12-14 22:00:00,card
93,96,77,55.07,1.9,captured,2025-11-28 04:00:00,ach
94,97,496,73.65,2.44,refunded,2025-02-24 04:00:00,wire
95,99,384,267.48,8.06,captured,2026-07-18 23:00:00,paypal
96,100,68,119.36,3.76,captured,2026-07-28 15:00:00,card
97,101,375,111.42,3.53,captured,2025-11-29 22:00:00,paypal
98,102,442,249.39,7.53,captured,2025-03-24 07:00:00,card
99,103,476,218.32,6.63,captured,2025-01-21 14:00:00,paypal
100,104,81,166.35,5.12,captured,2026-05-23 09:00:00,card
101,105,83,274.67,8.27,captured,2025-11-19 06:00:00,ach
102,106,35,59.33,2.02,captured,2025-07-20 04:00:00,card
103,107,412,96.86,3.11,captured,2025-01-09 04:00:00,paypal
104,108,93,280.54,8.44,captured,2025-12-14 14:00:00,wire
105,109,196,198.79,6.06,captured,2026-06-17 16:00:00,paypal
106,110,208,167.37,5.15,captured,2026-05-25 08:00:00,wire
107,111,176,629.68,18.56,captured,2026-03-21 05:00:00,card
108,112,249,310.97,9.32,refunded,2025-02-02 20:00:00,paypal
109,115,194,247.19,7.47,refunded,2026-05-28 06:00:00,card
110,116,403,384.54,11.45,captured,2025-04-02 16:00:00,ach
111,117,59,46.34,1.64,captured,2026-06-11 06:00:00,wire
112,118,480,193.78,5.92,captured,2026-03-11 22:00:00,paypal
113,119,205,146.65,4.55,captured,2026-04-13 02:00:00,ach
114,120,146,208.0,6.33,captured,2025-04-10 07:00:00,paypal
115,121,223,54.93,1.89,captured,2026-06-07 04:00:00,paypal
116,123,405,426.37,12.66,captured,2025-05-18 12:00:00,card
117,124,409,297.31,8.92,captured,2025-04-08 00:00:00,paypal
118,126,444,111.34,3.53,captured,2026-01-16 23:00:00,card
119,127,354,107.0,3.4,captured,2026-07-17 01:00:00,wire
120,127,354,107.0,3.4,captured,2026-07-17 10:00:00,wire
121,128,30,304.94,9.14,captured,2026-08-24 02:00:00,card
122,129,214,219.39,6.66,refunded,2025-03-07 03:00:00,ach
123,130,418,163.08,5.03,refunded,2026-08-14 17:00:00,wire
124,131,267,69.66,2.32,captured,2025-03-09 22:00:00,card
125,131,267,69.66,2.32,captured,2025-03-10 07:00:00,ach
126,132,293,448.74,13.31,captured,2026-03-31 10:00:00,card
127,133,188,191.82,5.86,refunded,2025-04-24 18:00:00,card
128,134,20,382.76,11.4,captured,2026-05-17 12:00:00,paypal
129,135,443,166.05,5.12,captured,2025-08-03 15:00:00,wire
130,136,377,374.08,11.15,captured,2026-06-17 02:00:00,paypal
131,137,136,147.19,4.57,captured,2025-11-27 07:00:00,card
132,138,121,280.24,8.43,captured,2025-11-17 16:00:00,card
133,140,399,217.53,6.61,captured,2025-05-21 00:00:00,ach
134,141,44,95.91,3.08,captured,2025-11-12 10:00:00,card
135,142,313,146.94,4.56,captured,2026-02-08 23:00:00,paypal
136,143,424,139.67,4.35,captured,2025-03-30 13:00:00,card
137,144,247,162.29,5.01,captured,2025-03-28 00:00:00,card
138,145,27,276.08,8.31,captured,2025-09-19 15:00:00,card
139,146,12,130.95,4.1,captured,2026-05-23 07:00:00,paypal
140,147,82,205.79,6.27,captured,2025-08-04 15:00:00,wire
141,148,445,348.34,10.4,captured,2025-09-09 07:00:00,wire
142,149,229,225.89,6.85,captured,2026-08-08 23:00:00,ach
143,150,74,39.17,1.44,refunded,2025-06-11 13:00:00,wire
144,152,415,231.81,7.02,captured,2026-05-30 01:00:00,card
145,154,345,44.44,1.59,captured,2025-03-11 10:00:00,paypal
146,156,35,212.46,6.46,captured,2026-08-18 07:00:00,paypal
147,157,32,143.1,4.45,captured,2026-05-09 01:00:00,wire
148,158,272,200.8,6.12,captured,2026-08-02 04:00:00,paypal
149,159,422,143.14,4.45,captured,2025-10-21 18:00:00,wire
150,160,481,111.81,3.54,captured,2026-01-07 16:00:00,paypal
151,161,353,83.86,2.73,captured,2025-03-27 12:00:00,wire
152,161,353,83.85,2.73,captured,2025-03-27 08:00:00,wire
153,162,462,49.5,1.74,captured,2026-03-10 07:00:00,card
154,163,118,95.77,3.08,captured,2025-12-12 09:00:00,card
155,165,56,51.87,1.8,captured,2026-05-31 03:00:00,paypal
156,166,87,195.2,5.96,captured,2025-09-24 08:00:00,wire
157,167,377,116.93,3.69,captured,2026-08-28 06:00:00,wire
158,168,77,123.17,3.87,captured,2026-06-23 16:00:00,wire
159,169,217,153.5,4.75,captured,2025-09-14 14:00:00,wire
160,169,217,153.51,4.75,captured,2025-09-14 18:00:00,wire
161,170,379,381.08,11.35,captured,2025-01-08 17:00:00,wire
162,171,464,75.21,2.48,captured,2025-03-31 12:00:00,paypal
163,172,81,160.07,4.94,captured,2025-06-26 03:00:00,wire
164,173,94,38.98,1.43,captured,2025-07-02 12:00:00,paypal
165,174,33,315.21,9.44,captured,2025-08-05 02:00:00,card
166,175,57,156.62,4.84,refunded,2026-08-04 05:00:00,ach
167,176,196,52.78,1.83,refunded,2026-02-16 06:00:00,paypal
168,177,158,108.48,3.45,captured,2025-04-26 14:00:00,card
169,178,484,40.26,1.47,captured,2026-03-05 10:00:00,card
170,178,484,40.26,1.47,captured,2026-03-04 20:00:00,card
171,180,155,43.04,1.55,captured,2025-02-11 00:00:00,card
172,181,235,414.83,12.33,captured,2026-01-30 04:00:00,ach
173,182,363,88.04,2.85,captured,2025-05-15 13:00:00,paypal
174,183,169,185.87,5.69,captured,2025-09-23 15:00:00,ach
175,184,72,249.95,7.55,refunded,2026-05-18 01:00:00,wire
176,185,211,372.65,11.11,refunded,2025-08-27 06:00:00,paypal
177,186,311,169.28,5.21,captured,2025-04-29 02:00:00,card
178,187,159,119.14,3.76,captured,2026-08-31 03:00:00,paypal
179,188,291,203.4,6.2,refunded,2025-06-26 14:00:00,wire
180,189,163,83.94,2.73,captured,2026-02-04 16:00:00,ach
181,190,453,81.5,2.66,captured,2025-04-09 16:00:00,wire
182,191,444,116.62,3.68,captured,2025-04-11 00:00:00,wire
183,193,419,103.33,3.3,captured,2026-06-30 02:00:00,paypal
184,194,61,133.19,4.16,captured,2025-01-19 05:00:00,card
185,195,327,586.69,17.31,captured,2026-08-16 18:00:00,wire
186,196,203,366.65,10.93,captured,2025-07-04 18:00:00,ach
187,197,389,221.87,6.73,captured,2026-08-24 08:00:00,wire
188,198,1,329.41,9.85,refunded,2025-11-22 11:00:00,wire
189,200,121,151.92,4.71,captured,2025-01-06 09:00:00,paypal
190,201,279,250.21,7.56,captured,2025-04-07 03:00:00,ach
191,203,449,53.55,1.85,captured,2025-04-12 19:00:00,card
192,204,228,203.53,6.2,captured,2026-06-13 10:00:00,card
193,205,1,64.73,2.18,captured,2025-03-14 05:00:00,paypal
194,206,434,268.8,8.1,captured,2026-01-28 06:00:00,paypal
195,207,287,368.52,10.99,captured,2025-08-14 23:00:00,ach
196,208,12,82.41,2.69,captured,2025-09-25 22:00:00,ach
197,209,323,49.74,1.74,captured,2026-03-08 17:00:00,wire
198,209,323,49.74,1.74,captured,2026-03-08 17:00:00,wire
199,210,441,364.2,10.86,captured,2025-04-06 10:00:00,ach
200,211,436,161.53,4.98,captured,2025-07-29 19:00:00,ach
201,212,445,331.36,9.91,captured,2025-12-06 01:00:00,card
202,213,488,151.53,4.69,captured,2025-08-07 22:00:00,paypal
203,214,327,171.98,5.29,captured,2025-05-26 21:00:00,card
204,217,317,318.09,9.52,captured,2025-02-10 05:00:00,ach
205,218,439,106.74,3.4,captured,2025-04-02 02:00:00,wire
206,220,450,120.14,3.78,captured,2026-03-12 11:00:00,card
207,222,101,221.39,6.72,captured,2025-07-17 08:00:00,card
208,223,430,186.84,5.72,captured,2025-02-16 13:00:00,paypal
209,224,471,75.84,2.5,captured,2025-11-04 02:00:00,paypal
210,225,264,190.21,5.82,captured,2025-04-21 01:00:00,paypal
211,226,441,126.61,3.97,refunded,2025-04-11 22:00:00,ach
212,227,342,240.94,7.29,captured,2025-07-15 09:00:00,wire
213,228,103,122.15,3.84,captured,2025-06-06 08:00:00,ach
214,229,254,164.59,5.07,captured,2025-02-02 12:00:00,ach
215,232,169,454.83,13.49,captured,2025-10-08 13:00:00,ach
216,233,88,92.31,2.98,captured,2025-09-28 10:00:00,card
217,233,88,92.31,2.98,captured,2025-09-28 01:00:00,paypal
218,234,250,480.86,14.24,captured,2026-08-31 20:00:00,ach
219,235,248,181.9,5.58,captured,2025-06-16 18:00:00,card
220,236,445,295.62,8.87,refunded,2025-07-23 11:00:00,card
221,237,5,123.02,3.87,captured,2025-11-10 05:00:00,wire
222,239,106,178.31,5.47,captured,2026-08-25 13:00:00,card
223,242,276,35.94,1.34,captured,2025-07-16 07:00:00,card
224,244,268,302.07,9.06,captured,2026-06-19 19:00:00,wire
225,245,73,115.4,3.65,captured,2025-12-20 11:00:00,card
226,246,226,617.26,18.2,captured,2025-05-09 08:00:00,paypal
227,247,461,633.2,18.66,captured,2026-02-21 16:00:00,wire
228,248,358,49.34,1.73,captured,2026-06-06 12:00:00,paypal
229,249,109,108.98,3.46,captured,2026-03-01 11:00:00,paypal
230,250,323,139.64,4.35,captured,2026-02-08 17:00:00,wire
231,251,367,223.69,6.79,captured,2025-10-12 00:00:00,ach
232,252,138,219.2,6.66,captured,2025-04-26 00:00:00,card
233,253,264,182.69,5.6,captured,2026-03-14 13:00:00,card
234,255,91,252.78,7.63,captured,2025-05-23 05:00:00,ach
235,256,445,240.53,7.28,captured,2025-10-27 06:00:00,paypal
236,258,163,70.75,2.35,captured,2025-11-16 02:00:00,card
237,259,51,151.49,4.69,captured,2025-12-01 11:00:00,ach
238,260,223,52.42,1.82,captured,2025-09-02 00:00:00,ach
239,260,223,52.42,1.82,captured,2025-09-01 23:00:00,card
240,262,487,166.23,5.12,captured,2025-12-22 17:00:00,paypal
241,263,388,90.97,2.94,refunded,2025-08-12 09:00:00,ach
242,264,429,57.24,1.96,captured,2026-03-14 05:00:00,paypal
243,265,494,304.5,9.13,captured,2025-03-14 02:00:00,ach
244,266,350,111.34,3.53,captured,2025-11-07 04:00:00,ach
245,267,429,89.94,2.91,refunded,2025-03-27 19:00:00,ach
246,270,315,37.59,1.39,captured,2026-06-07 22:00:00,ach
247,271,226,247.12,7.47,captured,2025-01-22 11:00:00,wire
248,273,361,124.99,3.92,captured,2026-02-12 03:00:00,paypal
249,274,206,144.86,4.5,captured,2025-09-10 16:00:00,wire
250,275,422,43.32,1.56,captured,2025-05-13 19:00:00,ach
251,276,19,612.91,18.07,captured,2025-06-02 12:00:00,card
252,277,163,128.3,4.02,captured,2026-05-27 17:00:00,ach
253,278,184,182.38,5.59,refunded,2025-03-22 11:00:00,ach
254,279,416,161.86,4.99,captured,2026-03-10 23:00:00,ach
255,280,255,111.71,3.54,refunded,2025-06-29 19:00:00,ach
256,281,467,266.96,8.04,captured,2025-01-09 04:00:00,wire
257,283,230,127.65,4.0,captured,2025-03-02 09:00:00,ach
258,284,364,228.95,6.94,captured,2026-04-09 06:00:00,card
259,285,124,178.35,5.47,captured,2026-04-14 07:00:00,paypal
260,286,54,493.34,14.61,captured,2025-05-14 16:00:00,paypal
261,287,246,156.5,4.84,captured,2026-04-15 09:00:00,paypal
262,287,246,156.5,4.84,captured,2026-04-15 02:00:00,wire
263,288,151,257.76,7.78,captured,2026-03-05 01:00:00,wire
264,289,366,57.66,1.97,captured,2026-02-16 17:00:00,card
265,290,261,264.73,7.98,captured,2025-02-18 02:00:00,paypal
266,291,68,256.9,7.75,captured,2025-03-20 18:00:00,paypal
267,292,226,85.71,2.79,captured,2025-04-09 14:00:00,ach
268,293,201,53.96,1.86,captured,2026-05-13 12:00:00,card
269,294,3,313.12,9.38,captured,2025-07-20 05:00:00,paypal
270,295,273,282.41,8.49,captured,2025-11-19 22:00:00,ach
271,296,468,54.2,1.87,captured,2025-10-13 11:00:00,wire
272,296,468,54.2,1.87,captured,2025-10-13 09:00:00,wire
273,297,449,119.52,3.77,refunded,2026-08-31 00:00:00,ach
274,298,453,194.01,5.93,captured,2025-04-22 09:00:00,card
275,299,447,138.56,4.32,captured,2026-04-20 04:00:00,wire
276,302,215,237.2,7.18,captured,2025-12-11 13:00:00,card
277,303,273,95.62,3.07,captured,2025-06-13 02:00:00,ach
278,304,417,270.06,8.13,captured,2025-09-10 16:00:00,paypal
279,305,187,265.74,8.01,captured,2026-03-20 21:00:00,ach
280,306,355,224.03,6.8,captured,2025-09-12 13:00:00,card
281,307,391,184.66,5.66,captured,2025-02-11 21:00:00,wire
282,308,256,107.16,3.41,captured,2025-07-06 17:00:00,wire
283,310,39,110.66,3.51,captured,2025-08-16 04:00:00,card
284,311,223,358.57,10.7,refunded,2025-10-27 00:00:00,card
285,313,323,170.69,5.25,captured,2025-01-19 04:00:00,card
286,314,120,429.27,12.75,captured,2025-06-17 05:00:00,ach
287,315,439,86.11,2.8,refunded,2026-06-13 23:00:00,ach
288,316,448,266.79,8.04,captured,2025-11-28 15:00:00,paypal
289,317,419,146.65,4.55,captured,2025-08-19 00:00:00,card
290,318,333,313.8,9.4,captured,2025-11-14 15:00:00,card
291,319,58,34.48,1.3,captured,2026-05-10 14:00:00,card
292,320,492,295.92,8.88,captured,2026-07-05 04:00:00,ach
293,322,284,185.74,5.69,captured,2026-05-22 05:00:00,paypal
294,324,43,254.18,7.67,captured,2025-01-07 01:00:00,wire
295,326,239,108.36,3.44,captured,2025-05-22 19:00:00,card
296,326,239,108.37,3.44,captured,2025-05-23 17:00:00,ach
297,327,99,367.96,10.97,captured,2026-04-10 20:00:00,card
298,330,451,211.83,6.44,captured,2025-07-13 16:00:00,paypal
299,331,47,205.03,6.25,refunded,2026-06-05 23:00:00,paypal
300,332,140,173.98,5.35,captured,2025-10-19 04:00:00,card
301,333,197,78.28,2.57,captured,2026-04-14 05:00:00,card
302,334,99,261.3,7.88,captured,2026-02-15 04:00:00,paypal
303,335,34,64.47,2.17,captured,2025-07-17 04:00:00,paypal
304,335,34,64.47,2.17,captured,2025-07-16 23:00:00,paypal
305,336,256,163.61,5.04,captured,2025-11-28 14:00:00,ach
306,337,222,265.13,7.99,captured,2025-05-03 03:00:00,ach
307,339,149,170.52,5.25,captured,2026-02-25 16:00:00,card
308,340,256,101.82,3.25,captured,2025-05-06 14:00:00,wire
309,340,256,101.82,3.25,refunded,2025-05-06 21:00:00,card
310,341,157,143.09,4.45,captured,2025-11-14 04:00:00,wire
311,342,20,605.03,17.85,captured,2025-03-02 21:00:00,ach
312,343,364,277.02,8.33,captured,2026-02-04 15:00:00,card
313,343,364,277.02,8.33,refunded,2026-02-04 13:00:00,card
314,344,372,545.17,16.11,captured,2025-04-15 05:00:00,ach
315,345,332,180.62,5.54,captured,2025-06-03 11:00:00,ach
316,347,349,324.53,9.71,captured,2026-07-13 11:00:00,wire
317,348,303,152.99,4.74,captured,2026-01-15 02:00:00,paypal
318,349,221,313.0,9.38,captured,2026-02-11 20:00:00,wire
319,350,309,105.16,3.35,captured,2025-09-07 11:00:00,card
320,351,56,229.05,6.94,captured,2026-06-06 09:00:00,wire
321,352,105,392.25,11.68,captured,2025-02-13 05:00:00,paypal
322,353,65,159.44,4.92,captured,2025-09-09 11:00:00,paypal
323,354,224,157.77,4.88,captured,2025-02-21 04:00:00,wire
324,355,448,55.33,1.9,captured,2026-02-28 19:00:00,ach
325,356,4,121.99,3.84,captured,2026-07-31 17:00:00,paypal
326,358,142,250.79,7.57,captured,2025-04-05 09:00:00,wire
327,359,469,231.51,7.01,captured,2026-04-25 06:00:00,paypal
328,361,111,151.39,4.69,refunded,2025-08-02 00:00:00,wire
329,362,143,64.53,2.17,captured,2025-12-17 03:00:00,paypal
330,363,291,224.86,6.82,captured,2025-10-04 16:00:00,wire
331,364,24,44.51,1.59,captured,2025-04-25 19:00:00,wire
332,365,34,78.19,2.57,captured,2025-11-19 04:00:00,ach
333,366,338,245.78,7.43,captured,2025-04-30 21:00:00,wire
334,367,402,127.94,4.01,captured,2026-03-12 12:00:00,card
335,369,86,227.67,6.9,captured,2026-05-08 11:00:00,ach
336,370,432,162.78,5.02,captured,2026-08-21 07:00:00,paypal
337,372,438,167.98,5.17,captured,2026-01-06 02:00:00,card
338,373,148,281.59,8.47,captured,2025-09-26 13:00:00,ach
339,374,249,107.04,3.4,captured,2025-11-19 02:00:00,card
340,375,479,178.1,5.46,captured,2025-11-10 01:00:00,card
341,375,479,178.1,5.46,captured,2025-11-10 04:00:00,ach
342,376,204,49.68,1.74,captured,2026-06-26 23:00:00,wire
343,377,334,39.84,1.46,captured,2025-03-20 17:00:00,wire
344,377,334,39.83,1.46,captured,2025-03-20 01:00:00,ach
345,378,293,76.36,2.51,refunded,2025-12-30 11:00:00,ach
346,379,38,112.31,3.56,captured,2025-12-02 18:00:00,wire
347,381,180,185.32,5.67,captured,2025-09-09 12:00:00,ach
348,382,238,153.9,4.76,captured,2025-10-15 20:00:00,card
349,382,238,153.9,4.76,captured,2025-10-16 04:00:00,paypal
350,383,153,311.87,9.34,captured,2025-01-23 01:00:00,wire
351,384,498,43.18,1.55,captured,2025-10-20 00:00:00,card
352,385,276,412.72,12.27,captured,2025-04-16 10:00:00,wire
353,386,319,123.26,3.87,captured,2025-09-01 21:00:00,paypal
354,387,262,265.24,7.99,captured,2025-06-19 18:00:00,wire
355,387,262,265.23,7.99,captured,2025-06-19 10:00:00,ach
356,388,155,95.95,3.08,captured,2026-04-05 07:00:00,paypal
357,389,294,38.32,1.41,captured,2026-08-08 09:00:00,ach
358,390,397,278.44,8.37,captured,2025-03-08 00:00:00,wire
359,391,48,129.81,4.06,captured,2025-06-07 16:00:00,paypal
360,391,48,129.8,4.06,captured,2025-06-07 17:00:00,ach
361,393,83,88.26,2.86,captured,2025-10-22 03:00:00,paypal
362,394,468,318.63,9.54,captured,2025-08-15 06:00:00,card
363,395,289,235.69,7.14,captured,2025-10-06 06:00:00,ach
364,396,171,127.79,4.01,captured,2025-02-13 02:00:00,paypal
365,397,100,259.56,7.83,refunded,2026-06-15 04:00:00,card
366,399,263,45.66,1.62,captured,2026-07-09 20:00:00,wire
367,399,263,45.65,1.62,captured,2026-07-10 11:00:00,card
368,401,358,243.14,7.35,captured,2026-02-10 08:00:00,ach
369,404,361,578.87,17.09,captured,2026-01-06 16:00:00,wire
370,405,139,88.28,2.86,refunded,2026-03-25 16:00:00,card
371,406,156,158.42,4.89,captured,2026-04-22 05:00:00,ach
372,407,297,165.11,5.09,captured,2025-01-02 19:00:00,wire
373,408,191,288.05,8.65,captured,2025-09-05 08:00:00,card
374,409,466,118.88,3.75,captured,2025-10-24 11:00:00,wire
375,410,49,309.73,9.28,captured,2025-10-19 22:00:00,paypal
376,411,85,126.44,3.97,captured,2025-12-01 22:00:00,wire
377,412,406,66.36,2.22,captured,2026-03-02 16:00:00,wire
378,413,341,194.8,5.95,captured,2025-12-25 22:00:00,paypal
379,414,431,133.06,4.16,captured,2025-05-25 01:00:00,paypal
380,415,12,186.79,5.72,captured,2026-02-10 15:00:00,paypal
381,416,68,228.34,6.92,captured,2025-12-30 06:00:00,ach
382,417,419,45.39,1.62,captured,2025-05-02 08:00:00,wire
383,418,407,144.66,4.5,captured,2026-01-18 09:00:00,paypal
384,419,413,197.45,6.03,captured,2025-11-14 11:00:00,paypal
385,420,449,313.48,9.39,captured,2026-05-04 13:00:00,paypal
386,421,116,298.24,8.95,captured,2025-08-27 01:00:00,ach
387,422,49,106.98,3.4,captured,2026-06-27 13:00:00,ach
388,423,149,162.6,5.02,captured,2025-11-22 07:00:00,card
389,424,499,252.55,7.62,captured,2026-07-28 17:00:00,ach
390,425,259,158.73,4.9,captured,2025-03-06 11:00:00,paypal
391,427,372,91.56,2.96,captured,2025-05-16 12:00:00,card
392,427,372,91.57,2.96,captured,2025-05-16 15:00:00,paypal
393,428,422,235.17,7.12,captured,2026-05-12 03:00:00,wire
394,429,62,90.55,2.93,captured,2025-11-06 00:00:00,wire
395,430,280,133.19,4.16,captured,2026-02-14 13:00:00,wire
396,430,280,133.18,4.16,captured,2026-02-14 15:00:00,paypal
397,431,373,200.21,6.11,captured,2025-01-13 07:00:00,wire
398,432,479,283.23,8.51,captured,2025-08-17 05:00:00,paypal
399,433,304,156.08,4.83,captured,2025-08-03 23:00:00,ach
400,434,170,421.27,12.52,captured,2026-07-16 14:00:00,paypal
401,435,456,217.82,6.62,captured,2025-03-06 11:00:00,card
402,436,181,307.56,9.22,captured,2026-06-08 00:00:00,paypal
403,437,317,134.44,4.2,captured,2025-08-15 02:00:00,wire
404,437,317,134.45,4.2,refunded,2025-08-14 22:00:00,wire
405,438,421,168.47,5.19,captured,2026-04-19 01:00:00,wire
406,439,266,180.06,5.52,captured,2025-06-28 03:00:00,card
407,440,356,122.62,3.86,captured,2025-02-06 08:00:00,card
408,441,421,496.01,14.68,captured,2026-02-19 15:00:00,wire
409,442,301,249.06,7.52,captured,2025-04-19 14:00:00,paypal
410,443,211,97.03,3.11,captured,2025-04-02 07:00:00,ach
411,444,323,431.63,12.82,captured,2026-07-15 07:00:00,wire
412,445,201,179.36,5.5,captured,2025-05-19 19:00:00,card
413,446,342,288.85,8.68,captured,2026-08-21 02:00:00,ach
414,447,41,52.33,1.82,refunded,2025-07-31 22:00:00,wire
415,448,24,315.55,9.45,captured,2025-06-18 08:00:00,card
416,449,238,216.04,6.57,captured,2025-10-06 01:00:00,card
417,451,366,235.82,7.14,captured,2026-07-19 21:00:00,wire
418,452,91,475.19,14.08,captured,2026-01-06 07:00:00,wire
419,453,250,106.4,3.39,captured,2026-03-31 01:00:00,ach
420,455,461,132.73,4.15,captured,2025-05-29 01:00:00,card
421,456,422,193.3,5.91,captured,2025-12-30 22:00:00,ach
422,458,198,262.54,7.91,captured,2026-08-14 20:00:00,wire
423,459,472,164.78,5.08,captured,2026-03-18 17:00:00,paypal
424,460,245,224.06,6.8,refunded,2025-07-02 02:00:00,wire
425,462,45,288.83,8.68,captured,2026-03-30 12:00:00,card
426,463,215,181.59,5.57,captured,2025-09-09 17:00:00,card
427,464,436,152.93,4.73,captured,2025-11-16 10:00:00,paypal
428,466,6,286.1,8.6,captured,2025-06-25 00:00:00,card
429,467,368,52.16,1.81,captured,2025-03-05 07:00:00,paypal
430,467,368,52.15,1.81,captured,2025-03-05 13:00:00,card
431,468,42,256.97,7.75,captured,2025-09-09 05:00:00,paypal
432,469,151,150.91,4.68,captured,2025-05-14 11:00:00,wire
433,470,407,71.48,2.37,captured,2025-12-03 06:00:00,wire
434,470,407,71.49,2.37,captured,2025-12-02 17:00:00,card
435,471,446,779.5,22.91,captured,2026-06-04 22:00:00,ach
436,472,66,296.09,8.89,captured,2026-04-09 01:00:00,wire
437,473,249,128.23,4.02,captured,2026-03-20 23:00:00,wire
438,474,397,235.2,7.12,captured,2025-11-25 23:00:00,wire
439,475,196,319.21,9.56,captured,2026-06-26 17:00:00,wire
440,476,176,295.94,8.88,captured,2026-07-19 06:00:00,paypal
441,477,272,35.32,1.32,captured,2026-04-08 09:00:00,card
442,478,389,189.0,5.78,captured,2025-03-13 05:00:00,card
443,479,21,217.67,6.61,captured,2025-06-30 17:00:00,paypal
444,480,26,189.96,5.81,captured,2026-08-07 12:00:00,card
445,481,54,128.36,4.02,captured,2025-02-14 14:00:00,ach
446,482,171,241.85,7.31,captured,2025-12-02 03:00:00,paypal
447,484,241,59.15,2.02,captured,2025-08-27 20:00:00,card
448,485,151,43.98,1.58,captured,2026-03-06 02:00:00,wire
449,486,313,242.44,7.33,captured,2025-02-18 02:00:00,ach
450,487,161,294.44,8.84,captured,2025-05-15 11:00:00,card
451,489,155,37.11,1.38,captured,2025-04-15 18:00:00,ach
452,490,123,190.26,5.82,refunded,2025-09-23 14:00:00,card
453,492,330,143.31,4.46,refunded,2026-07-25 10:00:00,wire
454,493,24,360.06,10.74,captured,2025-10-25 03:00:00,card
455,495,25,113.93,3.6,captured,2025-02-25 06:00:00,ach
456,496,398,99.36,3.18,captured,2025-02-06 19:00:00,card
457,497,314,184.31,5.64,captured,2025-08-29 00:00:00,wire
458,499,165,47.64,1.68,refunded,2026-07-17 23:00:00,ach
459,500,24,227.15,6.89,captured,2025-10-26 04:00:00,wire
460,502,40,143.48,4.46,captured,2026-06-02 17:00:00,card
461,503,73,77.28,2.54,captured,2026-06-12 14:00:00,ach
462,504,394,474.5,14.06,captured,2026-04-20 07:00:00,card
463,505,190,268.14,8.08,captured,2025-09-25 14:00:00,paypal
464,506,441,552.02,16.31,captured,2025-05-13 01:00:00,paypal
465,509,418,220.8,6.7,captured,2026-05-14 01:00:00,ach
466,510,231,108.98,3.46,captured,2025-03-24 11:00:00,ach
467,511,160,160.27,4.95,captured,2025-09-11 01:00:00,card
468,512,385,287.37,8.63,captured,2025-11-04 20:00:00,wire
469,513,416,37.49,1.39,captured,2025-12-05 00:00:00,paypal
470,513,416,37.5,1.39,captured,2025-12-05 08:00:00,ach
471,514,150,366.73,10.94,captured,2025-02-24 08:00:00,paypal
472,515,412,101.44,3.24,captured,2025-11-16 12:00:00,paypal
473,515,412,101.45,3.24,captured,2025-11-16 05:00:00,card
474,516,496,332.48,9.94,captured,2025-06-03 06:00:00,wire
475,518,424,57.23,1.96,captured,2026-05-16 02:00:00,card
476,519,44,191.85,5.86,captured,2025-10-07 23:00:00,ach
477,520,444,365.58,10.9,captured,2025-09-01 16:00:00,ach
478,521,446,177.63,5.45,captured,2025-01-13 03:00:00,paypal
479,522,428,183.99,5.64,captured,2026-08-28 14:00:00,paypal
480,523,175,211.92,6.45,captured,2025-12-29 01:00:00,card
481,524,467,40.72,1.48,captured,2026-04-07 09:00:00,wire
482,525,277,387.31,11.53,captured,2025-09-23 08:00:00,card
483,526,33,22.15,0.94,captured,2025-06-11 21:00:00,ach
484,527,425,355.57,10.61,captured,2025-06-16 21:00:00,wire
485,528,455,73.01,2.42,captured,2025-01-05 12:00:00,card
486,528,455,73.01,2.42,captured,2025-01-05 06:00:00,paypal
487,529,152,249.22,7.53,captured,2026-06-24 13:00:00,card
488,531,285,305.94,9.17,captured,2025-08-03 22:00:00,card
489,532,180,275.15,8.28,refunded,2026-03-06 11:00:00,paypal
490,533,320,260.07,7.84,captured,2025-03-21 16:00:00,paypal
491,534,186,32.45,1.24,captured,2025-10-13 16:00:00,paypal
492,535,109,100.72,3.22,captured,2025-09-24 02:00:00,paypal
493,536,117,238.74,7.22,captured,2026-07-06 16:00:00,ach
494,537,329,388.09,11.55,captured,2026-05-02 20:00:00,card
495,538,220,90.46,2.92,captured,2026-04-13 22:00:00,card
496,539,8,96.45,3.1,captured,2025-06-07 20:00:00,wire
497,540,253,235.61,7.13,captured,2025-11-14 00:00:00,paypal
498,541,394,364.33,10.87,captured,2026-08-20 00:00:00,card
499,541,394,364.33,10.87,captured,2026-08-19 21:00:00,card
500,542,75,123.8,3.89,captured,2025-01-13 07:00:00,ach
501,543,123,153.64,4.76,captured,2026-02-02 23:00:00,card
502,544,180,126.1,3.96,captured,2025-07-25 14:00:00,paypal
503,545,464,170.14,5.23,captured,2026-03-29 20:00:00,ach
504,546,175,402.28,11.97,captured,2025-10-30 04:00:00,card
505,547,419,153.52,4.75,captured,2026-03-05 05:00:00,ach
506,548,338,581.09,17.15,captured,2025-06-03 10:00:00,card
507,549,497,207.45,6.32,captured,2026-06-23 05:00:00,wire
508,550,291,351.75,10.5,captured,2026-05-25 23:00:00,ach
509,551,159,150.2,4.66,captured,2026-01-23 06:00:00,paypal
510,552,359,76.5,2.52,captured,2025-09-16 01:00:00,ach
511,553,46,141.14,4.39,captured,2025-04-04 10:00:00,wire
512,554,392,242.63,7.34,captured,2025-05-04 07:00:00,wire
513,555,118,47.57,1.68,captured,2025-09-02 23:00:00,wire
514,555,118,47.57,1.68,captured,2025-09-03 03:00:00,paypal
515,556,334,385.16,11.47,captured,2026-04-21 06:00:00,ach
516,557,291,137.79,4.3,captured,2026-07-31 05:00:00,card
517,558,121,89.21,2.89,captured,2026-01-05 18:00:00,wire
518,559,241,691.22,20.35,captured,2026-07-27 08:00:00,wire
519,560,252,88.75,2.87,captured,2025-05-01 10:00:00,card
520,561,384,134.44,4.2,refunded,2026-03-30 14:00:00,paypal
521,562,234,297.39,8.92,captured,2025-11-22 02:00:00,wire
522,563,30,120.35,3.79,captured,2025-03-28 13:00:00,paypal
523,565,333,112.16,3.55,captured,2026-07-05 04:00:00,ach
524,566,448,570.77,16.85,captured,2025-10-03 00:00:00,wire
525,567,218,248.17,7.5,captured,2025-06-07 10:00:00,card
526,568,46,315.39,9.45,captured,2025-07-04 07:00:00,wire
527,571,352,70.96,2.36,captured,2025-05-15 03:00:00,wire
528,571,352,70.96,2.36,captured,2025-05-14 19:00:00,card
529,572,16,199.84,6.1,captured,2026-02-22 12:00:00,paypal
530,573,130,43.33,1.56,captured,2026-04-01 15:00:00,paypal
531,574,365,349.2,10.43,captured,2025-01-13 14:00:00,paypal
532,575,316,135.58,4.23,captured,2025-08-24 22:00:00,ach
533,577,348,192.26,5.88,captured,2026-04-27 12:00:00,wire
534,579,451,292.31,8.78,captured,2025-11-21 08:00:00,wire
535,580,413,184.95,5.66,captured,2025-05-20 01:00:00,paypal
536,582,13,185.91,5.69,captured,2026-08-10 12:00:00,card
537,583,196,447.92,13.29,captured,2026-08-28 05:00:00,paypal
538,584,11,338.68,10.12,captured,2025-04-11 09:00:00,wire
539,585,286,221.89,6.73,captured,2025-10-24 02:00:00,wire
540,586,302,356.34,10.63,captured,2026-04-01 09:00:00,card
541,587,171,291.79,8.76,captured,2025-07-02 12:00:00,ach
542,589,263,314.5,9.42,captured,2025-10-13 02:00:00,paypal
543,590,8,391.44,11.65,refunded,2025-07-30 12:00:00,ach
544,591,139,397.28,11.82,refunded,2026-07-26 11:00:00,card
545,592,484,81.6,2.67,captured,2026-01-04 12:00:00,ach
546,593,458,139.18,4.34,captured,2025-02-10 00:00:00,wire
547,594,317,117.5,3.71,captured,2025-03-06 11:00:00,ach
548,595,188,152.47,4.72,captured,2026-08-19 08:00:00,paypal
549,596,6,261.77,7.89,captured,2026-01-14 03:00:00,wire
550,597,326,214.31,6.51,captured,2026-06-13 12:00:00,paypal
551,600,79,129.78,4.06,captured,2026-08-17 07:00:00,paypal
552,601,416,410.95,12.22,refunded,2026-08-05 08:00:00,paypal
553,602,403,380.09,11.32,captured,2025-09-08 06:00:00,card
554,604,15,255.96,7.72,captured,2026-05-16 04:00:00,ach
555,607,381,309.11,9.26,captured,2026-05-07 20:00:00,paypal
556,609,10,278.3,8.37,captured,2025-09-19 22:00:00,ach
557,610,491,250.42,7.56,captured,2026-05-16 23:00:00,paypal
558,611,121,200.0,6.1,captured,2025-03-18 14:00:00,wire
559,612,40,162.94,5.03,captured,2025-04-10 11:00:00,ach
560,613,429,418.09,12.42,captured,2026-04-24 08:00:00,wire
561,614,360,77.88,2.56,captured,2026-08-20 14:00:00,ach
562,614,360,77.88,2.56,captured,2026-08-20 18:00:00,ach
563,615,135,304.59,9.13,captured,2025-09-14 05:00:00,paypal
564,616,240,424.18,12.6,captured,2026-06-11 03:00:00,ach
565,617,345,275.2,8.28,captured,2025-08-05 22:00:00,card
566,618,409,253.79,7.66,refunded,2025-11-09 18:00:00,wire
567,619,187,155.0,4.79,captured,2026-08-17 15:00:00,ach
568,620,108,221.7,6.73,captured,2025-08-23 00:00:00,paypal
569,621,8,146.61,4.55,captured,2026-06-23 11:00:00,card
570,623,408,72.02,2.39,captured,2026-03-28 10:00:00,wire
571,624,476,172.92,5.31,refunded,2025-02-16 00:00:00,ach
572,625,374,225.24,6.83,captured,2026-08-07 21:00:00,ach
573,627,121,152.76,4.73,captured,2025-06-26 01:00:00,card
574,628,122,26.5,1.07,captured,2025-10-24 18:00:00,paypal
575,628,122,26.51,1.07,captured,2025-10-25 05:00:00,paypal
576,629,230,67.96,2.27,captured,2025-09-28 01:00:00,paypal
577,630,482,216.36,6.57,captured,2025-08-20 10:00:00,ach
578,631,346,40.98,1.49,captured,2026-02-16 20:00:00,wire
579,632,218,236.21,7.15,captured,2025-03-11 22:00:00,paypal
580,633,369,406.28,12.08,captured,2026-01-22 09:00:00,ach
581,634,418,156.41,4.84,captured,2025-06-04 16:00:00,paypal
582,634,418,156.42,4.84,captured,2025-06-04 06:00:00,wire
583,635,202,360.74,10.76,captured,2026-04-29 00:00:00,wire
584,636,422,38.98,1.43,captured,2026-08-21 01:00:00,card
585,637,10,168.05,5.17,captured,2025-10-16 13:00:00,paypal
586,638,156,86.08,2.8,captured,2026-05-06 22:00:00,ach
587,639,85,56.21,1.93,captured,2025-07-16 04:00:00,ach
588,640,90,130.28,4.08,captured,2026-05-25 15:00:00,ach
589,641,102,498.21,14.75,captured,2025-11-21 22:00:00,card
590,642,184,540.43,15.97,refunded,2025-11-06 20:00:00,paypal
591,643,363,97.32,3.12,captured,2025-03-03 22:00:00,ach
592,644,296,191.83,5.86,captured,2026-02-09 03:00:00,ach
593,645,221,248.27,7.5,captured,2026-04-29 17:00:00,wire
594,646,249,153.08,4.74,captured,2025-11-03 06:00:00,paypal
595,647,92,318.41,9.53,captured,2025-04-08 11:00:00,wire
596,648,369,140.77,4.38,captured,2026-02-19 09:00:00,wire
597,649,378,126.83,3.98,captured,2026-01-16 03:00:00,paypal
598,650,275,111.33,3.53,captured,2026-06-11 12:00:00,ach
599,651,408,162.28,5.01,captured,2026-08-04 08:00:00,wire
600,652,403,25.76,1.05,captured,2025-05-31 06:00:00,wire
601,653,403,169.78,5.22,captured,2025-06-30 01:00:00,card
602,654,52,194.33,5.94,refunded,2026-08-04 02:00:00,wire
603,656,220,83.85,2.73,captured,2026-07-09 23:00:00,ach
604,657,29,221.47,6.72,captured,2025-04-06 20:00:00,wire
605,658,9,220.59,6.7,captured,2025-09-13 00:00:00,wire
606,659,66,216.08,6.57,refunded,2025-03-26 14:00:00,paypal
607,660,61,136.04,4.25,captured,2026-08-16 18:00:00,card
608,660,61,136.04,4.25,captured,2026-08-16 21:00:00,paypal
609,661,163,66.37,2.22,captured,2025-10-31 14:00:00,card
610,663,410,42.46,1.53,captured,2025-01-21 03:00:00,ach
611,665,86,81.46,2.66,captured,2025-11-23 11:00:00,card
612,666,191,183.83,5.63,captured,2025-01-28 08:00:00,paypal
613,666,191,183.83,5.63,captured,2025-01-28 23:00:00,ach
614,668,137,78.27,2.57,captured,2026-03-08 21:00:00,card
615,668,137,78.27,2.57,captured,2026-03-09 01:00:00,paypal
616,669,166,142.12,4.42,captured,2025-10-27 01:00:00,wire
617,670,336,62.93,2.12,captured,2026-04-22 08:00:00,wire
618,671,213,189.1,5.78,captured,2025-03-05 05:00:00,paypal
619,672,352,332.6,9.95,captured,2025-06-02 14:00:00,paypal
620,673,38,119.39,3.76,captured,2025-04-09 05:00:00,ach
621,673,38,119.39,3.76,captured,2025-04-09 08:00:00,wire
622,674,241,379.67,11.31,captured,2025-11-02 14:00:00,card
623,675,156,134.14,4.19,captured,2025-08-29 22:00:00,ach
624,676,145,158.67,4.9,captured,2025-11-26 12:00:00,card
625,678,151,648.71,19.11,refunded,2025-09-29 02:00:00,card
626,679,380,63.75,2.15,captured,2026-04-11 18:00:00,ach
627,681,447,326.8,9.78,captured,2026-04-26 05:00:00,ach
628,682,182,323.06,9.67,captured,2025-05-15 12:00:00,ach
629,683,264,109.96,3.49,captured,2026-06-13 06:00:00,paypal
630,685,460,284.39,8.55,captured,2025-09-30 01:00:00,wire
631,686,322,120.19,3.79,captured,2025-02-16 05:00:00,ach
632,688,448,113.7,3.6,captured,2026-01-16 19:00:00,wire
633,689,498,199.33,6.08,captured,2025-07-28 07:00:00,paypal
634,690,128,200.0,6.1,captured,2026-01-22 03:00:00,card
635,691,165,392.61,11.69,captured,2026-05-16 12:00:00,paypal
636,692,122,271.05,8.16,captured,2026-08-05 00:00:00,ach
637,693,251,75.33,2.48,captured,2025-09-01 14:00:00,paypal
638,694,450,80.02,2.62,captured,2026-08-24 08:00:00,wire
639,695,370,302.23,9.06,captured,2025-05-31 21:00:00,paypal
640,697,237,624.58,18.41,captured,2025-03-28 22:00:00,wire
641,698,365,625.86,18.45,captured,2025-11-26 05:00:00,card
642,699,234,74.12,2.45,captured,2026-02-14 22:00:00,ach
643,700,445,236.8,7.17,refunded,2025-01-26 21:00:00,card
644,702,333,158.85,4.91,captured,2025-06-19 18:00:00,paypal
645,702,333,158.86,4.91,captured,2025-06-20 01:00:00,ach
646,703,340,419.57,12.47,captured,2026-05-11 13:00:00,card
647,704,372,217.36,6.6,captured,2025-10-17 13:00:00,wire
648,705,240,129.28,4.05,captured,2025-03-07 20:00:00,wire
649,706,194,248.04,7.49,captured,2025-01-25 09:00:00,ach
650,707,208,350.78,10.47,captured,2025-01-17 18:00:00,wire
651,708,470,332.96,9.96,captured,2025-01-25 12:00:00,card
652,709,55,148.52,4.61,captured,2025-10-23 13:00:00,card
653,710,352,124.36,3.91,captured,2025-07-18 02:00:00,card
654,711,481,209.29,6.37,captured,2025-05-08 11:00:00,wire
655,712,36,154.96,4.79,refunded,2025-08-24 05:00:00,paypal
656,713,309,349.19,10.43,captured,2025-09-24 16:00:00,paypal
657,714,298,161.91,5.0,captured,2025-12-20 22:00:00,paypal
658,715,168,205.14,6.25,captured,2025-11-02 03:00:00,card
659,716,48,185.27,5.67,captured,2026-07-23 12:00:00,ach
660,717,339,69.68,2.32,captured,2025-08-18 04:00:00,card
661,718,262,117.99,3.72,captured,2025-08-27 06:00:00,card
662,719,376,604.75,17.84,captured,2025-09-09 22:00:00,wire
663,720,45,344.06,10.28,refunded,2025-02-02 05:00:00,wire
664,721,468,154.18,4.77,captured,2026-04-02 16:00:00,paypal
665,722,314,318.79,9.54,refunded,2025-11-25 04:00:00,wire
666,723,222,380.02,11.32,captured,2025-08-31 23:00:00,wire
667,724,229,82.39,2.69,captured,2025-08-07 12:00:00,paypal
668,724,229,82.4,2.69,captured,2025-08-07 21:00:00,wire
669,725,476,272.31,8.2,captured,2025-11-13 20:00:00,paypal
670,727,291,74.51,2.46,captured,2025-09-01 18:00:00,ach
671,728,325,150.34,4.66,captured,2025-09-21 10:00:00,card
672,729,157,253.88,7.66,captured,2025-03-26 05:00:00,paypal
673,729,157,253.88,7.66,captured,2025-03-26 00:00:00,wire
674,730,126,600.85,17.72,captured,2025-07-15 15:00:00,ach
675,731,376,346.17,10.34,captured,2026-04-01 02:00:00,ach
676,732,160,113.91,3.6,captured,2026-03-18 11:00:00,paypal
677,733,18,22.34,0.95,captured,2026-05-05 20:00:00,card
678,734,242,101.37,3.24,captured,2025-10-30 16:00:00,wire
679,735,6,72.75,2.41,captured,2026-07-03 01:00:00,card
680,736,284,428.53,12.73,refunded,2025-12-04 05:00:00,paypal
681,737,323,37.78,1.4,refunded,2025-03-23 09:00:00,wire
682,739,304,115.83,3.66,captured,2025-10-30 07:00:00,ach
683,739,304,115.83,3.66,captured,2025-10-31 02:00:00,ach
684,740,176,199.06,6.07,captured,2025-08-16 09:00:00,wire
685,741,322,252.77,7.63,captured,2025-03-08 04:00:00,card
686,741,322,252.77,7.63,captured,2025-03-07 17:00:00,wire
687,742,296,293.15,8.8,captured,2025-01-30 20:00:00,wire
688,743,371,147.64,4.58,captured,2026-01-11 09:00:00,wire
689,744,462,421.21,12.52,captured,2026-04-05 07:00:00,wire
690,745,49,152.78,4.73,captured,2025-05-17 01:00:00,wire
691,746,359,418.56,12.44,refunded,2025-06-02 08:00:00,ach
692,747,403,110.87,3.52,captured,2025-11-23 01:00:00,ach
693,749,202,33.54,1.27,captured,2026-05-24 16:00:00,ach
694,751,187,194.28,5.93,captured,2025-08-10 02:00:00,wire
695,752,440,531.67,15.72,captured,2025-12-19 03:00:00,wire
696,753,164,152.4,4.72,captured,2025-04-12 06:00:00,paypal
697,754,219,57.27,1.96,captured,2025-07-12 18:00:00,card
698,755,293,273.3,8.23,refunded,2025-11-21 06:00:00,paypal
699,756,127,133.47,4.17,captured,2026-08-09 14:00:00,wire
700,757,349,162.19,5.0,captured,2026-05-29 23:00:00,paypal
701,757,349,162.19,5.0,refunded,2026-05-30 00:00:00,card
702,758,262,94.54,3.04,captured,2026-01-21 19:00:00,wire
703,760,93,192.29,5.88,captured,2026-07-19 04:00:00,paypal
704,761,14,146.89,4.56,captured,2025-03-23 09:00:00,card
705,762,292,445.82,13.23,refunded,2025-07-03 09:00:00,paypal
706,763,401,307.13,9.21,captured,2025-09-20 07:00:00,card
707,764,496,113.59,3.59,captured,2025-12-01 10:00:00,card
708,765,330,278.24,8.37,captured,2026-02-15 16:00:00,wire
709,766,485,303.38,9.1,captured,2025-09-11 22:00:00,ach
710,767,495,160.77,4.96,refunded,2026-07-28 12:00:00,paypal
711,768,307,336.73,10.07,captured,2025-09-11 04:00:00,card
712,771,317,192.4,5.88,captured,2025-04-07 21:00:00,paypal
713,772,408,140.43,4.37,captured,2025-05-15 15:00:00,paypal
714,773,114,114.78,3.63,captured,2025-01-02 05:00:00,ach
715,775,215,180.56,5.54,captured,2026-01-17 07:00:00,ach
716,776,437,174.01,5.35,captured,2026-06-02 00:00:00,wire
717,778,450,82.52,2.69,captured,2025-03-06 04:00:00,paypal
718,779,337,376.3,11.21,captured,2025-07-19 22:00:00,card
719,780,115,138.52,4.32,captured,2025-01-13 14:00:00,ach
720,781,75,431.1,12.8,refunded,2025-07-04 20:00:00,wire
721,782,80,97.48,3.13,captured,2025-03-04 16:00:00,paypal
722,783,188,556.08,16.43,captured,2025-05-11 19:00:00,ach
723,784,22,163.05,5.03,captured,2026-01-24 18:00:00,card
724,786,330,214.65,6.52,captured,2025-05-28 10:00:00,wire
725,787,373,78.55,2.58,captured,2026-08-21 08:00:00,ach
726,789,401,118.65,3.74,captured,2025-03-17 00:00:00,paypal
727,790,497,125.29,3.93,captured,2025-01-07 03:00:00,wire
728,792,427,208.35,6.34,captured,2026-03-12 04:00:00,ach
729,795,206,265.72,8.01,captured,2025-11-17 22:00:00,card
730,796,260,175.87,5.4,captured,2025-01-31 05:00:00,card
731,797,457,300.93,9.03,refunded,2026-09-01 07:00:00,wire
732,798,226,162.55,5.01,captured,2026-06-13 08:00:00,ach
733,798,226,162.55,5.01,captured,2026-06-13 14:00:00,card
734,799,304,275.21,8.28,captured,2026-03-12 08:00:00,paypal
735,800,321,215.65,6.55,captured,2026-07-15 07:00:00,card
736,801,93,228.43,6.92,captured,2025-06-21 01:00:00,paypal
737,802,12,329.97,9.87,captured,2025-11-24 17:00:00,ach
738,803,348,101.57,3.25,captured,2025-11-22 17:00:00,paypal
739,803,348,101.57,3.25,captured,2025-11-22 07:00:00,ach
740,804,398,127.81,4.01,refunded,2025-06-22 15:00:00,paypal
741,805,292,177.92,5.46,captured,2026-08-29 03:00:00,card
742,806,329,64.57,2.17,captured,2025-12-10 06:00:00,wire
743,807,34,56.23,1.93,captured,2026-07-13 21:00:00,card
744,808,86,357.24,10.66,captured,2025-07-10 01:00:00,wire
745,809,369,482.96,14.31,captured,2025-10-29 21:00:00,wire
746,810,318,166.49,5.13,captured,2026-07-21 15:00:00,ach
747,811,99,261.33,7.88,captured,2025-04-20 08:00:00,ach
748,812,300,41.93,1.52,captured,2025-11-27 19:00:00,ach
749,813,18,270.1,8.13,captured,2026-04-30 09:00:00,card
750,815,14,532.36,15.74,captured,2026-04-03 00:00:00,card
751,816,419,146.87,4.56,captured,2026-01-07 19:00:00,ach
752,817,112,85.55,2.78,captured,2025-01-08 07:00:00,ach
753,818,127,26.78,1.08,captured,2025-06-28 20:00:00,wire
754,818,127,26.78,1.08,captured,2025-06-28 11:00:00,paypal
755,820,408,227.99,6.91,captured,2025-11-02 23:00:00,paypal
756,822,92,366.52,10.93,captured,2026-06-21 02:00:00,card
757,823,55,228.77,6.93,captured,2025-07-28 22:00:00,paypal
758,823,55,228.77,6.93,captured,2025-07-29 03:00:00,wire
759,824,198,154.37,4.78,captured,2025-08-22 04:00:00,ach
760,825,291,39.31,1.44,captured,2025-09-05 11:00:00,ach
761,826,247,197.29,6.02,captured,2025-07-28 12:00:00,ach
762,827,449,413.02,12.28,captured,2025-11-04 01:00:00,card
763,828,403,163.77,5.05,captured,2026-08-05 01:00:00,paypal
764,829,131,286.11,8.6,captured,2026-08-30 20:00:00,paypal
765,830,451,84.09,2.74,captured,2025-07-23 08:00:00,card
766,831,231,243.63,7.37,captured,2025-08-15 12:00:00,card
767,832,9,147.74,4.58,captured,2026-06-08 17:00:00,wire
768,832,9,147.74,4.58,captured,2026-06-09 03:00:00,card
769,833,426,202.76,6.18,refunded,2025-12-17 07:00:00,wire
770,834,369,628.84,18.54,captured,2025-04-20 15:00:00,paypal
771,836,439,322.44,9.65,captured,2026-04-28 00:00:00,wire
772,837,453,308.31,9.24,captured,2025-09-05 00:00:00,ach
773,838,478,233.53,7.07,refunded,2026-01-10 00:00:00,wire
774,841,279,91.66,2.96,captured,2026-08-18 01:00:00,paypal
775,842,87,441.55,13.1,captured,2025-02-09 17:00:00,paypal
776,843,341,635.97,18.74,captured,2025-03-14 06:00:00,paypal
777,844,250,205.13,6.25,refunded,2025-07-02 20:00:00,paypal
778,845,440,195.46,5.97,captured,2025-01-15 20:00:00,ach
779,846,451,300.9,9.03,captured,2026-02-05 18:00:00,paypal
780,847,159,147.98,4.59,captured,2025-11-16 07:00:00,paypal
781,848,158,82.27,2.69,captured,2025-08-08 14:00:00,card
782,849,16,72.37,2.4,captured,2026-08-24 12:00:00,wire
783,850,253,500.6,14.82,captured,2025-06-16 09:00:00,card
784,851,193,50.63,1.77,captured,2026-06-20 19:00:00,wire
785,852,498,205.8,6.27,captured,2025-12-22 02:00:00,paypal
786,853,409,57.2,1.96,captured,2026-02-25 22:00:00,ach
787,854,229,183.26,5.61,captured,2026-08-04 11:00:00,paypal
788,855,284,77.17,2.54,captured,2025-06-05 19:00:00,ach
789,855,284,77.16,2.54,captured,2025-06-05 22:00:00,ach
790,857,452,307.74,9.22,captured,2026-04-28 22:00:00,card
791,859,210,27.82,1.11,captured,2025-05-01 17:00:00,wire
792,859,210,27.82,1.11,captured,2025-05-01 23:00:00,card
793,860,184,252.22,7.61,captured,2026-07-10 03:00:00,wire
794,862,137,110.76,3.51,captured,2025-11-28 09:00:00,paypal
795,863,71,334.94,10.01,captured,2025-03-24 19:00:00,paypal
796,865,159,44.15,1.58,captured,2025-11-17 03:00:00,paypal
797,866,309,442.23,13.12,captured,2026-01-01 04:00:00,wire
798,868,82,166.99,5.14,captured,2026-02-15 22:00:00,wire
799,869,23,18.75,0.84,captured,2026-05-24 04:00:00,paypal
800,870,83,185.87,5.69,refunded,2026-04-27 20:00:00,card
801,871,456,353.2,10.54,refunded,2025-08-17 20:00:00,ach
802,872,131,406.61,12.09,captured,2025-05-02 08:00:00,wire
803,873,265,96.98,3.11,captured,2025-09-28 13:00:00,ach
804,874,271,168.22,5.18,refunded,2025-12-08 12:00:00,paypal
805,875,140,235.75,7.14,refunded,2025-06-16 06:00:00,ach
806,876,423,332.37,9.94,captured,2026-01-10 20:00:00,paypal
807,877,33,244.02,7.38,captured,2026-07-17 03:00:00,wire
808,878,265,222.34,6.75,captured,2025-03-15 06:00:00,wire
809,879,207,337.95,10.1,captured,2025-06-01 14:00:00,ach
810,880,392,199.09,6.07,refunded,2025-10-06 13:00:00,wire
811,882,479,139.78,4.35,captured,2026-04-15 16:00:00,wire
812,884,371,142.61,4.44,refunded,2025-01-27 09:00:00,wire
813,885,248,193.16,5.9,captured,2025-08-06 08:00:00,paypal
814,887,104,63.02,2.13,captured,2026-03-06 14:00:00,card
815,887,104,63.01,2.13,captured,2026-03-06 07:00:00,wire
816,889,373,146.83,4.56,captured,2026-04-22 04:00:00,paypal
817,890,225,102.0,3.26,captured,2025-04-18 01:00:00,card
818,890,225,102.0,3.26,captured,2025-04-18 08:00:00,paypal
819,891,177,288.15,8.66,captured,2026-07-31 00:00:00,ach
820,892,135,792.57,23.28,captured,2025-11-10 13:00:00,paypal
821,893,311,257.04,7.75,captured,2026-04-13 21:00:00,paypal
822,894,257,217.78,6.62,captured,2025-01-20 02:00:00,ach
823,895,338,37.39,1.38,captured,2026-03-12 10:00:00,paypal
824,896,476,182.09,5.58,captured,2025-09-15 22:00:00,card
825,897,418,108.46,3.45,captured,2025-11-03 14:00:00,wire
826,898,161,144.15,4.48,captured,2025-01-17 14:00:00,wire
827,899,121,133.47,4.17,captured,2026-01-14 14:00:00,card
828,901,285,153.06,4.74,captured,2026-08-29 15:00:00,wire
829,902,413,106.64,3.39,captured,2026-06-22 05:00:00,wire
830,903,127,358.27,10.69,captured,2026-03-12 09:00:00,card
831,904,496,83.04,2.71,captured,2025-05-09 18:00:00,ach
832,905,215,199.58,6.09,captured,2025-08-14 13:00:00,wire
833,906,391,176.85,5.43,captured,2025-02-09 12:00:00,ach
834,907,150,255.65,7.71,captured,2025-05-17 15:00:00,paypal
835,908,70,411.47,12.23,captured,2025-06-04 13:00:00,ach
836,910,276,109.19,3.47,captured,2025-01-19 09:00:00,wire
837,910,276,109.2,3.47,captured,2025-01-18 20:00:00,ach
838,911,240,120.66,3.8,captured,2026-07-21 21:00:00,card
839,912,203,98.63,3.16,captured,2026-03-23 17:00:00,card
840,913,325,108.47,3.45,captured,2026-02-14 05:00:00,card
841,915,76,30.5,1.18,captured,2025-06-04 00:00:00,card
842,916,335,68.04,2.27,captured,2025-11-28 20:00:00,card
843,917,167,247.55,7.48,captured,2026-01-24 08:00:00,ach
844,918,404,168.39,5.18,captured,2026-06-02 07:00:00,wire
845,918,404,168.39,5.18,captured,2026-06-02 14:00:00,card
846,919,249,307.69,9.22,captured,2026-02-20 22:00:00,paypal
847,920,121,190.0,5.81,captured,2026-05-08 21:00:00,card
848,921,91,338.86,10.13,captured,2025-10-06 05:00:00,card
849,922,483,416.05,12.37,captured,2025-09-07 23:00:00,paypal
850,923,360,78.47,2.58,captured,2026-04-19 23:00:00,ach
851,923,360,78.46,2.58,captured,2026-04-19 16:00:00,paypal
852,924,108,339.74,10.15,captured,2026-01-07 19:00:00,card
853,926,63,78.18,2.57,captured,2025-09-26 04:00:00,card
854,927,418,152.63,4.73,captured,2025-12-07 06:00:00,card
855,928,415,41.93,1.52,captured,2026-01-16 07:00:00,paypal
856,929,402,287.63,8.64,refunded,2025-08-07 11:00:00,paypal
857,930,232,109.12,3.46,captured,2025-04-03 02:00:00,paypal
858,931,83,186.43,5.71,captured,2026-07-02 12:00:00,card
859,932,246,190.14,5.81,captured,2025-07-04 03:00:00,card
860,933,256,155.47,4.81,captured,2025-04-10 22:00:00,wire
861,934,160,115.3,3.64,captured,2025-06-03 02:00:00,paypal
862,935,189,277.15,8.34,captured,2026-06-12 04:00:00,wire
863,936,24,114.8,3.63,captured,2025-04-13 01:00:00,card
864,937,262,195.17,5.96,captured,2026-03-01 13:00:00,paypal
865,938,97,258.01,7.78,captured,2025-09-11 16:00:00,paypal
866,939,421,411.45,12.23,captured,2026-01-05 21:00:00,card
867,940,381,354.33,10.58,captured,2026-03-17 10:00:00,card
868,941,302,108.47,3.45,captured,2025-05-16 22:00:00,ach
869,943,334,473.45,14.03,captured,2026-04-29 08:00:00,wire
870,944,497,129.92,4.07,captured,2026-08-23 19:00:00,wire
871,945,316,206.58,6.29,captured,2026-06-04 04:00:00,card
872,947,451,33.5,1.27,captured,2025-05-25 10:00:00,card
873,948,425,192.94,5.9,captured,2026-08-01 14:00:00,ach
874,949,82,67.52,2.26,captured,2026-02-23 05:00:00,ach
875,949,82,67.52,2.26,captured,2026-02-22 20:00:00,ach
876,950,437,316.62,9.48,captured,2025-04-30 18:00:00,card
877,951,383,112.0,3.55,captured,2026-01-28 23:00:00,card
878,952,360,119.64,3.77,captured,2025-07-14 13:00:00,ach
879,952,360,119.64,3.77,refunded,2025-07-15 01:00:00,ach
880,954,234,98.57,3.16,captured,2025-04-11 03:00:00,paypal
881,955,452,160.47,4.95,captured,2025-08-19 21:00:00,paypal
882,958,214,235.26,7.12,captured,2025-04-06 18:00:00,card
883,959,304,301.23,9.04,captured,2025-04-26 23:00:00,wire
884,961,124,227.04,6.88,captured,2025-09-22 05:00:00,ach
885,962,299,162.7,5.02,captured,2025-05-04 14:00:00,wire
886,963,329,514.55,15.22,captured,2025-02-14 15:00:00,paypal
887,964,53,174.72,5.37,captured,2025-02-21 12:00:00,card
888,965,212,367.6,10.96,captured,2025-06-28 18:00:00,ach
889,966,328,140.93,4.39,captured,2025-06-13 07:00:00,paypal
890,968,499,79.76,2.61,captured,2026-02-19 09:00:00,card
891,971,277,202.96,6.19,refunded,2025-10-11 04:00:00,wire
892,972,106,133.6,4.17,captured,2025-04-06 03:00:00,ach
893,974,69,128.96,4.04,captured,2025-02-09 11:00:00,ach
894,975,61,113.94,3.6,captured,2025-07-11 18:00:00,ach
895,975,61,113.94,3.6,captured,2025-07-12 05:00:00,card
896,977,131,116.48,3.68,captured,2025-05-30 08:00:00,paypal
897,979,26,41.83,1.51,captured,2025-03-07 20:00:00,paypal
898,979,26,41.82,1.51,captured,2025-03-07 18:00:00,card
899,980,285,77.71,2.55,captured,2025-10-09 16:00:00,card
900,981,3,314.36,9.42,captured,2026-07-02 23:00:00,card
901,982,392,93.2,3.0,captured,2025-11-19 10:00:00,paypal
902,983,37,219.68,6.67,captured,2026-05-12 08:00:00,paypal
903,985,75,378.75,11.28,captured,2025-04-26 04:00:00,ach
904,986,309,296.87,8.91,captured,2025-10-22 18:00:00,paypal
905,986,309,296.87,8.91,captured,2025-10-23 13:00:00,paypal
906,987,72,11.68,0.64,captured,2025-06-02 00:00:00,paypal
907,988,218,97.29,3.12,captured,2026-03-21 19:00:00,wire
908,989,330,130.98,4.1,captured,2025-08-05 05:00:00,card
909,990,87,173.19,5.32,captured,2026-04-15 18:00:00,paypal
910,991,67,166.81,5.14,captured,2025-01-24 06:00:00,ach
911,993,321,499.59,14.79,captured,2025-05-29 01:00:00,card
912,994,210,164.21,5.06,captured,2026-02-17 20:00:00,card
913,995,62,271.88,8.18,captured,2025-05-07 05:00:00,ach
914,996,153,222.95,6.77,captured,2025-10-24 23:00:00,paypal
915,998,330,162.22,5.0,captured,2026-03-28 00:00:00,ach
916,999,151,320.55,9.6,captured,2025-08-14 18:00:00,paypal
917,1000,190,237.0,7.17,captured,2026-02-25 12:00:00,wire
918,1000,190,237.0,7.17,refunded,2026-02-25 16:00:00,card
919,1001,131,123.46,3.88,captured,2025-02-26 23:00:00,ach
920,1002,85,62.28,2.11,captured,2026-04-03 09:00:00,paypal
921,1003,406,132.48,4.14,refunded,2026-01-24 15:00:00,paypal
922,1005,286,144.86,4.5,captured,2025-03-10 02:00:00,paypal
923,1006,145,93.54,3.01,captured,2025-07-15 19:00:00,paypal
924,1007,44,51.94,1.81,captured,2026-08-24 19:00:00,ach
925,1008,367,80.71,2.64,captured,2025-06-13 06:00:00,paypal
926,1009,362,124.36,3.91,captured,2025-10-18 17:00:00,wire
927,1010,24,316.98,9.49,captured,2025-10-02 08:00:00,wire
928,1011,444,321.93,9.64,captured,2025-07-01 06:00:00,wire
929,1012,427,195.01,5.96,captured,2025-10-11 22:00:00,paypal
930,1013,425,92.84,2.99,captured,2025-04-19 12:00:00,card
931,1014,231,131.39,4.11,captured,2026-02-10 19:00:00,wire
932,1015,347,33.34,1.27,captured,2025-04-11 17:00:00,wire
933,1016,8,426.0,12.65,captured,2025-12-12 13:00:00,card
934,1017,300,104.91,3.34,captured,2025-07-16 04:00:00,ach
935,1018,67,254.19,7.67,captured,2025-12-21 04:00:00,ach
936,1019,455,316.11,9.47,captured,2025-12-01 19:00:00,card
937,1020,473,454.08,13.47,captured,2026-01-20 18:00:00,card
938,1021,76,344.42,10.29,captured,2026-01-06 05:00:00,paypal
939,1022,269,122.01,3.84,captured,2025-06-16 06:00:00,wire
940,1023,297,285.65,8.58,captured,2025-12-25 13:00:00,paypal
941,1024,385,479.11,14.19,captured,2025-05-20 15:00:00,wire
942,1025,245,119.7,3.77,captured,2025-08-26 03:00:00,paypal
943,1026,442,60.97,2.07,captured,2025-05-14 03:00:00,ach
944,1027,173,52.68,1.83,captured,2025-11-23 02:00:00,wire
945,1027,173,52.68,1.83,captured,2025-11-22 14:00:00,ach
946,1028,161,254.04,7.67,captured,2026-04-20 06:00:00,paypal
947,1029,365,120.17,3.78,captured,2026-01-04 10:00:00,ach
948,1031,41,296.37,8.89,captured,2025-02-18 02:00:00,ach
949,1032,326,79.98,2.62,captured,2025-07-12 13:00:00,ach
950,1033,140,146.21,4.54,refunded,2025-12-25 01:00:00,ach
951,1035,419,429.33,12.75,captured,2026-08-29 10:00:00,paypal
952,1036,211,327.12,9.79,captured,2025-12-26 10:00:00,wire
953,1037,427,149.42,4.63,captured,2026-06-28 18:00:00,card
954,1038,476,142.15,4.42,refunded,2026-07-18 08:00:00,paypal
955,1039,365,511.78,15.14,captured,2025-03-01 07:00:00,ach
956,1040,304,546.17,16.14,captured,2026-06-20 08:00:00,wire
957,1041,467,251.89,7.6,captured,2025-02-01 11:00:00,card
958,1042,437,95.11,3.06,captured,2025-03-08 05:00:00,card
959,1042,437,95.1,3.06,captured,2025-03-07 20:00:00,wire
960,1043,240,57.42,1.97,captured,2025-11-26 08:00:00,wire
961,1044,42,100.89,3.23,captured,2025-11-25 22:00:00,paypal
962,1045,301,75.78,2.5,captured,2026-01-30 01:00:00,paypal
963,1046,232,383.86,11.43,captured,2025-01-25 18:00:00,wire
964,1047,183,81.55,2.66,captured,2025-03-07 05:00:00,ach
965,1048,90,149.25,4.63,captured,2026-04-28 00:00:00,ach
966,1050,456,59.03,2.01,captured,2025-08-18 06:00:00,wire
967,1051,299,146.5,4.55,captured,2025-04-24 20:00:00,paypal
968,1051,299,146.49,4.55,captured,2025-04-24 02:00:00,ach
969,1052,118,237.33,7.18,captured,2025-05-12 02:00:00,wire
970,1053,1,160.11,4.94,captured,2025-07-06 23:00:00,card
971,1054,357,141.71,4.41,captured,2025-10-24 08:00:00,paypal
972,1055,79,49.36,1.73,captured,2026-05-12 03:00:00,card
973,1056,32,113.56,3.59,captured,2025-09-23 06:00:00,paypal
974,1057,99,178.85,5.49,captured,2025-09-23 22:00:00,card
975,1058,101,299.11,8.97,refunded,2026-07-29 04:00:00,paypal
976,1059,170,311.36,9.33,captured,2025-02-26 23:00:00,card
977,1060,160,308.88,9.26,refunded,2025-01-23 00:00:00,paypal
978,1062,391,157.47,4.87,captured,2026-08-02 13:00:00,card
979,1063,414,226.69,6.87,captured,2025-09-04 08:00:00,paypal
980,1064,126,129.81,4.06,captured,2025-05-25 04:00:00,paypal
981,1065,185,210.64,6.41,refunded,2025-03-17 03:00:00,paypal
982,1066,409,155.65,4.81,captured,2025-03-31 22:00:00,ach
983,1067,477,717.89,21.12,captured,2026-06-28 12:00:00,ach
984,1068,395,229.27,6.95,captured,2026-03-29 02:00:00,wire
985,1069,277,39.99,1.46,captured,2026-05-30 07:00:00,ach
986,1070,497,126.32,3.96,captured,2025-11-16 02:00:00,wire
987,1071,364,143.66,4.47,captured,2026-02-05 08:00:00,ach
988,1072,339,326.02,9.75,captured,2026-06-29 12:00:00,card
989,1073,15,231.96,7.03,captured,2025-08-06 21:00:00,paypal
990,1074,319,214.41,6.52,captured,2025-11-29 00:00:00,wire
991,1076,301,540.7,15.98,captured,2025-11-06 00:00:00,ach
992,1077,287,304.01,9.12,captured,2025-05-11 17:00:00,ach
993,1078,55,139.96,4.36,captured,2025-05-08 08:00:00,card
994,1079,231,147.53,4.58,captured,2025-08-06 16:00:00,wire
995,1080,257,410.82,12.21,captured,2026-07-31 17:00:00,wire
996,1081,24,136.16,4.25,captured,2025-06-16 16:00:00,card
997,1084,11,83.9,2.73,captured,2026-01-04 07:00:00,wire
998,1085,61,682.73,20.1,captured,2025-03-24 07:00:00,card
999,1086,64,188.65,5.77,captured,2026-04-28 08:00:00,card
1000,1087,221,478.32,14.17,refunded,2026-04-25 02:00:00,paypal
1001,1088,301,160.31,4.95,captured,2025-03-03 23:00:00,ach
1002,1089,121,101.76,3.25,captured,2025-08-29 11:00:00,paypal
1003,1090,424,284.06,8.54,captured,2026-06-13 06:00:00,ach
1004,1091,156,380.07,11.32,captured,2025-05-27 23:00:00,wire
1005,1093,295,177.87,5.46,captured,2026-05-20 10:00:00,wire
1006,1094,436,311.55,9.33,captured,2026-05-05 11:00:00,card
1007,1095,125,126.71,3.97,captured,2025-08-25 14:00:00,ach
1008,1097,170,160.23,4.95,captured,2026-07-21 06:00:00,ach
1009,1098,233,136.58,4.26,captured,2025-10-03 05:00:00,paypal
1010,1099,215,196.25,5.99,captured,2026-08-17 09:00:00,wire
1011,1100,477,74.68,2.47,captured,2026-04-16 13:00:00,paypal
1012,1101,74,270.99,8.16,captured,2026-02-01 00:00:00,card
1013,1102,209,132.14,4.13,captured,2026-03-15 17:00:00,wire
1014,1104,300,95.1,3.06,captured,2025-01-04 20:00:00,card
1015,1105,391,145.86,4.53,captured,2026-05-19 19:00:00,wire
1016,1106,468,79.35,2.6,captured,2026-03-10 03:00:00,wire
1017,1107,219,80.2,2.63,refunded,2026-07-27 14:00:00,wire
1018,1108,133,114.44,3.62,captured,2025-11-05 12:00:00,paypal
1019,1109,482,103.9,3.31,captured,2025-08-23 11:00:00,ach
1020,1110,46,79.6,2.61,captured,2026-05-25 17:00:00,paypal
1021,1112,480,292.0,8.77,captured,2026-05-08 01:00:00,ach
1022,1114,280,40.99,1.49,captured,2025-04-16 11:00:00,wire
1023,1115,165,158.74,4.9,captured,2026-06-12 18:00:00,card
1024,1116,483,143.61,4.46,captured,2025-01-16 12:00:00,paypal
1025,1117,480,220.15,6.68,captured,2026-04-07 15:00:00,wire
1026,1117,480,220.14,6.68,captured,2026-04-06 20:00:00,paypal
1027,1118,434,160.51,4.95,captured,2025-05-02 20:00:00,ach
1028,1119,386,146.62,4.55,captured,2025-01-29 08:00:00,ach
1029,1120,298,66.72,2.23,captured,2026-03-29 02:00:00,ach
1030,1121,186,90.76,2.93,captured,2025-07-28 17:00:00,paypal
1031,1123,272,203.55,6.2,refunded,2025-06-23 11:00:00,paypal
1032,1124,241,450.28,13.36,captured,2026-03-04 16:00:00,wire
1033,1125,431,85.78,2.79,captured,2026-01-27 12:00:00,paypal
1034,1126,84,158.59,4.9,captured,2026-05-16 23:00:00,ach
1035,1127,42,106.61,3.39,captured,2026-06-07 20:00:00,wire
1036,1128,227,90.16,2.91,captured,2025-12-23 19:00:00,paypal
1037,1129,104,211.5,6.43,captured,2025-08-02 01:00:00,wire
1038,1130,411,589.49,17.4,refunded,2025-11-06 15:00:00,ach
1039,1131,425,387.08,11.53,captured,2026-01-03 15:00:00,ach
1040,1132,495,264.75,7.98,captured,2026-08-13 18:00:00,card
1041,1132,495,264.75,7.98,captured,2026-08-13 18:00:00,card
1042,1133,194,298.78,8.96,captured,2025-04-18 06:00:00,card
1043,1134,481,159.13,4.91,captured,2025-02-18 20:00:00,wire
1044,1135,51,133.92,4.18,captured,2025-10-11 14:00:00,card
1045,1136,482,105.39,3.36,captured,2025-09-14 11:00:00,paypal
1046,1137,124,24.76,1.02,captured,2026-07-03 15:00:00,wire
1047,1138,10,118.82,3.75,captured,2025-06-19 06:00:00,card
1048,1139,413,386.82,11.52,captured,2025-04-01 20:00:00,paypal
1049,1141,207,685.61,20.18,captured,2026-06-28 15:00:00,card
1050,1142,101,111.64,3.54,captured,2026-01-04 13:00:00,ach
1051,1142,101,111.64,3.54,captured,2026-01-04 17:00:00,paypal
1052,1143,208,35.38,1.33,captured,2026-08-17 10:00:00,wire
1053,1143,208,35.39,1.33,captured,2026-08-17 12:00:00,paypal
1054,1144,308,279.31,8.4,refunded,2025-06-12 08:00:00,wire
1055,1145,72,593.57,17.51,captured,2025-02-21 10:00:00,card
1056,1146,473,493.65,14.62,captured,2025-10-11 07:00:00,card
1057,1147,362,104.48,3.33,captured,2025-04-15 20:00:00,ach
1058,1149,23,58.99,2.01,captured,2026-06-21 05:00:00,wire
1059,1150,434,116.99,3.69,captured,2025-08-26 00:00:00,wire
1060,1151,433,107.21,3.41,captured,2025-02-14 13:00:00,ach
1061,1152,183,132.87,4.15,captured,2025-05-05 16:00:00,wire
1062,1153,285,230.83,6.99,captured,2025-08-12 14:00:00,wire
1063,1155,414,98.0,3.14,captured,2026-01-25 03:00:00,card
1064,1155,414,98.01,3.14,captured,2026-01-24 18:00:00,card
1065,1158,277,46.78,1.66,captured,2026-05-04 12:00:00,paypal
1066,1158,277,46.79,1.66,captured,2026-05-04 13:00:00,wire
1067,1160,152,118.64,3.74,captured,2025-10-25 02:00:00,card
1068,1161,72,52.7,1.83,captured,2025-08-26 06:00:00,card
1069,1162,405,133.56,4.17,captured,2025-01-28 20:00:00,paypal
1070,1164,233,393.73,11.72,captured,2026-02-27 06:00:00,card
1071,1165,176,47.23,1.67,captured,2026-02-10 02:00:00,ach
1072,1165,176,47.24,1.67,captured,2026-02-10 16:00:00,wire
1073,1166,351,199.54,6.09,captured,2025-02-01 04:00:00,wire
1074,1167,497,124.89,3.92,refunded,2025-08-29 20:00:00,wire
1075,1168,437,48.25,1.7,captured,2025-08-28 15:00:00,paypal
1076,1169,495,409.95,12.19,captured,2025-04-05 23:00:00,card
1077,1170,150,213.43,6.49,captured,2025-11-29 18:00:00,card
1078,1171,333,271.73,8.18,captured,2025-11-21 21:00:00,card
1079,1172,312,517.07,15.3,captured,2026-04-19 05:00:00,paypal
1080,1173,152,143.71,4.47,captured,2026-04-11 12:00:00,ach
1081,1174,423,61.1,2.07,captured,2026-07-02 20:00:00,wire
1082,1175,460,85.21,2.77,captured,2025-09-15 10:00:00,card
1083,1176,476,59.04,2.01,captured,2025-05-08 10:00:00,ach
1084,1177,494,385.31,11.47,captured,2025-11-27 21:00:00,ach
1085,1178,82,544.0,16.08,captured,2026-02-09 02:00:00,paypal
1086,1179,74,204.22,6.22,captured,2025-07-24 21:00:00,paypal
1087,1181,363,353.81,10.56,captured,2026-07-13 15:00:00,wire
1088,1183,82,587.51,17.34,captured,2026-01-08 03:00:00,paypal
1089,1184,143,32.88,1.25,captured,2026-07-25 18:00:00,ach
1090,1185,65,115.36,3.65,captured,2025-01-10 00:00:00,wire
1091,1186,79,198.61,6.06,captured,2025-11-22 12:00:00,ach
1092,1188,293,151.93,4.71,captured,2025-06-25 02:00:00,wire
1093,1189,257,189.93,5.81,refunded,2026-04-21 10:00:00,wire
1094,1190,168,253.87,7.66,captured,2026-05-01 19:00:00,ach
1095,1191,272,307.55,9.22,refunded,2025-10-25 11:00:00,wire
1096,1192,334,201.91,6.16,captured,2025-11-18 18:00:00,card
1097,1193,49,18.28,0.83,captured,2026-01-01 16:00:00,card
1098,1194,141,148.45,4.61,captured,2026-06-22 01:00:00,paypal
1099,1195,101,231.72,7.02,refunded,2025-01-16 18:00:00,ach
1100,1196,1,369.31,11.01,captured,2025-12-11 06:00:00,card
1101,1197,59,134.56,4.2,captured,2025-02-11 21:00:00,paypal
1102,1197,59,134.56,4.2,captured,2025-02-11 04:00:00,card
1103,1198,384,69.73,2.32,captured,2026-07-23 11:00:00,paypal
1104,1198,384,69.73,2.32,captured,2026-07-23 09:00:00,paypal
1105,1199,438,109.93,3.49,captured,2025-05-28 00:00:00,card
1106,1200,81,187.57,5.74,captured,2025-01-13 16:00:00,paypal
1107,1201,384,40.51,1.47,captured,2026-05-08 02:00:00,paypal
1108,1202,127,115.37,3.65,captured,2026-03-25 17:00:00,paypal
1109,1203,70,403.68,12.01,captured,2026-07-05 05:00:00,ach
1110,1204,118,187.36,5.73,captured,2025-08-01 19:00:00,card
1111,1205,460,219.52,6.67,captured,2025-06-19 07:00:00,card
1112,1206,172,61.42,2.08,captured,2026-02-11 19:00:00,wire
1113,1207,371,289.41,8.69,captured,2026-07-30 04:00:00,ach
1114,1208,243,169.58,5.22,refunded,2026-07-29 20:00:00,card
1115,1211,496,314.6,9.42,captured,2026-05-19 00:00:00,wire
1116,1212,326,200.33,6.11,captured,2026-03-30 05:00:00,wire
1117,1213,425,167.29,5.15,captured,2026-01-01 04:00:00,paypal
1118,1214,73,52.35,1.82,captured,2025-04-08 15:00:00,paypal
1119,1215,451,55.58,1.91,captured,2026-01-19 07:00:00,wire
1120,1216,92,158.81,4.91,captured,2025-04-14 17:00:00,ach
1121,1218,424,269.78,8.12,captured,2025-12-15 19:00:00,card
1122,1219,242,94.82,3.05,captured,2025-01-17 16:00:00,paypal
1123,1220,125,122.1,3.84,refunded,2025-09-21 03:00:00,card
1124,1221,14,213.17,6.48,captured,2025-07-12 04:00:00,ach
1125,1222,110,136.87,4.27,captured,2025-03-10 10:00:00,card
1126,1223,413,621.51,18.32,captured,2026-01-30 23:00:00,wire
1127,1225,461,239.85,7.26,captured,2026-06-28 09:00:00,ach
1128,1226,388,287.21,8.63,captured,2026-03-04 03:00:00,paypal
1129,1227,103,262.7,7.92,captured,2025-04-23 07:00:00,ach
1130,1228,370,112.29,3.56,captured,2025-02-28 15:00:00,ach
1131,1229,260,275.4,8.29,captured,2026-05-17 11:00:00,ach
1132,1230,174,247.28,7.47,captured,2025-01-30 15:00:00,paypal
1133,1231,253,282.02,8.48,captured,2025-08-21 19:00:00,wire
1134,1233,441,321.77,9.63,captured,2025-04-22 20:00:00,ach
1135,1234,393,220.26,6.69,captured,2026-01-21 21:00:00,wire
1136,1235,90,73.04,2.42,captured,2026-04-15 23:00:00,paypal
1137,1236,50,183.88,5.63,captured,2026-06-27 19:00:00,card
1138,1237,212,197.93,6.04,captured,2025-10-12 14:00:00,ach
1139,1238,231,278.48,8.38,captured,2025-09-24 02:00:00,ach
1140,1239,387,218.37,6.63,captured,2025-05-05 12:00:00,card
1141,1240,421,548.68,16.21,captured,2025-02-23 13:00:00,paypal
1142,1241,32,179.54,5.51,captured,2026-05-28 22:00:00,ach
1143,1242,123,136.62,4.26,captured,2026-05-29 04:00:00,paypal
1144,1243,294,444.66,13.2,captured,2026-08-22 04:00:00,paypal
1145,1244,190,179.71,5.51,captured,2025-03-20 16:00:00,paypal
1146,1245,496,157.83,4.88,refunded,2025-09-15 10:00:00,card
1147,1246,331,243.11,7.35,captured,2026-01-22 13:00:00,paypal
1148,1247,162,226.41,6.87,refunded,2026-06-20 01:00:00,ach
1149,1248,337,277.84,8.36,captured,2025-09-11 05:00:00,ach
1150,1250,232,92.8,2.99,captured,2026-07-10 13:00:00,ach
1151,1251,358,70.88,2.36,captured,2025-02-23 13:00:00,ach
1152,1252,217,83.01,2.71,captured,2026-03-06 23:00:00,paypal
1153,1253,349,395.35,11.77,captured,2025-08-11 16:00:00,card
1154,1254,210,169.21,5.21,captured,2025-01-01 20:00:00,ach
1155,1255,298,163.01,5.03,captured,2025-11-18 14:00:00,wire
1156,1255,298,163.01,5.03,captured,2025-11-18 14:00:00,ach
1157,1258,174,97.18,3.12,captured,2025-04-21 03:00:00,paypal
1158,1259,60,310.62,9.31,refunded,2026-02-14 12:00:00,card
1159,1260,129,167.71,5.16,captured,2025-06-22 16:00:00,ach
1160,1261,179,71.55,2.37,captured,2025-04-03 17:00:00,ach
1161,1262,159,108.63,3.45,captured,2025-09-02 18:00:00,ach
1162,1263,211,51.65,1.8,captured,2025-04-27 03:00:00,wire
1163,1265,126,201.72,6.15,refunded,2025-11-23 10:00:00,paypal
1164,1267,142,163.37,5.04,captured,2026-08-19 10:00:00,paypal
1165,1268,293,200.86,6.12,captured,2025-02-22 22:00:00,card
1166,1269,239,263.89,7.95,captured,2025-01-25 20:00:00,paypal
1167,1270,316,347.47,10.38,captured,2025-09-27 15:00:00,paypal
1168,1272,499,119.09,3.75,captured,2026-06-02 12:00:00,card
1169,1273,243,321.61,9.63,refunded,2026-05-06 18:00:00,paypal
1170,1274,308,196.51,6.0,captured,2025-09-21 15:00:00,wire
1171,1275,222,131.66,4.12,captured,2026-08-10 17:00:00,wire
1172,1276,368,89.36,2.89,captured,2025-11-13 13:00:00,wire
1173,1277,280,25.56,1.04,captured,2025-11-29 23:00:00,card
1174,1278,50,245.22,7.41,captured,2026-04-20 22:00:00,card
1175,1280,381,124.38,3.91,captured,2026-03-11 08:00:00,ach
1176,1281,202,127.12,3.99,captured,2025-05-26 14:00:00,wire
1177,1282,255,89.58,2.9,captured,2025-11-09 07:00:00,paypal
1178,1282,255,89.57,2.9,captured,2025-11-09 08:00:00,wire
1179,1283,6,125.24,3.93,captured,2026-05-08 02:00:00,card
1180,1284,434,107.18,3.41,captured,2026-08-12 01:00:00,wire
1181,1286,486,309.85,9.29,captured,2025-01-23 23:00:00,card
1182,1288,116,256.44,7.74,captured,2025-02-04 21:00:00,paypal
1183,1289,145,272.93,8.21,captured,2026-02-22 09:00:00,paypal
1184,1290,465,128.31,4.02,captured,2025-09-19 21:00:00,wire
1185,1290,465,128.31,4.02,captured,2025-09-19 10:00:00,card
1186,1291,22,230.21,6.98,captured,2026-05-04 09:00:00,wire
1187,1292,336,251.01,7.58,captured,2025-04-09 05:00:00,paypal
1188,1293,35,115.58,3.65,captured,2025-01-31 03:00:00,card
1189,1294,370,157.03,4.85,captured,2025-05-12 19:00:00,paypal
1190,1295,291,304.61,9.13,captured,2025-02-10 05:00:00,ach
1191,1296,237,118.19,3.73,captured,2025-04-02 09:00:00,ach
1192,1297,351,87.86,2.85,captured,2026-04-07 14:00:00,ach
1193,1297,351,87.86,2.85,captured,2026-04-07 11:00:00,card
1194,1298,178,278.21,8.37,captured,2026-02-28 02:00:00,wire
1195,1299,287,486.46,14.41,captured,2026-01-13 15:00:00,paypal
1196,1300,401,369.69,11.02,captured,2025-09-14 17:00:00,ach
1197,1301,230,100.5,3.21,captured,2025-05-16 13:00:00,wire
1198,1302,11,252.11,7.61,captured,2026-05-24 03:00:00,wire
1199,1303,497,184.97,5.66,captured,2026-06-17 23:00:00,ach
1200,1304,271,162.63,5.02,captured,2025-06-04 14:00:00,card
1201,1305,215,198.02,6.04,captured,2026-06-30 16:00:00,wire
1202,1306,37,114.02,3.61,captured,2026-01-16 11:00:00,paypal
1203,1307,46,178.64,5.48,refunded,2025-07-31 21:00:00,ach
1204,1308,128,116.2,3.67,captured,2025-05-12 22:00:00,wire
1205,1309,462,205.62,6.26,captured,2025-12-28 00:00:00,paypal
1206,1310,363,156.1,4.83,captured,2025-01-10 06:00:00,ach
1207,1312,378,87.25,2.83,captured,2026-02-24 22:00:00,wire
1208,1312,378,87.26,2.83,captured,2026-02-25 10:00:00,wire
1209,1313,196,152.17,4.71,captured,2025-10-29 11:00:00,paypal
1210,1314,445,160.9,4.97,captured,2025-03-31 09:00:00,paypal
1211,1315,164,156.41,4.84,refunded,2025-04-09 09:00:00,card
1212,1316,358,73.08,2.42,captured,2026-02-28 07:00:00,card
1213,1317,219,328.57,9.83,captured,2026-05-24 16:00:00,wire
1214,1318,338,428.84,12.74,captured,2026-02-26 06:00:00,wire
1215,1319,94,137.91,4.3,captured,2025-04-09 04:00:00,card
1216,1320,473,193.62,5.91,captured,2026-02-10 09:00:00,wire
1217,1320,473,193.61,5.91,captured,2026-02-10 22:00:00,paypal
1218,1323,344,431.27,12.81,captured,2025-12-26 04:00:00,ach
1219,1325,278,84.08,2.74,refunded,2026-05-17 05:00:00,card
1220,1326,435,291.41,8.75,captured,2025-02-16 17:00:00,card
1221,1327,485,193.77,5.92,captured,2025-01-01 20:00:00,paypal
1222,1328,382,28.48,1.13,captured,2026-07-21 04:00:00,paypal
1223,1329,93,130.41,4.08,captured,2025-07-06 14:00:00,card
1224,1330,385,283.57,8.52,captured,2025-02-12 20:00:00,ach
1225,1331,252,169.63,5.22,refunded,2025-04-30 00:00:00,ach
1226,1333,471,76.89,2.53,captured,2026-06-25 21:00:00,card
1227,1334,264,136.87,4.27,captured,2026-07-17 04:00:00,card
1228,1335,426,265.19,7.99,captured,2026-02-03 20:00:00,card
1229,1337,44,409.62,12.18,captured,2026-03-10 01:00:00,wire
1230,1338,351,163.39,5.04,captured,2026-05-27 00:00:00,paypal
1231,1339,248,263.16,7.93,captured,2025-09-08 05:00:00,wire
1232,1340,274,292.31,8.78,captured,2025-12-29 01:00:00,ach
1233,1341,152,276.72,8.32,captured,2025-10-25 08:00:00,card
1234,1342,93,79.88,2.62,captured,2026-06-07 11:00:00,card
1235,1343,372,91.73,2.96,captured,2026-01-08 06:00:00,wire
1236,1345,47,162.54,5.01,captured,2026-06-17 01:00:00,card
1237,1346,247,99.89,3.2,captured,2025-12-05 08:00:00,ach
1238,1347,356,139.79,4.35,captured,2025-09-19 09:00:00,wire
1239,1348,103,165.88,5.11,captured,2025-04-26 10:00:00,paypal
1240,1349,181,109.98,3.49,captured,2026-03-03 05:00:00,paypal
1241,1349,181,109.98,3.49,captured,2026-03-02 10:00:00,paypal
1242,1350,212,178.88,5.49,refunded,2025-01-13 14:00:00,wire
1243,1351,462,168.46,5.19,captured,2025-04-17 15:00:00,card
1244,1352,74,241.32,7.3,captured,2026-02-24 17:00:00,card
1245,1353,460,187.08,5.73,captured,2025-06-17 09:00:00,wire
1246,1354,74,147.65,4.58,captured,2026-04-01 12:00:00,card
1247,1354,74,147.65,4.58,captured,2026-04-01 21:00:00,card
1248,1355,290,194.15,5.93,captured,2025-06-09 11:00:00,paypal
1249,1356,422,239.22,7.24,captured,2026-03-25 22:00:00,paypal
1250,1356,422,239.21,7.24,captured,2026-03-25 19:00:00,paypal
1251,1357,453,73.01,2.42,captured,2026-02-20 18:00:00,paypal
1252,1358,272,148.58,4.61,captured,2026-03-18 23:00:00,card
1253,1359,247,123.52,3.88,captured,2026-03-25 02:00:00,paypal
1254,1360,391,228.67,6.93,captured,2026-05-04 02:00:00,wire
1255,1361,455,73.44,2.43,captured,2025-08-14 10:00:00,ach
1256,1362,6,58.42,1.99,captured,2025-10-15 12:00:00,card
1257,1363,132,83.01,2.71,captured,2025-02-13 18:00:00,ach
1258,1365,417,83.24,2.71,captured,2025-10-07 07:00:00,wire
1259,1365,417,83.24,2.71,captured,2025-10-07 15:00:00,ach
1260,1366,9,218.96,6.65,captured,2026-04-14 11:00:00,card
1261,1367,63,51.83,1.8,captured,2026-07-04 15:00:00,ach
1262,1368,2,76.81,2.53,captured,2026-02-10 22:00:00,paypal
1263,1368,2,76.81,2.53,captured,2026-02-11 06:00:00,wire
1264,1369,477,284.4,8.55,captured,2025-03-19 23:00:00,wire
1265,1371,133,306.87,9.2,captured,2025-11-22 21:00:00,card
1266,1372,261,22.28,0.95,captured,2025-09-25 18:00:00,paypal
1267,1373,175,203.71,6.21,captured,2026-07-21 16:00:00,paypal
1268,1375,207,143.45,4.46,captured,2025-12-15 15:00:00,card
1269,1377,145,326.7,9.77,captured,2025-09-24 15:00:00,wire
1270,1379,235,168.52,5.19,captured,2025-03-21 12:00:00,wire
1271,1382,420,243.32,7.36,refunded,2026-03-25 15:00:00,card
1272,1384,255,68.92,2.3,captured,2026-08-28 08:00:00,ach
1273,1384,255,68.93,2.3,captured,2026-08-27 18:00:00,card
1274,1385,416,172.81,5.31,captured,2025-04-24 20:00:00,card
1275,1386,176,91.83,2.96,captured,2025-09-22 01:00:00,card
1276,1387,472,52.23,1.81,captured,2025-07-18 01:00:00,wire
1277,1388,284,145.44,4.52,captured,2026-06-14 09:00:00,card
1278,1389,401,200.78,6.12,captured,2025-03-14 13:00:00,ach
1279,1390,337,212.53,6.46,captured,2026-02-11 15:00:00,paypal
1280,1391,462,112.85,3.57,refunded,2025-07-13 17:00:00,wire
1281,1393,424,86.66,2.81,captured,2026-01-01 00:00:00,wire
1282,1394,467,350.83,10.47,captured,2025-08-29 01:00:00,ach
1283,1396,177,115.97,3.66,captured,2025-08-28 23:00:00,paypal
1284,1397,46,262.08,7.9,captured,2025-04-29 04:00:00,paypal
1285,1398,205,165.37,5.1,captured,2025-03-14 06:00:00,ach
1286,1399,347,59.88,2.04,captured,2025-04-20 16:00:00,ach
1287,1400,430,66.58,2.23,captured,2025-09-24 11:00:00,paypal
1288,1401,385,141.45,4.4,captured,2025-06-15 11:00:00,wire
1289,1402,319,133.64,4.18,captured,2025-03-14 22:00:00,card
1290,1405,122,115.37,3.65,captured,2026-05-27 20:00:00,paypal
1291,1407,276,53.77,1.86,captured,2025-11-15 21:00:00,ach
1292,1407,276,53.78,1.86,captured,2025-11-16 01:00:00,card
1293,1408,257,40.73,1.48,captured,2025-04-23 11:00:00,ach
1294,1408,257,40.73,1.48,captured,2025-04-23 08:00:00,wire
1295,1409,200,57.34,1.96,captured,2025-09-10 05:00:00,wire
1296,1410,318,204.87,6.24,captured,2026-01-01 18:00:00,paypal
1297,1411,500,135.53,4.23,captured,2025-01-15 09:00:00,wire
1298,1413,57,44.35,1.59,captured,2026-07-07 00:00:00,paypal
1299,1414,64,244.26,7.38,captured,2026-07-25 03:00:00,paypal
1300,1415,89,250.42,7.56,captured,2025-05-09 18:00:00,paypal
1301,1416,204,472.74,14.01,captured,2026-06-30 00:00:00,card
1302,1417,3,247.94,7.49,captured,2025-03-12 09:00:00,card
1303,1418,141,515.86,15.26,captured,2026-06-21 18:00:00,ach
1304,1419,348,116.84,3.69,captured,2025-03-25 04:00:00,ach
1305,1420,340,488.09,14.45,captured,2025-07-31 21:00:00,wire
1306,1421,335,233.71,7.08,captured,2026-08-02 12:00:00,wire
1307,1423,38,170.08,5.23,captured,2025-05-13 13:00:00,wire
1308,1426,40,396.0,11.78,captured,2026-07-15 08:00:00,ach
1309,1427,406,157.99,4.88,captured,2025-09-10 13:00:00,wire
1310,1428,234,209.56,6.38,captured,2025-03-01 02:00:00,paypal
1311,1430,200,292.01,8.77,captured,2025-12-04 11:00:00,paypal
1312,1431,292,193.66,5.92,captured,2025-01-12 06:00:00,paypal
1313,1432,264,483.22,14.31,captured,2025-06-01 03:00:00,card
1314,1433,7,248.28,7.5,refunded,2026-01-03 14:00:00,paypal
1315,1434,60,59.92,2.04,captured,2026-06-03 08:00:00,paypal
1316,1434,60,59.92,2.04,captured,2026-06-03 16:00:00,paypal
1317,1435,474,123.81,3.89,captured,2025-03-03 14:00:00,card
1318,1436,246,51.87,1.8,captured,2025-07-26 02:00:00,card
1319,1438,329,278.29,8.37,captured,2026-06-11 12:00:00,wire
1320,1439,369,282.46,8.49,captured,2026-04-24 12:00:00,paypal
1321,1441,419,160.42,4.95,captured,2026-01-13 13:00:00,paypal
1322,1443,376,175.29,5.38,captured,2026-07-25 05:00:00,wire
1323,1444,133,296.09,8.89,captured,2026-04-05 17:00:00,ach
1324,1445,294,28.4,1.12,captured,2026-02-09 05:00:00,card
1325,1446,185,133.16,4.16,captured,2025-08-02 11:00:00,card
1326,1447,455,76.67,2.52,refunded,2026-04-30 15:00:00,wire
1327,1448,454,594.56,17.54,captured,2025-09-02 15:00:00,card
1328,1449,177,325.99,9.75,captured,2025-07-16 18:00:00,paypal
1329,1450,13,146.06,4.54,captured,2025-06-19 01:00:00,card
1330,1451,125,67.31,2.25,captured,2026-02-05 14:00:00,wire
1331,1452,137,81.95,2.68,captured,2026-01-13 01:00:00,card
1332,1453,10,341.93,10.22,captured,2025-05-21 16:00:00,ach
1333,1455,234,148.04,4.59,captured,2025-05-20 16:00:00,card
1334,1457,305,78.61,2.58,captured,2025-07-30 00:00:00,wire
1335,1458,199,179.69,5.51,captured,2026-04-21 08:00:00,paypal
1336,1459,88,62.4,2.11,captured,2025-05-21 21:00:00,paypal
1337,1459,88,62.39,2.11,captured,2025-05-21 08:00:00,ach
1338,1460,228,128.49,4.03,captured,2025-08-30 21:00:00,wire
1339,1461,300,106.76,3.4,captured,2025-01-16 19:00:00,wire
1340,1463,113,422.51,12.55,captured,2025-01-20 01:00:00,wire
1341,1464,306,150.65,4.67,captured,2025-02-12 11:00:00,ach
1342,1465,397,216.3,6.57,captured,2026-07-20 23:00:00,wire
1343,1466,314,189.46,5.79,captured,2025-06-18 15:00:00,paypal
1344,1467,476,42.41,1.53,captured,2025-11-20 05:00:00,wire
1345,1468,471,120.99,3.81,refunded,2026-08-05 20:00:00,ach
1346,1469,248,36.02,1.34,captured,2025-10-25 05:00:00,paypal
1347,1471,229,154.64,4.78,captured,2026-03-21 03:00:00,ach
1348,1472,245,290.29,8.72,captured,2026-03-29 12:00:00,ach
1349,1474,482,311.69,9.34,captured,2026-07-24 16:00:00,ach
1350,1475,285,45.15,1.61,captured,2025-03-17 20:00:00,paypal
1351,1475,285,45.15,1.61,captured,2025-03-17 13:00:00,card
1352,1476,65,401.14,11.93,captured,2025-07-29 04:00:00,card
1353,1477,452,415.65,12.35,captured,2026-08-04 04:00:00,card
1354,1478,475,37.49,1.39,captured,2025-12-09 22:00:00,paypal
1355,1479,281,26.06,1.06,captured,2025-12-12 12:00:00,ach
1356,1479,281,26.06,1.06,captured,2025-12-12 13:00:00,wire
1357,1480,475,184.36,5.65,captured,2026-06-04 16:00:00,ach
1358,1481,486,128.23,4.02,captured,2025-10-03 20:00:00,paypal
1359,1482,477,108.72,3.45,captured,2026-01-11 17:00:00,ach
1360,1483,482,225.45,6.84,captured,2025-11-30 12:00:00,wire
1361,1484,34,265.02,7.99,refunded,2025-03-11 07:00:00,ach
1362,1486,289,317.84,9.52,captured,2026-04-15 21:00:00,paypal
1363,1489,321,361.57,10.79,captured,2026-08-07 05:00:00,wire
1364,1490,157,91.82,2.96,captured,2026-04-15 06:00:00,card
1365,1491,467,33.42,1.27,captured,2025-01-02 07:00:00,ach
1366,1491,467,33.43,1.27,refunded,2025-01-02 11:00:00,wire
1367,1492,296,87.81,2.85,captured,2026-04-05 03:00:00,card
1368,1493,341,88.21,2.86,captured,2026-08-19 14:00:00,paypal
1369,1494,129,272.69,8.21,captured,2026-04-06 23:00:00,paypal
1370,1495,380,30.59,1.19,captured,2026-01-23 01:00:00,paypal
1371,1497,436,214.53,6.52,captured,2025-10-30 13:00:00,paypal
1372,1498,427,107.83,3.43,captured,2025-06-01 17:00:00,ach
1373,1499,342,136.99,4.27,captured,2025-10-17 19:00:00,card
1374,1500,491,241.31,7.3,refunded,2026-07-08 19:00:00,ach
1375,1501,456,264.32,7.97,captured,2025-02-23 09:00:00,paypal
1376,1502,35,401.87,11.95,captured,2025-03-21 12:00:00,card
1377,1503,111,243.22,7.35,captured,2026-06-18 02:00:00,paypal
1378,1504,61,165.2,5.09,captured,2026-05-21 01:00:00,card
1379,1506,295,115.69,3.66,captured,2025-08-08 17:00:00,card
1380,1508,44,91.98,2.97,captured,2026-02-14 17:00:00,card
1381,1510,316,109.12,3.46,captured,2026-05-04 21:00:00,wire
1382,1511,184,69.47,2.31,captured,2025-08-11 21:00:00,paypal
1383,1512,360,389.55,11.6,captured,2026-05-01 06:00:00,wire
1384,1513,296,204.8,6.24,captured,2026-08-04 21:00:00,ach
1385,1514,208,494.97,14.65,refunded,2025-04-09 23:00:00,paypal
1386,1515,35,471.34,13.97,captured,2026-04-11 04:00:00,paypal
1387,1516,379,81.21,2.66,captured,2026-01-06 19:00:00,ach
1388,1517,313,175.72,5.4,captured,2025-09-06 12:00:00,wire
1389,1518,57,89.49,2.9,captured,2025-05-11 09:00:00,wire
1390,1519,94,76.68,2.52,captured,2025-04-07 20:00:00,ach
1391,1520,151,132.48,4.14,captured,2025-03-11 09:00:00,paypal
1392,1521,90,264.17,7.96,refunded,2025-06-11 11:00:00,ach
1393,1522,404,136.34,4.25,captured,2025-11-10 11:00:00,paypal
1394,1522,404,136.33,4.25,captured,2025-11-10 10:00:00,wire
1395,1523,467,128.82,4.04,captured,2025-11-25 17:00:00,wire
1396,1523,467,128.82,4.04,captured,2025-11-25 16:00:00,paypal
1397,1524,45,142.37,4.43,captured,2026-08-25 01:00:00,ach
1398,1525,120,289.35,8.69,captured,2026-03-28 00:00:00,ach
1399,1526,143,72.8,2.41,captured,2026-08-19 10:00:00,paypal
1400,1528,311,139.53,4.35,captured,2025-12-18 20:00:00,ach
1401,1529,478,123.04,3.87,captured,2026-05-12 22:00:00,card
1402,1530,124,227.53,6.9,captured,2026-04-14 12:00:00,paypal
1403,1531,34,25.18,1.03,refunded,2026-05-06 15:00:00,wire
1404,1533,409,223.91,6.79,captured,2026-03-18 20:00:00,paypal
1405,1534,419,180.53,5.54,captured,2025-05-20 08:00:00,paypal
1406,1535,237,52.89,1.83,captured,2025-07-13 10:00:00,wire
1407,1536,135,160.52,4.96,captured,2026-03-07 15:00:00,card
1408,1537,24,122.98,3.87,captured,2025-11-03 23:00:00,paypal
1409,1538,218,358.8,10.71,captured,2026-04-25 11:00:00,wire
1410,1539,268,83.54,2.72,captured,2026-03-16 14:00:00,ach
1411,1540,10,81.02,2.65,refunded,2026-03-28 18:00:00,wire
1412,1541,468,225.86,6.85,captured,2025-04-01 16:00:00,paypal
1413,1542,355,166.44,5.13,captured,2025-03-08 10:00:00,ach
1414,1544,178,523.89,15.49,captured,2025-08-07 01:00:00,paypal
1415,1545,179,231.44,7.01,captured,2026-05-14 22:00:00,wire
1416,1546,431,119.67,3.77,captured,2025-01-29 20:00:00,ach
1417,1547,362,52.7,1.83,captured,2025-11-27 03:00:00,wire
1418,1548,45,146.74,4.56,refunded,2026-04-24 09:00:00,card
1419,1550,392,94.46,3.04,captured,2025-07-12 09:00:00,ach
1420,1552,407,270.66,8.15,captured,2025-09-21 05:00:00,card
1421,1553,254,59.58,2.03,captured,2026-01-12 02:00:00,paypal
1422,1554,389,323.19,9.67,captured,2025-12-21 04:00:00,paypal
1423,1555,264,204.35,6.23,captured,2026-06-03 18:00:00,card
1424,1556,368,205.89,6.27,captured,2025-01-04 08:00:00,card
1425,1557,216,76.09,2.51,captured,2025-06-28 11:00:00,paypal
1426,1559,442,42.47,1.53,captured,2025-08-28 13:00:00,wire
1427,1559,442,42.46,1.53,captured,2025-08-28 06:00:00,wire
1428,1560,209,441.83,13.11,captured,2026-03-19 03:00:00,paypal
1429,1561,5,270.42,8.14,captured,2025-03-05 11:00:00,ach
1430,1562,193,450.95,13.38,captured,2025-06-25 02:00:00,card
1431,1563,206,182.41,5.59,captured,2025-02-04 21:00:00,paypal
1432,1564,121,153.57,4.75,captured,2025-12-15 15:00:00,wire
1433,1565,439,125.84,3.95,captured,2026-08-09 20:00:00,ach
1434,1566,246,643.69,18.97,refunded,2026-08-18 12:00:00,paypal
1435,1567,186,228.74,6.93,captured,2025-02-02 05:00:00,paypal
1436,1568,349,38.67,1.42,captured,2025-03-14 07:00:00,paypal
1437,1568,349,38.68,1.42,captured,2025-03-13 23:00:00,paypal
1438,1569,320,197.12,6.02,captured,2025-12-15 07:00:00,wire
1439,1569,320,197.12,6.02,captured,2025-12-14 13:00:00,paypal
1440,1570,240,165.39,5.1,refunded,2025-06-14 19:00:00,paypal
1441,1572,488,103.76,3.31,captured,2026-02-21 08:00:00,paypal
1442,1573,239,362.47,10.81,captured,2025-07-06 20:00:00,ach
1443,1574,355,212.21,6.45,captured,2026-01-02 05:00:00,ach
1444,1575,27,272.02,8.19,captured,2025-01-25 17:00:00,card
1445,1576,222,410.02,12.19,refunded,2026-08-19 19:00:00,ach
1446,1577,221,49.14,1.73,captured,2025-02-24 13:00:00,paypal
1447,1578,202,107.82,3.43,captured,2025-01-22 21:00:00,paypal
1448,1579,421,94.31,3.03,captured,2025-09-12 23:00:00,paypal
1449,1579,421,94.31,3.03,captured,2025-09-12 05:00:00,card
1450,1581,236,76.53,2.52,captured,2026-01-24 15:00:00,paypal
1451,1582,216,145.11,4.51,captured,2025-10-25 04:00:00,card
1452,1584,111,105.41,3.36,captured,2025-05-19 22:00:00,ach
1453,1585,123,179.51,5.51,captured,2026-02-02 23:00:00,paypal
1454,1586,261,159.62,4.93,captured,2025-11-05 08:00:00,paypal
1455,1587,160,116.76,3.69,captured,2026-01-10 23:00:00,wire
1456,1588,337,307.24,9.21,captured,2025-09-08 17:00:00,card
1457,1590,180,311.77,9.34,refunded,2025-04-20 04:00:00,card
1458,1591,289,273.7,8.24,captured,2025-06-30 01:00:00,card
1459,1592,142,477.04,14.13,captured,2025-05-17 18:00:00,wire
1460,1594,109,24.95,1.02,captured,2025-06-24 11:00:00,wire
1461,1594,109,24.94,1.02,captured,2025-06-24 21:00:00,card
1462,1595,262,280.92,8.45,captured,2026-04-28 15:00:00,paypal
1463,1596,182,133.32,4.17,refunded,2025-12-03 06:00:00,paypal
1464,1597,383,109.71,3.48,captured,2025-07-08 07:00:00,card
1465,1598,123,100.69,3.22,captured,2025-02-21 14:00:00,card
1466,1599,101,259.79,7.83,captured,2025-03-17 10:00:00,wire
1467,1600,382,464.04,13.76,captured,2025-02-23 23:00:00,paypal
1468,1601,279,327.23,9.79,captured,2025-07-17 15:00:00,card
1469,1602,320,112.13,3.55,captured,2025-07-22 08:00:00,wire
1470,1603,398,305.28,9.15,captured,2025-02-01 13:00:00,wire
1471,1604,144,60.48,2.05,captured,2026-03-08 12:00:00,paypal
1472,1605,121,129.95,4.07,captured,2025-11-19 16:00:00,ach
1473,1606,496,47.31,1.67,captured,2026-08-19 02:00:00,paypal
1474,1607,56,132.15,4.13,captured,2026-06-25 01:00:00,card
1475,1609,195,680.72,20.04,captured,2026-03-03 20:00:00,ach
1476,1610,72,369.07,11.0,captured,2026-08-16 14:00:00,ach
1477,1611,477,23.09,0.97,captured,2026-05-03 04:00:00,paypal
1478,1611,477,23.09,0.97,captured,2026-05-03 06:00:00,ach
1479,1614,377,425.67,12.64,refunded,2026-07-02 19:00:00,wire
1480,1615,384,43.08,1.55,captured,2026-05-14 19:00:00,paypal
1481,1616,251,100.92,3.23,captured,2025-11-25 13:00:00,card
1482,1617,479,106.69,3.39,captured,2026-07-17 07:00:00,card
1483,1618,117,238.35,7.21,captured,2025-10-12 04:00:00,paypal
1484,1619,37,310.39,9.3,captured,2025-11-21 09:00:00,ach
1485,1621,179,217.25,6.6,captured,2026-03-17 09:00:00,wire
1486,1622,63,60.87,2.07,captured,2025-12-03 12:00:00,ach
1487,1625,433,486.9,14.42,captured,2026-01-31 12:00:00,ach
1488,1626,409,193.86,5.92,captured,2026-06-29 14:00:00,wire
1489,1627,152,35.97,1.34,refunded,2025-09-08 19:00:00,ach
1490,1629,235,149.79,4.64,captured,2026-02-01 05:00:00,paypal
1491,1630,315,46.62,1.65,captured,2025-12-16 20:00:00,card
1492,1631,144,84.32,2.75,captured,2025-04-20 08:00:00,wire
1493,1632,4,89.56,2.9,refunded,2025-10-05 01:00:00,wire
1494,1633,96,239.21,7.24,captured,2025-03-25 12:00:00,ach
1495,1634,167,500.02,14.8,captured,2026-02-26 06:00:00,card
1496,1636,427,298.63,8.96,captured,2026-02-21 19:00:00,paypal
1497,1637,89,88.0,2.85,captured,2026-06-10 23:00:00,paypal
1498,1637,89,88.0,2.85,captured,2026-06-11 14:00:00,paypal
1499,1638,361,92.33,2.98,captured,2026-01-31 13:00:00,wire
1500,1639,375,257.9,7.78,captured,2025-08-21 01:00:00,card
1501,1640,406,213.74,6.5,captured,2025-02-08 18:00:00,ach
1502,1641,408,88.69,2.87,captured,2025-01-23 16:00:00,wire
1503,1642,32,200.67,6.12,captured,2026-08-10 20:00:00,card
1504,1644,471,144.96,4.5,captured,2025-07-24 22:00:00,paypal
1505,1645,317,118.82,3.75,refunded,2026-08-04 07:00:00,wire
1506,1646,115,231.75,7.02,captured,2025-06-02 02:00:00,card
1507,1651,481,138.07,4.3,captured,2026-02-20 05:00:00,ach
1508,1652,204,136.14,4.25,captured,2025-10-06 12:00:00,card
1509,1653,323,41.54,1.5,captured,2025-12-21 22:00:00,paypal
1510,1654,322,89.44,2.89,captured,2025-01-28 15:00:00,wire
1511,1655,113,37.87,1.4,captured,2025-08-13 23:00:00,paypal
1512,1656,277,49.59,1.74,captured,2025-04-09 05:00:00,paypal
1513,1657,28,70.33,2.34,captured,2026-01-10 10:00:00,wire
1514,1658,434,315.21,9.44,captured,2025-01-07 01:00:00,paypal
1515,1659,415,375.9,11.2,captured,2026-07-05 19:00:00,card
1516,1660,79,100.51,3.21,captured,2025-04-17 03:00:00,ach
1517,1661,305,47.55,1.68,captured,2025-11-14 03:00:00,card
1518,1662,49,123.61,3.88,captured,2026-08-30 10:00:00,wire
1519,1664,317,305.02,9.15,captured,2025-11-27 07:00:00,wire
1520,1665,399,156.22,4.83,refunded,2026-08-06 19:00:00,card
1521,1666,423,229.38,6.95,captured,2025-02-13 08:00:00,card
1522,1667,166,184.95,5.66,captured,2025-12-11 06:00:00,ach
1523,1668,462,46.27,1.64,captured,2025-12-10 12:00:00,card
1524,1669,270,59.68,2.03,captured,2026-03-17 08:00:00,wire
1525,1670,200,429.43,12.75,refunded,2025-12-31 14:00:00,ach
1526,1672,368,24.09,1.0,captured,2025-12-01 16:00:00,wire
1527,1673,186,241.51,7.3,captured,2025-06-22 08:00:00,wire
1528,1674,196,82.28,2.69,captured,2025-07-24 17:00:00,paypal
1529,1675,194,323.24,9.67,captured,2026-08-03 21:00:00,card
1530,1676,160,338.78,10.12,captured,2026-02-04 13:00:00,card
1531,1677,199,272.56,8.2,captured,2026-02-21 03:00:00,wire
1532,1679,438,408.6,12.15,captured,2025-08-25 17:00:00,ach
1533,1680,126,444.36,13.19,captured,2025-05-17 08:00:00,card
1534,1681,224,46.29,1.64,captured,2026-08-02 16:00:00,ach
1535,1681,224,46.29,1.64,captured,2026-08-02 12:00:00,card
1536,1682,86,273.9,8.24,captured,2026-08-29 20:00:00,ach
1537,1683,269,99.67,3.19,captured,2025-07-26 12:00:00,paypal
1538,1684,135,72.44,2.4,captured,2025-09-12 08:00:00,ach
1539,1685,85,444.2,13.18,captured,2026-02-21 17:00:00,card
1540,1687,453,216.79,6.59,captured,2025-12-08 12:00:00,ach
1541,1688,430,71.08,2.36,captured,2025-05-15 01:00:00,paypal
1542,1689,395,444.16,13.18,captured,2025-11-20 05:00:00,ach
1543,1690,102,92.86,2.99,refunded,2026-03-17 20:00:00,wire
1544,1691,325,53.54,1.85,captured,2026-03-26 05:00:00,paypal
1545,1692,410,150.4,4.66,captured,2025-03-12 13:00:00,card
1546,1693,325,238.11,7.21,captured,2025-06-27 05:00:00,wire
1547,1694,430,142.56,4.43,captured,2025-08-05 20:00:00,ach
1548,1695,101,1424.21,41.6,captured,2026-03-19 16:00:00,paypal
1549,1697,166,117.69,3.71,captured,2025-10-09 18:00:00,paypal
1550,1698,363,123.43,3.88,captured,2025-05-19 09:00:00,paypal
1551,1700,160,137.36,4.28,captured,2025-10-19 16:00:00,wire
1552,1701,352,432.58,12.84,captured,2025-05-09 12:00:00,card
1553,1702,9,49.79,1.74,refunded,2025-03-09 22:00:00,card
1554,1703,128,355.78,10.62,captured,2025-03-30 01:00:00,wire
1555,1704,355,98.32,3.15,refunded,2025-10-06 16:00:00,wire
1556,1705,120,258.5,7.8,captured,2025-04-10 10:00:00,card
1557,1706,304,99.42,3.18,captured,2025-01-21 13:00:00,wire
1558,1707,201,135.86,4.24,refunded,2026-05-24 23:00:00,card
1559,1708,231,77.19,2.54,captured,2026-08-15 08:00:00,wire
1560,1710,450,340.82,10.18,refunded,2026-01-03 13:00:00,card
1561,1712,364,53.14,1.84,captured,2025-02-16 06:00:00,ach
1562,1713,396,346.15,10.34,captured,2025-02-18 16:00:00,paypal
1563,1714,213,96.0,3.08,captured,2025-04-27 13:00:00,card
1564,1715,52,169.34,5.21,captured,2025-03-09 10:00:00,card
1565,1716,27,74.24,2.45,captured,2026-03-27 05:00:00,card
1566,1717,242,248.09,7.49,captured,2026-04-16 03:00:00,wire
1567,1718,439,300.9,9.03,captured,2026-03-22 19:00:00,ach
1568,1720,493,328.27,9.82,captured,2025-08-11 21:00:00,paypal
1569,1721,262,282.52,8.49,captured,2025-08-07 21:00:00,card
1570,1722,318,178.53,5.48,captured,2025-04-03 21:00:00,ach
1571,1723,39,148.49,4.61,captured,2025-10-17 10:00:00,paypal
1572,1724,385,116.77,3.69,captured,2025-11-24 10:00:00,ach
1573,1724,385,116.76,3.69,captured,2025-11-24 19:00:00,ach
1574,1725,445,146.65,4.55,captured,2025-05-08 15:00:00,ach
1575,1726,254,378.32,11.27,captured,2025-06-17 18:00:00,paypal
1576,1727,453,80.96,2.65,captured,2025-10-16 00:00:00,wire
1577,1728,119,30.1,1.17,refunded,2025-03-01 07:00:00,ach
1578,1730,457,119.46,3.76,captured,2025-08-01 13:00:00,wire
1579,1731,302,64.69,2.18,captured,2026-03-08 07:00:00,ach
1580,1732,345,661.59,19.49,refunded,2026-04-02 12:00:00,wire
1581,1733,202,191.11,5.84,captured,2025-08-15 12:00:00,wire
1582,1734,275,29.06,1.14,captured,2025-08-03 01:00:00,ach
1583,1734,275,29.06,1.14,captured,2025-08-03 02:00:00,paypal
1584,1735,186,118.51,3.74,captured,2025-11-18 03:00:00,ach
1585,1736,342,120.22,3.79,captured,2025-01-26 19:00:00,ach
1586,1737,28,260.5,7.85,captured,2025-04-28 04:00:00,card
1587,1738,256,113.57,3.59,refunded,2025-03-18 09:00:00,card
1588,1739,465,162.28,5.01,captured,2025-06-23 23:00:00,ach
1589,1740,30,217.23,6.6,captured,2025-12-31 00:00:00,card
1590,1741,226,255.39,7.71,refunded,2025-05-30 01:00:00,wire
1591,1742,331,82.1,2.68,captured,2025-11-15 01:00:00,wire
1592,1742,331,82.1,2.68,refunded,2025-11-15 08:00:00,card
1593,1743,43,486.02,14.39,captured,2026-02-25 15:00:00,wire
1594,1744,3,290.78,8.73,captured,2026-02-14 14:00:00,card
1595,1745,83,276.88,8.33,captured,2025-11-21 11:00:00,ach
1596,1746,111,221.65,6.73,refunded,2025-12-15 03:00:00,paypal
1597,1747,440,376.89,11.23,captured,2025-09-28 22:00:00,card
1598,1749,321,83.83,2.73,captured,2026-04-28 16:00:00,card
1599,1750,171,241.03,7.29,captured,2025-10-18 18:00:00,paypal
1600,1751,268,267.06,8.04,captured,2025-08-04 23:00:00,paypal
1601,1754,40,92.35,2.98,captured,2026-06-10 05:00:00,wire
1602,1755,45,186.87,5.72,captured,2026-05-15 13:00:00,ach
1603,1756,179,281.85,8.47,captured,2025-08-22 01:00:00,paypal
1604,1757,405,70.69,2.35,captured,2026-08-07 19:00:00,card
1605,1758,380,76.99,2.53,captured,2026-02-02 12:00:00,card
1606,1759,310,308.47,9.25,captured,2026-06-27 02:00:00,wire
1607,1761,92,90.35,2.92,captured,2025-03-06 22:00:00,wire
1608,1762,369,331.63,9.92,captured,2025-01-15 21:00:00,wire
1609,1763,485,273.02,8.22,captured,2026-09-01 11:00:00,ach
1610,1764,483,106.19,3.38,captured,2025-07-15 11:00:00,ach
1611,1765,356,204.38,6.23,captured,2025-01-25 01:00:00,card
1612,1766,348,222.01,6.74,captured,2026-04-05 21:00:00,wire
1613,1767,112,170.74,5.25,captured,2026-04-27 15:00:00,ach
1614,1768,373,69.88,2.33,captured,2026-07-17 14:00:00,paypal
1615,1768,373,69.87,2.33,captured,2026-07-17 08:00:00,ach
1616,1769,124,244.17,7.38,captured,2025-12-20 08:00:00,paypal
1617,1770,212,75.72,2.5,captured,2026-02-22 08:00:00,paypal
1618,1771,59,209.19,6.37,captured,2026-01-13 18:00:00,ach
1619,1772,152,171.04,5.26,captured,2026-03-05 14:00:00,paypal
1620,1773,38,227.44,6.9,captured,2025-11-13 18:00:00,paypal
1621,1774,231,83.18,2.71,captured,2025-01-20 22:00:00,card
1622,1775,37,421.82,12.53,captured,2025-04-12 09:00:00,wire
1623,1776,384,57.91,1.98,captured,2026-07-21 15:00:00,wire
1624,1776,384,57.91,1.98,captured,2026-07-22 02:00:00,paypal
1625,1777,328,99.69,3.19,captured,2025-01-31 05:00:00,wire
1626,1778,326,161.61,4.99,captured,2025-02-25 11:00:00,card
1627,1779,352,246.14,7.44,captured,2026-05-01 04:00:00,wire
1628,1780,386,188.35,5.76,captured,2026-07-30 11:00:00,ach
1629,1781,338,51.2,1.78,captured,2025-10-01 19:00:00,card
1630,1782,314,154.53,4.78,refunded,2025-03-29 08:00:00,ach
1631,1783,92,146.49,4.55,captured,2025-12-26 02:00:00,card
1632,1784,367,341.04,10.19,captured,2025-01-24 00:00:00,ach
1633,1785,244,71.64,2.38,captured,2025-08-08 15:00:00,wire
1634,1785,244,71.64,2.38,captured,2025-08-08 20:00:00,wire
1635,1787,241,862.48,25.31,captured,2026-06-21 15:00:00,paypal
1636,1788,162,387.89,11.55,captured,2025-03-12 18:00:00,wire
1637,1789,100,65.97,2.21,captured,2026-01-07 09:00:00,wire
1638,1792,9,146.46,4.55,captured,2026-02-12 05:00:00,wire
1639,1793,68,300.92,9.03,captured,2025-01-24 13:00:00,card
1640,1794,457,91.73,2.96,captured,2026-03-26 17:00:00,card
1641,1795,346,111.13,3.52,captured,2026-08-25 13:00:00,ach
1642,1796,120,162.37,5.01,captured,2025-06-29 12:00:00,ach
1643,1797,185,128.38,4.02,captured,2026-04-06 15:00:00,card
1644,1798,45,287.77,8.65,captured,2025-11-23 10:00:00,paypal
1645,1799,422,151.54,4.69,captured,2026-07-12 22:00:00,ach
1646,1800,333,128.45,4.03,captured,2025-12-24 09:00:00,ach
1647,1801,117,149.86,4.65,captured,2026-05-06 09:00:00,card
1648,1801,117,149.86,4.65,captured,2026-05-06 10:00:00,paypal
1649,1802,97,259.72,7.83,captured,2025-04-09 20:00:00,ach
1650,1803,346,50.21,1.76,captured,2025-06-06 12:00:00,wire
1651,1804,281,60.93,2.07,captured,2025-09-28 11:00:00,ach
1652,1806,125,59.33,2.02,captured,2026-01-23 21:00:00,card
1653,1807,498,273.77,8.24,captured,2025-05-12 14:00:00,card
1654,1808,83,119.25,3.76,captured,2026-06-23 01:00:00,card
1655,1809,90,230.87,7.0,captured,2026-01-13 06:00:00,card
1656,1810,368,272.17,8.19,captured,2025-09-12 19:00:00,card
1657,1811,283,34.45,1.3,captured,2025-08-22 14:00:00,paypal
1658,1812,195,109.29,3.47,captured,2026-03-02 02:00:00,wire
1659,1813,369,144.16,4.48,captured,2026-06-20 21:00:00,card
1660,1814,288,229.36,6.95,refunded,2025-11-01 17:00:00,ach
1661,1815,202,327.42,9.8,captured,2026-05-30 00:00:00,card
1662,1816,109,683.63,20.13,captured,2026-03-08 21:00:00,wire
1663,1817,359,399.23,11.88,refunded,2025-02-14 18:00:00,paypal
1664,1819,448,157.4,4.86,captured,2025-12-10 01:00:00,paypal
1665,1820,211,463.66,13.75,captured,2025-11-20 20:00:00,wire
1666,1821,133,85.17,2.77,captured,2026-01-08 08:00:00,paypal
1667,1821,133,85.18,2.77,captured,2026-01-08 10:00:00,ach
1668,1822,26,109.08,3.46,captured,2025-02-09 21:00:00,paypal
1669,1823,136,132.53,4.14,captured,2026-07-06 09:00:00,paypal
1670,1823,136,132.54,4.14,captured,2026-07-06 07:00:00,wire
1671,1824,364,229.76,6.96,captured,2026-06-17 03:00:00,ach
1672,1825,144,64.69,2.18,captured,2026-08-31 17:00:00,paypal
1673,1826,277,130.94,4.1,captured,2026-01-02 06:00:00,wire
1674,1827,108,73.36,2.43,captured,2025-05-27 06:00:00,paypal
1675,1829,451,540.42,15.97,captured,2025-06-23 13:00:00,wire
1676,1830,404,201.99,6.16,captured,2025-11-06 13:00:00,paypal
1677,1831,367,145.86,4.53,captured,2026-05-03 12:00:00,card
1678,1832,286,134.53,4.2,captured,2025-04-17 03:00:00,ach
1679,1833,5,189.87,5.81,refunded,2025-10-04 16:00:00,paypal
1680,1834,22,130.45,4.08,refunded,2025-10-23 14:00:00,card
1681,1835,222,45.13,1.61,captured,2026-07-19 17:00:00,ach
1682,1835,222,45.14,1.61,captured,2026-07-19 09:00:00,wire
1683,1836,376,135.92,4.24,captured,2025-11-24 04:00:00,paypal
1684,1837,66,422.72,12.56,captured,2025-07-26 20:00:00,paypal
1685,1839,478,130.62,4.09,captured,2025-07-04 23:00:00,paypal
1686,1840,418,583.83,17.23,captured,2025-04-04 07:00:00,wire
1687,1841,276,174.23,5.35,captured,2026-03-11 17:00:00,ach
1688,1842,289,102.88,3.28,captured,2026-04-10 19:00:00,paypal
1689,1843,32,196.5,6.0,captured,2025-05-02 07:00:00,card
1690,1845,158,337.35,10.08,captured,2026-04-04 22:00:00,card
1691,1846,408,105.56,3.36,captured,2026-03-05 15:00:00,paypal
1692,1847,3,29.16,1.15,captured,2025-02-19 20:00:00,wire
1693,1847,3,29.17,1.15,captured,2025-02-19 21:00:00,wire
1694,1848,400,140.15,4.36,captured,2025-01-29 15:00:00,card
1695,1850,50,273.16,8.22,captured,2025-11-05 21:00:00,paypal
1696,1853,23,203.28,6.2,captured,2026-03-03 03:00:00,ach
1697,1854,264,189.42,5.79,captured,2026-03-24 16:00:00,card
1698,1855,468,343.35,10.26,captured,2026-08-09 04:00:00,card
1699,1856,295,314.64,9.42,captured,2025-12-21 16:00:00,card
1700,1857,168,107.68,3.42,captured,2026-08-04 21:00:00,wire
1701,1858,445,292.44,8.78,captured,2025-10-01 08:00:00,card
1702,1859,37,346.56,10.35,captured,2025-06-12 11:00:00,ach
1703,1860,125,365.62,10.9,captured,2026-08-17 08:00:00,card
1704,1861,86,236.67,7.16,captured,2025-11-16 07:00:00,ach
1705,1862,7,222.36,6.75,captured,2025-07-18 22:00:00,ach
1706,1863,478,150.02,4.65,captured,2026-01-28 05:00:00,card
1707,1864,105,199.89,6.1,captured,2025-09-16 21:00:00,card
1708,1865,37,525.1,15.53,captured,2026-03-31 16:00:00,wire
1709,1866,458,102.2,3.26,captured,2026-03-26 21:00:00,paypal
1710,1866,458,102.2,3.26,captured,2026-03-27 01:00:00,card
1711,1867,482,105.04,3.35,captured,2025-01-14 17:00:00,card
1712,1868,106,228.09,6.91,captured,2025-11-17 02:00:00,paypal
1713,1869,201,315.12,9.44,captured,2026-06-05 10:00:00,card
1714,1870,338,350.99,10.48,captured,2026-02-07 17:00:00,wire
1715,1871,214,86.3,2.8,captured,2026-03-15 20:00:00,wire
1716,1872,395,190.5,5.82,captured,2026-08-17 06:00:00,wire
1717,1872,395,190.49,5.82,captured,2026-08-16 12:00:00,paypal
1718,1873,125,298.22,8.95,captured,2025-07-31 04:00:00,card
1719,1874,407,428.98,12.74,refunded,2026-02-27 03:00:00,paypal
1720,1875,280,57.24,1.96,captured,2025-01-18 19:00:00,wire
1721,1877,311,68.47,2.29,captured,2026-02-28 07:00:00,ach
1722,1878,5,147.9,4.59,refunded,2025-05-09 08:00:00,card
1723,1879,424,247.67,7.48,captured,2026-04-23 23:00:00,wire
1724,1880,495,66.86,2.24,captured,2026-06-15 00:00:00,paypal
1725,1881,78,128.12,4.02,captured,2026-06-30 03:00:00,wire
1726,1882,264,51.77,1.8,captured,2025-01-31 12:00:00,paypal
1727,1883,169,288.89,8.68,captured,2025-07-18 18:00:00,paypal
1728,1884,32,105.07,3.35,captured,2025-11-08 21:00:00,paypal
1729,1886,14,245.8,7.43,captured,2026-07-07 09:00:00,card
1730,1887,13,225.17,6.83,captured,2026-08-11 12:00:00,card
1731,1888,406,102.94,3.29,captured,2026-04-19 08:00:00,wire
1732,1888,406,102.94,3.29,captured,2026-04-19 13:00:00,card
1733,1889,142,209.41,6.37,captured,2025-06-20 12:00:00,paypal
1734,1890,453,57.17,1.96,refunded,2025-03-14 00:00:00,ach
1735,1891,298,123.28,3.88,captured,2026-05-20 09:00:00,card
1736,1892,263,211.83,6.44,captured,2026-03-29 21:00:00,ach
1737,1893,205,195.4,5.97,captured,2026-07-29 23:00:00,card
1738,1894,186,162.78,5.02,captured,2025-08-23 03:00:00,card
1739,1895,113,113.04,3.58,captured,2025-04-15 01:00:00,ach
1740,1896,352,193.38,5.91,captured,2026-07-04 12:00:00,paypal
1741,1897,304,258.09,7.78,refunded,2025-03-09 04:00:00,card
1742,1898,12,68.94,2.3,captured,2025-12-15 10:00:00,wire
1743,1898,12,68.94,2.3,captured,2025-12-14 21:00:00,wire
1744,1900,450,465.19,13.79,refunded,2025-12-02 18:00:00,paypal
1745,1901,247,194.17,5.93,captured,2025-09-05 10:00:00,paypal
1746,1904,96,144.42,4.49,captured,2025-06-02 06:00:00,wire
1747,1906,156,66.99,2.24,captured,2025-09-08 22:00:00,wire
1748,1907,149,155.65,4.81,captured,2025-06-29 18:00:00,ach
1749,1908,32,158.1,4.88,captured,2026-03-18 21:00:00,wire
1750,1908,32,158.1,4.88,captured,2026-03-18 19:00:00,wire
1751,1909,445,26.33,1.06,captured,2025-08-10 22:00:00,paypal
1752,1911,353,118.81,3.75,captured,2025-10-22 22:00:00,ach
1753,1912,358,183.79,5.63,captured,2026-06-03 18:00:00,wire
1754,1913,176,441.47,13.1,captured,2025-03-06 16:00:00,wire
1755,1914,250,184.11,5.64,refunded,2025-01-23 03:00:00,card
1756,1915,51,164.55,5.07,captured,2026-06-13 05:00:00,ach
1757,1916,334,286.99,8.62,captured,2025-07-16 09:00:00,card
1758,1917,337,197.9,6.04,captured,2026-03-13 12:00:00,wire
1759,1918,107,166.28,5.12,captured,2025-12-30 05:00:00,wire
1760,1921,347,148.66,4.61,captured,2025-05-30 23:00:00,ach
1761,1921,347,148.66,4.61,captured,2025-05-30 21:00:00,card
1762,1922,260,153.21,4.74,captured,2025-11-03 17:00:00,ach
1763,1923,31,374.3,11.15,refunded,2025-07-06 14:00:00,ach
1764,1924,287,129.48,4.05,captured,2025-09-02 21:00:00,wire
1765,1925,354,158.1,4.88,captured,2025-11-27 23:00:00,card
1766,1926,94,213.96,6.5,captured,2025-02-15 13:00:00,paypal
1767,1927,223,148.96,4.62,captured,2025-01-22 17:00:00,ach
1768,1928,404,422.87,12.56,captured,2026-02-28 05:00:00,ach
1769,1929,163,148.84,4.62,captured,2025-02-25 17:00:00,paypal
1770,1930,46,156.73,4.85,captured,2026-07-03 16:00:00,ach
1771,1931,463,351.26,10.49,captured,2026-01-28 10:00:00,ach
1772,1932,50,128.49,4.03,captured,2026-05-07 14:00:00,ach
1773,1933,31,66.67,2.23,captured,2025-10-15 11:00:00,paypal
1774,1934,125,198.13,6.05,captured,2026-03-05 01:00:00,wire
1775,1935,376,91.17,2.94,captured,2025-04-26 14:00:00,wire
1776,1936,328,71.76,2.38,refunded,2026-01-20 22:00:00,card
1777,1937,118,31.54,1.21,captured,2025-07-11 01:00:00,ach
1778,1938,39,38.1,1.4,captured,2026-04-14 22:00:00,wire
1779,1939,478,40.84,1.48,captured,2025-08-14 02:00:00,ach
1780,1940,4,228.51,6.93,captured,2026-04-19 14:00:00,paypal
1781,1940,4,228.52,6.93,captured,2026-04-19 08:00:00,ach
1782,1942,237,91.59,2.96,captured,2025-01-07 12:00:00,card
1783,1943,98,160.39,4.95,refunded,2025-02-08 10:00:00,card
1784,1944,174,286.49,8.61,captured,2025-08-08 03:00:00,card
1785,1945,156,247.37,7.47,captured,2025-11-30 00:00:00,paypal
1786,1946,79,98.52,3.16,captured,2026-06-14 06:00:00,ach
1787,1947,216,202.96,6.19,captured,2025-09-26 08:00:00,ach
1788,1948,328,166.29,5.12,captured,2026-06-03 09:00:00,card
1789,1950,321,215.69,6.56,refunded,2026-03-10 06:00:00,card
1790,1951,486,248.03,7.49,captured,2026-07-09 18:00:00,paypal
1791,1952,61,117.94,3.72,captured,2025-07-08 02:00:00,wire
1792,1953,370,384.4,11.45,captured,2026-02-14 07:00:00,wire
1793,1954,115,141.74,4.41,captured,2026-05-01 08:00:00,wire
1794,1955,10,660.04,19.44,captured,2026-08-12 03:00:00,ach
1795,1956,183,108.5,3.45,captured,2025-05-21 11:00:00,paypal
1796,1957,197,164.44,5.07,captured,2026-04-23 23:00:00,wire
1797,1958,496,171.71,5.28,captured,2025-05-18 21:00:00,card
1798,1959,173,94.71,3.05,captured,2026-08-08 11:00:00,ach
1799,1959,173,94.71,3.05,captured,2026-08-09 01:00:00,wire
1800,1960,385,363.94,10.85,captured,2025-11-23 07:00:00,card
1801,1961,468,158.07,4.88,refunded,2026-06-17 09:00:00,ach
1802,1962,169,77.02,2.53,captured,2025-12-13 09:00:00,ach
1803,1964,483,159.79,4.93,captured,2025-08-03 00:00:00,ach
1804,1965,230,215.71,6.56,captured,2026-01-07 18:00:00,wire
1805,1966,228,108.53,3.45,captured,2026-01-04 00:00:00,ach
1806,1967,365,111.14,3.52,refunded,2025-12-01 13:00:00,card
1807,1968,191,187.72,5.74,captured,2026-03-08 06:00:00,wire
1808,1969,271,218.27,6.63,captured,2025-12-18 03:00:00,ach
1809,1970,473,138.19,4.31,captured,2025-04-20 10:00:00,wire
1810,1970,473,138.2,4.31,captured,2025-04-20 14:00:00,wire
1811,1971,25,128.17,4.02,captured,2025-02-19 08:00:00,wire
1812,1972,369,220.01,6.68,captured,2025-06-26 21:00:00,wire
1813,1973,199,176.27,5.41,captured,2025-03-28 07:00:00,wire
1814,1974,274,136.66,4.26,captured,2026-03-02 06:00:00,paypal
1815,1976,301,198.9,6.07,captured,2026-07-17 18:00:00,card
1816,1977,210,65.32,2.19,captured,2025-12-12 07:00:00,paypal
1817,1978,487,71.82,2.38,captured,2026-06-24 20:00:00,ach
1818,1980,77,141.93,4.42,captured,2025-03-21 10:00:00,card
1819,1981,45,215.47,6.55,captured,2025-12-25 01:00:00,wire
1820,1982,174,278.18,8.37,captured,2025-12-15 02:00:00,wire
1821,1983,360,173.46,5.33,captured,2025-11-30 17:00:00,ach
1822,1984,211,236.9,7.17,refunded,2026-05-01 13:00:00,ach
1823,1985,85,198.16,6.05,captured,2026-08-23 09:00:00,wire
1824,1987,100,376.1,11.21,captured,2025-01-12 07:00:00,ach
1825,1988,43,169.1,5.2,captured,2026-01-27 05:00:00,wire
1826,1989,191,267.01,8.04,captured,2025-03-10 15:00:00,card
1827,1991,297,215.69,6.56,captured,2026-07-21 18:00:00,card
1828,1992,218,426.57,12.67,captured,2026-02-10 08:00:00,paypal
1829,1993,464,636.29,18.75,captured,2026-07-25 09:00:00,ach
1830,1994,85,58.91,2.01,captured,2025-01-23 11:00:00,wire
1831,1995,135,120.96,3.81,captured,2026-03-05 11:00:00,paypal
1832,1996,343,93.12,3.0,captured,2025-07-11 02:00:00,ach
1833,1997,349,160.4,4.95,captured,2025-02-17 22:00:00,card
1834,1998,181,243.04,7.35,captured,2025-07-07 19:00:00,ach
1835,1999,461,394.94,11.75,captured,2026-07-23 06:00:00,card
1836,2000,424,363.02,10.83,captured,2025-09-14 05:00:00,wire
1837,2001,306,55.78,1.92,captured,2026-07-12 15:00:00,ach
1838,2002,375,168.97,5.2,captured,2025-03-13 02:00:00,wire
1839,2003,268,102.06,3.26,captured,2026-02-05 00:00:00,card
1840,2004,236,134.76,4.21,captured,2025-09-25 00:00:00,paypal
1841,2005,273,127.52,4.0,captured,2025-07-02 05:00:00,wire
1842,2006,423,62.34,2.11,captured,2025-11-26 16:00:00,ach
1843,2008,51,54.45,1.88,captured,2025-01-18 15:00:00,ach
1844,2008,51,54.45,1.88,refunded,2025-01-18 18:00:00,ach
1845,2010,291,443.11,13.15,captured,2025-07-03 17:00:00,paypal
1846,2011,90,48.13,1.7,captured,2026-05-04 10:00:00,card
1847,2014,124,426.75,12.68,refunded,2026-08-14 22:00:00,wire
1848,2017,317,343.28,10.26,captured,2025-12-02 10:00:00,paypal
1849,2018,268,173.88,5.34,captured,2026-01-17 13:00:00,ach
1850,2019,283,98.47,3.16,captured,2025-12-11 06:00:00,ach
1851,2020,257,396.52,11.8,captured,2025-09-02 08:00:00,wire
1852,2021,346,221.12,6.71,captured,2025-03-08 12:00:00,paypal
1853,2022,327,173.06,5.32,captured,2025-06-25 15:00:00,paypal
1854,2023,331,57.0,1.95,captured,2025-02-04 16:00:00,ach
1855,2025,344,193.28,5.91,captured,2025-06-08 08:00:00,ach
1856,2026,90,19.81,0.87,captured,2026-02-09 14:00:00,ach
1857,2027,11,195.6,5.97,captured,2025-06-09 09:00:00,paypal
1858,2028,489,113.14,3.58,captured,2026-01-12 08:00:00,wire
1859,2029,90,113.64,3.6,captured,2025-02-27 04:00:00,card
1860,2030,57,322.85,9.66,captured,2025-02-27 15:00:00,wire
1861,2032,500,194.91,5.95,captured,2025-06-07 18:00:00,card
1862,2033,433,105.89,3.37,captured,2025-07-16 22:00:00,wire
1863,2034,360,116.37,3.67,captured,2025-06-18 07:00:00,wire
1864,2034,360,116.37,3.67,captured,2025-06-18 17:00:00,card
1865,2035,95,210.31,6.4,captured,2026-02-26 20:00:00,ach
1866,2036,315,154.45,4.78,captured,2025-09-22 16:00:00,wire
1867,2037,417,336.02,10.04,captured,2025-04-06 06:00:00,ach
1868,2038,170,52.21,1.81,captured,2026-07-15 23:00:00,paypal
1869,2040,434,56.54,1.94,captured,2025-09-04 16:00:00,ach
1870,2041,66,205.88,6.27,captured,2025-11-08 14:00:00,paypal
1871,2042,456,260.9,7.87,refunded,2025-07-20 08:00:00,card
1872,2043,240,17.71,0.81,captured,2025-08-30 03:00:00,card
1873,2044,361,222.44,6.75,refunded,2025-02-14 04:00:00,wire
1874,2045,187,144.94,4.5,captured,2026-05-21 16:00:00,card
1875,2046,355,476.17,14.11,captured,2025-08-22 21:00:00,ach
1876,2047,463,192.3,5.88,captured,2026-02-27 10:00:00,card
1877,2048,247,440.23,13.07,captured,2025-02-04 01:00:00,wire
1878,2049,107,384.69,11.46,refunded,2025-02-25 02:00:00,ach
1879,2050,39,151.53,4.69,captured,2025-08-11 20:00:00,paypal
1880,2051,463,318.68,9.54,refunded,2025-01-26 04:00:00,wire
1881,2052,500,113.57,3.59,captured,2026-08-13 13:00:00,ach
1882,2053,326,517.17,15.3,captured,2025-01-24 19:00:00,paypal
1883,2056,248,482.33,14.29,captured,2025-05-10 08:00:00,card
1884,2057,117,268.99,8.1,captured,2025-03-29 00:00:00,paypal
1885,2058,184,105.99,3.37,refunded,2025-07-03 01:00:00,wire
1886,2059,471,60.57,2.06,captured,2025-02-03 08:00:00,wire
1887,2060,389,56.29,1.93,captured,2025-12-14 19:00:00,ach
1888,2061,299,254.83,7.69,captured,2025-05-25 19:00:00,ach
1889,2063,424,70.88,2.36,captured,2025-03-12 16:00:00,card
1890,2064,315,251.6,7.6,captured,2026-07-02 00:00:00,card
1891,2066,38,181.04,5.55,captured,2025-12-20 00:00:00,paypal
1892,2068,119,46.12,1.64,captured,2025-10-26 17:00:00,card
1893,2069,385,139.29,4.34,captured,2026-06-04 12:00:00,card
1894,2070,48,263.76,7.95,captured,2026-03-13 19:00:00,ach
1895,2071,64,77.34,2.54,captured,2025-12-03 09:00:00,card
1896,2072,490,315.77,9.46,captured,2025-05-05 18:00:00,wire
1897,2073,201,345.91,10.33,captured,2026-06-02 13:00:00,paypal
1898,2074,64,13.54,0.69,captured,2025-01-16 08:00:00,wire
1899,2075,437,420.1,12.48,captured,2025-12-05 03:00:00,ach
1900,2076,484,127.91,4.01,captured,2026-01-11 19:00:00,paypal
1901,2076,484,127.9,4.01,captured,2026-01-12 07:00:00,card
1902,2078,57,61.69,2.09,captured,2025-04-08 19:00:00,ach
1903,2079,314,349.01,10.42,captured,2025-06-28 04:00:00,ach
1904,2080,432,68.91,2.3,captured,2025-01-10 01:00:00,paypal
1905,2081,483,240.81,7.28,captured,2025-06-01 03:00:00,wire
1906,2082,288,73.95,2.44,captured,2026-07-19 17:00:00,card
1907,2084,416,268.59,8.09,captured,2026-04-25 18:00:00,wire
1908,2085,81,123.46,3.88,captured,2026-07-22 07:00:00,ach
1909,2087,333,277.29,8.34,captured,2025-08-07 04:00:00,ach
1910,2088,385,80.21,2.63,captured,2026-07-01 00:00:00,card
1911,2090,366,100.18,3.21,captured,2025-02-13 02:00:00,ach
1912,2091,293,174.42,5.36,captured,2026-06-11 08:00:00,paypal
1913,2092,131,490.55,14.53,captured,2026-05-04 18:00:00,ach
1914,2093,243,450.44,13.36,refunded,2025-07-09 23:00:00,ach
1915,2095,422,58.62,2.0,captured,2025-07-05 08:00:00,wire
1916,2095,422,58.61,2.0,captured,2025-07-05 09:00:00,paypal
1917,2096,322,302.53,9.07,captured,2025-11-12 08:00:00,wire
1918,2097,161,259.83,7.84,captured,2026-04-21 02:00:00,wire
1919,2098,102,408.95,12.16,captured,2026-02-12 20:00:00,card
1920,2099,143,367.71,10.96,refunded,2026-08-12 23:00:00,ach
1921,2100,154,90.15,2.91,captured,2025-03-01 18:00:00,ach
1922,2102,267,272.68,8.21,captured,2026-07-07 08:00:00,wire
1923,2103,196,166.81,5.14,captured,2025-08-22 09:00:00,wire
1924,2104,441,29.46,1.15,captured,2025-04-01 20:00:00,wire
1925,2105,185,45.88,1.63,captured,2025-05-17 09:00:00,ach
1926,2106,399,272.82,8.21,captured,2026-07-29 02:00:00,paypal
1927,2107,321,171.63,5.28,captured,2025-01-09 07:00:00,wire
1928,2108,152,264.49,7.97,refunded,2025-02-26 19:00:00,paypal
1929,2109,481,68.99,2.3,captured,2025-02-13 04:00:00,card
1930,2110,345,278.17,8.37,captured,2025-04-16 14:00:00,paypal
1931,2111,495,240.51,7.27,captured,2026-04-26 08:00:00,paypal
1932,2112,1,294.77,8.85,captured,2025-02-06 04:00:00,paypal
1933,2113,141,121.54,3.82,captured,2026-08-11 02:00:00,wire
1934,2114,167,57.62,1.97,captured,2025-08-31 18:00:00,wire
1935,2114,167,57.62,1.97,captured,2025-09-01 06:00:00,wire
1936,2115,338,61.44,2.08,captured,2025-11-20 03:00:00,card
1937,2116,420,124.82,3.92,captured,2025-12-25 20:00:00,card
1938,2117,61,365.37,10.9,captured,2026-05-10 20:00:00,wire
1939,2118,76,432.8,12.85,captured,2026-01-18 10:00:00,wire
1940,2120,177,158.24,4.89,captured,2026-05-19 12:00:00,wire
1941,2121,350,497.44,14.73,refunded,2025-02-26 05:00:00,ach
1942,2122,1,531.28,15.71,captured,2025-11-18 16:00:00,card
1943,2123,262,120.01,3.78,captured,2026-06-12 08:00:00,ach
1944,2124,12,391.82,11.66,captured,2025-11-07 20:00:00,paypal
1945,2125,476,347.78,10.39,captured,2025-09-14 06:00:00,ach
1946,2127,89,47.97,1.69,captured,2026-04-23 04:00:00,wire
1947,2128,51,107.07,3.41,captured,2026-02-02 14:00:00,paypal
1948,2129,111,160.67,4.96,captured,2026-05-09 08:00:00,paypal
1949,2130,245,141.07,4.39,captured,2026-07-06 14:00:00,ach
1950,2131,309,78.87,2.59,captured,2025-12-26 13:00:00,ach
1951,2131,309,78.87,2.59,refunded,2025-12-27 01:00:00,ach
1952,2132,451,440.18,13.07,captured,2025-08-06 22:00:00,card
1953,2133,439,73.59,2.43,captured,2025-12-28 20:00:00,paypal
1954,2133,439,73.6,2.43,captured,2025-12-29 18:00:00,wire
1955,2134,43,214.38,6.52,captured,2025-08-08 08:00:00,paypal
1956,2136,435,169.49,5.22,captured,2025-07-30 13:00:00,card
1957,2138,335,155.29,4.8,captured,2025-05-19 22:00:00,ach
1958,2140,85,256.37,7.73,captured,2025-12-11 22:00:00,paypal
1959,2141,31,22.75,0.96,captured,2025-03-25 00:00:00,ach
1960,2142,145,191.27,5.85,refunded,2025-03-09 11:00:00,wire
1961,2143,1,113.71,3.6,captured,2026-04-19 11:00:00,paypal
1962,2144,98,87.6,2.84,captured,2026-05-22 17:00:00,paypal
1963,2145,275,264.93,7.98,captured,2025-07-11 12:00:00,paypal
1964,2147,253,168.09,5.17,captured,2025-10-11 17:00:00,wire
1965,2148,363,21.39,0.92,captured,2025-04-18 11:00:00,wire
1966,2148,363,21.4,0.92,captured,2025-04-18 20:00:00,card
1967,2149,38,450.95,13.38,refunded,2026-06-18 06:00:00,wire
1968,2150,153,199.61,6.09,captured,2025-02-13 00:00:00,card
1969,2151,330,199.21,6.08,captured,2025-11-03 04:00:00,wire
1970,2152,28,243.6,7.36,captured,2025-08-20 22:00:00,wire
1971,2153,292,16.26,0.77,captured,2025-10-13 12:00:00,ach
1972,2154,85,485.67,14.38,captured,2026-04-06 12:00:00,wire
1973,2155,210,123.71,3.89,captured,2025-06-11 00:00:00,card
1974,2156,315,462.15,13.7,captured,2026-07-08 22:00:00,wire
1975,2157,494,131.79,4.12,captured,2026-08-18 17:00:00,card
1976,2159,276,235.27,7.12,captured,2025-08-24 04:00:00,wire
1977,2160,269,648.45,19.11,captured,2025-05-24 20:00:00,card
1978,2161,32,348.15,10.4,captured,2026-05-11 08:00:00,paypal
1979,2162,307,225.42,6.84,captured,2026-03-18 16:00:00,paypal
1980,2164,344,195.81,5.98,captured,2026-02-22 09:00:00,paypal
1981,2165,104,448.35,13.3,captured,2025-08-13 01:00:00,ach
1982,2166,63,316.84,9.49,captured,2026-02-19 19:00:00,ach
1983,2167,36,46.8,1.66,captured,2026-05-14 07:00:00,paypal
1984,2168,230,42.16,1.52,captured,2025-09-30 00:00:00,paypal
1985,2168,230,42.15,1.52,captured,2025-09-30 18:00:00,paypal
1986,2169,119,243.08,7.35,captured,2026-02-10 00:00:00,wire
1987,2170,232,79.88,2.62,captured,2025-12-11 17:00:00,card
1988,2171,448,181.6,5.57,captured,2025-02-15 02:00:00,card
1989,2172,418,129.68,4.06,captured,2025-02-08 12:00:00,ach
1990,2172,418,129.68,4.06,captured,2025-02-07 21:00:00,ach
1991,2173,376,247.98,7.49,captured,2025-06-12 04:00:00,wire
1992,2175,57,73.21,2.42,captured,2025-04-26 14:00:00,paypal
1993,2177,11,589.45,17.39,captured,2026-01-05 20:00:00,paypal
1994,2178,62,143.74,4.47,captured,2025-01-27 22:00:00,paypal
1995,2179,151,318.07,9.52,captured,2026-07-04 08:00:00,card
1996,2180,348,248.18,7.5,captured,2025-07-06 09:00:00,ach
1997,2181,395,110.9,3.52,captured,2026-08-24 09:00:00,wire
1998,2182,310,335.3,10.02,captured,2025-05-20 06:00:00,ach
1999,2183,129,42.18,1.52,captured,2025-02-23 12:00:00,card
2000,2184,359,297.62,8.93,captured,2025-03-22 17:00:00,paypal
2001,2185,499,221.96,6.74,captured,2025-08-25 10:00:00,wire
2002,2187,381,77.59,2.55,captured,2025-12-04 12:00:00,paypal
2003,2188,438,123.95,3.89,captured,2025-03-20 11:00:00,paypal
2004,2190,439,149.91,4.65,captured,2025-10-26 04:00:00,wire
2005,2191,149,137.56,4.29,captured,2025-11-28 03:00:00,wire
2006,2192,154,125.2,3.93,captured,2026-05-26 07:00:00,card
2007,2193,88,38.41,1.41,captured,2025-01-30 17:00:00,ach
2008,2194,92,29.63,1.16,captured,2025-01-04 06:00:00,wire
2009,2194,92,29.63,1.16,captured,2025-01-04 03:00:00,wire
2010,2196,464,106.93,3.4,captured,2025-03-08 20:00:00,paypal
2011,2197,111,155.79,4.82,captured,2026-02-22 08:00:00,paypal
2012,2198,357,113.33,3.59,captured,2025-07-29 06:00:00,ach
2013,2199,39,465.64,13.8,refunded,2025-08-25 22:00:00,card
2014,2200,486,91.98,2.97,captured,2025-04-03 09:00:00,ach
2015,2201,263,40.51,1.47,captured,2026-04-15 15:00:00,wire
2016,2201,263,40.51,1.47,captured,2026-04-16 05:00:00,card
2017,2202,249,268.02,8.07,captured,2025-04-21 20:00:00,card
2018,2203,180,181.66,5.57,captured,2025-01-07 21:00:00,card
2019,2204,482,268.36,8.08,captured,2025-12-28 11:00:00,ach
2020,2206,62,310.27,9.3,captured,2025-04-16 11:00:00,paypal
2021,2207,282,54.86,1.89,captured,2025-05-14 12:00:00,ach
2022,2208,296,208.63,6.35,captured,2026-01-25 04:00:00,paypal
2023,2209,374,107.61,3.42,captured,2026-04-03 15:00:00,card
2024,2210,249,29.98,1.17,captured,2026-07-11 22:00:00,card
2025,2211,140,253.17,7.64,captured,2026-08-22 02:00:00,card
2026,2212,2,255.76,7.72,captured,2025-05-22 20:00:00,paypal
2027,2213,494,179.69,5.51,captured,2025-05-12 03:00:00,ach
2028,2214,97,308.68,9.25,captured,2025-05-11 17:00:00,ach
2029,2215,176,93.98,3.03,captured,2025-04-24 21:00:00,wire
2030,2216,77,261.34,7.88,captured,2025-01-07 10:00:00,wire
2031,2217,118,162.7,5.02,captured,2025-12-26 01:00:00,ach
2032,2218,31,172.52,5.3,captured,2025-01-10 14:00:00,paypal
2033,2219,171,21.34,0.92,captured,2025-01-27 00:00:00,paypal
2034,2219,171,21.35,0.92,captured,2025-01-26 16:00:00,paypal
2035,2220,475,344.59,10.29,captured,2025-08-31 20:00:00,paypal
2036,2221,112,199.1,6.07,captured,2026-05-08 08:00:00,card
2037,2222,483,222.73,6.76,captured,2025-10-25 14:00:00,paypal
2038,2224,446,194.84,5.95,captured,2025-04-23 18:00:00,wire
2039,2225,311,168.61,5.19,captured,2026-02-20 15:00:00,card
2040,2226,495,244.03,7.38,captured,2025-07-19 06:00:00,ach
2041,2227,276,186.43,5.71,captured,2026-08-31 09:00:00,card
2042,2228,416,519.14,15.36,captured,2025-03-28 03:00:00,ach
2043,2229,19,423.82,12.59,captured,2026-04-23 04:00:00,ach
2044,2230,467,144.47,4.49,captured,2026-02-20 21:00:00,ach
2045,2231,10,227.34,6.89,captured,2025-08-13 15:00:00,wire
2046,2232,99,114.74,3.63,captured,2025-08-28 05:00:00,ach
2047,2233,370,337.16,10.08,captured,2026-08-08 09:00:00,wire
2048,2234,129,135.24,4.22,captured,2026-03-22 18:00:00,card
2049,2235,21,98.85,3.17,captured,2025-01-27 13:00:00,wire
2050,2236,432,228.08,6.91,captured,2025-12-03 19:00:00,ach
2051,2237,257,401.68,11.95,captured,2026-03-27 15:00:00,ach
2052,2238,240,181.91,5.58,captured,2025-08-20 18:00:00,paypal
2053,2238,240,181.9,5.58,captured,2025-08-21 00:00:00,ach
2054,2239,159,114.5,3.62,captured,2026-02-27 10:00:00,ach
2055,2240,359,492.67,14.59,captured,2026-01-18 04:00:00,wire
2056,2241,158,91.79,2.96,captured,2025-07-20 06:00:00,paypal
2057,2242,281,62.55,2.11,captured,2025-01-05 20:00:00,paypal
2058,2242,281,62.56,2.11,refunded,2025-01-05 18:00:00,paypal
2059,2243,66,254.53,7.68,captured,2025-01-23 13:00:00,card
2060,2245,15,184.45,5.65,captured,2026-04-18 14:00:00,paypal
2061,2246,143,155.55,4.81,captured,2025-08-17 03:00:00,card
2062,2247,191,503.44,14.9,captured,2025-10-19 20:00:00,paypal
2063,2248,375,87.13,2.83,captured,2025-11-10 02:00:00,ach
2064,2249,412,90.52,2.93,captured,2026-06-22 18:00:00,wire
2065,2251,463,158.2,4.89,captured,2025-12-14 18:00:00,paypal
2066,2252,180,300.96,9.03,captured,2025-12-06 13:00:00,card
2067,2253,248,119.5,3.77,captured,2025-03-24 08:00:00,ach
2068,2254,309,56.1,1.93,captured,2026-03-05 00:00:00,paypal
2069,2254,309,56.1,1.93,captured,2026-03-04 23:00:00,paypal
2070,2255,89,395.61,11.77,captured,2026-07-06 16:00:00,ach
2071,2256,210,623.62,18.38,captured,2025-03-09 17:00:00,card
2072,2257,450,191.09,5.84,captured,2025-02-13 11:00:00,ach
2073,2257,450,191.08,5.84,captured,2025-02-14 00:00:00,wire
2074,2258,238,130.53,4.09,captured,2025-10-26 15:00:00,card
2075,2260,339,98.88,3.17,captured,2025-02-21 00:00:00,paypal
2076,2261,85,97.35,3.12,captured,2026-03-28 23:00:00,paypal
2077,2262,229,105.86,3.37,captured,2025-05-24 16:00:00,wire
2078,2263,184,140.98,4.39,captured,2025-04-25 13:00:00,wire
2079,2264,475,209.32,6.37,captured,2025-04-28 10:00:00,wire
2080,2265,168,190.16,5.81,captured,2025-11-16 14:00:00,card
2081,2266,243,297.05,8.91,captured,2025-12-31 20:00:00,ach
2082,2267,346,218.29,6.63,captured,2025-10-11 02:00:00,wire
2083,2268,481,286.92,8.62,captured,2026-01-06 04:00:00,paypal
2084,2269,274,317.88,9.52,captured,2026-05-05 13:00:00,wire
2085,2270,424,97.37,3.12,captured,2026-05-21 09:00:00,card
2086,2271,59,169.43,5.21,captured,2026-03-21 08:00:00,paypal
2087,2272,446,1044.93,30.6,captured,2025-11-14 21:00:00,ach
2088,2273,104,98.32,3.15,captured,2025-05-14 14:00:00,card
2089,2274,382,297.64,8.93,captured,2026-03-31 03:00:00,card
2090,2275,268,62.84,2.12,captured,2026-02-16 14:00:00,card
2091,2276,303,300.99,9.03,captured,2026-06-27 13:00:00,paypal
2092,2277,47,78.43,2.57,captured,2026-03-12 00:00:00,card
2093,2278,267,94.69,3.05,captured,2025-03-25 16:00:00,ach
2094,2278,267,94.7,3.05,captured,2025-03-25 08:00:00,wire
2095,2279,44,54.74,1.89,refunded,2025-12-15 00:00:00,card
2096,2280,276,174.82,5.37,captured,2026-03-15 10:00:00,wire
2097,2281,204,181.68,5.57,captured,2026-08-30 01:00:00,wire
2098,2282,101,163.2,5.03,captured,2025-07-19 11:00:00,card
2099,2283,246,212.63,6.47,captured,2026-06-07 21:00:00,card
2100,2284,108,376.2,11.21,captured,2025-06-21 09:00:00,wire
2101,2285,42,82.38,2.69,captured,2025-08-19 01:00:00,wire
2102,2286,18,170.92,5.26,captured,2026-08-09 22:00:00,card
2103,2287,171,60.59,2.06,captured,2025-04-10 23:00:00,paypal
2104,2288,373,18.36,0.83,captured,2025-05-07 09:00:00,card
2105,2288,373,18.36,0.83,captured,2025-05-07 05:00:00,paypal
2106,2289,289,210.54,6.41,captured,2026-05-24 03:00:00,ach
2107,2290,63,71.77,2.38,captured,2026-07-11 14:00:00,wire
2108,2291,222,181.08,5.55,captured,2025-03-07 00:00:00,paypal
2109,2292,292,213.17,6.48,captured,2026-05-16 02:00:00,ach
2110,2293,117,35.22,1.32,captured,2025-12-26 10:00:00,ach
2111,2294,69,219.2,6.66,captured,2026-06-18 15:00:00,wire
2112,2295,125,341.81,10.21,captured,2025-11-01 10:00:00,card
2113,2296,34,280.56,8.44,captured,2025-12-24 22:00:00,paypal
2114,2297,122,90.86,2.93,captured,2025-05-23 04:00:00,card
2115,2298,267,181.54,5.56,captured,2025-12-23 04:00:00,wire
2116,2299,401,171.75,5.28,captured,2025-09-13 19:00:00,paypal
2117,2300,437,157.7,4.87,captured,2025-09-03 07:00:00,ach
2118,2301,337,59.22,2.02,captured,2025-06-22 11:00:00,ach
2119,2302,179,84.7,2.76,captured,2025-09-04 04:00:00,wire
2120,2303,467,140.65,4.38,refunded,2025-04-15 11:00:00,card
2121,2306,6,36.18,1.35,captured,2025-08-26 16:00:00,card
2122,2307,217,126.07,3.96,captured,2026-08-18 19:00:00,wire
2123,2309,339,208.43,6.34,captured,2026-03-03 20:00:00,ach
2124,2310,74,207.67,6.32,captured,2026-08-31 17:00:00,wire
2125,2311,273,100.72,3.22,refunded,2026-06-10 15:00:00,wire
2126,2312,158,129.6,4.06,captured,2025-08-05 04:00:00,wire
2127,2313,248,25.06,1.03,captured,2025-11-21 13:00:00,card
2128,2316,18,209.99,6.39,captured,2025-06-19 03:00:00,wire
2129,2317,427,114.67,3.63,captured,2025-11-18 00:00:00,ach
2130,2318,357,163.36,5.04,captured,2025-01-16 15:00:00,wire
2131,2319,461,184.69,5.66,captured,2026-06-19 16:00:00,card
2132,2320,328,117.49,3.71,captured,2025-12-27 07:00:00,card
2133,2321,490,193.24,5.9,captured,2025-06-06 20:00:00,card
2134,2322,105,180.87,5.55,captured,2025-10-19 10:00:00,card
2135,2323,4,139.35,4.34,captured,2025-01-20 20:00:00,ach
2136,2325,330,119.33,3.76,refunded,2025-11-22 11:00:00,ach
2137,2326,344,121.3,3.82,captured,2025-01-06 11:00:00,paypal
2138,2327,146,102.73,3.28,captured,2025-10-09 19:00:00,paypal
2139,2328,169,39.87,1.46,captured,2025-02-13 08:00:00,card
2140,2329,340,339.45,10.14,captured,2025-08-24 13:00:00,wire
2141,2330,204,363.47,10.84,captured,2026-06-08 22:00:00,wire
2142,2331,39,159.78,4.93,captured,2026-02-01 17:00:00,ach
2143,2332,147,207.36,6.31,captured,2025-10-21 13:00:00,card
2144,2333,193,250.62,7.57,captured,2025-11-08 03:00:00,card
2145,2336,247,276.37,8.31,refunded,2025-05-19 16:00:00,paypal
2146,2338,68,309.0,9.26,captured,2026-07-17 07:00:00,paypal
2147,2341,440,830.67,24.39,captured,2025-01-22 04:00:00,card
2148,2342,149,342.88,10.24,captured,2025-11-11 16:00:00,card
2149,2343,153,157.61,4.87,captured,2026-05-21 07:00:00,paypal
2150,2344,202,81.46,2.66,captured,2025-05-16 06:00:00,wire
2151,2345,181,93.61,3.01,captured,2026-08-01 03:00:00,card
2152,2345,181,93.61,3.01,captured,2026-07-31 23:00:00,wire
2153,2346,297,326.55,9.77,captured,2026-08-20 16:00:00,paypal
2154,2347,362,292.37,8.78,refunded,2025-09-18 04:00:00,wire
2155,2348,483,40.45,1.47,captured,2026-06-27 21:00:00,wire
2156,2349,445,43.21,1.55,captured,2025-02-18 23:00:00,card
2157,2350,131,47.06,1.66,captured,2025-11-15 13:00:00,wire
2158,2351,302,195.71,5.98,captured,2025-06-28 06:00:00,card
2159,2352,165,54.22,1.87,captured,2026-01-18 08:00:00,ach
2160,2355,498,372.95,11.12,captured,2026-03-21 09:00:00,card
2161,2356,187,206.39,6.29,captured,2025-05-07 16:00:00,card
2162,2357,373,77.99,2.56,captured,2026-05-30 01:00:00,card
2163,2357,373,77.99,2.56,refunded,2026-05-30 03:00:00,paypal
2164,2359,184,571.85,16.88,captured,2025-06-05 01:00:00,ach
2165,2361,134,46.83,1.66,captured,2025-07-13 18:00:00,ach
2166,2362,371,86.93,2.82,captured,2025-11-30 02:00:00,paypal
2167,2363,465,67.99,2.27,captured,2026-01-06 21:00:00,card
2168,2364,59,94.77,3.05,captured,2026-05-12 03:00:00,ach
2169,2366,446,109.79,3.48,captured,2025-10-03 15:00:00,wire
2170,2366,446,109.79,3.48,captured,2025-10-03 03:00:00,card
2171,2367,190,62.98,2.13,captured,2025-09-28 06:00:00,wire
2172,2368,420,63.76,2.15,captured,2026-06-09 23:00:00,card
2173,2370,95,101.64,3.25,captured,2025-05-13 08:00:00,ach
2174,2371,377,97.12,3.12,captured,2025-03-05 17:00:00,card
2175,2373,64,407.93,12.13,captured,2025-04-13 02:00:00,card
2176,2375,52,287.13,8.63,refunded,2025-03-15 15:00:00,paypal
2177,2376,392,212.13,6.45,captured,2025-04-11 13:00:00,ach
2178,2376,392,212.14,6.45,captured,2025-04-11 15:00:00,ach
2179,2378,230,529.39,15.65,captured,2026-01-03 18:00:00,paypal
2180,2380,101,32.01,1.23,captured,2025-02-28 08:00:00,wire
2181,2380,101,32.0,1.23,captured,2025-02-28 09:00:00,wire
2182,2381,254,44.94,1.6,refunded,2026-02-03 03:00:00,ach
2183,2382,400,77.71,2.55,captured,2025-04-15 15:00:00,card
2184,2383,260,388.91,11.58,captured,2025-11-26 00:00:00,wire
2185,2385,301,138.72,4.32,captured,2025-09-19 01:00:00,card
2186,2386,484,121.44,3.82,captured,2025-07-08 20:00:00,wire
2187,2386,484,121.44,3.82,captured,2025-07-09 11:00:00,card
2188,2388,77,208.56,6.35,captured,2026-05-02 12:00:00,paypal
2189,2389,99,204.26,6.22,captured,2026-05-29 21:00:00,wire
2190,2391,136,66.67,2.23,captured,2025-06-17 17:00:00,paypal
2191,2392,368,175.54,5.39,captured,2025-08-22 10:00:00,ach
2192,2393,497,188.55,5.77,captured,2025-04-15 14:00:00,card
2193,2394,287,304.06,9.12,captured,2025-08-25 22:00:00,card
2194,2395,446,79.25,2.6,captured,2025-06-02 17:00:00,card
2195,2396,217,81.94,2.68,captured,2025-10-20 01:00:00,ach
2196,2397,345,525.83,15.55,captured,2026-03-07 16:00:00,card
2197,2398,351,341.59,10.21,captured,2025-09-09 07:00:00,wire
2198,2399,147,153.64,4.76,captured,2026-03-18 12:00:00,paypal
2199,2401,268,69.28,2.31,captured,2025-10-29 03:00:00,wire
2200,2402,289,153.0,4.74,captured,2025-07-19 04:00:00,card
2201,2404,160,69.46,2.31,captured,2025-01-13 15:00:00,paypal
2202,2404,160,69.46,2.31,captured,2025-01-13 00:00:00,paypal
2203,2407,66,339.56,10.15,captured,2025-03-05 15:00:00,paypal
2204,2408,273,130.48,4.08,captured,2025-10-17 05:00:00,ach
2205,2409,310,57.39,1.96,captured,2025-03-23 04:00:00,ach
2206,2410,399,54.85,1.89,captured,2025-08-17 23:00:00,card
2207,2411,427,21.33,0.92,captured,2025-06-14 11:00:00,wire
2208,2412,327,465.75,13.81,captured,2025-05-10 01:00:00,wire
2209,2413,7,253.03,7.64,captured,2025-11-10 00:00:00,wire
2210,2414,249,247.17,7.47,refunded,2026-06-28 17:00:00,wire
2211,2415,104,124.48,3.91,captured,2026-02-03 12:00:00,paypal
2212,2416,10,113.42,3.59,captured,2025-05-27 07:00:00,ach
2213,2417,462,271.89,8.18,captured,2026-06-01 10:00:00,paypal
2214,2418,84,32.18,1.23,captured,2026-07-16 14:00:00,card
2215,2419,123,133.19,4.16,refunded,2026-04-05 00:00:00,paypal
2216,2420,169,306.11,9.18,captured,2025-05-14 19:00:00,paypal
2217,2421,233,137.99,4.3,captured,2025-04-14 23:00:00,card
2218,2422,301,227.44,6.9,captured,2026-08-15 00:00:00,card
2219,2423,156,139.22,4.34,captured,2026-06-25 23:00:00,card
2220,2425,79,160.07,4.94,captured,2025-10-08 02:00:00,paypal
2221,2426,480,83.38,2.72,captured,2025-11-21 06:00:00,paypal
2222,2426,480,83.38,2.72,captured,2025-11-20 14:00:00,card
2223,2427,428,68.78,2.29,captured,2026-06-24 13:00:00,paypal
2224,2427,428,68.78,2.29,captured,2026-06-25 02:00:00,paypal
2225,2428,300,60.76,2.06,captured,2025-07-04 09:00:00,paypal
2226,2429,25,79.17,2.6,captured,2026-02-17 21:00:00,wire
2227,2429,25,79.17,2.6,captured,2026-02-18 01:00:00,paypal
2228,2430,365,34.16,1.29,captured,2026-07-26 21:00:00,ach
2229,2431,353,130.28,4.08,captured,2025-07-04 05:00:00,wire
2230,2432,311,145.17,4.51,captured,2025-06-22 17:00:00,paypal
2231,2432,311,145.17,4.51,captured,2025-06-21 21:00:00,card
2232,2433,141,487.49,14.44,captured,2025-03-24 06:00:00,card
2233,2435,208,74.49,2.46,captured,2025-06-17 04:00:00,paypal
2234,2437,166,199.79,6.09,captured,2025-11-05 06:00:00,paypal
2235,2438,201,179.99,5.52,captured,2025-12-08 06:00:00,ach
2236,2439,454,207.65,6.32,captured,2025-01-11 05:00:00,card
2237,2440,227,105.09,3.35,captured,2026-03-28 07:00:00,wire
2238,2441,298,173.25,5.32,captured,2025-12-07 19:00:00,paypal
2239,2442,456,173.01,5.32,captured,2025-10-16 12:00:00,card
2240,2443,473,100.89,3.23,captured,2025-07-30 14:00:00,ach
2241,2444,282,47.89,1.69,captured,2026-01-29 11:00:00,card
2242,2445,133,271.79,8.18,refunded,2026-04-04 06:00:00,card
2243,2447,430,303.74,9.11,captured,2025-08-25 05:00:00,wire
2244,2448,262,326.87,9.78,refunded,2025-11-02 11:00:00,wire
2245,2449,284,147.99,4.59,captured,2025-06-04 12:00:00,ach
2246,2450,477,298.16,8.95,captured,2025-05-14 15:00:00,paypal
2247,2451,186,242.41,7.33,captured,2026-06-09 19:00:00,wire
2248,2451,186,242.41,7.33,captured,2026-06-08 23:00:00,ach
2249,2452,51,514.96,15.23,captured,2025-08-30 00:00:00,card
2250,2453,337,108.92,3.46,captured,2025-06-16 13:00:00,ach
2251,2453,337,108.92,3.46,captured,2025-06-16 22:00:00,wire
2252,2454,486,118.19,3.73,captured,2026-03-21 03:00:00,paypal
2253,2454,486,118.19,3.73,captured,2026-03-21 18:00:00,ach
2254,2456,494,260.47,7.85,captured,2025-06-15 20:00:00,paypal
2255,2457,271,343.04,10.25,captured,2025-04-18 09:00:00,wire
2256,2458,281,218.67,6.64,captured,2026-01-20 15:00:00,paypal
2257,2459,480,553.73,16.36,captured,2026-07-12 13:00:00,paypal
2258,2460,167,518.56,15.34,captured,2025-04-02 13:00:00,paypal
2259,2461,373,185.57,5.68,captured,2025-05-27 10:00:00,wire
2260,2462,5,166.74,5.14,captured,2026-07-21 07:00:00,ach
2261,2463,336,136.12,4.25,captured,2026-03-24 05:00:00,wire
2262,2464,8,274.93,8.27,captured,2026-01-04 07:00:00,paypal
2263,2465,3,139.76,4.35,captured,2025-07-24 01:00:00,paypal
2264,2466,195,104.33,3.33,captured,2025-10-13 04:00:00,ach
2265,2467,187,238.2,7.21,captured,2025-04-28 10:00:00,ach
2266,2468,392,71.92,2.39,captured,2026-05-11 09:00:00,card
2267,2469,446,172.18,5.29,captured,2025-11-02 03:00:00,card
2268,2469,446,172.18,5.29,captured,2025-11-02 10:00:00,ach
2269,2470,472,276.85,8.33,captured,2026-04-30 20:00:00,card
2270,2472,78,229.53,6.96,captured,2025-03-02 23:00:00,paypal
2271,2473,336,264.43,7.97,captured,2026-06-08 18:00:00,paypal
2272,2474,244,313.24,9.38,captured,2025-07-09 11:00:00,card
2273,2475,265,407.75,12.12,captured,2025-07-19 16:00:00,ach
2274,2477,442,120.04,3.78,captured,2025-07-01 07:00:00,ach
2275,2478,191,197.43,6.03,captured,2025-07-29 14:00:00,paypal
2276,2479,483,348.45,10.41,captured,2026-02-26 14:00:00,paypal
2277,2481,344,49.84,1.75,refunded,2026-01-06 08:00:00,wire
2278,2482,463,893.96,26.22,captured,2025-08-04 23:00:00,paypal
2279,2483,408,119.66,3.77,captured,2025-07-18 09:00:00,card
2280,2484,220,310.96,9.32,captured,2025-03-29 13:00:00,ach
2281,2485,103,400.29,11.91,captured,2026-06-12 01:00:00,card
2282,2486,69,170.56,5.25,captured,2025-03-15 08:00:00,ach
2283,2487,182,383.39,11.42,captured,2025-12-03 12:00:00,paypal
2284,2488,333,38.11,1.41,captured,2025-06-08 19:00:00,card
2285,2489,400,395.61,11.77,captured,2026-08-23 08:00:00,ach
2286,2490,16,354.34,10.58,captured,2025-02-14 10:00:00,ach
2287,2491,232,209.55,6.38,captured,2025-09-18 00:00:00,wire
2288,2492,471,348.86,10.42,captured,2025-11-07 08:00:00,card
2289,2493,412,464.87,13.78,captured,2026-08-24 06:00:00,paypal
2290,2494,470,336.03,10.04,refunded,2025-04-04 15:00:00,paypal
2291,2495,479,183.52,5.62,captured,2026-05-21 14:00:00,paypal
2292,2497,341,130.4,4.08,captured,2025-06-28 00:00:00,ach
2293,2498,276,120.89,3.81,captured,2026-05-25 17:00:00,paypal
2294,2499,239,325.11,9.73,captured,2025-08-20 08:00:00,paypal
2295,2500,399,154.14,4.77,captured,2025-12-24 12:00:00,ach
2296,2502,233,180.18,5.53,captured,2026-07-03 03:00:00,wire
2297,2504,240,85.13,2.77,captured,2026-08-21 04:00:00,paypal
2298,2505,318,313.52,9.39,captured,2025-05-23 14:00:00,paypal
2299,2506,486,33.77,1.28,captured,2025-12-29 01:00:00,paypal
2300,2507,406,404.22,12.02,captured,2025-06-10 11:00:00,wire
2301,2508,116,702.4,20.67,captured,2026-04-29 12:00:00,wire
2302,2510,264,195.98,5.98,refunded,2025-04-09 02:00:00,wire
2303,2511,293,55.75,1.92,captured,2025-05-31 17:00:00,ach
2304,2512,58,112.42,3.56,captured,2026-02-28 14:00:00,ach
2305,2513,223,346.34,10.34,captured,2025-11-04 14:00:00,wire
2306,2514,152,383.69,11.43,captured,2025-12-03 02:00:00,ach
2307,2516,426,280.7,8.44,captured,2026-02-16 16:00:00,paypal
2308,2517,65,107.44,3.42,captured,2026-07-18 17:00:00,ach
2309,2519,373,417.04,12.39,captured,2026-02-26 14:00:00,paypal
2310,2521,421,523.95,15.49,captured,2025-05-15 19:00:00,paypal
2311,2522,57,413.65,12.3,captured,2025-09-14 09:00:00,ach
2312,2523,9,258.82,7.81,captured,2025-12-13 06:00:00,paypal
2313,2524,426,6.74,0.5,captured,2026-04-18 10:00:00,paypal
2314,2524,426,6.73,0.5,captured,2026-04-18 08:00:00,card
2315,2525,92,312.08,9.35,captured,2026-02-23 03:00:00,ach
2316,2526,150,73.04,2.42,captured,2026-08-27 23:00:00,card
2317,2527,345,9.12,0.56,captured,2025-12-06 02:00:00,ach
2318,2528,268,14.32,0.72,captured,2026-06-16 03:00:00,paypal
2319,2528,268,14.33,0.72,captured,2026-06-15 22:00:00,card
2320,2529,101,401.42,11.94,captured,2025-11-12 22:00:00,card
2321,2530,117,210.17,6.39,captured,2025-07-10 17:00:00,ach
2322,2531,419,229.87,6.97,refunded,2026-02-15 20:00:00,wire
2323,2532,261,123.22,3.87,captured,2025-09-04 05:00:00,card
2324,2532,261,123.21,3.87,captured,2025-09-04 10:00:00,ach
2325,2533,462,40.84,1.48,captured,2026-02-05 01:00:00,card
2326,2534,282,145.9,4.53,captured,2026-01-31 04:00:00,paypal
2327,2535,332,60.49,2.05,captured,2025-02-16 02:00:00,ach
2328,2535,332,60.5,2.05,captured,2025-02-16 06:00:00,paypal
2329,2537,15,182.07,5.58,captured,2025-01-09 23:00:00,card
2330,2538,253,279.4,8.4,captured,2025-09-09 10:00:00,wire
2331,2539,366,251.17,7.58,captured,2026-02-04 13:00:00,wire
2332,2540,204,37.57,1.39,captured,2026-02-02 01:00:00,paypal
2333,2541,431,132.24,4.13,captured,2025-03-05 21:00:00,wire
2334,2542,349,197.39,6.02,captured,2026-07-08 03:00:00,card
2335,2543,254,54.16,1.87,captured,2026-03-26 08:00:00,card
2336,2544,272,61.59,2.09,captured,2025-07-09 11:00:00,wire
2337,2545,114,38.19,1.41,captured,2025-09-30 23:00:00,paypal
2338,2546,440,62.5,2.11,captured,2025-03-19 17:00:00,wire
2339,2547,30,338.19,10.11,captured,2025-08-09 12:00:00,ach
2340,2548,25,20.52,0.9,captured,2026-02-15 20:00:00,card
2341,2548,25,20.53,0.9,captured,2026-02-15 15:00:00,paypal
2342,2549,393,46.43,1.65,captured,2026-06-21 20:00:00,ach
2343,2550,14,202.29,6.17,captured,2025-12-26 00:00:00,card
2344,2551,255,125.43,3.94,captured,2025-06-23 12:00:00,paypal
2345,2551,255,125.43,3.94,captured,2025-06-23 11:00:00,ach
2346,2552,95,151.56,4.7,captured,2026-07-05 14:00:00,ach
2347,2553,341,78.64,2.58,captured,2025-11-29 05:00:00,wire
2348,2554,60,28.96,1.14,captured,2026-03-29 04:00:00,wire
2349,2554,60,28.97,1.14,captured,2026-03-28 10:00:00,paypal
2350,2555,133,103.28,3.3,captured,2026-03-08 07:00:00,card
2351,2555,133,103.27,3.29,captured,2026-03-08 15:00:00,wire
2352,2556,263,131.66,4.12,captured,2025-09-01 05:00:00,paypal
2353,2557,189,110.44,3.5,captured,2025-01-14 23:00:00,paypal
2354,2558,101,325.48,9.74,captured,2026-01-22 02:00:00,paypal
2355,2559,32,71.98,2.39,captured,2026-06-27 20:00:00,paypal
2356,2559,32,71.99,2.39,captured,2026-06-28 01:00:00,paypal
2357,2560,9,54.36,1.88,captured,2026-06-10 11:00:00,card
2358,2561,96,141.59,4.41,refunded,2026-06-07 14:00:00,ach
2359,2562,142,215.57,6.55,captured,2025-07-30 07:00:00,paypal
2360,2563,60,151.1,4.68,captured,2026-07-06 04:00:00,ach
2361,2564,255,223.6,6.78,captured,2025-01-10 12:00:00,paypal
2362,2565,443,131.22,4.11,captured,2025-07-15 06:00:00,card
2363,2565,443,131.23,4.11,captured,2025-07-15 06:00:00,paypal
2364,2566,358,170.16,5.23,refunded,2026-01-19 09:00:00,card
2365,2567,154,141.9,4.42,captured,2025-07-08 15:00:00,ach
2366,2568,220,142.47,4.43,captured,2025-01-18 03:00:00,paypal
2367,2569,385,271.55,8.17,captured,2025-04-17 14:00:00,card
2368,2570,482,146.76,4.56,captured,2026-07-24 16:00:00,wire
2369,2572,100,215.21,6.54,captured,2025-04-16 17:00:00,ach
2370,2573,434,33.48,1.27,captured,2026-01-13 12:00:00,paypal
2371,2574,258,265.66,8.0,captured,2025-08-18 01:00:00,ach
2372,2576,127,353.87,10.56,captured,2026-07-31 00:00:00,ach
2373,2577,267,66.92,2.24,captured,2025-11-27 14:00:00,card
2374,2578,404,222.88,6.76,captured,2025-02-18 18:00:00,paypal
2375,2579,427,127.64,4.0,captured,2026-07-29 15:00:00,paypal
2376,2580,94,38.35,1.41,captured,2025-01-05 03:00:00,wire
2377,2581,362,31.53,1.21,captured,2026-02-22 15:00:00,ach
2378,2582,481,473.97,14.05,captured,2025-03-05 08:00:00,ach
2379,2583,400,214.87,6.53,captured,2025-06-18 06:00:00,ach
2380,2586,279,445.69,13.23,captured,2026-08-15 06:00:00,card
2381,2587,304,107.02,3.4,captured,2025-06-28 05:00:00,ach
2382,2589,478,171.57,5.28,captured,2026-07-25 21:00:00,ach
2383,2591,389,190.17,5.81,captured,2025-06-28 17:00:00,card
2384,2592,11,121.28,3.82,captured,2026-03-23 21:00:00,ach
2385,2593,210,188.15,5.76,captured,2025-10-20 09:00:00,ach
2386,2594,458,236.53,7.16,captured,2025-03-05 02:00:00,wire
2387,2595,122,430.94,12.8,captured,2025-06-04 13:00:00,paypal
2388,2595,122,430.95,12.8,captured,2025-06-04 20:00:00,card
2389,2596,398,157.34,4.86,captured,2025-05-26 10:00:00,ach
2390,2597,252,32.23,1.23,captured,2025-10-17 23:00:00,paypal
2391,2597,252,32.24,1.23,captured,2025-10-17 15:00:00,ach
2392,2598,68,121.45,3.82,captured,2026-06-25 02:00:00,ach
2393,2599,54,226.45,6.87,captured,2025-12-13 02:00:00,ach
2394,2600,62,256.66,7.74,captured,2025-04-12 05:00:00,paypal
2395,2601,233,26.41,1.07,captured,2026-01-07 01:00:00,ach
2396,2601,233,26.4,1.07,captured,2026-01-07 01:00:00,ach
2397,2602,155,113.13,3.58,captured,2025-11-15 00:00:00,card
2398,2603,448,577.68,17.05,captured,2025-08-26 01:00:00,wire
2399,2604,382,95.73,3.08,captured,2025-05-31 15:00:00,paypal
2400,2605,72,336.36,10.05,refunded,2026-03-10 14:00:00,ach
2401,2606,252,149.44,4.63,captured,2025-12-08 02:00:00,wire
2402,2607,383,142.14,4.42,captured,2025-09-20 12:00:00,card
2403,2608,328,57.43,1.97,captured,2025-05-02 08:00:00,card
2404,2609,5,79.0,2.59,captured,2025-03-15 10:00:00,paypal
2405,2609,5,79.0,2.59,captured,2025-03-15 14:00:00,paypal
2406,2610,4,209.26,6.37,captured,2025-05-12 08:00:00,card
2407,2611,292,139.45,4.34,captured,2026-01-15 15:00:00,ach
2408,2612,462,142.75,4.44,captured,2025-02-01 04:00:00,paypal
2409,2613,26,251.9,7.61,captured,2025-02-14 11:00:00,ach
2410,2614,83,63.95,2.15,captured,2026-08-28 10:00:00,wire
2411,2615,95,227.97,6.91,captured,2025-06-13 11:00:00,wire
2412,2616,160,33.33,1.27,refunded,2025-03-11 07:00:00,card
2413,2617,446,342.07,10.22,captured,2026-08-10 12:00:00,paypal
2414,2618,474,136.49,4.26,refunded,2025-09-11 17:00:00,card
2415,2619,154,313.79,9.4,captured,2025-01-04 02:00:00,card
2416,2620,367,8.17,0.54,captured,2025-09-11 17:00:00,ach
2417,2621,6,241.35,7.3,captured,2025-01-16 08:00:00,ach
2418,2622,256,94.28,3.03,captured,2025-07-05 04:00:00,paypal
2419,2623,314,197.3,6.02,captured,2026-07-30 21:00:00,ach
2420,2625,411,141.99,4.42,captured,2025-09-13 07:00:00,ach
2421,2627,207,118.81,3.75,captured,2025-12-22 18:00:00,ach
2422,2628,39,391.17,11.64,captured,2026-01-17 11:00:00,paypal
2423,2629,5,168.75,5.19,captured,2026-04-09 05:00:00,card
2424,2631,467,165.25,5.09,captured,2025-02-19 00:00:00,wire
2425,2632,133,193.4,5.91,refunded,2026-06-10 19:00:00,card
2426,2633,370,73.43,2.43,captured,2025-07-25 21:00:00,paypal
2427,2635,434,347.51,10.38,refunded,2026-05-11 13:00:00,card
2428,2636,267,303.71,9.11,captured,2025-05-13 04:00:00,card
2429,2637,488,262.36,7.91,captured,2025-11-10 19:00:00,card
2430,2638,214,258.61,7.8,captured,2026-04-03 01:00:00,card
2431,2640,392,114.21,3.61,captured,2026-04-28 10:00:00,wire
2432,2641,272,173.3,5.33,captured,2025-11-15 21:00:00,wire
2433,2643,80,174.79,5.37,captured,2026-06-30 00:00:00,paypal
2434,2644,43,80.42,2.63,captured,2026-08-11 00:00:00,paypal
2435,2645,250,57.52,1.97,captured,2025-05-14 22:00:00,wire
2436,2646,199,134.19,4.19,captured,2026-03-25 20:00:00,paypal
2437,2646,199,134.2,4.19,captured,2026-03-26 01:00:00,paypal
2438,2647,105,439.46,13.04,captured,2026-04-05 15:00:00,ach
2439,2648,384,42.97,1.55,captured,2025-10-01 21:00:00,ach
2440,2650,238,248.76,7.51,captured,2025-06-30 10:00:00,card
2441,2651,215,108.03,3.43,refunded,2025-11-10 13:00:00,card
2442,2652,489,188.67,5.77,captured,2026-06-10 16:00:00,wire
2443,2654,429,157.38,4.86,captured,2026-07-10 14:00:00,card
2444,2655,343,180.8,5.54,captured,2026-07-29 15:00:00,ach
2445,2657,389,130.05,4.07,captured,2026-08-29 23:00:00,card
2446,2659,218,222.71,6.76,captured,2025-03-05 03:00:00,wire
2447,2660,291,269.4,8.11,captured,2025-03-22 00:00:00,card
2448,2661,183,102.46,3.27,captured,2025-06-05 19:00:00,ach
2449,2663,113,78.19,2.57,captured,2025-03-09 22:00:00,wire
2450,2664,295,418.37,12.43,captured,2025-08-24 02:00:00,paypal
2451,2665,106,254.02,7.67,captured,2025-11-30 14:00:00,card
2452,2666,187,148.21,4.6,captured,2025-07-10 02:00:00,ach
2453,2667,482,297.72,8.93,refunded,2026-02-11 21:00:00,card
2454,2669,443,139.66,4.35,captured,2025-09-02 19:00:00,paypal
2455,2670,407,68.59,2.29,captured,2025-02-19 12:00:00,paypal
2456,2671,184,364.02,10.86,captured,2025-07-10 20:00:00,wire
2457,2672,186,82.82,2.7,captured,2026-01-08 20:00:00,card
2458,2673,3,101.23,3.24,refunded,2025-08-29 06:00:00,wire
2459,2674,396,236.66,7.16,captured,2025-12-19 19:00:00,ach
2460,2675,334,27.62,1.1,captured,2026-05-29 02:00:00,paypal
2461,2676,492,56.18,1.93,captured,2026-04-25 09:00:00,ach
2462,2677,146,151.81,4.7,captured,2026-01-16 17:00:00,paypal
2463,2677,146,151.8,4.7,refunded,2026-01-16 05:00:00,wire
2464,2678,200,84.3,2.74,captured,2025-03-03 02:00:00,paypal
2465,2680,171,208.97,6.36,captured,2025-07-24 02:00:00,wire
2466,2681,160,39.58,1.45,captured,2025-09-12 11:00:00,ach
2467,2683,495,186.37,5.7,captured,2026-05-24 03:00:00,ach
2468,2685,385,165.93,5.11,captured,2025-07-03 21:00:00,card
2469,2687,300,138.73,4.32,captured,2025-08-09 11:00:00,ach
2470,2688,157,95.36,3.07,captured,2025-10-10 04:00:00,card
2471,2690,243,124.41,3.91,refunded,2026-08-09 15:00:00,ach
2472,2692,269,109.5,3.48,captured,2025-07-19 16:00:00,card
2473,2693,46,116.14,3.67,captured,2026-06-21 19:00:00,paypal
2474,2694,138,80.92,2.65,captured,2025-04-02 18:00:00,paypal
2475,2695,317,37.3,1.38,captured,2025-08-28 11:00:00,wire
2476,2696,12,38.85,1.43,captured,2026-08-03 07:00:00,ach
2477,2697,23,24.77,1.02,captured,2026-06-20 20:00:00,card
2478,2697,23,24.78,1.02,captured,2026-06-20 15:00:00,wire
2479,2698,108,209.72,6.38,captured,2026-05-09 21:00:00,wire
2480,2699,378,85.37,2.78,captured,2026-06-24 20:00:00,paypal
2481,2700,402,111.79,3.54,refunded,2025-05-25 04:00:00,ach
2482,2702,140,129.3,4.05,captured,2026-06-07 18:00:00,paypal
2483,2703,29,225.62,6.84,refunded,2025-10-28 23:00:00,wire
2484,2705,472,314.02,9.41,captured,2025-10-17 17:00:00,wire
2485,2706,213,56.29,1.93,captured,2026-05-21 09:00:00,wire
2486,2708,342,357.26,10.66,captured,2026-01-19 15:00:00,ach
2487,2709,225,154.25,4.77,captured,2025-11-08 17:00:00,card
2488,2710,377,75.31,2.48,captured,2025-10-23 02:00:00,card
2489,2711,125,253.84,7.66,captured,2026-08-03 14:00:00,ach
2490,2712,207,186.54,5.71,captured,2026-07-19 12:00:00,card
2491,2713,190,220.94,6.71,captured,2025-09-18 04:00:00,ach
2492,2714,286,323.71,9.69,captured,2026-05-09 07:00:00,card
2493,2715,106,143.21,4.45,refunded,2026-03-17 09:00:00,ach
2494,2716,373,109.63,3.48,captured,2025-03-22 13:00:00,card
2495,2718,445,248.99,7.52,captured,2026-03-08 19:00:00,ach
2496,2719,448,357.36,10.66,refunded,2026-06-04 07:00:00,paypal
2497,2720,320,229.31,6.95,captured,2026-04-26 18:00:00,ach
2498,2721,399,324.17,9.7,refunded,2026-07-22 10:00:00,ach
2499,2723,477,340.03,10.16,captured,2025-02-08 19:00:00,wire
2500,2724,50,91.1,2.94,captured,2025-06-19 16:00:00,wire
2501,2726,211,75.41,2.49,captured,2025-05-26 02:00:00,card
2502,2727,311,155.42,4.81,captured,2025-12-17 14:00:00,card
2503,2728,445,110.45,3.5,captured,2026-08-15 21:00:00,wire
2504,2730,81,98.56,3.16,captured,2025-09-25 00:00:00,card
2505,2731,431,33.76,1.28,captured,2025-10-25 21:00:00,wire
2506,2732,155,121.81,3.83,captured,2025-11-13 14:00:00,card
2507,2733,9,27.93,1.11,captured,2025-09-07 05:00:00,paypal
2508,2733,9,27.93,1.11,captured,2025-09-07 13:00:00,wire
2509,2734,339,170.4,5.24,refunded,2026-01-01 00:00:00,wire
2510,2735,439,237.13,7.18,refunded,2026-07-26 22:00:00,paypal
2511,2736,452,128.54,4.03,captured,2025-03-06 18:00:00,paypal
2512,2737,428,60.58,2.06,captured,2025-08-06 14:00:00,paypal
2513,2738,30,181.47,5.56,captured,2025-02-21 02:00:00,card
2514,2739,68,831.34,24.41,captured,2026-06-03 00:00:00,paypal
2515,2741,347,275.62,8.29,captured,2026-02-02 04:00:00,ach
2516,2742,111,94.48,3.04,captured,2025-02-10 10:00:00,wire
2517,2743,194,100.35,3.21,captured,2025-10-19 15:00:00,wire
2518,2744,431,315.68,9.45,captured,2026-07-01 00:00:00,card
2519,2745,465,22.56,0.95,captured,2026-08-03 19:00:00,ach
2520,2746,445,101.1,3.23,captured,2025-04-01 11:00:00,ach
2521,2747,231,506.6,14.99,captured,2026-02-09 18:00:00,card
2522,2749,23,36.43,1.36,captured,2026-03-22 04:00:00,wire
2523,2750,462,230.15,6.97,refunded,2025-11-25 18:00:00,paypal
2524,2751,111,123.72,3.89,captured,2026-04-30 11:00:00,wire
2525,2752,481,27.85,1.11,captured,2026-06-30 20:00:00,card
2526,2754,463,163.17,5.03,refunded,2025-01-31 14:00:00,wire
2527,2755,264,178.41,5.47,captured,2025-07-13 07:00:00,paypal
2528,2756,257,240.13,7.26,captured,2025-05-13 11:00:00,wire
2529,2757,339,66.29,2.22,captured,2025-03-17 17:00:00,paypal
2530,2758,232,222.76,6.76,captured,2026-03-15 05:00:00,paypal
2531,2759,476,175.59,5.39,captured,2026-07-02 19:00:00,wire
2532,2760,53,182.87,5.6,captured,2025-11-12 23:00:00,wire
2533,2760,53,182.86,5.6,captured,2025-11-12 21:00:00,ach
2534,2761,329,96.05,3.09,captured,2025-11-21 00:00:00,ach
2535,2762,109,396.36,11.79,captured,2025-12-28 06:00:00,card
2536,2763,19,305.36,9.16,captured,2026-07-01 06:00:00,card
2537,2764,327,152.16,4.71,captured,2025-01-13 16:00:00,card
2538,2765,339,175.83,5.4,captured,2025-11-17 05:00:00,paypal
2539,2768,472,295.68,8.87,captured,2025-12-20 00:00:00,paypal
2540,2769,348,140.98,4.39,captured,2025-01-07 10:00:00,wire
2541,2770,114,356.99,10.65,refunded,2026-05-22 13:00:00,paypal
2542,2771,43,246.28,7.44,captured,2026-02-04 03:00:00,card
2543,2772,44,255.18,7.7,captured,2026-08-10 06:00:00,ach
2544,2772,44,255.18,7.7,captured,2026-08-09 17:00:00,card
2545,2773,310,102.13,3.26,captured,2025-07-05 02:00:00,paypal
2546,2774,118,282.54,8.49,captured,2026-03-21 11:00:00,ach
2547,2775,186,59.09,2.01,captured,2026-04-12 18:00:00,wire
2548,2776,25,157.9,4.88,captured,2025-01-19 23:00:00,paypal
2549,2777,221,254.39,7.68,captured,2026-04-09 05:00:00,paypal
2550,2778,84,270.44,8.14,captured,2026-03-09 19:00:00,card
2551,2779,214,116.39,3.68,captured,2026-01-09 03:00:00,wire
2552,2780,294,377.9,11.26,captured,2025-12-09 11:00:00,wire
2553,2782,145,77.81,2.56,captured,2025-03-06 02:00:00,ach
2554,2783,161,124.33,3.91,captured,2025-08-29 22:00:00,ach
2555,2784,401,139.73,4.35,captured,2025-06-16 18:00:00,wire
2556,2785,477,108.05,3.43,captured,2026-06-01 08:00:00,wire
2557,2787,173,414.44,12.32,refunded,2025-02-08 16:00:00,wire
2558,2788,357,151.79,4.7,captured,2026-07-18 03:00:00,ach
2559,2789,376,268.74,8.09,captured,2025-08-30 06:00:00,paypal
2560,2790,355,353.03,10.54,captured,2026-04-29 12:00:00,paypal
2561,2791,320,108.19,3.44,captured,2025-05-24 12:00:00,wire
2562,2791,320,108.18,3.44,captured,2025-05-24 03:00:00,card
2563,2792,68,116.33,3.67,captured,2026-03-02 12:00:00,card
2564,2793,132,46.45,1.65,captured,2026-07-19 06:00:00,paypal
2565,2793,132,46.44,1.65,captured,2026-07-19 16:00:00,paypal
2566,2794,29,221.88,6.73,captured,2026-04-11 12:00:00,ach
2567,2795,195,59.53,2.03,captured,2025-07-01 10:00:00,paypal
2568,2796,421,57.56,1.97,captured,2026-01-01 03:00:00,card
2569,2796,421,57.57,1.97,captured,2025-12-31 12:00:00,paypal
2570,2797,112,131.94,4.13,captured,2026-05-21 00:00:00,wire
2571,2798,351,56.55,1.94,captured,2026-06-07 01:00:00,wire
2572,2799,211,162.04,5.0,captured,2025-07-04 10:00:00,wire
2573,2800,88,163.55,5.04,captured,2025-05-21 09:00:00,paypal
2574,2801,112,79.99,2.62,captured,2025-09-21 14:00:00,paypal
2575,2802,340,352.71,10.53,captured,2025-06-02 20:00:00,card
2576,2803,396,262.69,7.92,captured,2026-03-16 23:00:00,card
2577,2804,165,182.26,5.59,captured,2025-12-28 19:00:00,card
2578,2805,459,316.17,9.47,captured,2025-10-21 16:00:00,paypal
2579,2806,29,367.32,10.95,captured,2026-05-08 12:00:00,card
2580,2807,288,426.77,12.68,captured,2025-05-12 13:00:00,ach
2581,2808,115,102.42,3.27,captured,2026-05-23 18:00:00,wire
2582,2809,446,321.81,9.63,captured,2025-12-10 00:00:00,ach
2583,2810,378,134.25,4.19,captured,2026-08-17 11:00:00,wire
2584,2811,30,170.82,5.25,captured,2026-01-02 04:00:00,wire
2585,2816,69,142.97,4.45,captured,2025-05-23 10:00:00,card
2586,2817,286,81.04,2.65,captured,2025-01-27 15:00:00,wire
2587,2818,47,539.37,15.94,captured,2025-09-30 23:00:00,wire
2588,2819,160,100.89,3.23,captured,2025-06-10 15:00:00,wire
2589,2820,120,35.12,1.32,refunded,2026-02-02 04:00:00,wire
2590,2822,237,21.09,0.91,captured,2025-11-08 14:00:00,card
2591,2824,424,90.67,2.93,captured,2025-02-12 18:00:00,card
2592,2825,195,70.64,2.35,captured,2026-04-22 11:00:00,wire
2593,2826,382,79.93,2.62,captured,2025-10-20 09:00:00,paypal
2594,2826,382,79.93,2.62,captured,2025-10-20 17:00:00,paypal
2595,2828,81,251.73,7.6,captured,2026-05-14 13:00:00,ach
2596,2829,373,62.5,2.11,captured,2025-07-05 05:00:00,paypal
2597,2830,36,654.41,19.28,captured,2025-05-26 18:00:00,wire
2598,2831,321,231.83,7.02,refunded,2026-04-04 19:00:00,wire
2599,2832,113,288.72,8.67,refunded,2026-01-21 19:00:00,card
2600,2833,128,45.93,1.63,captured,2025-04-25 19:00:00,ach
2601,2835,94,99.82,3.19,captured,2026-06-04 14:00:00,card
2602,2837,391,192.11,5.87,captured,2026-07-08 16:00:00,paypal
2603,2838,404,315.95,9.46,captured,2026-03-04 14:00:00,wire
2604,2840,185,102.45,3.27,captured,2025-05-06 08:00:00,card
2605,2840,185,102.45,3.27,refunded,2025-05-06 21:00:00,ach
2606,2841,281,227.77,6.91,captured,2026-08-10 04:00:00,card
2607,2843,82,47.25,1.67,captured,2025-12-29 14:00:00,wire
2608,2844,298,138.77,4.32,captured,2026-02-18 00:00:00,ach
2609,2845,1,132.77,4.15,captured,2025-09-11 10:00:00,paypal
2610,2846,314,422.89,12.56,captured,2025-07-11 12:00:00,card
2611,2847,368,294.96,8.85,captured,2026-05-18 02:00:00,wire
2612,2848,236,123.51,3.88,captured,2026-06-30 18:00:00,ach
2613,2849,123,255.26,7.7,captured,2026-07-08 04:00:00,paypal
2614,2850,120,179.3,5.5,captured,2026-04-21 23:00:00,card
2615,2851,346,35.98,1.34,captured,2026-06-15 10:00:00,ach
2616,2852,215,20.33,0.89,captured,2025-11-13 20:00:00,paypal
2617,2853,465,257.83,7.78,captured,2025-07-11 00:00:00,paypal
2618,2854,488,62.68,2.12,captured,2025-02-21 04:00:00,wire
2619,2855,218,73.39,2.43,captured,2025-07-08 07:00:00,paypal
2620,2856,137,108.25,3.44,captured,2025-09-25 17:00:00,card
2621,2857,407,254.68,7.69,captured,2025-02-22 08:00:00,paypal
2622,2860,473,32.78,1.25,captured,2025-06-10 06:00:00,paypal
2623,2861,101,101.89,3.25,captured,2025-08-27 11:00:00,ach
2624,2862,284,73.59,2.43,captured,2026-01-28 19:00:00,paypal
2625,2863,94,284.85,8.56,captured,2026-06-22 23:00:00,card
2626,2864,245,98.42,3.15,captured,2026-07-15 11:00:00,card
2627,2865,313,161.99,5.0,captured,2026-05-09 23:00:00,paypal
2628,2866,61,259.12,7.81,captured,2025-04-01 22:00:00,ach
2629,2867,130,151.31,4.69,captured,2025-03-10 02:00:00,ach
2630,2869,478,160.59,4.96,captured,2026-06-23 05:00:00,ach
2631,2870,456,283.65,8.53,captured,2026-01-14 17:00:00,paypal
2632,2872,491,251.21,7.59,captured,2026-02-11 07:00:00,paypal
2633,2873,83,359.62,10.73,captured,2025-08-05 05:00:00,wire
2634,2874,101,799.79,23.49,captured,2026-05-29 20:00:00,wire
2635,2875,203,302.83,9.08,captured,2026-04-06 02:00:00,wire
2636,2876,461,175.39,5.39,captured,2025-08-18 20:00:00,card
2637,2877,400,116.28,3.67,captured,2025-12-27 01:00:00,ach
2638,2877,400,116.28,3.67,captured,2025-12-27 00:00:00,paypal
2639,2878,186,189.43,5.79,captured,2025-12-20 03:00:00,ach
2640,2878,186,189.43,5.79,captured,2025-12-19 16:00:00,paypal
2641,2879,9,137.37,4.28,captured,2025-03-02 00:00:00,ach
2642,2880,310,60.47,2.05,captured,2025-06-21 03:00:00,paypal
2643,2880,310,60.47,2.05,captured,2025-06-20 20:00:00,paypal
2644,2881,155,228.5,6.93,captured,2025-05-21 03:00:00,card
2645,2882,112,142.87,4.44,captured,2025-06-24 06:00:00,ach
2646,2883,108,80.95,2.65,captured,2025-11-18 03:00:00,paypal
2647,2884,125,203.46,6.2,captured,2025-11-11 01:00:00,ach
2648,2885,160,179.67,5.51,captured,2026-06-06 10:00:00,paypal
2649,2885,160,179.67,5.51,captured,2026-06-06 00:00:00,wire
2650,2886,310,200.85,6.12,captured,2025-01-06 01:00:00,paypal
2651,2887,82,78.71,2.58,captured,2026-05-19 06:00:00,wire
2652,2888,243,284.68,8.56,captured,2025-06-01 13:00:00,card
2653,2889,461,146.04,4.54,captured,2025-08-05 13:00:00,ach
2654,2890,483,632.94,18.66,captured,2025-04-04 07:00:00,paypal
2655,2891,415,257.51,7.77,captured,2025-01-10 17:00:00,ach
2656,2892,133,111.93,3.55,captured,2025-03-16 04:00:00,wire
2657,2893,74,228.67,6.93,captured,2025-05-19 13:00:00,ach
2658,2895,202,421.35,12.52,captured,2025-07-10 19:00:00,card
2659,2896,231,121.58,3.83,captured,2025-03-08 05:00:00,paypal
2660,2898,68,55.18,1.9,captured,2025-04-04 06:00:00,wire
2661,2899,361,178.61,5.48,captured,2026-02-22 02:00:00,card
2662,2900,120,39.23,1.44,captured,2026-02-13 08:00:00,paypal
2663,2900,120,39.24,1.44,captured,2026-02-13 11:00:00,ach
2664,2901,117,217.24,6.6,captured,2025-02-10 09:00:00,paypal
2665,2902,378,124.88,3.92,captured,2026-02-02 21:00:00,wire
2666,2902,378,124.87,3.92,captured,2026-02-02 21:00:00,paypal
2667,2903,357,260.49,7.85,refunded,2026-07-07 11:00:00,card
2668,2904,414,104.61,3.33,captured,2026-07-29 11:00:00,paypal
2669,2905,354,99.25,3.18,captured,2025-02-05 18:00:00,wire
2670,2905,354,99.25,3.18,captured,2025-02-06 09:00:00,card
2671,2906,20,384.07,11.44,captured,2026-07-13 18:00:00,ach
2672,2907,209,524.48,15.51,refunded,2025-09-05 15:00:00,paypal
2673,2908,206,195.68,5.97,captured,2026-06-16 20:00:00,wire
2674,2909,161,385.47,11.48,captured,2025-05-04 23:00:00,wire
2675,2910,248,74.91,2.47,captured,2026-02-24 21:00:00,paypal
2676,2911,249,134.66,4.21,captured,2026-05-05 01:00:00,ach
2677,2912,308,188.04,5.75,captured,2025-06-12 00:00:00,wire
2678,2913,480,171.04,5.26,refunded,2026-03-25 07:00:00,ach
2679,2915,467,360.96,10.77,captured,2026-03-08 15:00:00,ach
2680,2916,416,67.78,2.27,captured,2026-08-01 20:00:00,wire
2681,2917,368,76.92,2.53,captured,2025-07-02 08:00:00,card
2682,2918,137,60.08,2.04,captured,2026-08-06 23:00:00,ach
2683,2919,289,212.18,6.45,captured,2026-02-11 05:00:00,card
2684,2920,56,142.27,4.43,captured,2025-11-06 10:00:00,wire
2685,2921,462,146.24,4.54,captured,2025-07-20 18:00:00,card
2686,2921,462,146.24,4.54,captured,2025-07-20 14:00:00,ach
2687,2922,94,215.29,6.54,captured,2025-11-30 11:00:00,wire
2688,2923,120,125.37,3.94,captured,2026-08-22 18:00:00,ach
2689,2924,469,112.09,3.55,captured,2025-01-05 06:00:00,wire
2690,2925,61,19.41,0.86,captured,2026-06-10 22:00:00,ach
2691,2926,274,166.83,5.14,captured,2025-04-01 14:00:00,paypal
2692,2927,288,76.65,2.52,captured,2026-06-18 13:00:00,paypal
2693,2928,110,365.73,10.91,captured,2025-12-01 09:00:00,card
2694,2929,195,73.71,2.44,captured,2026-07-02 11:00:00,card
2695,2929,195,73.71,2.44,captured,2026-07-02 10:00:00,paypal
2696,2930,393,26.27,1.06,captured,2025-04-24 12:00:00,ach
2697,2930,393,26.28,1.06,captured,2025-04-24 03:00:00,card
2698,2931,356,376.54,11.22,refunded,2025-02-01 01:00:00,paypal
2699,2932,294,147.94,4.59,captured,2025-10-18 12:00:00,ach
2700,2933,272,270.38,8.14,captured,2026-04-20 21:00:00,paypal
2701,2934,184,120.74,3.8,captured,2026-04-30 04:00:00,wire
2702,2935,312,426.82,12.68,captured,2026-04-12 00:00:00,wire
2703,2937,36,144.1,4.48,captured,2026-04-19 13:00:00,ach
2704,2938,392,44.58,1.59,captured,2026-06-08 11:00:00,ach
2705,2939,88,412.13,12.25,captured,2025-04-14 21:00:00,wire
2706,2940,359,94.62,3.04,captured,2025-05-24 14:00:00,wire
2707,2941,9,192.81,5.89,captured,2025-01-06 02:00:00,wire
2708,2942,132,237.63,7.19,captured,2025-09-22 20:00:00,ach
2709,2943,470,374.37,11.16,refunded,2025-06-09 12:00:00,wire
2710,2944,133,214.98,6.53,captured,2026-01-17 21:00:00,ach
2711,2945,492,158.9,4.91,captured,2025-12-04 13:00:00,card
2712,2946,136,272.13,8.19,captured,2025-12-21 04:00:00,wire
2713,2947,319,250.2,7.56,captured,2026-02-05 10:00:00,card
2714,2948,336,158.41,4.89,captured,2026-08-30 06:00:00,wire
2715,2949,317,433.14,12.86,captured,2025-03-06 20:00:00,wire
2716,2950,148,253.26,7.64,captured,2025-06-20 10:00:00,paypal
2717,2951,380,52.65,1.83,captured,2025-09-13 03:00:00,wire
2718,2953,408,106.55,3.39,captured,2026-05-15 03:00:00,ach
2719,2954,189,290.0,8.71,captured,2025-08-25 13:00:00,card
2720,2955,419,56.97,1.95,captured,2025-04-12 23:00:00,wire
2721,2956,491,284.21,8.54,captured,2025-11-12 23:00:00,card
2722,2957,378,62.94,2.13,captured,2025-04-28 00:00:00,paypal
2723,2958,231,216.99,6.59,captured,2025-08-26 19:00:00,card
2724,2959,212,258.55,7.8,captured,2026-01-30 20:00:00,wire
2725,2960,189,155.87,4.82,captured,2025-07-16 00:00:00,card
2726,2961,176,183.99,5.64,captured,2026-05-22 00:00:00,card
2727,2962,236,69.42,2.31,captured,2025-06-07 22:00:00,wire
2728,2964,360,200.2,6.11,captured,2025-09-17 17:00:00,ach
2729,2965,445,103.29,3.3,captured,2025-04-29 05:00:00,paypal
2730,2966,442,224.0,6.8,captured,2026-02-24 15:00:00,paypal
2731,2967,303,106.91,3.4,captured,2025-11-15 23:00:00,paypal
2732,2967,303,106.9,3.4,captured,2025-11-15 19:00:00,wire
2733,2968,496,192.14,5.87,captured,2025-04-03 02:00:00,card
2734,2969,447,16.7,0.78,captured,2025-07-27 07:00:00,card
2735,2971,207,319.53,9.57,captured,2026-05-14 16:00:00,card
2736,2972,231,271.26,8.17,captured,2026-01-25 19:00:00,card
2737,2973,12,218.21,6.63,captured,2026-07-05 16:00:00,wire
2738,2975,192,329.74,9.86,captured,2026-03-22 12:00:00,paypal
2739,2977,132,90.4,2.92,captured,2026-01-01 23:00:00,paypal
2740,2978,328,475.26,14.08,captured,2025-02-02 11:00:00,paypal
2741,2979,162,112.29,3.56,refunded,2025-07-27 10:00:00,ach
2742,2980,182,70.48,2.34,captured,2025-02-25 21:00:00,card
2743,2981,35,160.8,4.96,captured,2025-06-05 20:00:00,wire
2744,2982,260,205.01,6.25,captured,2026-01-27 17:00:00,wire
2745,2983,49,344.98,10.3,captured,2026-04-22 05:00:00,paypal
2746,2985,251,133.04,4.16,refunded,2026-08-25 23:00:00,wire
2747,2986,347,158.13,4.89,captured,2025-03-22 16:00:00,paypal
2748,2987,203,124.15,3.9,captured,2026-07-15 05:00:00,wire
2749,2988,127,56.25,1.93,captured,2025-06-23 18:00:00,ach
2750,2989,449,56.34,1.93,captured,2026-06-22 20:00:00,paypal
2751,2990,175,409.96,12.19,captured,2026-06-11 10:00:00,card
2752,2991,161,257.45,7.77,captured,2026-07-14 21:00:00,ach
2753,2993,176,264.31,7.96,captured,2026-04-01 18:00:00,paypal
2754,2994,110,303.05,9.09,captured,2025-09-17 23:00:00,card
2755,2997,99,152.19,4.71,captured,2025-05-03 23:00:00,ach
2756,2997,99,152.18,4.71,captured,2025-05-03 12:00:00,paypal
2757,2998,368,31.23,1.21,captured,2025-03-04 11:00:00,card
2758,2999,238,233.62,7.07,captured,2025-03-25 09:00:00,paypal
2759,3000,348,218.49,6.64,captured,2025-05-16 21:00:00,ach
2760,3001,289,366.78,10.94,captured,2026-05-01 18:00:00,card
2761,3002,270,246.17,7.44,captured,2026-08-08 19:00:00,wire
2762,3003,234,274.92,8.27,captured,2026-06-03 12:00:00,ach
2763,3004,194,86.86,2.82,captured,2026-01-26 20:00:00,card
2764,3007,205,52.87,1.83,captured,2026-07-07 15:00:00,card
2765,3007,205,52.87,1.83,captured,2026-07-08 06:00:00,card
2766,3008,443,211.23,6.43,captured,2026-07-29 23:00:00,card
2767,3009,385,60.97,2.07,captured,2025-04-03 21:00:00,paypal
2768,3010,302,124.09,3.9,captured,2025-08-31 21:00:00,card
2769,3011,422,679.51,20.01,refunded,2025-06-22 10:00:00,card
2770,3012,329,34.47,1.3,captured,2025-03-29 03:00:00,wire
2771,3012,329,34.47,1.3,captured,2025-03-29 11:00:00,ach
2772,3013,408,55.81,1.92,captured,2025-04-16 17:00:00,paypal
2773,3014,399,34.8,1.31,captured,2026-08-11 11:00:00,ach
2774,3014,399,34.8,1.31,captured,2026-08-10 18:00:00,card
2775,3015,323,62.79,2.12,captured,2025-04-24 00:00:00,wire
2776,3015,323,62.79,2.12,captured,2025-04-23 23:00:00,card
2777,3016,362,145.33,4.51,captured,2026-02-11 18:00:00,ach
2778,3016,362,145.33,4.51,captured,2026-02-11 12:00:00,paypal
2779,3017,409,191.47,5.85,captured,2026-06-16 14:00:00,card
2780,3018,113,64.06,2.16,captured,2026-04-02 23:00:00,ach
2781,3019,439,244.29,7.38,captured,2025-10-06 02:00:00,ach
2782,3021,62,68.59,2.29,captured,2025-09-13 16:00:00,paypal
2783,3022,76,120.25,3.79,captured,2025-06-24 16:00:00,card
2784,3023,376,369.07,11.0,captured,2026-06-10 08:00:00,ach
2785,3025,328,192.01,5.87,captured,2025-05-25 06:00:00,wire
2786,3026,327,59.1,2.01,captured,2025-04-07 17:00:00,ach
2787,3027,433,124.69,3.92,captured,2026-05-13 20:00:00,wire
2788,3028,490,345.23,10.31,captured,2026-06-16 20:00:00,wire
2789,3030,69,146.34,4.54,captured,2026-04-15 05:00:00,ach
2790,3030,69,146.35,4.54,captured,2026-04-15 15:00:00,card
2791,3031,402,139.84,4.36,captured,2025-10-11 04:00:00,ach
2792,3033,400,63.22,2.13,captured,2025-02-08 04:00:00,card
2793,3034,363,158.24,4.89,captured,2026-06-26 18:00:00,ach
2794,3035,339,271.04,8.16,captured,2026-08-27 03:00:00,ach
2795,3036,434,34.3,1.29,captured,2026-07-16 05:00:00,ach
2796,3038,427,553.07,16.34,captured,2026-06-12 08:00:00,card
2797,3039,174,198.4,6.05,captured,2025-01-02 12:00:00,paypal
2798,3041,361,193.99,5.93,captured,2025-03-08 19:00:00,ach
2799,3042,492,69.87,2.33,captured,2025-12-25 09:00:00,wire
2800,3043,44,70.25,2.34,captured,2025-01-05 01:00:00,ach
2801,3044,491,377.91,11.26,captured,2025-07-06 21:00:00,ach
2802,3045,172,119.53,3.77,captured,2025-09-13 01:00:00,paypal
2803,3046,485,120.09,3.78,captured,2025-03-22 13:00:00,paypal
2804,3047,25,47.65,1.68,captured,2025-02-23 11:00:00,paypal
2805,3048,307,112.67,3.57,captured,2026-07-03 06:00:00,paypal
2806,3049,268,170.88,5.26,captured,2025-06-17 21:00:00,ach
2807,3050,416,118.48,3.74,captured,2026-08-21 01:00:00,paypal
2808,3051,236,563.95,16.65,captured,2025-08-16 04:00:00,paypal
2809,3052,39,85.25,2.77,captured,2025-02-06 02:00:00,paypal
2810,3053,92,77.89,2.56,captured,2025-03-04 21:00:00,wire
2811,3054,128,136.79,4.27,captured,2026-02-25 00:00:00,ach
2812,3057,420,122.38,3.85,captured,2025-06-07 04:00:00,wire
2813,3059,283,71.96,2.39,captured,2025-09-29 23:00:00,card
2814,3062,325,129.59,4.06,captured,2025-01-11 23:00:00,ach
2815,3062,325,129.58,4.06,captured,2025-01-11 23:00:00,wire
2816,3063,413,123.4,3.88,captured,2026-04-29 07:00:00,wire
2817,3063,413,123.4,3.88,captured,2026-04-29 19:00:00,paypal
2818,3064,231,138.54,4.32,captured,2025-11-04 05:00:00,wire
2819,3065,466,460.03,13.64,captured,2025-07-05 08:00:00,ach
2820,3066,397,98.97,3.17,captured,2026-07-28 08:00:00,paypal
2821,3067,489,57.54,1.97,captured,2025-05-04 07:00:00,ach
2822,3068,276,194.84,5.95,captured,2025-06-20 18:00:00,wire
2823,3069,322,365.11,10.89,refunded,2026-01-30 01:00:00,paypal
2824,3071,463,63.62,2.14,captured,2025-10-24 17:00:00,ach
2825,3072,315,176.55,5.42,captured,2026-04-30 07:00:00,card
2826,3073,80,93.27,3.0,captured,2026-07-09 13:00:00,wire
2827,3073,80,93.27,3.0,refunded,2026-07-09 01:00:00,card
2828,3074,256,233.26,7.06,captured,2026-05-03 21:00:00,card
2829,3076,321,346.9,10.36,captured,2026-07-28 11:00:00,card
2830,3077,350,69.82,2.32,captured,2025-09-13 20:00:00,ach
2831,3078,402,16.32,0.77,captured,2026-05-28 06:00:00,wire
2832,3079,77,16.01,0.76,captured,2025-06-25 18:00:00,paypal
2833,3079,77,16.01,0.76,captured,2025-06-25 23:00:00,card
2834,3080,232,59.11,2.01,captured,2025-12-29 05:00:00,paypal
2835,3081,178,300.83,9.02,refunded,2026-08-09 10:00:00,wire
2836,3082,208,117.33,3.7,captured,2026-07-25 08:00:00,card
2837,3083,470,493.01,14.6,captured,2026-02-04 13:00:00,card
2838,3084,280,73.51,2.43,captured,2026-01-11 17:00:00,ach
2839,3085,222,480.98,14.25,captured,2025-01-19 23:00:00,wire
2840,3086,453,98.56,3.16,captured,2026-01-01 20:00:00,card
2841,3087,266,150.36,4.66,captured,2025-09-15 14:00:00,paypal
2842,3088,212,41.9,1.52,captured,2025-01-12 13:00:00,wire
2843,3089,271,446.81,13.26,refunded,2026-07-29 01:00:00,ach
2844,3091,227,334.44,10.0,captured,2026-04-13 23:00:00,wire
2845,3091,227,334.44,10.0,captured,2026-04-13 09:00:00,card
2846,3092,309,330.16,9.87,captured,2025-01-28 07:00:00,ach
2847,3094,7,94.11,3.03,captured,2026-06-30 20:00:00,ach
2848,3095,34,288.27,8.66,captured,2026-07-24 14:00:00,card
2849,3096,239,177.96,5.46,captured,2025-01-09 16:00:00,wire
2850,3097,360,95.68,3.07,captured,2026-06-27 08:00:00,wire
2851,3098,106,81.67,2.67,captured,2025-07-06 14:00:00,card
2852,3098,106,81.67,2.67,captured,2025-07-06 21:00:00,card
2853,3099,472,14.46,0.72,captured,2025-05-13 22:00:00,card
2854,3099,472,14.45,0.72,captured,2025-05-14 11:00:00,card
2855,3100,76,236.2,7.15,captured,2026-08-30 20:00:00,card
2856,3101,349,216.58,6.58,captured,2025-11-23 08:00:00,paypal
2857,3102,118,63.82,2.15,captured,2026-04-29 00:00:00,wire
2858,3103,30,204.47,6.23,captured,2025-03-27 19:00:00,wire
2859,3103,30,204.47,6.23,captured,2025-03-27 17:00:00,ach
2860,3104,357,343.94,10.27,captured,2026-04-06 09:00:00,paypal
2861,3105,260,220.3,6.69,captured,2025-08-11 23:00:00,paypal
2862,3106,314,91.24,2.95,captured,2026-03-11 08:00:00,ach
2863,3107,471,280.29,8.43,captured,2026-02-05 12:00:00,card
2864,3108,269,71.11,2.36,captured,2025-02-02 12:00:00,paypal
2865,3108,269,71.1,2.36,captured,2025-02-02 14:00:00,ach
2866,3109,421,209.91,6.39,captured,2026-06-17 23:00:00,paypal
2867,3110,248,309.81,9.28,captured,2025-06-24 05:00:00,paypal
2868,3111,175,47.24,1.67,refunded,2025-08-11 16:00:00,paypal
2869,3112,195,35.54,1.33,captured,2026-05-01 14:00:00,wire
2870,3113,173,124.4,3.91,captured,2026-06-17 23:00:00,paypal
2871,3114,444,578.73,17.08,captured,2026-06-30 01:00:00,card
2872,3115,256,589.28,17.39,captured,2025-10-06 16:00:00,ach
2873,3116,467,190.03,5.81,refunded,2025-08-02 23:00:00,card
2874,3117,126,351.72,10.5,captured,2026-05-15 15:00:00,ach
2875,3118,383,162.72,5.02,captured,2025-06-08 21:00:00,paypal
2876,3119,58,194.74,5.95,captured,2026-01-27 07:00:00,ach
2877,3120,145,154.92,4.79,captured,2025-05-26 05:00:00,card
2878,3121,17,390.63,11.63,captured,2025-05-09 05:00:00,paypal
2879,3122,457,381.64,11.37,captured,2025-12-01 13:00:00,paypal
2880,3123,150,185.43,5.68,captured,2026-06-11 23:00:00,wire
2881,3124,410,191.42,5.85,captured,2025-06-27 02:00:00,wire
2882,3126,63,500.84,14.82,refunded,2025-01-15 22:00:00,paypal
2883,3127,172,160.44,4.95,captured,2026-02-28 17:00:00,ach
2884,3127,172,160.44,4.95,captured,2026-02-28 18:00:00,wire
2885,3128,171,89.78,2.9,captured,2025-08-26 09:00:00,paypal
2886,3129,255,559.79,16.53,captured,2025-02-16 23:00:00,wire
2887,3130,164,27.12,1.09,refunded,2025-12-04 12:00:00,ach
2888,3131,339,473.83,14.04,captured,2025-05-27 02:00:00,paypal
2889,3132,366,371.95,11.09,captured,2026-01-21 06:00:00,card
2890,3133,78,191.64,5.86,captured,2025-01-29 11:00:00,card
2891,3134,262,142.7,4.44,captured,2025-07-29 15:00:00,paypal
2892,3135,290,170.2,5.24,captured,2025-05-26 02:00:00,paypal
2893,3136,134,87.19,2.83,captured,2025-07-10 19:00:00,ach
2894,3137,386,543.54,16.06,captured,2025-01-07 18:00:00,wire
2895,3138,116,189.28,5.79,captured,2025-06-23 08:00:00,card
2896,3139,436,83.43,2.72,captured,2025-02-23 19:00:00,card
2897,3140,229,525.04,15.53,captured,2026-01-15 02:00:00,ach
2898,3141,184,255.41,7.71,captured,2025-10-07 13:00:00,ach
2899,3142,333,261.75,7.89,captured,2025-06-22 20:00:00,ach
2900,3144,255,264.18,7.96,captured,2026-07-12 18:00:00,card
2901,3145,344,101.84,3.25,captured,2025-11-25 21:00:00,ach
2902,3147,405,98.8,3.17,captured,2025-09-02 16:00:00,wire
2903,3149,107,117.72,3.71,captured,2025-03-03 18:00:00,ach
2904,3149,107,117.71,3.71,captured,2025-03-03 23:00:00,card
2905,3150,500,273.97,8.25,captured,2025-07-16 07:00:00,ach
2906,3151,433,119.14,3.76,captured,2025-10-14 02:00:00,wire
2907,3152,89,164.73,5.08,captured,2026-01-22 19:00:00,card
2908,3155,385,193.95,5.92,captured,2026-07-26 09:00:00,paypal
2909,3156,188,567.72,16.76,captured,2025-04-16 19:00:00,ach
2910,3157,123,141.6,4.41,captured,2025-10-19 14:00:00,ach
2911,3158,110,130.04,4.07,captured,2025-08-20 20:00:00,paypal
2912,3159,34,215.28,6.54,captured,2025-02-24 00:00:00,card
2913,3159,34,215.28,6.54,captured,2025-02-23 20:00:00,card
2914,3160,438,278.14,8.37,captured,2025-03-20 19:00:00,ach
2915,3161,157,645.36,19.02,captured,2026-01-19 15:00:00,ach
2916,3162,479,443.02,13.15,captured,2025-11-09 02:00:00,card
2917,3163,113,63.61,2.14,captured,2025-06-29 09:00:00,wire
2918,3164,176,183.38,5.62,captured,2026-07-08 11:00:00,ach
2919,3165,440,229.36,6.95,captured,2025-07-10 06:00:00,paypal
2920,3166,174,88.64,2.87,captured,2025-12-29 22:00:00,wire
2921,3166,174,88.65,2.87,captured,2025-12-30 07:00:00,wire
2922,3167,380,137.17,4.28,captured,2026-08-25 12:00:00,card
2923,3168,46,185.52,5.68,captured,2026-03-03 11:00:00,paypal
2924,3169,478,234.95,7.11,captured,2026-03-19 20:00:00,card
2925,3171,376,390.18,11.62,captured,2026-07-12 17:00:00,paypal
2926,3172,14,443.85,13.17,captured,2025-10-14 06:00:00,paypal
2927,3173,483,271.6,8.18,captured,2025-07-05 11:00:00,card
2928,3175,106,174.27,5.35,captured,2025-11-21 17:00:00,card
2929,3176,77,218.59,6.64,captured,2025-03-24 04:00:00,wire
2930,3177,44,255.37,7.71,captured,2025-01-13 23:00:00,wire
2931,3178,337,91.17,2.94,captured,2025-03-16 16:00:00,card
2932,3179,107,290.99,8.74,refunded,2025-04-10 09:00:00,paypal
2933,3180,465,136.21,4.25,refunded,2025-05-20 17:00:00,paypal
2934,3181,114,484.56,14.35,refunded,2025-07-30 12:00:00,wire
2935,3182,45,207.58,6.32,captured,2025-05-25 18:00:00,card
2936,3183,427,281.71,8.47,captured,2026-07-04 13:00:00,paypal
2937,3184,389,254.75,7.69,captured,2026-08-09 22:00:00,ach
2938,3186,416,391.62,11.66,captured,2025-04-09 10:00:00,paypal
2939,3187,363,114.23,3.61,captured,2025-11-21 10:00:00,ach
2940,3190,462,41.64,1.51,captured,2025-03-28 01:00:00,ach
2941,3191,340,227.57,6.9,captured,2025-06-28 21:00:00,paypal
2942,3192,311,391.2,11.64,captured,2025-05-04 17:00:00,ach
2943,3193,89,436.87,12.97,captured,2025-10-21 18:00:00,card
2944,3194,268,133.79,4.18,captured,2025-08-12 18:00:00,ach
2945,3195,83,158.1,4.88,captured,2025-11-25 14:00:00,card
2946,3196,336,286.47,8.61,captured,2025-04-30 20:00:00,paypal
2947,3200,13,93.28,3.01,refunded,2025-03-27 13:00:00,card
2948,3201,350,186.04,5.7,captured,2025-06-14 07:00:00,wire
2949,3202,222,57.7,1.97,captured,2026-04-27 07:00:00,card
2950,3203,257,220.04,6.68,captured,2025-07-22 02:00:00,wire
2951,3204,372,250.21,7.56,captured,2025-11-13 17:00:00,wire
2952,3205,386,91.68,2.96,captured,2026-02-19 11:00:00,ach
2953,3206,460,239.28,7.24,captured,2026-03-30 02:00:00,wire
2954,3208,216,95.52,3.07,captured,2025-04-19 08:00:00,ach
2955,3209,48,37.31,1.38,captured,2026-02-10 05:00:00,paypal
2956,3210,132,58.12,1.99,captured,2025-07-08 20:00:00,paypal
2957,3211,276,505.28,14.95,captured,2025-12-28 07:00:00,wire
2958,3212,66,138.25,4.31,captured,2026-08-22 12:00:00,ach
2959,3213,223,253.25,7.64,captured,2025-02-15 07:00:00,ach
2960,3214,468,140.74,4.38,captured,2025-02-24 21:00:00,paypal
2961,3215,36,467.2,13.85,captured,2025-06-01 17:00:00,wire
2962,3216,116,95.99,3.08,captured,2025-09-25 17:00:00,wire
2963,3218,456,104.63,3.33,captured,2025-07-01 15:00:00,wire
2964,3219,368,366.04,10.92,captured,2026-07-02 01:00:00,card
2965,3220,92,250.04,7.55,captured,2025-01-08 09:00:00,card
2966,3221,351,190.68,5.83,captured,2025-11-30 00:00:00,card
2967,3223,400,639.25,18.84,captured,2026-04-14 13:00:00,ach
2968,3224,113,157.12,4.86,refunded,2025-12-02 15:00:00,wire
2969,3225,356,90.17,2.91,refunded,2025-03-26 00:00:00,ach
2970,3226,247,50.09,1.75,captured,2025-07-14 20:00:00,card
2971,3227,367,63.66,2.15,captured,2025-04-16 19:00:00,wire
2972,3230,454,232.22,7.03,captured,2025-08-27 18:00:00,ach
2973,3231,402,53.39,1.85,captured,2025-08-10 14:00:00,paypal
2974,3232,273,189.52,5.8,captured,2025-10-09 03:00:00,paypal
2975,3233,462,223.63,6.79,captured,2025-04-12 21:00:00,ach
2976,3233,462,223.64,6.79,captured,2025-04-13 11:00:00,wire
2977,3234,59,143.67,4.47,captured,2026-05-31 04:00:00,ach
2978,3235,351,110.22,3.5,captured,2026-02-09 03:00:00,wire
2979,3235,351,110.22,3.5,captured,2026-02-09 03:00:00,paypal
2980,3236,313,156.98,4.85,captured,2026-03-12 04:00:00,ach
2981,3237,129,136.48,4.26,captured,2025-08-04 13:00:00,paypal
2982,3237,129,136.48,4.26,refunded,2025-08-04 02:00:00,wire
2983,3238,195,109.18,3.47,captured,2025-06-23 10:00:00,paypal
2984,3240,340,70.96,2.36,captured,2025-05-29 11:00:00,ach
2985,3241,313,137.0,4.27,captured,2025-01-14 21:00:00,ach
2986,3242,394,155.39,4.81,refunded,2026-03-20 18:00:00,paypal
2987,3243,329,140.59,4.38,captured,2026-06-06 19:00:00,paypal
2988,3244,493,137.59,4.29,captured,2025-05-19 02:00:00,paypal
2989,3247,10,164.9,5.08,refunded,2026-03-29 04:00:00,card
2990,3248,184,63.0,2.13,captured,2026-05-21 22:00:00,paypal
2991,3249,64,306.11,9.18,captured,2026-06-28 07:00:00,wire
2992,3250,217,179.52,5.51,captured,2025-06-03 14:00:00,wire
2993,3251,497,651.82,19.2,captured,2025-02-15 05:00:00,card
2994,3253,409,538.36,15.91,captured,2026-04-28 12:00:00,ach
2995,3254,226,90.38,2.92,captured,2025-04-30 02:00:00,card
2996,3255,289,122.68,3.86,captured,2026-07-04 02:00:00,card
2997,3256,16,30.01,1.17,captured,2025-01-19 05:00:00,wire
2998,3256,16,30.01,1.17,captured,2025-01-18 22:00:00,card
2999,3257,344,654.42,19.28,captured,2025-08-20 01:00:00,paypal
3000,3258,124,246.72,7.45,captured,2026-08-10 08:00:00,ach
3001,3259,231,257.05,7.75,captured,2025-08-04 22:00:00,ach
3002,3261,112,26.66,1.07,captured,2025-01-27 19:00:00,ach
3003,3262,465,106.75,3.4,captured,2025-10-25 21:00:00,wire
3004,3263,415,119.89,3.78,captured,2026-04-21 14:00:00,paypal
3005,3264,25,37.44,1.39,captured,2026-05-30 04:00:00,ach
3006,3265,185,142.13,4.42,captured,2025-09-22 13:00:00,wire
3007,3266,490,200.57,6.12,captured,2025-02-17 11:00:00,card
3008,3267,228,274.96,8.27,captured,2025-11-20 03:00:00,ach
3009,3271,366,384.65,11.45,captured,2025-07-11 19:00:00,ach
3010,3272,457,381.28,11.36,captured,2026-05-13 08:00:00,card
3011,3273,289,232.61,7.05,captured,2026-04-06 12:00:00,ach
3012,3274,481,72.62,2.41,captured,2025-09-20 12:00:00,paypal
3013,3274,481,72.63,2.41,captured,2025-09-20 05:00:00,wire
3014,3275,350,328.06,9.81,captured,2025-03-03 17:00:00,ach
3015,3276,315,225.12,6.83,captured,2025-07-30 23:00:00,wire
3016,3277,62,343.15,10.25,captured,2026-04-13 14:00:00,paypal
3017,3278,395,225.15,6.83,captured,2026-06-29 02:00:00,paypal
3018,3279,428,49.11,1.72,captured,2025-10-06 18:00:00,wire
3019,3281,80,128.43,4.02,captured,2026-04-13 13:00:00,ach
3020,3282,287,306.42,9.19,captured,2026-07-25 15:00:00,ach
3021,3283,470,119.74,3.77,captured,2025-03-29 12:00:00,ach
3022,3284,366,226.63,6.87,captured,2025-07-17 11:00:00,wire
3023,3284,366,226.63,6.87,captured,2025-07-17 13:00:00,wire
3024,3285,406,317.28,9.5,captured,2026-04-29 18:00:00,wire
3025,3287,209,143.97,4.48,captured,2026-08-15 07:00:00,ach
3026,3288,153,73.06,2.42,captured,2025-05-25 14:00:00,paypal
3027,3290,325,274.79,8.27,captured,2025-11-15 01:00:00,wire
3028,3291,374,23.9,0.99,captured,2025-08-18 07:00:00,ach
3029,3291,374,23.9,0.99,captured,2025-08-17 23:00:00,ach
3030,3292,420,36.21,1.35,captured,2025-03-22 09:00:00,paypal
3031,3293,490,116.02,3.66,captured,2025-01-22 17:00:00,wire
3032,3294,419,191.46,5.85,captured,2025-08-20 08:00:00,wire
3033,3295,224,75.74,2.5,captured,2025-06-14 11:00:00,paypal
3034,3296,67,309.88,9.29,captured,2026-07-06 19:00:00,wire
3035,3298,223,10.82,0.61,captured,2025-02-28 04:00:00,wire
3036,3298,223,10.82,0.61,captured,2025-02-27 22:00:00,ach
3037,3299,468,101.88,3.25,captured,2026-04-06 12:00:00,wire
3038,3299,468,101.87,3.25,captured,2026-04-06 13:00:00,paypal
3039,3300,20,125.56,3.94,refunded,2026-01-10 20:00:00,card
3040,3301,429,174.82,5.37,captured,2025-03-19 20:00:00,ach
3041,3301,429,174.82,5.37,captured,2025-03-20 01:00:00,card
3042,3302,317,135.73,4.24,captured,2025-09-03 18:00:00,card
3043,3302,317,135.73,4.24,captured,2025-09-03 17:00:00,ach
3044,3303,36,212.02,6.45,captured,2026-03-27 00:00:00,card
3045,3304,122,172.58,5.3,captured,2026-02-01 10:00:00,paypal
3046,3306,466,728.75,21.43,captured,2025-10-27 00:00:00,card
3047,3307,323,62.51,2.11,captured,2026-02-27 06:00:00,wire
3048,3308,310,454.53,13.48,captured,2026-06-20 02:00:00,wire
3049,3309,261,302.26,9.07,captured,2025-04-16 17:00:00,ach
3050,3310,201,125.51,3.94,captured,2025-09-04 08:00:00,paypal
3051,3311,86,55.56,1.91,captured,2026-06-03 11:00:00,ach
3052,3311,86,55.57,1.91,captured,2026-06-03 09:00:00,wire
3053,3312,366,42.34,1.53,captured,2025-11-06 13:00:00,ach
3054,3313,66,187.79,5.75,captured,2025-04-19 21:00:00,wire
3055,3314,104,41.41,1.5,captured,2025-03-21 08:00:00,ach
3056,3315,489,382.6,11.4,captured,2026-03-18 15:00:00,ach
3057,3316,46,204.27,6.22,captured,2025-10-27 04:00:00,card
3058,3320,292,145.15,4.51,captured,2025-12-21 19:00:00,paypal
3059,3321,57,156.0,4.82,captured,2025-10-08 22:00:00,paypal
3060,3322,445,584.11,17.24,captured,2025-09-19 16:00:00,ach
3061,3325,111,131.7,4.12,captured,2025-07-22 10:00:00,card
3062,3326,381,35.21,1.32,captured,2025-09-13 13:00:00,card
3063,3327,186,262.51,7.91,captured,2026-06-09 05:00:00,wire
3064,3328,19,203.29,6.2,captured,2026-01-20 18:00:00,card
3065,3329,376,145.83,4.53,captured,2025-01-24 12:00:00,card
3066,3330,177,178.88,5.49,captured,2025-02-07 06:00:00,paypal
3067,3331,204,78.68,2.58,captured,2025-11-25 14:00:00,ach
3068,3332,327,70.12,2.33,captured,2026-03-09 18:00:00,paypal
3069,3333,289,175.52,5.39,captured,2025-10-15 23:00:00,paypal
3070,3333,289,175.52,5.39,captured,2025-10-15 21:00:00,card
3071,3334,414,32.63,1.25,captured,2026-08-06 09:00:00,ach
3072,3335,399,282.77,8.5,captured,2026-06-04 01:00:00,ach
3073,3336,472,463.7,13.75,captured,2025-09-30 15:00:00,ach
3074,3337,460,238.36,7.21,captured,2025-05-23 23:00:00,paypal
3075,3338,317,210.29,6.4,captured,2025-01-08 11:00:00,wire
3076,3339,279,85.25,2.77,captured,2025-01-24 07:00:00,paypal
3077,3340,232,99.2,3.18,captured,2026-01-03 17:00:00,card
3078,3341,333,141.4,4.4,captured,2025-07-24 00:00:00,ach
3079,3342,31,58.75,2.0,captured,2025-04-02 03:00:00,ach
3080,3343,202,97.33,3.12,captured,2025-02-14 15:00:00,ach
3081,3344,138,202.5,6.17,captured,2025-10-14 13:00:00,card
3082,3345,279,138.38,4.31,captured,2025-12-23 06:00:00,card
3083,3346,462,208.93,6.36,captured,2025-01-22 03:00:00,card
3084,3347,241,189.94,5.81,captured,2025-09-12 20:00:00,ach
3085,3347,241,189.93,5.81,captured,2025-09-12 14:00:00,paypal
3086,3348,292,98.28,3.15,captured,2025-09-28 00:00:00,card
3087,3348,292,98.27,3.15,captured,2025-09-27 17:00:00,wire
3088,3349,202,263.56,7.94,captured,2025-02-06 01:00:00,card
3089,3351,341,370.89,11.06,captured,2025-05-22 16:00:00,wire
3090,3352,125,49.82,1.74,captured,2025-03-26 22:00:00,wire
3091,3353,440,102.78,3.28,captured,2025-03-25 08:00:00,card
3092,3354,57,68.06,2.27,captured,2025-10-30 18:00:00,card
3093,3356,376,197.75,6.03,captured,2025-06-06 03:00:00,card
3094,3357,42,267.67,8.06,captured,2026-04-11 23:00:00,paypal
3095,3359,189,211.1,6.42,captured,2025-04-26 22:00:00,card
3096,3360,469,97.29,3.12,captured,2026-01-27 04:00:00,paypal
3097,3361,80,111.73,3.54,captured,2026-04-18 01:00:00,ach
3098,3362,228,34.04,1.29,captured,2026-04-01 13:00:00,wire
3099,3363,230,137.71,4.29,captured,2025-12-06 19:00:00,card
3100,3364,410,177.54,5.45,captured,2026-06-18 04:00:00,paypal
3101,3365,271,228.67,6.93,captured,2026-06-03 10:00:00,wire
3102,3366,66,310.35,9.3,captured,2025-06-19 17:00:00,card
3103,3367,436,243.16,7.35,captured,2026-01-17 02:00:00,ach
3104,3368,76,84.62,2.75,captured,2025-02-15 12:00:00,wire
3105,3369,348,61.67,2.09,captured,2025-02-20 23:00:00,wire
3106,3370,137,298.51,8.96,captured,2025-09-27 12:00:00,ach
3107,3371,61,26.13,1.06,captured,2026-03-05 07:00:00,wire
3108,3373,473,103.42,3.3,captured,2025-04-13 08:00:00,ach
3109,3374,489,394.02,11.73,captured,2026-03-26 12:00:00,card
3110,3375,301,120.4,3.79,captured,2026-01-05 00:00:00,wire
3111,3376,405,249.38,7.53,captured,2026-04-05 20:00:00,paypal
3112,3377,452,64.83,2.18,captured,2026-01-09 07:00:00,wire
3113,3378,175,193.57,5.91,captured,2026-06-11 22:00:00,wire
3114,3379,379,33.25,1.26,captured,2025-08-10 20:00:00,card
3115,3380,260,229.26,6.95,captured,2025-01-21 16:00:00,paypal
3116,3382,267,56.62,1.94,captured,2026-08-22 14:00:00,ach
3117,3383,23,127.26,3.99,captured,2025-03-02 12:00:00,card
3118,3384,304,126.69,3.97,captured,2026-08-11 22:00:00,ach
3119,3385,131,260.01,7.84,captured,2026-04-15 18:00:00,ach
3120,3386,52,231.36,7.01,captured,2025-01-25 02:00:00,paypal
3121,3387,353,202.03,6.16,captured,2025-11-29 02:00:00,ach
3122,3389,224,246.44,7.45,captured,2026-02-03 20:00:00,card
3123,3390,43,258.24,7.79,captured,2026-04-11 01:00:00,paypal
3124,3391,40,85.09,2.77,captured,2025-08-17 22:00:00,card
3125,3392,460,324.91,9.72,captured,2025-10-19 05:00:00,paypal
3126,3393,300,322.2,9.64,captured,2025-01-27 12:00:00,card
3127,3394,202,216.01,6.56,captured,2025-01-04 15:00:00,wire
3128,3395,333,317.19,9.5,refunded,2026-04-08 04:00:00,card
3129,3396,364,80.59,2.64,captured,2025-08-05 04:00:00,card
3130,3396,364,80.6,2.64,captured,2025-08-05 13:00:00,ach
3131,3397,57,453.06,13.44,refunded,2026-06-19 04:00:00,wire
3132,3400,155,249.55,7.54,captured,2026-06-21 15:00:00,wire
3133,3401,135,562.08,16.6,captured,2025-02-06 05:00:00,wire
3134,3402,44,119.07,3.75,captured,2026-05-19 20:00:00,paypal
3135,3403,129,237.0,7.17,captured,2025-02-15 20:00:00,card
3136,3404,169,101.24,3.24,captured,2026-07-30 01:00:00,paypal
3137,3405,107,180.48,5.53,captured,2025-12-12 14:00:00,card
3138,3406,336,80.8,2.64,captured,2025-10-13 00:00:00,paypal
3139,3407,127,228.08,6.91,captured,2026-02-02 23:00:00,wire
3140,3408,250,153.81,4.76,captured,2026-05-02 17:00:00,ach
3141,3409,280,316.8,9.49,captured,2025-06-24 18:00:00,card
3142,3410,38,366.51,10.93,captured,2025-03-04 21:00:00,wire
3143,3412,36,138.4,4.31,captured,2025-11-13 12:00:00,ach
3144,3413,346,206.65,6.29,captured,2025-06-26 10:00:00,wire
3145,3414,350,432.79,12.85,captured,2026-07-12 22:00:00,paypal
3146,3415,65,75.77,2.5,captured,2025-01-25 05:00:00,wire
3147,3416,369,99.12,3.17,captured,2026-05-28 07:00:00,ach
3148,3416,369,99.13,3.17,captured,2026-05-28 04:00:00,card
3149,3417,406,87.26,2.83,captured,2025-01-14 23:00:00,card
3150,3419,59,419.69,12.47,captured,2025-01-25 23:00:00,paypal
3151,3420,398,278.07,8.36,captured,2025-04-01 15:00:00,ach
3152,3421,155,270.44,8.14,captured,2025-07-19 04:00:00,ach
3153,3422,173,96.22,3.09,captured,2025-04-22 19:00:00,card
3154,3423,295,364.16,10.86,captured,2025-01-30 00:00:00,ach
3155,3425,219,109.15,3.47,captured,2026-04-08 21:00:00,ach
3156,3426,167,394.12,11.73,captured,2025-07-19 13:00:00,card
3157,3428,366,87.51,2.84,captured,2025-07-21 21:00:00,wire
3158,3430,328,33.31,1.27,captured,2026-06-02 08:00:00,paypal
3159,3430,328,33.32,1.27,captured,2026-06-02 07:00:00,paypal
3160,3431,202,254.36,7.68,captured,2025-11-18 00:00:00,paypal
3161,3432,241,155.42,4.81,captured,2025-01-13 22:00:00,paypal
3162,3433,368,304.48,9.13,refunded,2026-03-02 21:00:00,wire
3163,3435,290,786.6,23.11,captured,2025-02-17 01:00:00,card
3164,3436,209,217.15,6.6,captured,2025-05-27 21:00:00,ach
3165,3437,326,144.48,4.49,captured,2025-07-15 16:00:00,card
3166,3438,191,194.63,5.94,captured,2025-01-17 22:00:00,card
3167,3439,468,250.5,7.56,captured,2026-03-19 07:00:00,ach
3168,3440,196,542.26,16.03,captured,2025-05-14 14:00:00,card
3169,3441,55,240.47,7.27,captured,2025-04-09 06:00:00,card
3170,3442,245,107.72,3.42,captured,2025-04-23 11:00:00,wire
3171,3443,120,1483.96,43.33,captured,2026-03-12 08:00:00,card
3172,3444,228,359.53,10.73,captured,2025-11-06 03:00:00,card
3173,3445,461,101.47,3.24,captured,2026-05-11 20:00:00,paypal
3174,3446,52,70.95,2.36,captured,2025-09-23 05:00:00,wire
3175,3447,22,59.99,2.04,refunded,2026-02-20 04:00:00,card
3176,3448,146,144.73,4.5,captured,2025-10-15 14:00:00,wire
3177,3450,65,107.79,3.43,captured,2026-06-19 19:00:00,card
3178,3451,348,58.2,1.99,captured,2026-01-10 23:00:00,ach
3179,3452,302,56.87,1.95,captured,2025-10-29 20:00:00,paypal
3180,3453,351,280.68,8.44,captured,2026-06-13 12:00:00,wire
3181,3454,212,145.34,4.51,captured,2026-01-23 09:00:00,card
3182,3455,466,81.27,2.66,captured,2026-07-23 01:00:00,ach
3183,3456,336,166.72,5.13,captured,2026-01-30 01:00:00,paypal
3184,3457,461,185.48,5.68,captured,2026-02-24 09:00:00,ach
3185,3458,44,254.86,7.69,captured,2025-11-13 12:00:00,wire
3186,3459,334,180.09,5.52,captured,2026-06-02 18:00:00,paypal
3187,3460,173,180.04,5.52,captured,2025-07-07 07:00:00,card
3188,3461,97,365.9,10.91,captured,2025-11-29 10:00:00,paypal
3189,3462,91,36.56,1.36,captured,2026-07-05 23:00:00,wire
3190,3462,91,36.57,1.36,captured,2026-07-05 18:00:00,wire
3191,3464,47,30.74,1.19,captured,2025-09-23 05:00:00,paypal
3192,3465,228,65.07,2.19,captured,2025-01-17 14:00:00,wire
3193,3465,228,65.07,2.19,captured,2025-01-17 14:00:00,paypal
3194,3466,387,173.74,5.34,captured,2025-12-15 12:00:00,ach
3195,3468,66,37.89,1.4,captured,2025-12-08 12:00:00,ach
3196,3469,354,213.68,6.5,refunded,2025-05-25 20:00:00,card
3197,3470,88,530.92,15.7,captured,2026-05-19 10:00:00,card
3198,3471,435,267.77,8.07,captured,2026-08-23 05:00:00,wire
3199,3472,184,68.46,2.29,captured,2025-11-22 15:00:00,ach
3200,3473,1,142.38,4.43,captured,2026-01-07 04:00:00,card
3201,3474,147,264.4,7.97,captured,2025-10-05 14:00:00,ach
3202,3475,417,88.89,2.88,captured,2025-07-02 01:00:00,card
3203,3476,460,171.65,5.28,captured,2025-10-07 15:00:00,card
3204,3477,211,189.79,5.8,captured,2025-10-28 04:00:00,card
3205,3478,495,180.44,5.53,captured,2026-04-21 21:00:00,wire
3206,3479,116,64.37,2.17,captured,2026-02-25 12:00:00,card
3207,3480,212,92.51,2.98,refunded,2025-07-21 12:00:00,card
3208,3481,230,626.3,18.46,captured,2026-01-12 08:00:00,ach
3209,3482,101,131.22,4.11,captured,2026-07-23 18:00:00,wire
3210,3483,192,150.94,4.68,captured,2025-09-11 10:00:00,paypal
3211,3484,250,125.32,3.93,refunded,2026-05-30 23:00:00,wire
3212,3485,350,322.76,9.66,captured,2025-10-17 18:00:00,ach
3213,3486,248,151.25,4.69,captured,2025-03-27 06:00:00,ach
3214,3487,52,146.97,4.56,captured,2025-04-23 17:00:00,ach
3215,3488,234,164.56,5.07,captured,2025-07-14 10:00:00,wire
3216,3489,425,342.7,10.24,captured,2025-12-22 18:00:00,paypal
3217,3490,11,179.17,5.5,captured,2026-07-06 09:00:00,card
3218,3491,500,80.03,2.62,captured,2025-08-29 08:00:00,wire
3219,3491,500,80.02,2.62,captured,2025-08-29 19:00:00,wire
3220,3492,65,122.41,3.85,captured,2025-06-18 15:00:00,wire
3221,3493,5,234.69,7.11,captured,2026-02-05 10:00:00,card
3222,3494,71,234.25,7.09,captured,2025-07-12 10:00:00,ach
3223,3495,126,255.63,7.71,captured,2025-09-25 06:00:00,wire
3224,3496,176,459.87,13.64,captured,2025-05-14 06:00:00,paypal
3225,3497,415,106.49,3.39,captured,2025-06-29 06:00:00,wire
3226,3498,291,183.19,5.61,captured,2025-02-04 10:00:00,wire
3227,3500,439,500.23,14.81,captured,2025-10-19 07:00:00,card
3228,3501,66,299.35,8.98,captured,2025-04-16 00:00:00,wire
3229,3502,112,52.69,1.83,captured,2026-04-06 02:00:00,card
3230,3503,485,111.63,3.54,captured,2025-05-03 20:00:00,wire
3231,3504,386,148.35,4.6,captured,2026-02-05 15:00:00,card
3232,3505,30,59.45,2.02,captured,2025-03-12 13:00:00,ach
3233,3506,114,195.87,5.98,captured,2025-01-17 20:00:00,wire
3234,3508,17,505.33,14.95,refunded,2025-11-16 04:00:00,paypal
3235,3510,325,123.63,3.89,captured,2025-07-22 01:00:00,paypal
3236,3512,108,174.76,5.37,captured,2026-01-27 10:00:00,wire
3237,3513,213,478.26,14.17,captured,2026-04-24 12:00:00,paypal
3238,3514,460,165.53,5.1,captured,2025-09-03 19:00:00,ach
3239,3515,360,182.16,5.58,captured,2025-03-09 10:00:00,ach
3240,3516,467,327.89,9.81,captured,2026-08-21 10:00:00,paypal
3241,3517,277,104.81,3.34,captured,2026-04-19 12:00:00,ach
3242,3517,277,104.81,3.34,captured,2026-04-19 09:00:00,ach
3243,3518,53,316.21,9.47,captured,2026-05-19 14:00:00,paypal
3244,3519,30,238.02,7.2,captured,2026-07-17 14:00:00,wire
3245,3520,98,234.27,7.09,captured,2026-03-04 03:00:00,paypal
3246,3522,106,75.94,2.5,captured,2025-11-12 00:00:00,ach
3247,3523,159,207.93,6.33,captured,2025-12-08 22:00:00,card
3248,3524,456,99.91,3.2,captured,2025-12-27 08:00:00,paypal
3249,3526,40,67.85,2.27,captured,2025-09-28 15:00:00,card
3250,3527,195,377.15,11.24,captured,2025-07-23 05:00:00,paypal
3251,3529,412,83.92,2.73,captured,2025-07-19 12:00:00,wire
3252,3530,144,62.89,2.12,captured,2026-07-06 15:00:00,card
3253,3531,146,283.2,8.51,captured,2026-04-02 14:00:00,ach
3254,3532,292,177.06,5.43,captured,2026-08-30 12:00:00,paypal
3255,3535,447,76.92,2.53,captured,2025-07-25 20:00:00,ach
3256,3536,404,174.33,5.36,captured,2026-02-20 23:00:00,ach
3257,3537,134,379.6,11.31,refunded,2025-12-19 23:00:00,paypal
3258,3538,336,43.19,1.55,captured,2025-09-03 00:00:00,paypal
3259,3539,315,212.99,6.48,captured,2025-02-12 23:00:00,wire
3260,3541,201,453.91,13.46,captured,2025-05-23 23:00:00,wire
3261,3542,119,90.19,2.92,captured,2026-03-04 03:00:00,ach
3262,3543,35,25.11,1.03,captured,2026-07-14 09:00:00,card
3263,3543,35,25.12,1.03,captured,2026-07-14 18:00:00,ach
3264,3544,234,96.61,3.1,captured,2026-07-23 22:00:00,card
3265,3545,352,320.06,9.58,captured,2025-11-16 10:00:00,ach
3266,3546,266,186.42,5.71,captured,2026-06-07 10:00:00,card
3267,3547,45,123.68,3.89,captured,2025-01-03 10:00:00,wire
3268,3547,45,123.68,3.89,captured,2025-01-03 06:00:00,wire
3269,3548,414,32.13,1.23,captured,2026-06-19 00:00:00,paypal
3270,3548,414,32.13,1.23,captured,2026-06-19 16:00:00,ach
3271,3550,194,186.5,5.71,refunded,2025-09-04 19:00:00,wire
3272,3551,285,22.27,0.95,captured,2025-01-30 05:00:00,card
3273,3551,285,22.27,0.95,captured,2025-01-30 07:00:00,ach
3274,3552,464,169.17,5.21,captured,2026-03-11 16:00:00,card
3275,3553,377,143.69,4.47,captured,2025-01-10 04:00:00,ach
3276,3554,97,777.33,22.84,captured,2026-01-25 13:00:00,wire
3277,3555,214,140.29,4.37,captured,2025-07-17 02:00:00,ach
3278,3556,429,470.18,13.94,captured,2025-11-27 22:00:00,ach
3279,3559,267,331.92,9.93,captured,2025-01-23 08:00:00,card
3280,3560,314,36.88,1.37,captured,2025-12-18 02:00:00,wire
3281,3560,314,36.88,1.37,refunded,2025-12-18 18:00:00,ach
3282,3561,332,65.89,2.21,captured,2026-03-02 11:00:00,paypal
3283,3561,332,65.9,2.21,captured,2026-03-01 22:00:00,ach
3284,3562,484,317.83,9.52,captured,2025-07-02 16:00:00,paypal
3285,3563,344,32.39,1.24,captured,2025-04-13 01:00:00,card
3286,3565,296,170.83,5.25,captured,2026-02-24 18:00:00,paypal
3287,3566,350,209.47,6.37,captured,2026-07-30 17:00:00,card
3288,3567,300,151.69,4.7,captured,2026-06-10 16:00:00,ach
3289,3568,6,307.24,9.21,captured,2026-03-20 21:00:00,card
3290,3569,451,97.38,3.12,captured,2025-01-13 09:00:00,wire
3291,3570,138,350.37,10.46,captured,2025-06-10 00:00:00,card
3292,3572,284,221.97,6.74,captured,2025-10-13 00:00:00,ach
3293,3573,61,402.49,11.97,captured,2025-02-03 23:00:00,wire
3294,3574,438,97.03,3.11,captured,2025-12-11 12:00:00,paypal
3295,3575,42,86.74,2.82,captured,2026-04-10 00:00:00,card
3296,3576,477,361.34,10.78,captured,2026-03-19 19:00:00,paypal
3297,3577,461,202.24,6.16,captured,2026-07-17 15:00:00,wire
3298,3578,290,28.41,1.12,captured,2025-03-31 21:00:00,ach
3299,3579,478,203.95,6.21,captured,2026-08-04 05:00:00,wire
3300,3581,450,363.45,10.84,captured,2025-07-05 23:00:00,ach
3301,3582,400,217.45,6.61,captured,2026-06-09 21:00:00,paypal
3302,3583,465,258.42,7.79,captured,2025-03-07 15:00:00,ach
3303,3584,387,485.44,14.38,captured,2025-01-17 11:00:00,card
3304,3585,441,335.95,10.04,captured,2026-03-22 22:00:00,card
3305,3586,56,69.42,2.31,captured,2026-03-20 00:00:00,paypal
3306,3586,56,69.43,2.31,captured,2026-03-20 16:00:00,ach
3307,3587,214,153.42,4.75,captured,2025-02-25 22:00:00,card
3308,3588,240,392.31,11.68,captured,2026-06-20 19:00:00,wire
3309,3589,455,175.52,5.39,captured,2026-05-27 17:00:00,card
3310,3590,244,197.28,6.02,captured,2026-05-02 03:00:00,paypal
3311,3591,220,131.72,4.12,captured,2025-08-27 07:00:00,card
3312,3592,394,351.19,10.48,captured,2026-07-20 09:00:00,paypal
3313,3593,326,98.96,3.17,captured,2025-03-22 16:00:00,card
3314,3594,294,126.26,3.96,captured,2026-04-23 10:00:00,ach
3315,3595,457,372.8,11.11,captured,2026-05-27 09:00:00,wire
3316,3596,410,181.02,5.55,captured,2025-11-13 11:00:00,ach
3317,3596,410,181.02,5.55,captured,2025-11-13 02:00:00,card
3318,3597,356,710.66,20.91,captured,2025-08-01 10:00:00,wire
3319,3598,479,86.35,2.8,captured,2025-10-18 05:00:00,wire
3320,3598,479,86.35,2.8,captured,2025-10-18 22:00:00,paypal
3321,3599,25,146.64,4.55,captured,2025-02-01 04:00:00,paypal
3322,3600,278,121.4,3.82,refunded,2025-01-23 18:00:00,card
3323,3601,16,40.23,1.47,captured,2025-07-28 07:00:00,paypal
3324,3602,396,31.56,1.22,captured,2025-01-14 00:00:00,paypal
3325,3603,64,216.75,6.59,captured,2026-01-24 04:00:00,paypal
3326,3604,281,136.42,4.26,captured,2026-01-25 22:00:00,wire
3327,3607,30,228.45,6.93,captured,2026-05-13 15:00:00,ach
3328,3608,239,134.61,4.2,captured,2025-07-07 07:00:00,wire
3329,3610,480,136.47,4.26,captured,2026-05-06 09:00:00,ach
3330,3612,409,106.03,3.37,captured,2025-03-10 18:00:00,card
3331,3613,154,34.69,1.31,captured,2026-05-12 03:00:00,card
3332,3613,154,34.68,1.31,captured,2026-05-12 04:00:00,ach
3333,3614,376,114.75,3.63,captured,2025-06-25 00:00:00,card
3334,3615,84,210.5,6.4,captured,2025-05-15 11:00:00,ach
3335,3616,165,302.49,9.07,captured,2026-02-23 12:00:00,card
3336,3617,142,572.48,16.9,captured,2025-11-23 11:00:00,paypal
3337,3619,438,469.37,13.91,captured,2026-07-12 12:00:00,wire
3338,3620,432,108.02,3.43,captured,2025-11-13 00:00:00,card
3339,3621,447,103.76,3.31,captured,2025-06-16 02:00:00,paypal
3340,3622,469,254.89,7.69,captured,2025-02-22 20:00:00,ach
3341,3623,15,275.29,8.28,captured,2026-02-23 02:00:00,ach
3342,3624,499,209.82,6.38,captured,2026-04-10 09:00:00,ach
3343,3625,439,447.38,13.27,captured,2026-04-01 14:00:00,ach
3344,3625,439,447.39,13.27,captured,2026-04-01 13:00:00,card
3345,3628,366,102.03,3.26,captured,2026-01-06 16:00:00,wire
3346,3629,338,295.1,8.86,captured,2025-05-29 09:00:00,card
3347,3630,47,189.1,5.78,captured,2025-05-16 05:00:00,ach
3348,3631,101,195.71,5.98,captured,2025-08-24 21:00:00,card
3349,3632,376,235.15,7.12,captured,2026-03-19 12:00:00,ach
3350,3633,84,169.37,5.21,refunded,2025-01-16 23:00:00,card
3351,3635,305,32.26,1.24,captured,2025-09-22 07:00:00,ach
3352,3636,433,347.02,10.36,captured,2025-12-13 14:00:00,card
3353,3637,143,52.23,1.81,captured,2025-04-01 00:00:00,wire
3354,3638,6,134.58,4.2,captured,2025-02-28 03:00:00,card
3355,3639,426,233.37,7.07,captured,2026-07-09 00:00:00,paypal
3356,3640,468,85.23,2.77,captured,2025-03-01 22:00:00,wire
3357,3642,242,319.72,9.57,captured,2025-04-30 06:00:00,wire
3358,3643,361,105.9,3.37,captured,2025-07-28 06:00:00,wire
3359,3644,64,151.66,4.7,captured,2025-05-12 18:00:00,card
3360,3645,319,96.39,3.1,captured,2026-05-10 23:00:00,wire
3361,3646,301,152.91,4.73,captured,2025-03-21 18:00:00,card
3362,3648,347,218.73,6.64,captured,2025-03-13 05:00:00,wire
3363,3650,390,100.73,3.22,captured,2026-06-20 21:00:00,paypal
3364,3652,351,165.21,5.09,captured,2025-12-05 08:00:00,paypal
3365,3653,365,241.15,7.29,captured,2025-08-17 12:00:00,ach
3366,3654,277,165.91,5.11,captured,2026-01-14 03:00:00,wire
3367,3655,312,38.17,1.41,captured,2026-02-01 15:00:00,paypal
3368,3656,41,68.16,2.28,captured,2025-06-25 09:00:00,wire
3369,3657,131,151.95,4.71,captured,2026-01-02 06:00:00,paypal
3370,3658,432,311.26,9.33,captured,2025-02-05 14:00:00,ach
3371,3659,2,328.91,9.84,captured,2025-10-24 03:00:00,wire
3372,3660,492,875.95,25.7,captured,2026-08-11 23:00:00,ach
3373,3661,112,102.57,3.27,captured,2026-07-01 17:00:00,card
3374,3662,390,313.63,9.4,captured,2025-02-03 00:00:00,wire
3375,3663,110,289.15,8.69,captured,2025-02-05 20:00:00,ach
3376,3665,303,406.15,12.08,captured,2025-05-09 00:00:00,ach
3377,3668,135,222.68,6.76,captured,2025-09-06 17:00:00,card
3378,3669,153,137.86,4.3,captured,2025-07-07 06:00:00,wire
3379,3670,482,269.55,8.12,captured,2026-04-01 05:00:00,ach
3380,3672,32,178.26,5.47,captured,2026-04-11 00:00:00,ach
3381,3673,493,506.08,14.98,captured,2025-05-24 22:00:00,ach
3382,3674,47,197.35,6.02,captured,2026-06-19 19:00:00,card
3383,3675,244,98.31,3.15,captured,2026-03-04 21:00:00,paypal
3384,3675,244,98.32,3.15,captured,2026-03-04 12:00:00,card
3385,3676,91,83.18,2.71,captured,2025-11-27 09:00:00,paypal
3386,3676,91,83.18,2.71,captured,2025-11-27 11:00:00,paypal
3387,3677,127,124.47,3.91,captured,2025-03-05 00:00:00,paypal
3388,3679,69,165.18,5.09,captured,2026-01-21 14:00:00,wire
3389,3680,326,386.2,11.5,captured,2025-12-14 23:00:00,wire
3390,3681,284,123.8,3.89,captured,2025-03-05 04:00:00,ach
3391,3682,364,644.61,18.99,captured,2025-03-04 07:00:00,card
3392,3683,81,20.7,0.9,captured,2026-01-06 14:00:00,paypal
3393,3684,177,120.34,3.79,captured,2025-08-19 09:00:00,ach
3394,3684,177,120.34,3.79,captured,2025-08-19 20:00:00,paypal
3395,3686,440,496.1,14.69,captured,2026-01-09 02:00:00,wire
3396,3687,495,122.31,3.85,captured,2026-06-02 18:00:00,card
3397,3688,224,75.19,2.48,refunded,2025-06-03 20:00:00,wire
3398,3689,265,122.76,3.86,captured,2026-03-01 03:00:00,card
3399,3690,68,114.02,3.61,captured,2026-06-11 01:00:00,wire
3400,3691,439,40.96,1.49,captured,2026-07-11 19:00:00,ach
3401,3692,384,192.6,5.89,captured,2026-08-18 04:00:00,ach
3402,3693,58,129.78,4.06,captured,2025-01-05 22:00:00,wire
3403,3694,265,376.98,11.23,captured,2025-02-18 21:00:00,paypal
3404,3695,86,188.97,5.78,captured,2026-06-12 19:00:00,paypal
3405,3696,297,86.98,2.82,captured,2025-05-07 13:00:00,ach
3406,3697,329,165.62,5.1,refunded,2025-06-28 14:00:00,paypal
3407,3698,193,211.48,6.43,captured,2025-10-15 03:00:00,wire
3408,3699,221,230.69,6.99,captured,2026-02-04 13:00:00,ach
3409,3700,356,159.36,4.92,captured,2025-01-26 23:00:00,card
3410,3701,78,303.88,9.11,captured,2026-01-30 03:00:00,card
3411,3701,78,303.88,9.11,captured,2026-01-30 18:00:00,paypal
3412,3702,18,79.73,2.61,captured,2025-02-26 19:00:00,wire
3413,3703,209,130.59,4.09,captured,2025-08-15 20:00:00,ach
3414,3704,246,96.62,3.1,captured,2026-07-02 15:00:00,card
3415,3705,144,145.72,4.53,refunded,2025-03-19 16:00:00,ach
3416,3706,214,231.32,7.01,captured,2025-01-30 07:00:00,ach
3417,3707,52,224.0,6.8,captured,2025-10-17 11:00:00,card
3418,3708,374,250.34,7.56,captured,2025-05-31 23:00:00,ach
3419,3709,384,170.6,5.25,captured,2025-05-31 18:00:00,wire
3420,3710,133,205.09,6.25,captured,2025-09-18 03:00:00,wire
3421,3711,326,206.13,6.28,captured,2025-04-17 01:00:00,card
3422,3712,117,131.94,4.13,captured,2025-01-15 04:00:00,ach
3423,3713,198,125.87,3.95,captured,2026-07-16 19:00:00,paypal
3424,3715,486,276.38,8.32,captured,2025-09-08 05:00:00,card
3425,3716,241,25.06,1.03,captured,2026-05-20 02:00:00,wire
3426,3717,317,100.38,3.21,captured,2026-08-29 05:00:00,card
3427,3717,317,100.38,3.21,captured,2026-08-29 03:00:00,wire
3428,3718,105,317.63,9.51,captured,2025-08-30 18:00:00,card
3429,3719,464,288.97,8.68,captured,2025-04-06 10:00:00,paypal
3430,3720,343,21.81,0.93,captured,2025-05-05 21:00:00,paypal
3431,3721,53,141.91,4.42,captured,2026-08-08 00:00:00,wire
3432,3722,166,112.42,3.56,captured,2026-06-26 18:00:00,paypal
3433,3723,253,105.67,3.36,captured,2026-03-03 09:00:00,ach
3434,3724,211,366.16,10.92,captured,2026-02-17 13:00:00,ach
3435,3725,401,105.14,3.35,captured,2025-07-06 08:00:00,card
3436,3726,279,240.57,7.28,captured,2025-11-16 00:00:00,ach
3437,3727,279,175.58,5.39,captured,2025-08-15 12:00:00,paypal
3438,3728,189,120.36,3.79,captured,2025-08-28 20:00:00,wire
3439,3730,351,218.9,6.65,captured,2025-11-25 06:00:00,paypal
3440,3731,353,177.63,5.45,captured,2025-09-21 06:00:00,card
3441,3732,329,33.59,1.27,captured,2025-06-03 03:00:00,wire
3442,3733,333,94.46,3.04,captured,2026-02-03 05:00:00,card
3443,3734,379,226.51,6.87,captured,2025-10-02 07:00:00,card
3444,3735,118,66.24,2.22,captured,2025-01-31 22:00:00,ach
3445,3736,262,296.14,8.89,captured,2026-02-22 06:00:00,wire
3446,3738,184,155.07,4.8,captured,2025-09-08 03:00:00,card
3447,3739,146,239.08,7.23,refunded,2026-08-24 14:00:00,paypal
3448,3740,101,66.69,2.23,captured,2026-02-21 03:00:00,ach
3449,3741,274,63.03,2.13,captured,2025-02-11 19:00:00,paypal
3450,3742,219,106.62,3.39,captured,2026-03-25 06:00:00,card
3451,3742,219,106.62,3.39,captured,2026-03-25 21:00:00,paypal
3452,3743,228,321.64,9.63,captured,2025-06-29 22:00:00,paypal
3453,3744,437,138.63,4.32,captured,2026-04-06 08:00:00,wire
3454,3745,181,111.63,3.54,refunded,2025-08-01 18:00:00,card
3455,3746,61,47.5,1.68,captured,2025-12-13 02:00:00,wire
3456,3747,396,94.33,3.04,captured,2026-02-27 10:00:00,card
3457,3747,396,94.33,3.04,refunded,2026-02-26 23:00:00,ach
3458,3748,108,30.99,1.2,captured,2025-04-22 16:00:00,card
3459,3749,487,416.44,12.38,captured,2025-03-24 21:00:00,paypal
3460,3750,333,169.88,5.23,captured,2026-03-05 05:00:00,ach
3461,3751,128,84.55,2.75,captured,2025-02-16 06:00:00,paypal
3462,3752,288,103.37,3.3,captured,2026-05-16 17:00:00,card
3463,3753,467,197.93,6.04,captured,2025-09-23 05:00:00,ach
3464,3754,459,136.46,4.26,refunded,2025-03-01 15:00:00,ach
3465,3755,199,180.53,5.54,captured,2026-04-11 05:00:00,paypal
3466,3756,15,57.75,1.97,captured,2026-06-28 21:00:00,ach
3467,3757,40,357.45,10.67,captured,2025-02-12 17:00:00,ach
3468,3758,440,126.5,3.97,captured,2026-07-28 00:00:00,paypal
3469,3759,331,30.57,1.19,captured,2025-09-12 15:00:00,ach
3470,3760,363,129.24,4.05,captured,2026-02-12 03:00:00,card
3471,3761,361,56.45,1.94,captured,2025-06-13 09:00:00,ach
3472,3761,361,56.44,1.94,captured,2025-06-13 07:00:00,paypal
3473,3764,190,59.9,2.04,captured,2026-02-01 20:00:00,card
3474,3764,190,59.9,2.04,captured,2026-02-02 06:00:00,ach
3475,3765,118,189.08,5.78,captured,2025-06-06 03:00:00,ach
3476,3766,154,205.92,6.27,captured,2025-08-06 16:00:00,paypal
3477,3767,376,359.7,10.73,captured,2026-04-06 19:00:00,card
3478,3768,8,94.25,3.03,captured,2025-07-05 18:00:00,ach
3479,3769,73,408.31,12.14,captured,2026-02-24 20:00:00,paypal
3480,3770,394,340.02,10.16,captured,2025-01-25 18:00:00,ach
3481,3771,325,91.45,2.95,captured,2026-08-23 23:00:00,ach
3482,3772,81,73.02,2.42,captured,2026-03-17 02:00:00,paypal
3483,3773,19,239.5,7.25,captured,2025-07-26 20:00:00,card
3484,3774,114,177.14,5.44,captured,2025-12-12 05:00:00,paypal
3485,3775,60,211.16,6.42,captured,2025-04-18 15:00:00,paypal
3486,3776,139,147.91,4.59,captured,2025-10-03 03:00:00,wire
3487,3777,417,189.93,5.81,captured,2025-08-03 16:00:00,paypal
3488,3778,435,162.53,5.01,captured,2025-08-27 12:00:00,ach
3489,3779,144,192.32,5.88,captured,2026-05-11 11:00:00,card
3490,3780,144,97.23,3.12,captured,2025-09-10 06:00:00,ach
3491,3781,414,175.31,5.38,refunded,2025-01-05 11:00:00,paypal
3492,3782,213,376.44,11.22,refunded,2025-10-05 15:00:00,ach
3493,3783,107,189.51,5.8,captured,2025-02-01 23:00:00,paypal
3494,3783,107,189.51,5.8,captured,2025-02-01 10:00:00,ach
3495,3784,374,192.24,5.87,refunded,2025-10-17 16:00:00,paypal
3496,3785,246,98.92,3.17,captured,2026-02-19 22:00:00,ach
3497,3786,447,565.84,16.71,captured,2025-03-03 17:00:00,paypal
3498,3787,439,100.58,3.22,captured,2025-02-11 18:00:00,paypal
3499,3787,439,100.58,3.22,captured,2025-02-11 12:00:00,ach
3500,3788,396,531.05,15.7,captured,2025-08-20 02:00:00,card
3501,3789,487,119.62,3.77,captured,2025-10-23 03:00:00,card
3502,3789,487,119.62,3.77,captured,2025-10-22 17:00:00,ach
3503,3791,274,558.67,16.5,captured,2025-07-18 05:00:00,wire
3504,3792,2,279.65,8.41,captured,2026-04-18 02:00:00,ach
3505,3793,85,180.94,5.55,captured,2025-12-15 19:00:00,wire
3506,3795,461,330.56,9.89,captured,2025-03-06 19:00:00,ach
3507,3797,312,562.34,16.61,captured,2025-12-27 17:00:00,ach
3508,3798,207,486.22,14.4,captured,2025-09-18 23:00:00,wire
3509,3799,383,516.02,15.26,captured,2026-01-10 04:00:00,card
3510,3800,182,208.94,6.36,captured,2025-04-03 21:00:00,paypal
3511,3801,469,167.58,5.16,captured,2026-02-17 17:00:00,paypal
3512,3802,258,184.64,5.65,captured,2025-07-03 16:00:00,paypal
3513,3803,122,120.31,3.79,captured,2025-01-26 22:00:00,wire
3514,3804,207,187.55,5.74,captured,2025-05-24 07:00:00,paypal
3515,3805,183,133.58,4.17,captured,2025-08-11 06:00:00,wire
3516,3806,364,328.23,9.82,captured,2025-09-26 21:00:00,paypal
3517,3807,162,354.38,10.58,captured,2025-05-19 10:00:00,ach
3518,3808,27,276.16,8.31,captured,2026-04-25 22:00:00,wire
3519,3809,392,76.62,2.52,captured,2025-06-13 07:00:00,ach
3520,3811,126,340.19,10.17,captured,2025-05-18 19:00:00,paypal
3521,3812,422,229.18,6.95,captured,2025-09-02 00:00:00,wire
3522,3816,199,420.09,12.48,captured,2025-08-28 10:00:00,card
3523,3817,305,45.68,1.62,captured,2026-08-01 20:00:00,card
3524,3819,421,333.09,9.96,captured,2025-02-22 03:00:00,card
3525,3820,468,224.7,6.82,captured,2025-02-13 19:00:00,card
3526,3822,197,149.78,4.64,refunded,2025-02-10 11:00:00,wire
3527,3823,454,237.54,7.19,captured,2025-11-03 22:00:00,paypal
3528,3824,30,210.34,6.4,captured,2026-03-22 20:00:00,paypal
3529,3826,494,132.59,4.15,captured,2025-09-06 23:00:00,ach
3530,3827,12,187.5,5.74,captured,2025-12-29 00:00:00,paypal
3531,3828,327,294.05,8.83,captured,2025-08-05 14:00:00,ach
3532,3829,438,252.51,7.62,captured,2026-05-07 16:00:00,card
3533,3830,347,115.22,3.64,captured,2026-02-23 09:00:00,card
3534,3832,138,87.89,2.85,captured,2025-02-23 09:00:00,card
3535,3833,320,118.03,3.72,captured,2025-09-23 21:00:00,ach
3536,3834,410,284.77,8.56,captured,2026-06-07 10:00:00,card
3537,3835,35,306.8,9.2,captured,2026-02-14 21:00:00,ach
3538,3837,481,113.18,3.58,captured,2025-10-14 01:00:00,wire
3539,3840,371,242.41,7.33,captured,2025-10-15 14:00:00,ach
3540,3841,135,115.5,3.65,captured,2025-09-08 00:00:00,wire
3541,3843,246,147.07,4.57,captured,2025-03-18 00:00:00,card
3542,3845,298,117.66,3.71,captured,2026-06-02 19:00:00,wire
3543,3846,327,206.17,6.28,captured,2025-01-20 18:00:00,card
3544,3847,207,297.83,8.94,captured,2025-09-04 16:00:00,paypal
3545,3848,320,280.45,8.43,captured,2026-02-14 21:00:00,ach
3546,3849,330,177.59,5.45,captured,2025-04-04 17:00:00,paypal
3547,3850,486,213.46,6.49,captured,2025-07-06 11:00:00,card
3548,3851,409,168.0,5.17,captured,2026-08-09 03:00:00,ach
3549,3852,282,84.12,2.74,captured,2026-04-20 14:00:00,paypal
3550,3853,89,185.81,5.69,captured,2026-06-20 02:00:00,wire
3551,3856,144,216.09,6.57,captured,2025-06-22 01:00:00,card
3552,3858,268,109.02,3.46,captured,2025-09-30 05:00:00,ach
3553,3859,495,208.51,6.35,captured,2025-11-25 17:00:00,ach
3554,3860,60,196.37,5.99,captured,2025-12-01 05:00:00,card
3555,3861,357,78.11,2.57,captured,2025-12-01 17:00:00,ach
3556,3861,357,78.11,2.57,refunded,2025-12-01 22:00:00,card
3557,3862,295,169.05,5.2,captured,2025-12-02 15:00:00,paypal
3558,3864,196,550.36,16.26,captured,2025-04-07 03:00:00,ach
3559,3865,260,102.14,3.26,captured,2025-09-26 07:00:00,ach
3560,3866,176,129.71,4.06,captured,2025-12-22 06:00:00,paypal
3561,3867,349,391.06,11.64,captured,2025-12-06 15:00:00,ach
3562,3868,97,256.95,7.75,captured,2026-03-17 11:00:00,card
3563,3869,331,280.02,8.42,refunded,2025-07-24 20:00:00,ach
3564,3870,248,62.21,2.1,captured,2026-07-30 07:00:00,paypal
3565,3871,399,208.9,6.36,captured,2025-01-09 21:00:00,wire
3566,3872,19,73.74,2.44,captured,2026-03-19 05:00:00,paypal
3567,3873,92,90.78,2.93,captured,2025-04-14 02:00:00,paypal
3568,3874,304,605.71,17.87,refunded,2026-01-04 11:00:00,ach
3569,3875,187,82.68,2.7,captured,2025-01-15 03:00:00,wire
3570,3876,143,282.17,8.48,captured,2025-05-22 09:00:00,ach
3571,3877,467,97.04,3.11,captured,2025-08-29 05:00:00,wire
3572,3878,453,107.36,3.41,captured,2025-03-01 16:00:00,ach
3573,3879,46,825.77,24.25,captured,2025-07-22 10:00:00,card
3574,3880,264,136.72,4.26,captured,2026-01-23 06:00:00,ach
3575,3881,334,55.65,1.91,captured,2025-04-12 04:00:00,paypal
3576,3882,391,298.56,8.96,captured,2026-01-16 02:00:00,card
3577,3883,102,405.39,12.06,captured,2025-10-13 00:00:00,card
3578,3884,426,302.65,9.08,captured,2026-05-28 11:00:00,card
3579,3885,328,163.67,5.05,captured,2026-01-23 12:00:00,paypal
3580,3886,440,140.84,4.38,captured,2025-09-29 17:00:00,ach
3581,3887,341,122.38,3.85,captured,2026-05-16 08:00:00,ach
3582,3888,436,34.16,1.29,captured,2025-04-16 13:00:00,ach
3583,3888,436,34.15,1.29,captured,2025-04-16 10:00:00,wire
3584,3889,15,181.7,5.57,captured,2025-12-14 11:00:00,ach
3585,3890,113,164.51,5.07,captured,2025-05-18 21:00:00,wire
3586,3892,152,173.6,5.33,captured,2025-10-19 17:00:00,card
3587,3893,99,106.92,3.4,captured,2025-12-31 05:00:00,wire
3588,3894,354,183.5,5.62,captured,2025-07-09 22:00:00,ach
3589,3895,497,205.97,6.27,captured,2026-02-08 12:00:00,wire
3590,3896,269,75.16,2.48,captured,2025-04-22 07:00:00,wire
3591,3896,269,75.15,2.48,refunded,2025-04-23 04:00:00,ach
3592,3897,305,162.63,5.02,captured,2025-04-13 04:00:00,card
3593,3898,305,155.03,4.8,captured,2025-03-08 07:00:00,card
3594,3899,209,334.32,10.0,captured,2025-10-21 06:00:00,ach
3595,3900,339,143.02,4.45,captured,2025-09-09 17:00:00,paypal
3596,3901,404,132.35,4.14,captured,2026-05-20 08:00:00,wire
3597,3902,58,139.92,4.36,captured,2025-07-25 14:00:00,card
3598,3903,138,524.42,15.51,captured,2025-12-20 19:00:00,ach
3599,3904,85,81.02,2.65,captured,2026-08-11 03:00:00,wire
3600,3905,397,160.07,4.94,captured,2026-01-12 12:00:00,wire
3601,3906,319,162.15,5.0,captured,2026-06-06 10:00:00,paypal
3602,3907,336,157.71,4.87,captured,2025-11-08 21:00:00,ach
3603,3908,313,42.59,1.54,captured,2025-04-25 00:00:00,wire
3604,3909,267,75.42,2.49,refunded,2025-10-02 13:00:00,wire
3605,3910,409,148.99,4.62,captured,2026-04-05 02:00:00,card
3606,3911,79,114.69,3.63,captured,2025-03-13 16:00:00,card
3607,3912,347,109.16,3.47,captured,2025-10-19 21:00:00,card
3608,3912,347,109.15,3.47,captured,2025-10-20 05:00:00,wire
3609,3913,418,296.39,8.9,captured,2025-11-13 02:00:00,card
3610,3914,104,230.43,6.98,captured,2026-07-19 13:00:00,ach
3611,3915,355,172.01,5.29,captured,2026-08-18 04:00:00,wire
3612,3916,36,195.14,5.96,captured,2026-01-06 13:00:00,wire
3613,3917,82,206.72,6.29,captured,2025-05-11 05:00:00,paypal
3614,3918,196,173.88,5.34,captured,2025-05-06 01:00:00,ach
3615,3919,500,322.48,9.65,captured,2026-01-01 19:00:00,card
3616,3920,186,146.36,4.54,captured,2025-04-30 20:00:00,paypal
3617,3921,215,34.33,1.3,captured,2026-02-14 17:00:00,ach
3618,3921,215,34.32,1.3,captured,2026-02-14 23:00:00,card
3619,3923,400,96.57,3.1,captured,2025-04-25 07:00:00,paypal
3620,3924,336,539.0,15.93,captured,2026-07-14 18:00:00,paypal
3621,3926,437,174.78,5.37,captured,2025-10-22 13:00:00,wire
3622,3927,131,117.78,3.72,captured,2025-08-24 11:00:00,wire
3623,3928,253,286.16,8.6,captured,2025-12-11 19:00:00,card
3624,3929,366,161.02,4.97,captured,2025-10-24 04:00:00,card
3625,3930,145,152.37,4.72,captured,2025-12-01 08:00:00,card
3626,3931,343,162.96,5.03,captured,2025-03-18 04:00:00,ach
3627,3932,253,133.91,4.18,captured,2026-04-10 19:00:00,wire
3628,3933,79,232.99,7.06,captured,2026-07-29 16:00:00,card
3629,3934,108,48.48,1.71,captured,2025-10-17 05:00:00,paypal
3630,3935,382,95.07,3.06,captured,2026-06-08 07:00:00,card
3631,3935,382,95.07,3.06,captured,2026-06-07 22:00:00,paypal
3632,3936,31,74.45,2.46,captured,2025-03-16 09:00:00,card
3633,3936,31,74.46,2.46,captured,2025-03-16 11:00:00,paypal
3634,3937,191,325.78,9.75,captured,2026-03-22 13:00:00,ach
3635,3938,250,351.34,10.49,captured,2025-07-17 04:00:00,wire
3636,3939,192,447.59,13.28,refunded,2026-02-13 17:00:00,ach
3637,3940,207,636.53,18.76,refunded,2025-12-12 07:00:00,wire
3638,3941,486,335.49,10.03,captured,2025-01-30 00:00:00,ach
3639,3942,17,264.95,7.98,captured,2025-08-03 05:00:00,wire
3640,3943,491,60.34,2.05,captured,2025-09-23 21:00:00,paypal
3641,3944,361,31.14,1.2,captured,2026-05-11 22:00:00,card
3642,3945,459,177.35,5.44,captured,2025-03-11 07:00:00,paypal
3643,3945,459,177.36,5.44,captured,2025-03-11 07:00:00,ach
3644,3946,323,98.96,3.17,captured,2026-07-31 13:00:00,wire
3645,3948,37,54.83,1.89,captured,2025-05-27 21:00:00,paypal
3646,3949,360,318.89,9.55,captured,2025-03-30 04:00:00,card
3647,3950,356,197.63,6.03,captured,2026-06-25 12:00:00,ach
3648,3951,466,57.75,1.97,captured,2025-12-13 20:00:00,card
3649,3952,42,211.1,6.42,captured,2026-03-14 06:00:00,paypal
3650,3953,255,112.8,3.57,captured,2026-02-23 21:00:00,card
3651,3954,259,88.71,2.87,captured,2025-12-24 16:00:00,ach
3652,3954,259,88.71,2.87,refunded,2025-12-24 14:00:00,ach
3653,3955,48,156.59,4.84,captured,2025-07-03 19:00:00,wire
3654,3957,241,125.48,3.94,captured,2025-09-23 17:00:00,card
3655,3958,250,109.7,3.48,captured,2025-09-10 02:00:00,ach
3656,3960,374,197.72,6.03,captured,2026-08-31 07:00:00,wire
3657,3961,332,174.76,5.37,captured,2025-03-20 22:00:00,wire
3658,3961,332,174.76,5.37,refunded,2025-03-21 09:00:00,paypal
3659,3963,482,573.19,16.92,captured,2025-04-07 16:00:00,ach
3660,3964,107,638.97,18.83,captured,2025-12-29 02:00:00,ach
3661,3965,170,103.91,3.31,captured,2026-02-17 18:00:00,ach
3662,3966,244,161.32,4.98,captured,2025-01-24 01:00:00,wire
3663,3968,172,61.31,2.08,captured,2025-07-16 21:00:00,wire
3664,3969,464,163.3,5.04,captured,2025-10-25 13:00:00,card
3665,3970,76,119.88,3.78,captured,2025-10-24 19:00:00,ach
3666,3971,256,156.95,4.85,captured,2025-10-16 06:00:00,card
3667,3972,236,196.38,6.0,captured,2026-01-26 03:00:00,card
3668,3973,44,75.06,2.48,captured,2025-05-03 04:00:00,paypal
3669,3974,101,277.42,8.35,captured,2026-06-08 08:00:00,paypal
3670,3975,137,167.57,5.16,captured,2026-05-28 10:00:00,wire
3671,3976,236,77.8,2.56,captured,2025-10-07 23:00:00,ach
3672,3977,209,77.81,2.56,captured,2026-07-07 18:00:00,paypal
3673,3977,209,77.81,2.56,captured,2026-07-07 12:00:00,paypal
3674,3978,297,215.89,6.56,captured,2025-06-17 04:00:00,ach
3675,3979,189,475.51,14.09,captured,2025-05-06 11:00:00,card
3676,3980,392,426.54,12.67,refunded,2025-06-21 13:00:00,paypal
3677,3981,184,68.12,2.28,captured,2026-04-22 06:00:00,paypal
3678,3981,184,68.13,2.28,captured,2026-04-22 02:00:00,wire
3679,3982,427,158.45,4.9,captured,2025-03-27 02:00:00,card
3680,3983,500,49.91,1.75,captured,2025-07-07 02:00:00,wire
3681,3983,500,49.92,1.75,captured,2025-07-07 03:00:00,wire
3682,3984,335,188.55,5.77,captured,2025-04-01 15:00:00,ach
3683,3985,51,64.63,2.17,captured,2025-09-29 13:00:00,ach
3684,3985,51,64.63,2.17,captured,2025-09-29 15:00:00,wire
3685,3986,447,155.69,4.82,captured,2025-07-08 01:00:00,card
3686,3987,409,276.67,8.32,captured,2026-05-12 14:00:00,card
3687,3989,170,407.47,12.12,captured,2026-06-23 17:00:00,wire
3688,3990,356,252.1,7.61,refunded,2025-09-08 05:00:00,card
3689,3991,308,428.07,12.71,captured,2025-11-22 12:00:00,wire
3690,3992,386,303.26,9.09,refunded,2026-06-06 13:00:00,card
3691,3993,323,330.56,9.89,captured,2026-03-11 23:00:00,ach
3692,3994,413,147.19,4.57,captured,2026-08-02 19:00:00,card
3693,3999,414,307.76,9.23,captured,2025-03-03 03:00:00,wire
3694,4000,237,167.06,5.14,captured,2025-02-23 07:00:00,card
