Order ID,Order Date,Order Time,Customer ID,Membership Status,Restaurant Name,Cuisine Type,City,Order Status,Items Count,Subtotal,Base Delivery Fee,JET+ Delivery Fees Funded,JET+ Logistics Delivery Fee Share,Service Fee,Tip Amount,Order Total,Payment Method,Delivery Time (min),Driver ID,Customer Rating,Promo Code Used
ORD-100000,2025-01-01,06:26,CUST-1051,Non-Member,Lucky Panda Wok,Chinese,Beaverton,Cancelled by Customer,2,71.27,6.9,0.0,5.07,7.84,17.11,103.12,Google Pay,,DRV-282,,FREEDEL
ORD-100001,2025-01-01,19:59,CUST-1117,Non-Member,El Pollo Feliz,Mexican,Portland,Delivered,1,24.45,7.54,0.0,5.24,2.69,2.12,36.8,Apple Pay,51,DRV-215,5,NEWUSER
ORD-100002,2025-01-01,23:37,CUST-1105,Non-Member,Wok This Way,Asian Fusion,Tigard,Delivered,3,26.48,6.29,0.0,4.65,2.91,3.81,39.49,Debit Card,67,DRV-282,4,SUMMER26
ORD-100003,2025-01-02,01:09,CUST-1131,Non-Member,Wok This Way,Asian Fusion,Tigard,Delivered,3,80.92,2.27,0.0,1.68,8.9,14.91,107.0,Debit Card,74,DRV-202,3,
ORD-100004,2025-01-03,06:40,CUST-1073,Non-Member,Taj Spice Kitchen,Indian,Beaverton,Delivered,6,35.41,5.91,0.0,4.24,3.9,3.85,49.07,Gift Card,31,DRV-272,3,SUMMER26
ORD-100005,2025-01-06,01:24,CUST-1040,Non-Member,Mama Rosa's Pizzeria,Italian,Tigard,Delivered,7,69.15,7.64,0.0,4.24,7.61,10.4,94.8,Gift Card,61,DRV-228,2,FREEDEL
ORD-100006,2025-01-06,23:39,CUST-1383,JET+ Member,Bao Down,Chinese,Gresham,Delivered,2,12.89,5.78,5.78,4.62,1.42,0.95,15.26,Google Pay,28,DRV-237,5,
ORD-100007,2025-01-07,15:44,CUST-1232,Non-Member,Curry Corner,Indian,Lake Oswego,Delivered,3,49.5,5.32,0.0,3.26,5.45,7.45,67.72,Credit Card,19,DRV-264,5,FREEDEL
ORD-100008,2025-01-07,18:34,CUST-1051,JET+ Member,Olive & Vine,Mediterranean,Portland,Delivered,5,74.54,3.72,3.72,2.7,8.2,0.14,82.88,PayPal,38,DRV-278,1,
ORD-100009,2025-01-08,13:06,CUST-1218,Non-Member,Lucky Panda Wok,Chinese,Tigard,Delivered,6,52.94,5.02,0.0,3.56,5.82,5.4,69.18,Google Pay,60,DRV-233,3,SAVE10
ORD-100010,2025-01-09,05:18,CUST-1287,JET+ Member,Slice of Napoli,Italian,Beaverton,Refunded,4,70.27,5.4,5.4,3.16,7.73,9.91,87.91,Credit Card,,DRV-231,,
ORD-100011,2025-01-09,22:18,CUST-1007,JET+ Member,Pitmaster's Porch,BBQ,Hillsboro,Delivered,7,22.05,2.02,2.02,1.21,2.43,1.3,25.78,Gift Card,63,DRV-220,4,FREEDEL
ORD-100012,2025-01-10,15:30,CUST-1028,Non-Member,Sunrise Skillet,Breakfast,Hillsboro,Delivered,1,13.33,2.14,0.0,1.45,1.47,2.7,19.64,Apple Pay,25,DRV-212,5,FREEDEL
ORD-100013,2025-01-10,22:43,CUST-1064,JET+ Member,Trattoria Bella,Italian,Gresham,Delivered,3,56.05,3.46,3.46,1.94,6.17,3.13,65.35,Apple Pay,43,DRV-208,2,
ORD-100014,2025-01-11,11:27,CUST-1359,JET+ Member,Bao Down,Chinese,Hillsboro,Delivered,7,64.98,2.75,2.75,1.99,7.15,7.87,80.0,Apple Pay,70,DRV-280,4,
ORD-100015,2025-01-12,14:32,CUST-1314,JET+ Member,Wok This Way,Asian Fusion,Tigard,Delivered,7,43.61,4.62,4.62,2.82,4.8,2.28,50.69,PayPal,51,DRV-223,4,
ORD-100016,2025-01-13,03:18,CUST-1155,JET+ Member,Wok This Way,Asian Fusion,Gresham,Cancelled by Customer,6,23.75,3.64,3.64,2.8,2.61,2.82,29.18,Gift Card,,DRV-221,,NEWUSER
ORD-100017,2025-01-13,08:12,CUST-1320,Non-Member,Stars & Stripes Diner,American,Gresham,Delivered,6,39.84,7.24,0.0,5.77,4.38,8.71,60.17,Gift Card,27,DRV-254,2,
ORD-100018,2025-01-13,08:15,CUST-1267,Non-Member,Thai Basil Kitchen,Thai,Portland,Delivered,1,31.17,6.26,0.0,3.52,3.43,4.38,45.24,PayPal,40,DRV-279,3,
ORD-100019,2025-01-14,07:31,CUST-1104,JET+ Member,La Taqueria,Mexican,Portland,Delivered,7,49.39,3.54,3.54,2.53,5.43,1.47,56.29,PayPal,71,DRV-225,4,SUMMER26
ORD-100020,2025-01-18,05:08,CUST-1033,Non-Member,Thai Basil Kitchen,Thai,Gresham,Delivered,2,22.7,4.58,0.0,2.84,2.5,0.67,30.45,Apple Pay,47,DRV-294,5,FREEDEL
ORD-100021,2025-01-18,13:46,CUST-1237,Non-Member,Stars & Stripes Diner,American,Hillsboro,Delivered,4,12.2,3.78,0.0,2.6,1.34,1.02,18.34,PayPal,33,DRV-279,5,SAVE10
ORD-100022,2025-01-18,18:05,CUST-1294,JET+ Member,Tokyo Bento Box,Japanese,Hillsboro,Delivered,4,36.9,5.41,5.41,4.18,4.06,6.02,46.98,PayPal,52,DRV-296,4,
ORD-100023,2025-01-19,00:01,CUST-1017,Non-Member,Pitmaster's Porch,BBQ,Lake Oswego,Cancelled by Restaurant,5,84.83,7.21,0.0,5.56,9.33,20.17,121.54,Gift Card,,DRV-228,,FREEDEL
ORD-100024,2025-01-19,02:12,CUST-1295,Non-Member,The Griddle House,American,Beaverton,Delivered,4,32.91,5.72,0.0,4.29,3.62,3.17,45.42,Apple Pay,20,DRV-247,4,
ORD-100025,2025-01-19,08:56,CUST-1391,JET+ Member,Falafel House,Mediterranean,Hillsboro,Delivered Late,3,43.73,3.08,3.08,1.95,4.81,4.34,52.88,Google Pay,53,DRV-292,4,
ORD-100026,2025-01-21,08:47,CUST-1106,Non-Member,Golden Dragon,Chinese,Beaverton,Refunded,3,81.91,5.05,0.0,3.37,9.01,15.28,111.25,Apple Pay,,DRV-256,,
ORD-100027,2025-01-22,20:47,CUST-1254,Non-Member,Curry Corner,Indian,Tigard,Delivered,1,56.47,4.6,0.0,2.9,6.21,8.36,75.64,Gift Card,19,DRV-200,4,
ORD-100028,2025-01-23,08:26,CUST-1079,Non-Member,Wok This Way,Asian Fusion,Portland,Delivered,5,74.71,7.47,0.0,4.5,8.22,8.77,99.17,Google Pay,59,DRV-287,5,NEWUSER
ORD-100029,2025-01-23,18:19,CUST-1268,Non-Member,El Pollo Feliz,Mexican,Portland,Delivered,7,33.78,3.99,0.0,2.85,3.72,4.64,46.13,Debit Card,23,DRV-287,5,
ORD-100030,2025-01-24,17:48,CUST-1032,Non-Member,Fresh Roots Salads,Healthy,Gresham,Delivered,2,32.12,5.92,0.0,3.71,3.53,8.01,49.58,Debit Card,70,DRV-258,5,
ORD-100031,2025-01-24,21:51,CUST-1165,JET+ Member,Noodle & Co Express,Asian Fusion,Tigard,Delivered,2,38.16,5.69,5.69,3.63,4.2,7.12,49.48,Credit Card,63,DRV-287,4,SAVE10
ORD-100032,2025-01-24,22:27,CUST-1049,Non-Member,Sunrise Skillet,Breakfast,Tigard,Delivered,4,28.49,4.62,0.0,3.63,3.13,2.69,38.93,Debit Card,61,DRV-242,4,
ORD-100033,2025-01-27,18:09,CUST-1238,JET+ Member,El Pollo Feliz,Mexican,Tigard,Delivered,5,69.17,5.92,5.92,4.28,7.61,3.94,80.72,Apple Pay,60,DRV-223,4,
ORD-100034,2025-01-27,18:43,CUST-1048,JET+ Member,La Taqueria,Mexican,Lake Oswego,Cancelled by Customer,7,61.82,3.29,3.29,1.91,6.8,7.2,75.82,Credit Card,,DRV-294,,
ORD-100035,2025-01-28,02:49,CUST-1243,Non-Member,Olive & Vine,Mediterranean,Tigard,Refunded,4,78.82,5.1,0.0,3.22,8.67,16.31,108.9,Apple Pay,,DRV-233,,
ORD-100036,2025-01-30,00:32,CUST-1282,Non-Member,Mama Rosa's Pizzeria,Italian,Lake Oswego,Delivered,2,57.1,2.02,0.0,1.2,6.28,9.07,74.47,Debit Card,39,DRV-292,4,NEWUSER
ORD-100037,2025-01-31,15:12,CUST-1092,Non-Member,Sushi Zen,Japanese,Portland,Delivered,7,14.73,5.32,0.0,3.42,1.62,3.06,24.73,Credit Card,64,DRV-231,4,SUMMER26
ORD-100038,2025-02-01,07:04,CUST-1221,JET+ Member,Wok This Way,Asian Fusion,Gresham,Delivered,6,74.66,2.31,2.31,1.61,8.21,18.36,101.23,Google Pay,48,DRV-204,4,SAVE10
ORD-100039,2025-02-01,14:31,CUST-1054,Non-Member,Pitmaster's Porch,BBQ,Gresham,Cancelled by Restaurant,5,82.59,7.2,0.0,4.53,9.08,15.48,114.35,PayPal,,DRV-245,,FREEDEL
ORD-100040,2025-02-05,06:05,CUST-1239,Non-Member,Ramen Republic,Japanese,Lake Oswego,Delivered,2,52.47,3.32,0.0,2.39,5.77,5.08,66.64,Google Pay,38,DRV-292,4,FREEDEL
ORD-100041,2025-02-05,13:18,CUST-1271,Non-Member,Wok This Way,Asian Fusion,Tigard,Delivered,3,48.56,5.23,0.0,3.96,5.34,4.09,63.22,Google Pay,56,DRV-257,5,
ORD-100042,2025-02-06,02:40,CUST-1301,JET+ Member,Smoky Joe's BBQ,BBQ,Gresham,Delivered,2,81.85,3.13,3.13,1.86,9.0,9.11,99.96,Credit Card,28,DRV-278,2,
ORD-100043,2025-02-06,10:11,CUST-1210,Non-Member,Bao Down,Chinese,Beaverton,Delivered,7,68.5,4.62,0.0,3.53,7.54,11.94,92.6,Gift Card,23,DRV-273,4,
ORD-100044,2025-02-07,01:43,CUST-1127,Non-Member,Lucky Panda Wok,Chinese,Hillsboro,Delivered,5,37.27,5.5,0.0,3.85,4.1,2.93,49.8,Google Pay,36,DRV-269,4,SAVE10
ORD-100045,2025-02-08,09:31,CUST-1331,Non-Member,Burger Barn,American,Portland,Delivered,3,82.82,4.75,0.0,3.37,9.11,16.37,113.05,Apple Pay,31,DRV-286,5,FREEDEL
ORD-100046,2025-02-09,18:08,CUST-1348,JET+ Member,Fresh Roots Salads,Healthy,Lake Oswego,Delivered,3,16.7,4.09,4.09,2.43,1.84,2.76,21.3,Credit Card,68,DRV-255,5,NEWUSER
ORD-100047,2025-02-09,19:58,CUST-1177,Non-Member,Wok This Way,Asian Fusion,Hillsboro,Delivered,2,55.02,5.19,0.0,3.75,6.05,6.49,72.75,Gift Card,58,DRV-299,5,NEWUSER
ORD-100048,2025-02-10,04:42,CUST-1319,JET+ Member,Sushi Zen,Japanese,Lake Oswego,Delivered,6,47.93,5.59,5.59,4.38,5.27,1.43,54.63,Apple Pay,24,DRV-208,5,
ORD-100049,2025-02-11,01:53,CUST-1189,Non-Member,Ramen Republic,Japanese,Lake Oswego,Delivered,1,53.66,3.87,0.0,2.27,5.9,3.58,67.01,Debit Card,67,DRV-260,5,NEWUSER
ORD-100050,2025-02-11,10:08,CUST-1215,JET+ Member,Trattoria Bella,Italian,Portland,Delivered,4,30.08,2.92,2.92,2.0,3.31,5.23,38.62,PayPal,29,DRV-240,2,SUMMER26
ORD-100051,2025-02-12,03:59,CUST-1298,JET+ Member,The Green Bowl,Healthy,Gresham,Cancelled by Restaurant,6,12.04,4.61,4.61,3.43,1.32,0.1,13.46,Apple Pay,,DRV-234,,
ORD-100052,2025-02-12,05:22,CUST-1050,Non-Member,Lucky Panda Wok,Chinese,Portland,Cancelled by Restaurant,5,54.52,3.78,0.0,2.14,6.0,9.86,74.16,Credit Card,,DRV-276,,SAVE10
ORD-100053,2025-02-12,14:40,CUST-1111,JET+ Member,Ramen Republic,Japanese,Lake Oswego,Delivered Late,1,47.68,5.59,5.59,3.4,5.24,4.51,57.43,Apple Pay,67,DRV-260,4,
ORD-100054,2025-02-13,06:54,CUST-1092,JET+ Member,Lucky Panda Wok,Chinese,Hillsboro,Delivered,3,60.87,6.69,6.69,3.81,6.7,0.34,67.91,Gift Card,24,DRV-212,5,
ORD-100055,2025-02-14,01:48,CUST-1079,JET+ Member,Sunrise Skillet,Breakfast,Hillsboro,Delivered,2,69.19,3.12,3.12,1.9,7.61,13.48,90.28,Google Pay,22,DRV-240,4,NEWUSER
ORD-100056,2025-02-15,03:17,CUST-1216,JET+ Member,Pancake Palace,Breakfast,Beaverton,Cancelled by Customer,4,21.41,6.12,6.12,4.81,2.36,2.28,26.05,PayPal,,DRV-209,,SAVE10
ORD-100057,2025-02-15,06:23,CUST-1083,Non-Member,Casa de Tacos,Mexican,Tigard,Delivered,5,53.11,7.28,0.0,5.22,5.84,6.26,72.49,PayPal,36,DRV-208,1,
ORD-100058,2025-02-15,23:28,CUST-1244,Non-Member,Trattoria Bella,Italian,Portland,Cancelled by Restaurant,5,57.52,2.8,0.0,2.03,6.33,9.7,76.35,Debit Card,,DRV-207,,
ORD-100059,2025-02-18,14:10,CUST-1014,Non-Member,Noodle & Co Express,Asian Fusion,Beaverton,Refunded,7,36.77,5.18,0.0,3.17,4.04,2.25,48.24,Credit Card,,DRV-207,,
ORD-100060,2025-02-21,23:44,CUST-1303,JET+ Member,Lucky Panda Wok,Chinese,Lake Oswego,Refunded,4,66.96,2.51,2.51,1.76,7.37,2.39,76.72,Debit Card,,DRV-223,,SAVE10
ORD-100061,2025-02-22,12:25,CUST-1337,JET+ Member,El Pollo Feliz,Mexican,Portland,Cancelled by Customer,1,22.94,3.11,3.11,2.12,2.52,4.85,30.31,Debit Card,,DRV-256,,
ORD-100062,2025-02-23,09:13,CUST-1105,Non-Member,Banh Mi Bros,Vietnamese,Hillsboro,Delivered,5,24.58,7.57,0.0,4.24,2.7,3.47,38.32,Gift Card,49,DRV-225,1,NEWUSER
ORD-100063,2025-02-23,13:02,CUST-1049,Non-Member,Curry Corner,Indian,Lake Oswego,Delivered,3,52.53,5.57,0.0,4.17,5.78,9.89,73.77,Gift Card,68,DRV-280,1,
ORD-100064,2025-02-24,07:40,CUST-1303,Non-Member,Mama Rosa's Pizzeria,Italian,Beaverton,Delivered,7,52.44,2.12,0.0,1.33,5.77,2.32,62.65,Credit Card,55,DRV-227,3,NEWUSER
ORD-100065,2025-02-24,23:22,CUST-1074,Non-Member,Golden Dragon,Chinese,Lake Oswego,Delivered Late,1,50.12,3.28,0.0,1.92,5.51,2.36,61.27,Google Pay,37,DRV-251,5,
ORD-100066,2025-02-26,11:32,CUST-1119,JET+ Member,Olive & Vine,Mediterranean,Portland,Delivered,3,20.38,5.33,5.33,3.39,2.24,4.09,26.71,Gift Card,68,DRV-247,4,SAVE10
ORD-100067,2025-02-27,01:49,CUST-1263,Non-Member,Lucky Panda Wok,Chinese,Beaverton,Delivered,1,52.86,3.83,0.0,2.98,5.81,1.26,63.76,Apple Pay,58,DRV-272,5,
ORD-100068,2025-02-28,02:25,CUST-1118,Non-Member,Tokyo Bento Box,Japanese,Tigard,Delivered,7,81.27,7.49,0.0,5.02,8.94,6.67,104.37,Credit Card,48,DRV-284,4,
ORD-100069,2025-02-28,02:46,CUST-1287,Non-Member,Lotus Thai Cafe,Thai,Tigard,Delivered,3,81.32,6.0,0.0,4.12,8.95,9.12,105.39,PayPal,65,DRV-284,5,SUMMER26
ORD-100070,2025-02-28,17:37,CUST-1013,JET+ Member,Smoky Joe's BBQ,BBQ,Portland,Delivered,5,63.75,7.99,7.99,4.41,7.01,2.57,73.33,Gift Card,56,DRV-205,5,
ORD-100071,2025-02-28,20:46,CUST-1125,JET+ Member,Ramen Republic,Japanese,Portland,Delivered,5,73.82,4.26,4.26,3.22,8.12,8.16,90.1,Apple Pay,60,DRV-213,4,
ORD-100072,2025-03-01,06:31,CUST-1207,JET+ Member,Trattoria Bella,Italian,Lake Oswego,Cancelled by Customer,6,38.73,2.94,2.94,2.12,4.26,2.4,45.39,Google Pay,,DRV-239,,NEWUSER
ORD-100073,2025-03-01,23:50,CUST-1343,Non-Member,Sushi Zen,Japanese,Portland,Delivered,7,78.97,7.1,0.0,5.41,8.69,4.49,99.25,Gift Card,20,DRV-254,5,NEWUSER
ORD-100074,2025-03-02,14:23,CUST-1303,Non-Member,Tokyo Bento Box,Japanese,Beaverton,Delivered,7,35.34,3.75,0.0,2.57,3.89,4.41,47.39,Google Pay,54,DRV-232,1,
ORD-100075,2025-03-04,08:15,CUST-1134,Non-Member,Mama Rosa's Pizzeria,Italian,Hillsboro,Delivered,3,79.5,4.87,0.0,2.99,8.74,4.8,97.91,Google Pay,33,DRV-208,4,SAVE10
ORD-100076,2025-03-05,02:03,CUST-1314,JET+ Member,Wok This Way,Asian Fusion,Beaverton,Delivered,6,82.07,4.94,4.94,2.77,9.03,5.35,96.45,Debit Card,27,DRV-284,1,NEWUSER
ORD-100077,2025-03-06,03:14,CUST-1167,Non-Member,Thai Basil Kitchen,Thai,Portland,Delivered,1,25.42,2.98,0.0,1.67,2.8,5.55,36.75,Google Pay,57,DRV-244,4,
ORD-100078,2025-03-06,04:56,CUST-1386,JET+ Member,The Green Bowl,Healthy,Tigard,Delivered Late,7,58.9,6.66,6.66,3.89,6.48,7.89,73.27,Apple Pay,47,DRV-283,5,
ORD-100079,2025-03-08,00:59,CUST-1061,Non-Member,Lucky Panda Wok,Chinese,Portland,Delivered,7,45.45,2.76,0.0,1.62,5.0,7.18,60.39,Credit Card,40,DRV-264,2,
ORD-100080,2025-03-08,16:03,CUST-1118,Non-Member,Golden Dragon,Chinese,Tigard,Delivered,3,37.25,6.73,0.0,5.18,4.1,3.0,51.08,Gift Card,50,DRV-227,5,SUMMER26
ORD-100081,2025-03-08,16:53,CUST-1303,JET+ Member,Pancake Palace,Breakfast,Beaverton,Cancelled by Customer,6,65.84,7.27,7.27,5.48,7.24,13.36,86.44,Credit Card,,DRV-211,,
ORD-100082,2025-03-08,17:40,CUST-1321,Non-Member,Stars & Stripes Diner,American,Portland,Delivered Late,6,40.29,3.72,0.0,2.68,4.43,1.41,49.85,Debit Card,29,DRV-200,4,NEWUSER
ORD-100083,2025-03-08,21:49,CUST-1355,JET+ Member,Burger Barn,American,Portland,Delivered,2,58.0,5.12,5.12,3.36,6.38,6.73,71.11,Debit Card,29,DRV-282,5,SAVE10
ORD-100084,2025-03-10,06:43,CUST-1142,Non-Member,Sunrise Skillet,Breakfast,Tigard,Cancelled by Customer,1,37.47,6.29,0.0,4.19,4.12,3.38,51.26,Google Pay,,DRV-257,,NEWUSER
ORD-100085,2025-03-12,15:42,CUST-1046,Non-Member,Stars & Stripes Diner,American,Tigard,Delivered,1,53.16,6.32,0.0,3.57,5.85,7.95,73.28,Debit Card,64,DRV-206,5,
ORD-100086,2025-03-12,20:43,CUST-1284,JET+ Member,Ramen Republic,Japanese,Gresham,Delivered,6,53.14,4.96,4.96,2.8,5.85,4.63,63.62,PayPal,67,DRV-203,2,
ORD-100087,2025-03-13,10:13,CUST-1294,Non-Member,Thai Basil Kitchen,Thai,Gresham,Delivered Late,1,33.61,4.22,0.0,2.75,3.7,6.39,47.92,Debit Card,62,DRV-220,2,FREEDEL
ORD-100088,2025-03-13,11:40,CUST-1244,JET+ Member,Slice of Napoli,Italian,Portland,Delivered,1,77.79,5.39,5.39,3.23,8.56,6.7,93.05,Debit Card,51,DRV-250,5,SUMMER26
ORD-100089,2025-03-15,15:50,CUST-1354,Non-Member,Bangkok Street Eats,Thai,Lake Oswego,Delivered,3,18.7,5.99,0.0,4.28,2.06,3.1,29.85,Debit Card,19,DRV-280,5,
ORD-100090,2025-03-16,01:31,CUST-1156,Non-Member,Pitmaster's Porch,BBQ,Lake Oswego,Cancelled by Customer,3,43.23,3.67,0.0,2.65,4.76,9.09,60.75,Gift Card,,DRV-262,,
ORD-100091,2025-03-16,12:05,CUST-1298,Non-Member,Olive & Vine,Mediterranean,Lake Oswego,Delivered,6,76.66,3.29,0.0,2.25,8.43,14.93,103.31,Apple Pay,32,DRV-223,4,
ORD-100092,2025-03-17,01:20,CUST-1364,JET+ Member,Pho Saigon,Vietnamese,Lake Oswego,Cancelled by Restaurant,3,29.54,3.63,3.63,2.03,3.25,2.06,34.85,PayPal,,DRV-241,,
ORD-100093,2025-03-17,03:57,CUST-1339,JET+ Member,Noodle & Co Express,Asian Fusion,Gresham,Delivered,7,12.35,7.11,7.11,5.01,1.36,0.5,14.21,Google Pay,62,DRV-285,5,SUMMER26
ORD-100094,2025-03-18,10:41,CUST-1015,JET+ Member,Mama Rosa's Pizzeria,Italian,Portland,Delivered,3,83.95,7.9,7.9,6.13,9.23,16.76,109.94,Gift Card,33,DRV-263,2,NEWUSER
ORD-100095,2025-03-19,23:54,CUST-1028,JET+ Member,El Pollo Feliz,Mexican,Hillsboro,Delivered,6,15.14,6.32,6.32,4.68,1.67,3.19,20.0,Gift Card,21,DRV-203,4,FREEDEL
ORD-100096,2025-03-20,16:24,CUST-1085,Non-Member,Lotus Thai Cafe,Thai,Hillsboro,Delivered,2,56.34,3.05,0.0,2.22,6.2,3.96,69.55,Apple Pay,35,DRV-249,4,
ORD-100097,2025-03-21,00:48,CUST-1209,JET+ Member,Stars & Stripes Diner,American,Portland,Delivered,4,79.5,5.71,5.71,3.58,8.74,7.95,96.19,PayPal,25,DRV-219,1,NEWUSER
ORD-100098,2025-03-21,02:49,CUST-1096,Non-Member,Ramen Republic,Japanese,Portland,Delivered Late,5,43.15,6.74,0.0,4.69,4.75,0.1,54.74,Debit Card,50,DRV-267,5,SAVE10
ORD-100099,2025-03-21,10:32,CUST-1245,Non-Member,Fresh Roots Salads,Healthy,Tigard,Delivered,2,33.49,4.05,0.0,2.69,3.68,4.23,45.45,Google Pay,74,DRV-239,2,
ORD-100100,2025-03-21,11:13,CUST-1113,JET+ Member,La Taqueria,Mexican,Hillsboro,Delivered,7,55.99,6.16,6.16,3.95,6.16,2.24,64.39,Google Pay,36,DRV-250,1,NEWUSER
ORD-100101,2025-03-22,09:11,CUST-1260,Non-Member,Olive & Vine,Mediterranean,Portland,Cancelled by Customer,1,35.55,7.43,0.0,4.64,3.91,2.45,49.34,Apple Pay,,DRV-268,,FREEDEL
ORD-100102,2025-03-23,14:07,CUST-1261,Non-Member,Curry Corner,Indian,Lake Oswego,Delivered,5,49.19,3.2,0.0,1.84,5.41,10.11,67.91,PayPal,45,DRV-206,4,
ORD-100103,2025-03-23,17:30,CUST-1123,JET+ Member,Pitmaster's Porch,BBQ,Beaverton,Delivered,5,26.36,4.25,4.25,2.76,2.9,0.86,30.12,Debit Card,27,DRV-204,3,FREEDEL
ORD-100104,2025-03-23,19:21,CUST-1140,JET+ Member,The Green Bowl,Healthy,Hillsboro,Delivered,4,36.04,4.7,4.7,3.25,3.96,4.16,44.16,Google Pay,55,DRV-236,4,
ORD-100105,2025-03-23,20:32,CUST-1056,Non-Member,Tokyo Bento Box,Japanese,Gresham,Delivered,4,82.06,5.56,0.0,3.95,9.03,14.56,111.21,Gift Card,58,DRV-281,5,FREEDEL
ORD-100106,2025-03-24,20:10,CUST-1173,Non-Member,The Griddle House,American,Beaverton,Cancelled by Customer,3,25.34,7.29,0.0,4.82,2.79,3.74,39.16,PayPal,,DRV-228,,SUMMER26
ORD-100107,2025-03-25,16:28,CUST-1184,Non-Member,Fresh Roots Salads,Healthy,Hillsboro,Delivered,4,51.2,5.92,0.0,4.41,5.63,10.6,73.35,Credit Card,45,DRV-252,2,
ORD-100108,2025-03-25,22:13,CUST-1110,JET+ Member,Pho Saigon,Vietnamese,Gresham,Delivered,1,18.88,3.13,3.13,2.22,2.08,2.97,23.93,Gift Card,42,DRV-209,5,
ORD-100109,2025-03-27,07:54,CUST-1132,Non-Member,The Green Bowl,Healthy,Gresham,Delivered,1,66.43,2.5,0.0,1.86,7.31,9.8,86.04,PayPal,24,DRV-275,1,
ORD-100110,2025-03-28,07:28,CUST-1343,Non-Member,Lotus Thai Cafe,Thai,Portland,Delivered,2,18.49,6.15,0.0,4.69,2.03,1.62,28.29,Apple Pay,58,DRV-232,5,SUMMER26
ORD-100111,2025-03-29,06:06,CUST-1115,JET+ Member,Stars & Stripes Diner,American,Hillsboro,Delivered,7,20.6,3.42,3.42,2.31,2.27,2.6,25.47,Debit Card,51,DRV-239,2,
ORD-100112,2025-03-29,10:25,CUST-1060,JET+ Member,El Pollo Feliz,Mexican,Tigard,Delivered,5,30.76,6.64,6.64,4.54,3.38,0.11,34.25,Credit Card,18,DRV-251,2,SAVE10
ORD-100113,2025-03-29,10:58,CUST-1276,JET+ Member,Sushi Zen,Japanese,Beaverton,Cancelled by Customer,7,12.07,4.83,4.83,2.7,1.33,0.82,14.22,Gift Card,,DRV-219,,FREEDEL
ORD-100114,2025-03-29,12:59,CUST-1040,JET+ Member,El Pollo Feliz,Mexican,Lake Oswego,Cancelled by Restaurant,3,35.65,6.88,6.88,5.07,3.92,5.95,45.52,Apple Pay,,DRV-298,,
ORD-100115,2025-03-30,18:37,CUST-1149,Non-Member,The Green Bowl,Healthy,Tigard,Delivered,2,40.6,3.19,0.0,2.3,4.47,1.84,50.1,Gift Card,56,DRV-250,5,SAVE10
ORD-100116,2025-04-01,07:23,CUST-1032,Non-Member,The Green Bowl,Healthy,Lake Oswego,Delivered,3,83.59,3.36,0.0,2.05,9.19,17.94,114.08,Apple Pay,31,DRV-267,5,
ORD-100117,2025-04-01,16:53,CUST-1094,Non-Member,Pancake Palace,Breakfast,Lake Oswego,Delivered,1,72.57,5.26,0.0,3.89,7.98,8.57,94.38,Apple Pay,46,DRV-261,4,SUMMER26
ORD-100118,2025-04-02,17:45,CUST-1328,Non-Member,Falafel House,Mediterranean,Gresham,Cancelled by Customer,4,15.88,2.47,0.0,1.92,1.75,2.96,23.06,Google Pay,,DRV-268,,FREEDEL
ORD-100119,2025-04-03,01:35,CUST-1369,Non-Member,Mama Rosa's Pizzeria,Italian,Tigard,Delivered,7,43.97,5.82,0.0,3.2,4.84,10.92,65.55,Google Pay,34,DRV-206,4,
ORD-100120,2025-04-03,12:27,CUST-1178,JET+ Member,Taj Spice Kitchen,Indian,Lake Oswego,Delivered,7,68.85,6.29,6.29,4.17,7.57,4.69,81.11,Apple Pay,23,DRV-212,2,FREEDEL
ORD-100121,2025-04-06,13:51,CUST-1088,JET+ Member,Tokyo Bento Box,Japanese,Portland,Delivered,6,43.09,4.71,4.71,2.6,4.74,8.39,56.22,Google Pay,74,DRV-252,5,
ORD-100122,2025-04-06,15:45,CUST-1262,JET+ Member,La Taqueria,Mexican,Tigard,Delivered,6,33.12,3.54,3.54,2.47,3.64,3.39,40.15,Apple Pay,30,DRV-229,1,SAVE10
ORD-100123,2025-04-07,06:53,CUST-1040,JET+ Member,Olive & Vine,Mediterranean,Portland,Delivered,1,35.05,2.42,2.42,1.9,3.86,3.9,42.81,Debit Card,56,DRV-284,4,
ORD-100124,2025-04-07,07:37,CUST-1146,JET+ Member,Banh Mi Bros,Vietnamese,Tigard,Delivered,7,74.17,2.27,2.27,1.55,8.16,11.4,93.73,Apple Pay,29,DRV-276,2,NEWUSER
ORD-100125,2025-04-08,02:37,CUST-1310,JET+ Member,Golden Dragon,Chinese,Portland,Delivered,6,83.36,4.66,4.66,2.96,9.17,7.79,100.32,Debit Card,25,DRV-229,5,
ORD-100126,2025-04-08,18:28,CUST-1230,JET+ Member,Pancake Palace,Breakfast,Hillsboro,Delivered,2,31.76,7.3,7.3,5.23,3.49,0.89,36.14,Credit Card,65,DRV-215,5,SUMMER26
ORD-100127,2025-04-10,06:56,CUST-1374,Non-Member,Casa de Tacos,Mexican,Lake Oswego,Delivered,2,57.58,4.85,0.0,3.42,6.33,5.96,74.72,PayPal,44,DRV-229,3,SAVE10
ORD-100128,2025-04-10,22:20,CUST-1010,Non-Member,Thai Basil Kitchen,Thai,Tigard,Delivered,6,62.07,5.06,0.0,3.32,6.83,12.65,86.61,PayPal,63,DRV-250,4,FREEDEL
ORD-100129,2025-04-11,07:24,CUST-1112,Non-Member,El Pollo Feliz,Mexican,Gresham,Delivered,6,60.19,2.84,0.0,1.64,6.62,1.99,71.64,PayPal,22,DRV-287,4,
ORD-100130,2025-04-11,09:09,CUST-1244,Non-Member,Olive & Vine,Mediterranean,Gresham,Delivered,1,61.92,5.85,0.0,4.17,6.81,4.19,78.77,Credit Card,39,DRV-219,4,FREEDEL
ORD-100131,2025-04-12,02:25,CUST-1291,Non-Member,The Green Bowl,Healthy,Tigard,Delivered,6,24.5,5.38,0.0,3.73,2.69,2.85,35.42,PayPal,47,DRV-292,4,SAVE10
ORD-100132,2025-04-15,23:13,CUST-1332,JET+ Member,Ramen Republic,Japanese,Portland,Refunded,4,77.3,5.87,5.87,3.48,8.5,17.2,103.0,Google Pay,,DRV-284,,
ORD-100133,2025-04-16,17:11,CUST-1154,JET+ Member,Lotus Thai Cafe,Thai,Gresham,Delivered,5,40.21,4.37,4.37,2.74,4.42,5.21,49.84,Gift Card,49,DRV-277,5,
ORD-100134,2025-04-18,01:14,CUST-1119,JET+ Member,Trattoria Bella,Italian,Tigard,Delivered,7,14.89,6.36,6.36,3.57,1.64,0.02,16.55,Gift Card,59,DRV-294,3,
ORD-100135,2025-04-18,18:23,CUST-1206,JET+ Member,El Pollo Feliz,Mexican,Hillsboro,Delivered,6,77.98,2.98,2.98,2.07,8.58,14.71,101.27,Apple Pay,39,DRV-286,3,
ORD-100136,2025-04-18,21:21,CUST-1255,Non-Member,Sunrise Skillet,Breakfast,Portland,Cancelled by Restaurant,3,18.19,4.04,0.0,2.95,2.0,3.67,27.9,Debit Card,,DRV-277,,
ORD-100137,2025-04-20,00:43,CUST-1248,Non-Member,El Pollo Feliz,Mexican,Gresham,Delivered,6,32.26,4.7,0.0,3.57,3.55,5.39,45.9,Apple Pay,49,DRV-288,4,
ORD-100138,2025-04-20,19:25,CUST-1096,Non-Member,Stars & Stripes Diner,American,Lake Oswego,Delivered,5,51.3,3.09,0.0,2.08,5.64,1.96,61.99,PayPal,27,DRV-228,5,SAVE10
ORD-100139,2025-04-22,05:39,CUST-1048,Non-Member,El Pollo Feliz,Mexican,Lake Oswego,Delivered,4,74.22,6.52,0.0,4.92,8.16,9.76,98.66,Debit Card,74,DRV-204,1,NEWUSER
ORD-100140,2025-04-22,10:28,CUST-1299,Non-Member,Golden Dragon,Chinese,Hillsboro,Delivered,4,40.36,5.03,0.0,3.16,4.44,8.62,58.45,Debit Card,50,DRV-269,2,
ORD-100141,2025-04-23,01:09,CUST-1011,JET+ Member,Olive & Vine,Mediterranean,Lake Oswego,Delivered,4,45.46,2.55,2.55,1.76,5.0,1.44,51.9,Google Pay,60,DRV-208,4,SUMMER26
ORD-100142,2025-04-23,01:30,CUST-1286,JET+ Member,Fresh Roots Salads,Healthy,Tigard,Delivered,4,40.34,4.35,4.35,2.5,4.44,2.68,47.46,Debit Card,46,DRV-215,5,SAVE10
ORD-100143,2025-04-23,10:23,CUST-1185,Non-Member,Banh Mi Bros,Vietnamese,Hillsboro,Delivered,3,71.48,6.37,0.0,4.15,7.86,10.63,96.34,Gift Card,42,DRV-257,5,SUMMER26
ORD-100144,2025-04-24,05:02,CUST-1111,JET+ Member,Bao Down,Chinese,Portland,Delivered,3,82.46,3.22,3.22,2.17,9.07,10.75,102.28,Debit Card,27,DRV-272,3,
ORD-100145,2025-04-24,08:37,CUST-1064,Non-Member,Tokyo Bento Box,Japanese,Lake Oswego,Delivered,6,54.79,2.7,0.0,2.02,6.03,3.85,67.37,Google Pay,57,DRV-291,4,
ORD-100146,2025-04-24,09:29,CUST-1374,Non-Member,Wok This Way,Asian Fusion,Lake Oswego,Delivered,1,16.34,3.28,0.0,2.28,1.8,0.8,22.22,Google Pay,56,DRV-221,3,SUMMER26
ORD-100147,2025-04-24,17:53,CUST-1262,Non-Member,Tokyo Bento Box,Japanese,Lake Oswego,Delivered,3,45.87,7.65,0.0,5.61,5.05,2.47,61.04,PayPal,66,DRV-219,5,
ORD-100148,2025-04-25,04:32,CUST-1120,JET+ Member,Noodle & Co Express,Asian Fusion,Tigard,Delivered,7,14.98,3.88,3.88,2.99,1.65,3.42,20.05,Debit Card,24,DRV-245,2,NEWUSER
ORD-100149,2025-04-25,20:21,CUST-1371,JET+ Member,Fresh Roots Salads,Healthy,Lake Oswego,Cancelled by Customer,2,32.01,3.52,3.52,2.05,3.52,7.55,43.08,Apple Pay,,DRV-240,,
ORD-100150,2025-04-26,03:42,CUST-1071,Non-Member,Sushi Zen,Japanese,Lake Oswego,Delivered,7,56.76,2.07,0.0,1.62,6.24,3.75,68.82,Gift Card,20,DRV-210,5,NEWUSER
ORD-100151,2025-04-27,10:41,CUST-1309,Non-Member,Sunrise Skillet,Breakfast,Portland,Cancelled by Customer,1,22.85,4.67,0.0,3.2,2.51,1.53,31.56,Apple Pay,,DRV-276,,FREEDEL
ORD-100152,2025-04-27,13:35,CUST-1013,Non-Member,Tokyo Bento Box,Japanese,Hillsboro,Refunded,6,65.46,6.63,0.0,3.76,7.2,2.81,82.1,Google Pay,,DRV-286,,FREEDEL
ORD-100153,2025-04-27,14:27,CUST-1359,JET+ Member,Slice of Napoli,Italian,Portland,Delivered,2,59.3,2.23,2.23,1.5,6.52,9.7,75.52,Credit Card,48,DRV-264,5,SAVE10
ORD-100154,2025-04-27,14:36,CUST-1082,JET+ Member,Golden Dragon,Chinese,Hillsboro,Delivered,4,17.11,4.88,4.88,3.64,1.88,3.2,22.19,PayPal,64,DRV-243,4,SUMMER26
ORD-100155,2025-04-27,16:05,CUST-1331,Non-Member,Burger Barn,American,Tigard,Delivered,6,70.17,3.39,0.0,2.31,7.72,10.63,91.91,Debit Card,67,DRV-260,5,SAVE10
ORD-100156,2025-04-28,04:10,CUST-1025,Non-Member,Sushi Zen,Japanese,Tigard,Delivered Late,7,77.38,2.93,0.0,2.31,8.51,11.85,100.67,Debit Card,56,DRV-216,4,
ORD-100157,2025-04-29,19:28,CUST-1341,JET+ Member,Burger Barn,American,Hillsboro,Cancelled by Customer,1,24.87,3.04,3.04,2.3,2.74,2.48,30.09,Google Pay,,DRV-298,,FREEDEL
ORD-100158,2025-04-30,09:11,CUST-1181,Non-Member,Casa de Tacos,Mexican,Beaverton,Delivered,3,36.8,3.07,0.0,2.24,4.05,3.29,47.21,Apple Pay,66,DRV-224,1,SUMMER26
ORD-100159,2025-04-30,18:46,CUST-1051,JET+ Member,Lotus Thai Cafe,Thai,Gresham,Delivered,1,75.45,4.14,4.14,2.72,8.3,3.88,87.63,Google Pay,49,DRV-270,3,FREEDEL
ORD-100160,2025-05-02,17:55,CUST-1300,JET+ Member,The Green Bowl,Healthy,Beaverton,Delivered,7,75.49,6.18,6.18,4.44,8.3,9.91,93.7,PayPal,55,DRV-261,4,
ORD-100161,2025-05-03,06:10,CUST-1328,Non-Member,Bangkok Street Eats,Thai,Beaverton,Delivered,1,73.13,4.95,0.0,2.87,8.04,1.32,87.44,Credit Card,65,DRV-207,2,
ORD-100162,2025-05-03,18:53,CUST-1399,Non-Member,La Taqueria,Mexican,Beaverton,Delivered,4,32.45,6.64,0.0,3.84,3.57,2.34,45.0,Debit Card,48,DRV-286,4,SUMMER26
ORD-100163,2025-05-03,19:31,CUST-1134,Non-Member,Sushi Zen,Japanese,Beaverton,Delivered,6,12.34,2.22,0.0,1.6,1.36,1.74,17.66,Gift Card,19,DRV-215,5,SAVE10
ORD-100164,2025-05-04,10:17,CUST-1250,Non-Member,Smoky Joe's BBQ,BBQ,Beaverton,Delivered,5,52.31,3.26,0.0,2.46,5.75,6.52,67.84,Apple Pay,19,DRV-277,5,
ORD-100165,2025-05-04,11:49,CUST-1399,JET+ Member,El Pollo Feliz,Mexican,Tigard,Cancelled by Customer,2,60.59,5.89,5.89,3.37,6.66,13.59,80.84,PayPal,,DRV-224,,
ORD-100166,2025-05-04,15:33,CUST-1000,Non-Member,Wok This Way,Asian Fusion,Tigard,Delivered,3,23.82,2.55,0.0,1.75,2.62,1.96,30.95,Google Pay,49,DRV-222,5,
ORD-100167,2025-05-05,01:17,CUST-1163,Non-Member,Smoky Joe's BBQ,BBQ,Hillsboro,Delivered,1,21.99,5.44,0.0,4.35,2.42,3.85,33.7,PayPal,51,DRV-239,1,FREEDEL
ORD-100168,2025-05-05,16:23,CUST-1206,JET+ Member,Pho Saigon,Vietnamese,Lake Oswego,Delivered,6,83.67,5.71,5.71,3.82,9.2,15.93,108.8,Debit Card,69,DRV-228,2,SUMMER26
ORD-100169,2025-05-05,19:41,CUST-1001,Non-Member,Golden Dragon,Chinese,Lake Oswego,Delivered,1,49.03,7.61,0.0,4.68,5.39,6.02,68.05,Debit Card,27,DRV-205,3,FREEDEL
ORD-100170,2025-05-06,10:05,CUST-1081,JET+ Member,Burger Barn,American,Lake Oswego,Delivered,3,78.66,6.51,6.51,4.65,8.65,12.8,100.11,Apple Pay,69,DRV-292,2,
ORD-100171,2025-05-06,22:29,CUST-1067,JET+ Member,Mama Rosa's Pizzeria,Italian,Beaverton,Delivered,1,55.39,2.88,2.88,2.17,6.09,0.52,62.0,PayPal,33,DRV-253,2,SAVE10
ORD-100172,2025-05-07,07:42,CUST-1257,JET+ Member,Pitmaster's Porch,BBQ,Beaverton,Delivered,7,56.56,6.65,6.65,5.0,6.22,10.06,72.84,Google Pay,23,DRV-247,5,
ORD-100173,2025-05-08,06:02,CUST-1337,Non-Member,Noodle & Co Express,Asian Fusion,Hillsboro,Delivered,3,65.52,6.82,0.0,4.98,7.21,5.87,85.42,Apple Pay,34,DRV-220,4,FREEDEL
ORD-100174,2025-05-09,04:31,CUST-1166,Non-Member,Noodle & Co Express,Asian Fusion,Portland,Delivered,4,55.0,2.36,0.0,1.78,6.05,2.98,66.39,Google Pay,63,DRV-253,4,SUMMER26
ORD-100175,2025-05-09,08:21,CUST-1128,JET+ Member,Tokyo Bento Box,Japanese,Hillsboro,Delivered,3,38.34,2.32,2.32,1.48,4.22,2.54,45.1,PayPal,52,DRV-220,4,SAVE10
ORD-100176,2025-05-11,00:48,CUST-1137,JET+ Member,Curry Corner,Indian,Tigard,Delivered,7,46.83,4.02,4.02,2.44,5.15,2.21,54.19,Google Pay,61,DRV-232,3,NEWUSER
ORD-100177,2025-05-11,01:15,CUST-1219,JET+ Member,Sushi Zen,Japanese,Hillsboro,Delivered,2,80.95,4.63,4.63,2.86,8.9,2.8,92.65,Apple Pay,57,DRV-297,4,
ORD-100178,2025-05-11,02:20,CUST-1034,Non-Member,Falafel House,Mediterranean,Gresham,Delivered,5,66.43,4.04,0.0,3.03,7.31,14.18,91.96,Apple Pay,26,DRV-266,5,
ORD-100179,2025-05-12,08:00,CUST-1116,JET+ Member,Wok This Way,Asian Fusion,Tigard,Cancelled by Restaurant,1,42.09,6.54,6.54,4.16,4.63,3.83,50.55,Gift Card,,DRV-255,,NEWUSER
ORD-100180,2025-05-12,08:36,CUST-1265,JET+ Member,Mama Rosa's Pizzeria,Italian,Gresham,Delivered,6,71.96,2.46,2.46,1.65,7.92,1.36,81.24,Google Pay,56,DRV-294,4,
ORD-100181,2025-05-13,03:13,CUST-1398,JET+ Member,Trattoria Bella,Italian,Gresham,Cancelled by Customer,1,82.74,3.32,3.32,2.45,9.1,7.14,98.98,Debit Card,,DRV-266,,SUMMER26
ORD-100182,2025-05-13,09:30,CUST-1035,Non-Member,Sunrise Skillet,Breakfast,Tigard,Delivered,6,20.61,7.76,0.0,6.03,2.27,3.61,34.25,Debit Card,33,DRV-296,5,NEWUSER
ORD-100183,2025-05-13,10:38,CUST-1166,Non-Member,Sunrise Skillet,Breakfast,Hillsboro,Delivered,4,22.99,2.52,0.0,1.81,2.53,1.95,29.99,Debit Card,22,DRV-275,5,FREEDEL
ORD-100184,2025-05-14,15:09,CUST-1215,Non-Member,Bangkok Street Eats,Thai,Hillsboro,Delivered,6,40.8,6.42,0.0,3.94,4.49,7.67,59.38,Google Pay,46,DRV-271,3,
ORD-100185,2025-05-15,20:44,CUST-1079,JET+ Member,Pho Saigon,Vietnamese,Lake Oswego,Delivered,6,20.2,6.7,6.7,4.61,2.22,1.55,23.97,Debit Card,52,DRV-233,2,
ORD-100186,2025-05-16,11:31,CUST-1132,JET+ Member,The Green Bowl,Healthy,Hillsboro,Delivered,4,30.22,2.7,2.7,1.63,3.32,2.07,35.61,Gift Card,40,DRV-253,1,
ORD-100187,2025-05-16,17:13,CUST-1131,Non-Member,Bao Down,Chinese,Portland,Delivered,4,62.4,4.6,0.0,3.01,6.86,3.9,77.76,Gift Card,48,DRV-247,1,SUMMER26
ORD-100188,2025-05-16,19:46,CUST-1345,Non-Member,Thai Basil Kitchen,Thai,Hillsboro,Delivered,6,20.89,5.03,0.0,3.64,2.3,3.03,31.25,Google Pay,29,DRV-202,5,SAVE10
ORD-100189,2025-05-17,01:33,CUST-1338,Non-Member,Smoky Joe's BBQ,BBQ,Beaverton,Delivered,2,41.14,2.2,0.0,1.3,4.53,6.57,54.44,Gift Card,62,DRV-221,5,FREEDEL
ORD-100190,2025-05-18,07:34,CUST-1196,JET+ Member,La Taqueria,Mexican,Beaverton,Delivered,7,13.23,3.64,3.64,2.87,1.46,1.04,15.73,Apple Pay,28,DRV-218,5,
ORD-100191,2025-05-18,15:19,CUST-1375,Non-Member,Casa de Tacos,Mexican,Gresham,Delivered,4,82.34,5.69,0.0,3.67,9.06,17.15,114.24,Apple Pay,29,DRV-242,1,NEWUSER
ORD-100192,2025-05-19,11:29,CUST-1169,JET+ Member,Curry Corner,Indian,Gresham,Delivered,5,57.24,7.59,7.59,6.04,6.3,1.0,64.54,Debit Card,25,DRV-279,4,SUMMER26
ORD-100193,2025-05-19,16:21,CUST-1010,JET+ Member,The Green Bowl,Healthy,Portland,Delivered Late,7,73.04,2.45,2.45,1.47,8.03,0.07,81.14,Apple Pay,43,DRV-233,3,NEWUSER
ORD-100194,2025-05-21,13:02,CUST-1338,Non-Member,Thai Basil Kitchen,Thai,Lake Oswego,Delivered,3,81.5,2.91,0.0,2.1,8.96,10.31,103.68,Debit Card,48,DRV-270,4,
ORD-100195,2025-05-21,23:48,CUST-1246,JET+ Member,La Taqueria,Mexican,Beaverton,Delivered,7,58.59,4.83,4.83,3.85,6.44,1.37,66.4,Debit Card,41,DRV-209,3,NEWUSER
ORD-100196,2025-05-22,12:07,CUST-1071,Non-Member,Lucky Panda Wok,Chinese,Portland,Cancelled by Customer,5,42.19,4.69,0.0,2.87,4.64,7.49,59.01,Apple Pay,,DRV-287,,NEWUSER
ORD-100197,2025-05-23,06:21,CUST-1195,JET+ Member,Burger Barn,American,Lake Oswego,Delivered,3,14.66,5.33,5.33,3.22,1.61,3.15,19.42,PayPal,54,DRV-202,4,FREEDEL
ORD-100198,2025-05-24,03:01,CUST-1256,JET+ Member,The Green Bowl,Healthy,Hillsboro,Delivered,1,56.86,2.05,2.05,1.44,6.25,10.45,73.56,Gift Card,61,DRV-205,3,SUMMER26
ORD-100199,2025-05-24,17:18,CUST-1134,Non-Member,Thai Basil Kitchen,Thai,Gresham,Delivered,3,23.02,6.27,0.0,4.82,2.53,5.21,37.03,Gift Card,68,DRV-245,2,FREEDEL
ORD-100200,2025-05-25,12:27,CUST-1007,Non-Member,Burger Barn,American,Gresham,Delivered,7,45.09,5.8,0.0,3.69,4.96,4.74,60.59,Gift Card,72,DRV-275,4,
ORD-100201,2025-05-25,16:41,CUST-1235,Non-Member,Tokyo Bento Box,Japanese,Tigard,Delivered,4,38.74,6.42,0.0,4.18,4.26,5.44,54.86,Apple Pay,59,DRV-272,1,
ORD-100202,2025-05-26,14:35,CUST-1113,JET+ Member,Wok This Way,Asian Fusion,Gresham,Delivered,6,23.21,2.68,2.68,1.49,2.55,0.32,26.08,Debit Card,27,DRV-205,1,
ORD-100203,2025-05-26,16:49,CUST-1057,JET+ Member,Trattoria Bella,Italian,Gresham,Delivered,5,50.1,3.17,3.17,1.8,5.51,2.53,58.14,Google Pay,21,DRV-213,4,SAVE10
ORD-100204,2025-05-26,19:56,CUST-1300,JET+ Member,El Pollo Feliz,Mexican,Lake Oswego,Delivered,7,33.38,7.33,7.33,5.43,3.67,5.83,42.88,Gift Card,33,DRV-270,4,
ORD-100205,2025-05-27,08:58,CUST-1127,JET+ Member,Golden Dragon,Chinese,Gresham,Cancelled by Restaurant,4,56.44,5.48,5.48,3.57,6.21,8.49,71.14,Credit Card,,DRV-246,,
ORD-100206,2025-05-28,03:19,CUST-1092,JET+ Member,Olive & Vine,Mediterranean,Beaverton,Delivered,5,48.17,5.69,5.69,3.35,5.3,2.6,56.07,Gift Card,33,DRV-280,5,SAVE10
ORD-100207,2025-05-28,12:21,CUST-1293,Non-Member,Stars & Stripes Diner,American,Beaverton,Cancelled by Customer,4,28.67,5.54,0.0,3.26,3.15,2.18,39.54,Google Pay,,DRV-254,,
ORD-100208,2025-05-29,04:29,CUST-1057,Non-Member,Stars & Stripes Diner,American,Gresham,Delivered,7,26.09,4.23,0.0,3.32,2.87,3.29,36.48,Apple Pay,31,DRV-210,5,
ORD-100209,2025-05-29,09:42,CUST-1072,Non-Member,Trattoria Bella,Italian,Lake Oswego,Delivered,7,78.22,2.26,0.0,1.37,8.6,5.71,94.79,Credit Card,45,DRV-258,5,
ORD-100210,2025-05-29,21:14,CUST-1172,JET+ Member,The Green Bowl,Healthy,Hillsboro,Delivered,1,55.67,7.38,7.38,5.89,6.12,1.1,62.89,PayPal,39,DRV-218,3,FREEDEL
ORD-100211,2025-05-30,09:41,CUST-1209,Non-Member,Sunrise Skillet,Breakfast,Hillsboro,Delivered,3,41.3,7.36,0.0,5.28,4.54,2.45,55.65,Google Pay,66,DRV-277,4,SAVE10
ORD-100212,2025-05-30,09:46,CUST-1050,Non-Member,Tokyo Bento Box,Japanese,Gresham,Delivered,5,25.82,3.71,0.0,2.93,2.84,0.61,32.98,Credit Card,67,DRV-254,5,NEWUSER
ORD-100213,2025-05-30,11:38,CUST-1268,JET+ Member,Bangkok Street Eats,Thai,Lake Oswego,Delivered,6,32.19,2.17,2.17,1.64,3.54,1.42,37.15,Credit Card,20,DRV-227,1,NEWUSER
ORD-100214,2025-05-31,10:20,CUST-1246,JET+ Member,Curry Corner,Indian,Portland,Delivered,7,37.7,3.71,3.71,2.2,4.15,7.2,49.05,PayPal,46,DRV-284,1,FREEDEL
ORD-100215,2025-06-01,09:16,CUST-1164,JET+ Member,Smoky Joe's BBQ,BBQ,Hillsboro,Delivered,1,52.66,7.57,7.57,4.23,5.79,8.18,66.63,Credit Card,44,DRV-202,3,
ORD-100216,2025-06-01,14:38,CUST-1211,JET+ Member,Taj Spice Kitchen,Indian,Hillsboro,Delivered,5,38.58,4.89,4.89,3.82,4.24,5.26,48.08,PayPal,41,DRV-298,1,
ORD-100217,2025-06-01,14:54,CUST-1371,Non-Member,Mama Rosa's Pizzeria,Italian,Tigard,Delivered,2,20.32,5.95,0.0,4.43,2.24,3.87,32.38,Credit Card,36,DRV-246,4,
ORD-100218,2025-06-03,15:59,CUST-1368,Non-Member,Curry Corner,Indian,Tigard,Delivered,2,14.66,4.65,0.0,3.27,1.61,3.18,24.1,Google Pay,24,DRV-224,4,SUMMER26
ORD-100219,2025-06-04,15:23,CUST-1075,JET+ Member,Tokyo Bento Box,Japanese,Gresham,Delivered,3,70.05,7.75,7.75,5.66,7.71,16.07,93.83,Google Pay,74,DRV-235,5,
ORD-100220,2025-06-04,20:32,CUST-1294,JET+ Member,Stars & Stripes Diner,American,Portland,Delivered,4,60.15,4.37,4.37,2.86,6.62,9.1,75.87,Debit Card,61,DRV-261,4,SAVE10
ORD-100221,2025-06-05,18:34,CUST-1036,JET+ Member,Curry Corner,Indian,Portland,Delivered,2,15.89,6.42,6.42,3.81,1.75,1.69,19.33,Google Pay,45,DRV-276,4,
ORD-100222,2025-06-05,18:57,CUST-1345,JET+ Member,Wok This Way,Asian Fusion,Gresham,Delivered,6,72.99,2.52,2.52,1.4,8.03,1.03,82.05,PayPal,66,DRV-223,3,SAVE10
ORD-100223,2025-06-05,20:29,CUST-1045,Non-Member,Casa de Tacos,Mexican,Beaverton,Delivered,6,79.86,7.67,0.0,4.82,8.78,7.09,103.4,Debit Card,43,DRV-241,5,FREEDEL
ORD-100224,2025-06-07,03:04,CUST-1264,JET+ Member,Tokyo Bento Box,Japanese,Hillsboro,Cancelled by Customer,6,47.4,6.29,6.29,3.91,5.21,8.98,61.59,Debit Card,,DRV-226,,SAVE10
ORD-100225,2025-06-07,10:50,CUST-1246,Non-Member,Burger Barn,American,Tigard,Delivered,4,63.1,6.49,0.0,4.67,6.94,11.77,88.3,Credit Card,29,DRV-229,5,SAVE10
ORD-100226,2025-06-07,18:58,CUST-1330,Non-Member,Tokyo Bento Box,Japanese,Lake Oswego,Delivered,2,37.0,6.76,0.0,4.77,4.07,6.95,54.78,PayPal,63,DRV-221,5,
ORD-100227,2025-06-09,03:13,CUST-1399,JET+ Member,Sushi Zen,Japanese,Hillsboro,Delivered,6,25.09,5.59,5.59,4.3,2.76,1.23,29.08,Debit Card,35,DRV-232,1,SAVE10
ORD-100228,2025-06-09,04:52,CUST-1090,Non-Member,Lotus Thai Cafe,Thai,Lake Oswego,Delivered,1,42.78,5.34,0.0,3.1,4.71,8.74,61.57,PayPal,33,DRV-254,4,SAVE10
ORD-100229,2025-06-09,06:30,CUST-1262,Non-Member,Sushi Zen,Japanese,Lake Oswego,Delivered,1,64.58,5.84,0.0,4.37,7.1,10.09,87.61,Debit Card,48,DRV-260,4,FREEDEL
ORD-100230,2025-06-09,18:14,CUST-1318,Non-Member,Ramen Republic,Japanese,Hillsboro,Delivered,5,22.32,5.1,0.0,2.93,2.46,3.53,33.41,Gift Card,21,DRV-294,4,FREEDEL
ORD-100231,2025-06-10,19:50,CUST-1193,Non-Member,The Griddle House,American,Hillsboro,Cancelled by Customer,3,15.56,2.09,0.0,1.4,1.71,0.64,20.0,Debit Card,,DRV-279,,
ORD-100232,2025-06-11,10:18,CUST-1006,Non-Member,Casa de Tacos,Mexican,Hillsboro,Delivered,5,50.57,2.77,0.0,1.67,5.56,8.8,67.7,Gift Card,32,DRV-289,4,
ORD-100233,2025-06-11,12:57,CUST-1367,Non-Member,La Taqueria,Mexican,Gresham,Delivered,5,30.15,7.31,0.0,4.2,3.32,4.89,45.67,Gift Card,62,DRV-261,5,SUMMER26
ORD-100234,2025-06-13,13:42,CUST-1046,Non-Member,Sushi Zen,Japanese,Tigard,Delivered,6,32.99,5.84,0.0,4.27,3.63,2.17,44.63,PayPal,36,DRV-224,5,
ORD-100235,2025-06-13,15:40,CUST-1209,Non-Member,The Griddle House,American,Gresham,Delivered,2,40.75,7.99,0.0,4.84,4.48,2.86,56.08,Credit Card,43,DRV-267,5,
ORD-100236,2025-06-13,21:12,CUST-1177,Non-Member,The Griddle House,American,Gresham,Delivered,5,58.38,4.59,0.0,2.81,6.42,10.16,79.55,Debit Card,51,DRV-251,4,
ORD-100237,2025-06-14,08:12,CUST-1218,JET+ Member,Pho Saigon,Vietnamese,Hillsboro,Cancelled by Customer,1,22.71,4.01,4.01,3.2,2.5,0.09,25.3,PayPal,,DRV-284,,NEWUSER
ORD-100238,2025-06-15,02:42,CUST-1241,JET+ Member,Falafel House,Mediterranean,Portland,Delivered,1,28.05,6.82,6.82,4.5,3.09,4.95,36.09,PayPal,22,DRV-246,4,NEWUSER
ORD-100239,2025-06-15,23:00,CUST-1229,JET+ Member,Wok This Way,Asian Fusion,Tigard,Delivered,1,36.7,6.88,6.88,4.44,4.04,7.09,47.83,Apple Pay,63,DRV-292,1,FREEDEL
ORD-100240,2025-06-16,01:01,CUST-1356,Non-Member,Fresh Roots Salads,Healthy,Lake Oswego,Delivered,6,82.01,6.23,0.0,4.97,9.02,19.91,117.17,Debit Card,70,DRV-291,4,NEWUSER
ORD-100241,2025-06-16,11:52,CUST-1369,Non-Member,Sunrise Skillet,Breakfast,Lake Oswego,Delivered,7,47.73,6.7,0.0,3.7,5.25,11.13,70.81,Credit Card,54,DRV-229,4,NEWUSER
ORD-100242,2025-06-16,19:52,CUST-1182,Non-Member,Thai Basil Kitchen,Thai,Tigard,Delivered,1,26.77,3.83,0.0,2.66,2.94,1.18,34.72,Apple Pay,66,DRV-275,4,
ORD-100243,2025-06-18,01:42,CUST-1289,Non-Member,Pitmaster's Porch,BBQ,Lake Oswego,Delivered,6,70.09,4.64,0.0,2.8,7.71,3.31,85.75,PayPal,66,DRV-251,2,SUMMER26
ORD-100244,2025-06-18,05:19,CUST-1031,JET+ Member,Pancake Palace,Breakfast,Hillsboro,Delivered,5,34.78,7.88,7.88,6.23,3.83,1.24,39.85,Gift Card,58,DRV-206,2,
ORD-100245,2025-06-18,22:01,CUST-1087,Non-Member,Taj Spice Kitchen,Indian,Gresham,Delivered,6,84.34,2.96,0.0,2.22,9.28,18.71,115.29,Gift Card,20,DRV-260,5,SUMMER26
ORD-100246,2025-06-21,04:48,CUST-1049,Non-Member,Casa de Tacos,Mexican,Lake Oswego,Delivered,2,43.51,5.32,0.0,3.66,4.79,0.46,54.08,Apple Pay,43,DRV-278,5,
ORD-100247,2025-06-22,07:05,CUST-1325,Non-Member,Falafel House,Mediterranean,Tigard,Cancelled by Customer,6,76.33,5.27,0.0,3.98,8.4,9.76,99.76,PayPal,,DRV-286,,
ORD-100248,2025-06-22,18:31,CUST-1341,JET+ Member,Ramen Republic,Japanese,Lake Oswego,Delivered,3,50.72,5.55,5.55,3.08,5.58,6.53,62.83,Debit Card,37,DRV-273,3,SUMMER26
ORD-100249,2025-06-23,21:21,CUST-1087,Non-Member,Tokyo Bento Box,Japanese,Beaverton,Delivered,2,71.31,6.41,0.0,3.88,7.84,8.04,93.6,PayPal,44,DRV-282,5,
ORD-100250,2025-06-23,22:50,CUST-1141,JET+ Member,Casa de Tacos,Mexican,Beaverton,Delivered,6,59.35,5.07,5.07,3.12,6.53,2.01,67.89,Google Pay,24,DRV-210,5,
ORD-100251,2025-06-24,06:03,CUST-1213,JET+ Member,The Green Bowl,Healthy,Portland,Delivered,2,26.25,3.58,3.58,2.21,2.89,2.93,32.07,PayPal,36,DRV-270,5,NEWUSER
ORD-100252,2025-06-24,17:30,CUST-1296,JET+ Member,Bao Down,Chinese,Hillsboro,Delivered,3,26.81,7.46,7.46,5.59,2.95,0.89,30.65,Gift Card,60,DRV-252,5,NEWUSER
ORD-100253,2025-06-25,04:09,CUST-1296,Non-Member,La Taqueria,Mexican,Beaverton,Delivered,5,23.26,7.58,0.0,5.61,2.56,5.37,38.77,Debit Card,70,DRV-252,5,NEWUSER
ORD-100254,2025-06-25,15:03,CUST-1178,Non-Member,Sushi Zen,Japanese,Hillsboro,Delivered,6,41.1,4.82,0.0,3.35,4.52,5.15,55.59,Credit Card,44,DRV-281,5,
ORD-100255,2025-06-26,13:33,CUST-1074,JET+ Member,Curry Corner,Indian,Lake Oswego,Cancelled by Restaurant,6,22.08,3.41,3.41,1.9,2.43,1.7,26.21,Debit Card,,DRV-283,,FREEDEL
ORD-100256,2025-06-26,17:47,CUST-1299,Non-Member,Trattoria Bella,Italian,Lake Oswego,Delivered,5,65.63,3.15,0.0,1.95,7.22,11.65,87.65,PayPal,73,DRV-250,1,
ORD-100257,2025-06-26,20:08,CUST-1031,JET+ Member,Sunrise Skillet,Breakfast,Lake Oswego,Cancelled by Customer,3,30.56,7.5,7.5,4.98,3.36,4.61,38.53,Debit Card,,DRV-273,,SUMMER26
ORD-100258,2025-06-27,21:09,CUST-1113,JET+ Member,Lotus Thai Cafe,Thai,Gresham,Cancelled by Customer,2,32.93,2.81,2.81,1.93,3.62,3.68,40.23,Debit Card,,DRV-264,,
ORD-100259,2025-06-29,11:22,CUST-1332,JET+ Member,La Taqueria,Mexican,Lake Oswego,Delivered,2,18.8,2.43,2.43,1.45,2.07,0.9,21.77,PayPal,52,DRV-221,3,
ORD-100260,2025-06-29,22:11,CUST-1327,JET+ Member,El Pollo Feliz,Mexican,Hillsboro,Refunded,3,62.32,5.85,5.85,4.43,6.86,13.43,82.61,Gift Card,,DRV-267,,
ORD-100261,2025-06-30,20:17,CUST-1115,Non-Member,Pancake Palace,Breakfast,Beaverton,Delivered,5,14.29,7.07,0.0,3.95,1.57,2.68,25.61,Google Pay,39,DRV-259,3,SUMMER26
ORD-100262,2025-07-02,20:15,CUST-1366,JET+ Member,Fresh Roots Salads,Healthy,Beaverton,Delivered,5,76.28,2.85,2.85,1.86,8.39,14.22,98.89,Gift Card,35,DRV-288,5,SAVE10
ORD-100263,2025-07-03,03:38,CUST-1339,JET+ Member,Stars & Stripes Diner,American,Beaverton,Delivered,4,53.74,4.83,4.83,2.98,5.91,4.45,64.1,Apple Pay,47,DRV-228,1,FREEDEL
ORD-100264,2025-07-03,05:59,CUST-1086,Non-Member,Golden Dragon,Chinese,Tigard,Delivered,5,34.63,4.77,0.0,3.63,3.81,6.95,50.16,Apple Pay,25,DRV-212,1,NEWUSER
ORD-100265,2025-07-03,18:31,CUST-1371,JET+ Member,Pho Saigon,Vietnamese,Beaverton,Delivered,5,42.42,2.01,2.01,1.14,4.67,1.16,48.25,Gift Card,23,DRV-235,3,
ORD-100266,2025-07-03,20:37,CUST-1106,Non-Member,Lotus Thai Cafe,Thai,Portland,Delivered,2,76.94,4.36,0.0,3.14,8.46,2.87,92.63,Google Pay,72,DRV-268,4,
ORD-100267,2025-07-04,14:31,CUST-1384,Non-Member,Burger Barn,American,Tigard,Delivered,5,41.18,6.1,0.0,3.39,4.53,4.12,55.93,Credit Card,67,DRV-236,5,SAVE10
ORD-100268,2025-07-05,09:01,CUST-1038,JET+ Member,Fresh Roots Salads,Healthy,Hillsboro,Cancelled by Customer,4,58.51,2.72,2.72,1.9,6.44,10.04,74.99,Gift Card,,DRV-272,,SUMMER26
ORD-100269,2025-07-05,18:23,CUST-1127,Non-Member,Olive & Vine,Mediterranean,Lake Oswego,Delivered,6,62.03,2.65,0.0,1.53,6.82,11.47,82.97,Credit Card,21,DRV-214,4,
ORD-100270,2025-07-06,02:42,CUST-1242,Non-Member,Sushi Zen,Japanese,Tigard,Refunded,2,43.02,4.21,0.0,2.76,4.73,1.27,53.23,PayPal,,DRV-283,,
ORD-100271,2025-07-06,07:58,CUST-1224,Non-Member,Pancake Palace,Breakfast,Lake Oswego,Refunded,5,32.93,7.19,0.0,5.61,3.62,4.58,48.32,Debit Card,,DRV-296,,SUMMER26
ORD-100272,2025-07-06,23:16,CUST-1286,JET+ Member,Casa de Tacos,Mexican,Lake Oswego,Cancelled by Customer,7,23.18,3.98,3.98,2.86,2.55,2.54,28.27,PayPal,,DRV-218,,
ORD-100273,2025-07-07,13:35,CUST-1004,JET+ Member,Noodle & Co Express,Asian Fusion,Portland,Delivered,6,30.1,7.47,7.47,5.6,3.31,7.3,40.71,Google Pay,23,DRV-259,5,
ORD-100274,2025-07-07,19:11,CUST-1255,Non-Member,Olive & Vine,Mediterranean,Lake Oswego,Delivered,7,39.34,2.6,0.0,1.96,4.33,4.74,51.01,Google Pay,50,DRV-272,4,SUMMER26
ORD-100275,2025-07-07,22:01,CUST-1052,JET+ Member,Casa de Tacos,Mexican,Lake Oswego,Delivered,2,29.95,6.37,6.37,4.71,3.29,0.73,33.97,Debit Card,44,DRV-217,5,
ORD-100276,2025-07-08,21:48,CUST-1269,Non-Member,Ramen Republic,Japanese,Tigard,Delivered,2,76.27,7.84,0.0,5.18,8.39,6.57,99.07,Gift Card,60,DRV-254,1,SAVE10
ORD-100277,2025-07-08,23:49,CUST-1397,Non-Member,Wok This Way,Asian Fusion,Gresham,Delivered,1,14.82,3.24,0.0,2.2,1.63,3.0,22.69,Google Pay,23,DRV-239,5,SUMMER26
ORD-100278,2025-07-09,11:51,CUST-1169,Non-Member,Tokyo Bento Box,Japanese,Lake Oswego,Delivered,1,52.31,4.99,0.0,3.6,5.75,8.54,71.59,Apple Pay,74,DRV-299,1,SUMMER26
ORD-100279,2025-07-10,08:49,CUST-1113,JET+ Member,Mama Rosa's Pizzeria,Italian,Tigard,Delivered,7,42.53,3.94,3.94,2.95,4.68,10.18,57.39,Gift Card,67,DRV-215,4,SUMMER26
ORD-100280,2025-07-10,14:31,CUST-1239,Non-Member,Olive & Vine,Mediterranean,Gresham,Delivered,2,22.67,6.94,0.0,4.36,2.49,0.82,32.92,Credit Card,70,DRV-215,2,
ORD-100281,2025-07-11,22:34,CUST-1056,JET+ Member,Wok This Way,Asian Fusion,Hillsboro,Cancelled by Restaurant,1,77.71,7.3,7.3,5.75,8.55,8.31,94.57,Credit Card,,DRV-282,,SAVE10
ORD-100282,2025-07-11,22:51,CUST-1280,JET+ Member,Bangkok Street Eats,Thai,Portland,Delivered,6,81.56,5.65,5.65,3.47,8.97,12.75,103.28,Debit Card,36,DRV-297,4,
ORD-100283,2025-07-13,05:52,CUST-1312,JET+ Member,Lucky Panda Wok,Chinese,Gresham,Refunded,5,24.12,4.7,4.7,3.06,2.65,4.63,31.4,Debit Card,,DRV-286,,NEWUSER
ORD-100284,2025-07-13,06:11,CUST-1120,Non-Member,Stars & Stripes Diner,American,Portland,Delivered,5,70.82,7.36,0.0,4.18,7.79,10.18,96.15,Credit Card,44,DRV-256,2,SUMMER26
ORD-100285,2025-07-13,06:48,CUST-1096,JET+ Member,Golden Dragon,Chinese,Hillsboro,Delivered,4,31.15,2.55,2.55,1.76,3.43,4.78,39.36,Gift Card,59,DRV-233,2,NEWUSER
ORD-100286,2025-07-14,23:33,CUST-1007,JET+ Member,Taj Spice Kitchen,Indian,Portland,Delivered Late,3,41.5,5.21,5.21,3.46,4.57,9.98,56.05,Apple Pay,58,DRV-299,4,FREEDEL
ORD-100287,2025-07-15,06:40,CUST-1212,Non-Member,Pancake Palace,Breakfast,Tigard,Delivered,6,26.92,6.35,0.0,3.81,2.96,1.96,38.19,Gift Card,46,DRV-248,2,
ORD-100288,2025-07-15,22:42,CUST-1388,JET+ Member,Pancake Palace,Breakfast,Lake Oswego,Delivered,4,24.73,2.28,2.28,1.36,2.72,0.03,27.48,Google Pay,46,DRV-244,4,FREEDEL
ORD-100289,2025-07-17,13:18,CUST-1189,Non-Member,Olive & Vine,Mediterranean,Beaverton,Delivered,1,47.29,5.19,0.0,3.27,5.2,1.24,58.92,Debit Card,55,DRV-203,5,NEWUSER
ORD-100290,2025-07-17,17:42,CUST-1094,JET+ Member,Taj Spice Kitchen,Indian,Hillsboro,Cancelled by Customer,2,35.61,7.15,7.15,4.38,3.92,8.58,48.11,Google Pay,,DRV-202,,NEWUSER
ORD-100291,2025-07-18,19:04,CUST-1238,JET+ Member,The Green Bowl,Healthy,Hillsboro,Delivered,2,76.05,2.27,2.27,1.81,8.37,4.71,89.13,Debit Card,35,DRV-209,2,NEWUSER
ORD-100292,2025-07-19,20:42,CUST-1301,Non-Member,Banh Mi Bros,Vietnamese,Portland,Delivered,2,42.56,6.54,0.0,4.95,4.68,5.97,59.75,Credit Card,39,DRV-213,4,SAVE10
ORD-100293,2025-07-21,03:16,CUST-1097,JET+ Member,Pho Saigon,Vietnamese,Lake Oswego,Refunded,3,78.72,7.45,7.45,4.51,8.66,6.12,93.5,Debit Card,,DRV-219,,SAVE10
ORD-100294,2025-07-22,16:39,CUST-1304,Non-Member,Sunrise Skillet,Breakfast,Tigard,Delivered,3,84.06,2.26,0.0,1.67,9.25,1.51,97.08,Debit Card,51,DRV-275,4,SUMMER26
ORD-100295,2025-07-24,02:05,CUST-1051,Non-Member,Burger Barn,American,Tigard,Delivered,2,82.89,3.54,0.0,2.39,9.12,17.81,113.36,PayPal,43,DRV-241,4,
ORD-100296,2025-07-25,16:35,CUST-1080,Non-Member,The Green Bowl,Healthy,Lake Oswego,Delivered,1,37.6,4.45,0.0,3.22,4.14,7.95,54.14,Debit Card,59,DRV-217,4,SAVE10
ORD-100297,2025-07-26,07:54,CUST-1023,JET+ Member,Bao Down,Chinese,Beaverton,Delivered,5,64.44,5.51,5.51,3.47,7.09,11.23,82.76,PayPal,72,DRV-219,2,SAVE10
ORD-100298,2025-07-27,20:09,CUST-1016,Non-Member,Curry Corner,Indian,Lake Oswego,Delivered Late,4,70.27,7.31,0.0,4.72,7.73,17.51,102.82,Gift Card,26,DRV-280,5,FREEDEL
ORD-100299,2025-07-28,10:19,CUST-1051,JET+ Member,Sunrise Skillet,Breakfast,Gresham,Cancelled by Customer,1,26.75,3.1,3.1,2.11,2.94,3.13,32.82,Google Pay,,DRV-200,,
ORD-100300,2025-07-28,14:02,CUST-1204,JET+ Member,Wok This Way,Asian Fusion,Beaverton,Refunded,6,15.97,3.79,3.79,2.3,1.76,2.48,20.21,Credit Card,,DRV-205,,SAVE10
ORD-100301,2025-07-29,07:17,CUST-1098,JET+ Member,Ramen Republic,Japanese,Gresham,Delivered,3,76.6,2.82,2.82,1.59,8.43,13.49,98.52,Google Pay,43,DRV-283,4,SAVE10
ORD-100302,2025-07-30,17:12,CUST-1384,Non-Member,The Green Bowl,Healthy,Beaverton,Delivered,4,22.12,3.69,0.0,2.65,2.43,5.03,33.27,Credit Card,29,DRV-254,4,SUMMER26
ORD-100303,2025-07-31,15:32,CUST-1033,JET+ Member,Falafel House,Mediterranean,Gresham,Delivered,4,49.34,4.69,4.69,3.46,5.43,5.73,60.5,Debit Card,37,DRV-226,4,
ORD-100304,2025-07-31,22:23,CUST-1383,Non-Member,Pitmaster's Porch,BBQ,Hillsboro,Delivered Late,4,63.38,4.12,0.0,2.88,6.97,3.54,78.01,Google Pay,27,DRV-299,4,
ORD-100305,2025-08-01,12:47,CUST-1055,JET+ Member,Sunrise Skillet,Breakfast,Hillsboro,Delivered,5,43.27,6.13,6.13,4.7,4.76,4.0,52.03,Apple Pay,50,DRV-206,4,SAVE10
ORD-100306,2025-08-01,16:47,CUST-1113,JET+ Member,Sushi Zen,Japanese,Tigard,Delivered,7,79.94,5.66,5.66,3.16,8.79,3.15,91.88,Debit Card,29,DRV-281,2,NEWUSER
ORD-100307,2025-08-02,06:02,CUST-1161,Non-Member,Slice of Napoli,Italian,Gresham,Cancelled by Restaurant,1,32.3,7.56,0.0,4.47,3.55,7.98,51.39,Debit Card,,DRV-231,,NEWUSER
ORD-100308,2025-08-04,19:57,CUST-1138,Non-Member,La Taqueria,Mexican,Portland,Delivered,4,22.15,6.84,0.0,4.92,2.44,1.08,32.51,PayPal,54,DRV-216,5,NEWUSER
ORD-100309,2025-08-05,22:52,CUST-1125,Non-Member,Mama Rosa's Pizzeria,Italian,Portland,Delivered,3,43.41,5.84,0.0,4.01,4.78,0.82,54.85,Credit Card,56,DRV-286,3,SAVE10
ORD-100310,2025-08-06,11:08,CUST-1016,JET+ Member,The Green Bowl,Healthy,Lake Oswego,Delivered,2,22.6,2.87,2.87,2.01,2.49,5.2,30.29,PayPal,42,DRV-234,5,FREEDEL
ORD-100311,2025-08-06,19:32,CUST-1156,Non-Member,Curry Corner,Indian,Lake Oswego,Delivered,1,50.62,2.19,0.0,1.41,5.57,6.0,64.38,PayPal,32,DRV-203,2,
ORD-100312,2025-08-07,13:50,CUST-1011,JET+ Member,Falafel House,Mediterranean,Tigard,Delivered,6,52.78,3.69,3.69,2.58,5.81,5.73,64.32,Gift Card,70,DRV-228,1,SUMMER26
ORD-100313,2025-08-07,23:55,CUST-1214,JET+ Member,Slice of Napoli,Italian,Gresham,Delivered,7,82.48,7.77,7.77,5.94,9.07,3.87,95.42,Apple Pay,51,DRV-287,5,SUMMER26
ORD-100314,2025-08-08,06:40,CUST-1128,JET+ Member,Trattoria Bella,Italian,Beaverton,Delivered,1,67.34,7.63,7.63,5.46,7.41,7.27,82.02,PayPal,60,DRV-245,5,
ORD-100315,2025-08-10,22:08,CUST-1284,JET+ Member,Bangkok Street Eats,Thai,Lake Oswego,Delivered,2,58.78,2.05,2.05,1.23,6.47,7.72,72.97,Debit Card,27,DRV-241,5,SAVE10
ORD-100316,2025-08-12,16:21,CUST-1066,JET+ Member,Sunrise Skillet,Breakfast,Portland,Delivered,5,65.66,6.26,6.26,4.79,7.22,3.02,75.9,Apple Pay,18,DRV-230,3,NEWUSER
ORD-100317,2025-08-12,22:06,CUST-1193,JET+ Member,Stars & Stripes Diner,American,Gresham,Refunded,4,74.01,7.56,7.56,4.64,8.14,2.64,84.79,Credit Card,,DRV-271,,
ORD-100318,2025-08-13,11:17,CUST-1094,Non-Member,Sunrise Skillet,Breakfast,Tigard,Delivered,4,74.38,4.39,0.0,3.15,8.18,7.44,94.39,Apple Pay,45,DRV-288,3,
ORD-100319,2025-08-14,00:58,CUST-1395,Non-Member,Curry Corner,Indian,Portland,Cancelled by Customer,4,37.02,3.05,0.0,2.19,4.07,7.83,51.97,Google Pay,,DRV-228,,FREEDEL
ORD-100320,2025-08-14,02:01,CUST-1070,Non-Member,Curry Corner,Indian,Beaverton,Delivered,6,59.64,6.82,0.0,4.66,6.56,9.44,82.46,Google Pay,34,DRV-203,5,
ORD-100321,2025-08-14,10:32,CUST-1222,JET+ Member,Sunrise Skillet,Breakfast,Lake Oswego,Delivered,2,58.28,2.63,2.63,1.54,6.41,6.11,70.8,Gift Card,73,DRV-259,5,FREEDEL
ORD-100322,2025-08-14,17:21,CUST-1259,JET+ Member,Pancake Palace,Breakfast,Beaverton,Delivered,4,15.87,4.03,4.03,2.91,1.75,0.7,18.32,Google Pay,30,DRV-220,4,
ORD-100323,2025-08-15,10:24,CUST-1146,JET+ Member,The Green Bowl,Healthy,Portland,Delivered Late,7,46.07,2.25,2.25,1.32,5.07,7.87,59.01,Credit Card,60,DRV-241,4,SAVE10
ORD-100324,2025-08-16,15:27,CUST-1169,Non-Member,Pancake Palace,Breakfast,Hillsboro,Delivered,3,20.4,2.26,0.0,1.69,2.24,2.16,27.06,PayPal,32,DRV-269,4,SAVE10
ORD-100325,2025-08-16,15:54,CUST-1316,Non-Member,Pancake Palace,Breakfast,Lake Oswego,Delivered,5,51.17,6.96,0.0,4.07,5.63,11.64,75.4,Apple Pay,48,DRV-223,3,SUMMER26
ORD-100326,2025-08-18,02:22,CUST-1196,JET+ Member,Tokyo Bento Box,Japanese,Beaverton,Delivered,5,16.48,5.57,5.57,3.23,1.81,1.01,19.3,Gift Card,36,DRV-273,5,FREEDEL
ORD-100327,2025-08-18,04:02,CUST-1008,JET+ Member,Casa de Tacos,Mexican,Portland,Refunded,5,65.24,3.85,3.85,2.64,7.18,15.06,87.48,Gift Card,,DRV-215,,
ORD-100328,2025-08-19,04:10,CUST-1133,JET+ Member,La Taqueria,Mexican,Tigard,Delivered,3,58.22,3.13,3.13,2.44,6.4,1.5,66.12,Credit Card,18,DRV-285,1,
ORD-100329,2025-08-19,17:42,CUST-1211,Non-Member,El Pollo Feliz,Mexican,Beaverton,Delivered Late,2,18.3,7.26,0.0,5.67,2.01,3.76,31.33,PayPal,50,DRV-255,5,SAVE10
ORD-100330,2025-08-20,04:34,CUST-1340,JET+ Member,Noodle & Co Express,Asian Fusion,Hillsboro,Delivered,7,48.24,4.78,4.78,2.64,5.31,9.49,63.04,Apple Pay,36,DRV-287,3,SUMMER26
ORD-100331,2025-08-20,12:39,CUST-1352,Non-Member,Smoky Joe's BBQ,BBQ,Tigard,Delivered,2,65.25,6.78,0.0,4.86,7.18,13.81,93.02,Apple Pay,74,DRV-242,5,
ORD-100332,2025-08-21,03:16,CUST-1018,JET+ Member,Burger Barn,American,Lake Oswego,Delivered,6,40.25,6.91,6.91,4.24,4.43,7.5,52.18,Gift Card,22,DRV-262,2,SAVE10
ORD-100333,2025-08-21,23:56,CUST-1147,Non-Member,Tokyo Bento Box,Japanese,Portland,Delivered,1,29.23,6.57,0.0,5.14,3.22,3.64,42.66,Debit Card,54,DRV-286,2,
ORD-100334,2025-08-23,02:12,CUST-1390,JET+ Member,Burger Barn,American,Portland,Cancelled by Customer,6,61.97,3.08,3.08,1.7,6.82,5.18,73.97,Credit Card,,DRV-221,,NEWUSER
ORD-100335,2025-08-23,04:00,CUST-1026,Non-Member,El Pollo Feliz,Mexican,Beaverton,Delivered,4,20.5,5.69,0.0,3.99,2.25,4.98,33.42,Gift Card,39,DRV-206,5,SUMMER26
ORD-100336,2025-08-23,08:01,CUST-1273,Non-Member,Falafel House,Mediterranean,Gresham,Delivered,2,23.84,3.98,0.0,2.52,2.62,2.71,33.15,PayPal,28,DRV-227,5,FREEDEL
ORD-100337,2025-08-23,09:45,CUST-1053,JET+ Member,La Taqueria,Mexican,Beaverton,Delivered,7,80.94,6.28,6.28,3.56,8.9,12.01,101.85,Credit Card,74,DRV-266,4,
ORD-100338,2025-08-23,20:15,CUST-1218,JET+ Member,La Taqueria,Mexican,Lake Oswego,Delivered,6,51.24,5.82,5.82,3.4,5.64,7.08,63.96,Debit Card,29,DRV-226,4,SAVE10
ORD-100339,2025-08-24,15:08,CUST-1135,JET+ Member,Noodle & Co Express,Asian Fusion,Gresham,Delivered,1,44.8,2.67,2.67,1.85,4.93,2.08,51.81,PayPal,56,DRV-219,3,FREEDEL
ORD-100340,2025-08-24,21:09,CUST-1074,JET+ Member,El Pollo Feliz,Mexican,Beaverton,Refunded,5,45.86,3.73,3.73,2.79,5.04,10.41,61.31,Apple Pay,,DRV-226,,FREEDEL
ORD-100341,2025-08-26,06:01,CUST-1239,Non-Member,Burger Barn,American,Beaverton,Delivered Late,4,17.22,7.59,0.0,5.95,1.89,2.35,29.05,Gift Card,53,DRV-229,4,
ORD-100342,2025-08-26,10:16,CUST-1027,JET+ Member,Sushi Zen,Japanese,Beaverton,Delivered,2,17.45,6.8,6.8,3.8,1.92,0.12,19.49,Debit Card,44,DRV-261,1,NEWUSER
ORD-100343,2025-08-28,01:15,CUST-1143,Non-Member,Smoky Joe's BBQ,BBQ,Tigard,Delivered,2,65.94,6.28,0.0,3.87,7.25,9.17,88.64,Google Pay,66,DRV-286,4,SAVE10
ORD-100344,2025-08-28,09:19,CUST-1259,JET+ Member,Golden Dragon,Chinese,Portland,Delivered,7,82.66,2.34,2.34,1.83,9.09,11.73,103.48,PayPal,58,DRV-214,3,
ORD-100345,2025-08-28,14:59,CUST-1340,JET+ Member,La Taqueria,Mexican,Portland,Delivered,5,29.64,5.7,5.7,4.46,3.26,1.91,34.81,Gift Card,57,DRV-298,2,
ORD-100346,2025-08-28,15:14,CUST-1058,JET+ Member,The Green Bowl,Healthy,Tigard,Delivered,2,21.62,2.74,2.74,2.16,2.38,2.61,26.61,Apple Pay,72,DRV-237,4,NEWUSER
ORD-100347,2025-08-29,03:05,CUST-1300,Non-Member,Pho Saigon,Vietnamese,Beaverton,Delivered,6,69.89,5.71,0.0,3.57,7.69,5.42,88.71,Debit Card,73,DRV-243,5,SUMMER26
ORD-100348,2025-08-29,08:43,CUST-1294,Non-Member,Olive & Vine,Mediterranean,Portland,Delivered,2,76.71,7.52,0.0,5.08,8.44,9.98,102.65,Google Pay,63,DRV-231,1,FREEDEL
ORD-100349,2025-08-30,15:25,CUST-1311,Non-Member,Burger Barn,American,Hillsboro,Delivered,4,25.52,5.36,0.0,3.08,2.81,4.17,37.86,Credit Card,72,DRV-293,4,SAVE10
ORD-100350,2025-08-31,16:39,CUST-1328,Non-Member,Taj Spice Kitchen,Indian,Portland,Delivered,6,29.57,4.15,0.0,2.47,3.25,3.46,40.43,Gift Card,40,DRV-224,2,NEWUSER
ORD-100351,2025-09-01,00:22,CUST-1334,Non-Member,Casa de Tacos,Mexican,Gresham,Delivered,3,22.65,3.35,0.0,2.3,2.49,1.22,29.71,Google Pay,27,DRV-256,5,FREEDEL
ORD-100352,2025-09-01,03:46,CUST-1285,JET+ Member,Slice of Napoli,Italian,Tigard,Delivered Late,4,58.56,4.1,4.1,2.48,6.44,10.13,75.13,Credit Card,57,DRV-257,4,NEWUSER
ORD-100353,2025-09-01,05:46,CUST-1223,JET+ Member,Smoky Joe's BBQ,BBQ,Gresham,Delivered,2,12.07,2.2,2.2,1.75,1.33,2.36,15.76,Google Pay,71,DRV-290,4,SUMMER26
ORD-100354,2025-09-01,18:52,CUST-1102,Non-Member,Golden Dragon,Chinese,Lake Oswego,Delivered Late,6,57.27,4.79,0.0,3.08,6.3,2.92,71.28,Credit Card,24,DRV-211,1,SUMMER26
ORD-100355,2025-09-02,06:17,CUST-1191,Non-Member,Slice of Napoli,Italian,Lake Oswego,Delivered,1,70.29,7.44,0.0,5.45,7.73,11.01,96.47,PayPal,42,DRV-251,2,
ORD-100356,2025-09-04,23:21,CUST-1125,Non-Member,Trattoria Bella,Italian,Gresham,Delivered,6,26.46,5.43,0.0,3.66,2.91,3.84,38.64,Apple Pay,39,DRV-230,5,
ORD-100357,2025-09-06,07:49,CUST-1113,Non-Member,Pancake Palace,Breakfast,Lake Oswego,Refunded,5,78.42,3.76,0.0,2.6,8.63,5.68,96.49,Google Pay,,DRV-244,,
ORD-100358,2025-09-06,20:51,CUST-1033,Non-Member,Lotus Thai Cafe,Thai,Beaverton,Delivered,1,73.08,3.02,0.0,2.12,8.04,13.76,97.9,Debit Card,71,DRV-202,5,
ORD-100359,2025-09-08,19:04,CUST-1224,Non-Member,Sushi Zen,Japanese,Beaverton,Delivered,7,48.84,7.8,0.0,4.94,5.37,10.88,72.89,Debit Card,59,DRV-292,5,NEWUSER
ORD-100360,2025-09-09,14:45,CUST-1072,Non-Member,Tokyo Bento Box,Japanese,Portland,Delivered Late,4,50.66,6.23,0.0,4.32,5.57,1.18,63.64,PayPal,66,DRV-217,5,
ORD-100361,2025-09-09,16:02,CUST-1187,JET+ Member,Taj Spice Kitchen,Indian,Gresham,Delivered,2,59.51,2.76,2.76,2.16,6.55,7.52,73.58,Google Pay,64,DRV-265,4,
ORD-100362,2025-09-10,05:48,CUST-1173,Non-Member,Lucky Panda Wok,Chinese,Gresham,Delivered,1,63.66,6.8,0.0,4.77,7.0,13.48,90.94,PayPal,41,DRV-284,4,NEWUSER
ORD-100363,2025-09-11,12:55,CUST-1110,Non-Member,El Pollo Feliz,Mexican,Portland,Delivered,6,82.41,3.58,0.0,2.35,9.07,8.91,103.97,Debit Card,32,DRV-277,4,NEWUSER
ORD-100364,2025-09-12,07:11,CUST-1227,Non-Member,Bao Down,Chinese,Beaverton,Refunded,7,80.09,3.47,0.0,2.48,8.81,3.13,95.5,Gift Card,,DRV-206,,SAVE10
ORD-100365,2025-09-13,10:39,CUST-1059,JET+ Member,Tokyo Bento Box,Japanese,Beaverton,Cancelled by Restaurant,1,13.37,5.0,5.0,3.83,1.47,1.09,15.93,Google Pay,,DRV-298,,
ORD-100366,2025-09-13,13:59,CUST-1130,Non-Member,Pho Saigon,Vietnamese,Hillsboro,Cancelled by Customer,4,28.38,2.27,0.0,1.45,3.12,5.05,38.82,Google Pay,,DRV-254,,FREEDEL
ORD-100367,2025-09-13,18:40,CUST-1162,JET+ Member,Bangkok Street Eats,Thai,Hillsboro,Delivered,5,41.57,6.26,6.26,4.42,4.57,1.91,48.05,Credit Card,24,DRV-243,2,SUMMER26
ORD-100368,2025-09-13,20:58,CUST-1208,JET+ Member,Taj Spice Kitchen,Indian,Lake Oswego,Delivered,1,34.98,5.37,5.37,3.86,3.85,0.58,39.41,PayPal,18,DRV-221,4,NEWUSER
ORD-100369,2025-09-14,13:43,CUST-1326,JET+ Member,Noodle & Co Express,Asian Fusion,Lake Oswego,Delivered,3,79.73,5.6,5.6,3.58,8.77,8.83,97.33,Credit Card,55,DRV-242,5,SUMMER26
ORD-100370,2025-09-15,12:27,CUST-1138,JET+ Member,Sushi Zen,Japanese,Hillsboro,Delivered,2,74.07,7.15,7.15,4.54,8.15,12.2,94.42,Apple Pay,40,DRV-235,5,
ORD-100371,2025-09-15,19:52,CUST-1052,Non-Member,Lucky Panda Wok,Chinese,Lake Oswego,Delivered,6,41.02,4.46,0.0,2.66,4.51,7.76,57.75,Gift Card,36,DRV-258,3,SUMMER26
ORD-100372,2025-09-17,07:40,CUST-1213,JET+ Member,Wok This Way,Asian Fusion,Tigard,Delivered,4,55.4,6.78,6.78,5.05,6.09,12.03,73.52,Debit Card,34,DRV-270,2,SUMMER26
ORD-100373,2025-09-18,06:42,CUST-1011,JET+ Member,Pancake Palace,Breakfast,Gresham,Delivered,6,19.47,3.22,3.22,2.42,2.14,0.52,22.13,Apple Pay,53,DRV-291,2,FREEDEL
ORD-100374,2025-09-19,04:53,CUST-1208,Non-Member,Lotus Thai Cafe,Thai,Beaverton,Delivered,4,78.42,6.75,0.0,3.81,8.63,8.41,102.21,PayPal,57,DRV-298,5,
ORD-100375,2025-09-19,19:27,CUST-1195,Non-Member,Bao Down,Chinese,Lake Oswego,Cancelled by Restaurant,4,22.91,4.09,0.0,2.98,2.52,1.0,30.52,Debit Card,,DRV-241,,SAVE10
ORD-100376,2025-09-19,20:22,CUST-1136,Non-Member,Taj Spice Kitchen,Indian,Hillsboro,Delivered,7,30.61,3.02,0.0,2.04,3.37,0.86,37.86,Google Pay,53,DRV-252,1,
ORD-100377,2025-09-20,00:12,CUST-1256,Non-Member,Sunrise Skillet,Breakfast,Beaverton,Delivered,1,30.78,3.02,0.0,1.79,3.39,3.53,40.72,Credit Card,27,DRV-298,4,
ORD-100378,2025-09-20,00:54,CUST-1122,Non-Member,Pho Saigon,Vietnamese,Tigard,Delivered,5,30.31,4.18,0.0,2.46,3.33,6.61,44.43,Google Pay,52,DRV-213,5,SUMMER26
ORD-100379,2025-09-20,03:28,CUST-1249,Non-Member,Lotus Thai Cafe,Thai,Tigard,Delivered,6,84.62,7.17,0.0,3.99,9.31,5.32,106.42,Apple Pay,20,DRV-284,5,
ORD-100380,2025-09-20,05:26,CUST-1135,JET+ Member,Curry Corner,Indian,Lake Oswego,Delivered,3,81.71,3.45,3.45,1.98,8.99,15.39,106.09,Gift Card,68,DRV-227,3,
ORD-100381,2025-09-21,09:01,CUST-1378,Non-Member,El Pollo Feliz,Mexican,Tigard,Delivered Late,7,41.56,6.84,0.0,5.43,4.57,0.84,53.81,Google Pay,55,DRV-287,5,
ORD-100382,2025-09-22,04:35,CUST-1067,Non-Member,Thai Basil Kitchen,Thai,Portland,Delivered,1,22.72,7.15,0.0,5.4,2.5,3.06,35.43,Debit Card,64,DRV-209,3,SUMMER26
ORD-100383,2025-09-23,15:35,CUST-1307,JET+ Member,Stars & Stripes Diner,American,Lake Oswego,Delivered,1,64.86,2.14,2.14,1.55,7.13,16.06,88.05,Google Pay,31,DRV-227,2,
ORD-100384,2025-09-24,07:44,CUST-1006,JET+ Member,Sushi Zen,Japanese,Gresham,Delivered,4,78.03,3.1,3.1,2.46,8.58,15.84,102.45,Google Pay,67,DRV-256,2,SUMMER26
ORD-100385,2025-09-25,00:39,CUST-1272,Non-Member,Olive & Vine,Mediterranean,Gresham,Cancelled by Customer,6,30.66,6.32,0.0,3.82,3.37,6.35,46.7,Apple Pay,,DRV-269,,SAVE10
ORD-100386,2025-09-25,20:14,CUST-1200,Non-Member,Tokyo Bento Box,Japanese,Tigard,Delivered,3,35.37,3.34,0.0,2.23,3.89,7.45,50.05,Apple Pay,70,DRV-251,3,
ORD-100387,2025-09-26,00:56,CUST-1066,Non-Member,Sunrise Skillet,Breakfast,Lake Oswego,Delivered,7,50.43,3.01,0.0,2.27,5.55,7.36,66.35,Credit Card,33,DRV-294,5,NEWUSER
ORD-100388,2025-09-26,11:58,CUST-1341,Non-Member,Sushi Zen,Japanese,Portland,Delivered,7,33.82,5.53,0.0,3.59,3.72,2.32,45.39,Credit Card,68,DRV-218,2,SAVE10
ORD-100389,2025-09-28,13:52,CUST-1145,JET+ Member,Mama Rosa's Pizzeria,Italian,Tigard,Delivered,5,24.3,4.39,4.39,3.28,2.67,3.59,30.56,Debit Card,23,DRV-253,2,SUMMER26
ORD-100390,2025-09-29,04:07,CUST-1289,JET+ Member,Slice of Napoli,Italian,Lake Oswego,Delivered,6,55.76,7.71,7.71,5.19,6.13,4.19,66.08,Gift Card,45,DRV-235,4,NEWUSER
ORD-100391,2025-09-29,19:04,CUST-1397,Non-Member,Pho Saigon,Vietnamese,Gresham,Delivered,1,36.85,7.24,0.0,4.48,4.05,1.45,49.59,PayPal,35,DRV-285,2,NEWUSER
ORD-100392,2025-09-30,07:18,CUST-1109,Non-Member,Stars & Stripes Diner,American,Lake Oswego,Refunded,2,59.37,6.66,0.0,4.35,6.53,4.06,76.62,Credit Card,,DRV-207,,SAVE10
ORD-100393,2025-09-30,13:27,CUST-1236,Non-Member,Slice of Napoli,Italian,Hillsboro,Delivered,7,24.39,6.33,0.0,3.79,2.68,5.47,38.87,PayPal,19,DRV-252,4,
ORD-100394,2025-09-30,21:22,CUST-1189,Non-Member,Falafel House,Mediterranean,Tigard,Delivered Late,7,15.63,3.96,0.0,3.04,1.72,3.58,24.89,Apple Pay,45,DRV-265,4,SUMMER26
ORD-100395,2025-10-01,11:43,CUST-1253,JET+ Member,Sunrise Skillet,Breakfast,Lake Oswego,Delivered,4,71.39,2.95,2.95,2.11,7.85,13.48,92.72,Credit Card,20,DRV-292,5,
ORD-100396,2025-10-02,00:47,CUST-1154,Non-Member,Stars & Stripes Diner,American,Beaverton,Delivered,3,36.75,3.96,0.0,2.27,4.04,0.23,44.98,Google Pay,29,DRV-275,1,
ORD-100397,2025-10-04,14:00,CUST-1347,JET+ Member,Lotus Thai Cafe,Thai,Beaverton,Refunded,6,59.26,2.8,2.8,1.85,6.52,13.23,79.01,Gift Card,,DRV-201,,FREEDEL
ORD-100398,2025-10-04,19:44,CUST-1305,JET+ Member,Falafel House,Mediterranean,Hillsboro,Refunded,1,31.75,4.18,4.18,2.63,3.49,1.25,36.49,Credit Card,,DRV-293,,FREEDEL
ORD-100399,2025-10-05,07:18,CUST-1354,JET+ Member,Curry Corner,Indian,Hillsboro,Cancelled by Customer,1,49.88,3.89,3.89,2.89,5.49,8.25,63.62,Apple Pay,,DRV-273,,SAVE10
ORD-100400,2025-10-05,13:12,CUST-1037,Non-Member,Wok This Way,Asian Fusion,Portland,Delivered,2,37.4,7.7,0.0,5.42,4.11,3.57,52.78,Gift Card,20,DRV-260,3,NEWUSER
ORD-100401,2025-10-07,01:29,CUST-1184,JET+ Member,Sunrise Skillet,Breakfast,Tigard,Delivered,2,18.31,4.56,4.56,2.7,2.01,1.59,21.91,Google Pay,63,DRV-226,3,FREEDEL
ORD-100402,2025-10-07,15:04,CUST-1276,JET+ Member,Sunrise Skillet,Breakfast,Portland,Delivered,5,23.93,6.0,6.0,3.87,2.63,3.7,30.26,Apple Pay,20,DRV-246,5,NEWUSER
ORD-100403,2025-10-08,09:57,CUST-1340,JET+ Member,Pho Saigon,Vietnamese,Hillsboro,Delivered,7,79.01,4.43,4.43,2.8,8.69,1.71,89.41,Gift Card,54,DRV-235,4,
ORD-100404,2025-10-08,11:18,CUST-1216,JET+ Member,Bao Down,Chinese,Tigard,Delivered Late,6,83.39,4.46,4.46,3.34,9.17,1.77,94.33,Debit Card,49,DRV-226,1,
ORD-100405,2025-10-09,00:37,CUST-1180,JET+ Member,Noodle & Co Express,Asian Fusion,Tigard,Delivered,2,42.42,7.21,7.21,5.56,4.67,1.14,48.23,Debit Card,50,DRV-228,4,
ORD-100406,2025-10-10,02:58,CUST-1078,JET+ Member,Burger Barn,American,Hillsboro,Delivered,1,58.51,3.73,3.73,2.16,6.44,2.27,67.22,Debit Card,27,DRV-247,2,
ORD-100407,2025-10-11,14:53,CUST-1287,JET+ Member,Fresh Roots Salads,Healthy,Lake Oswego,Delivered,2,31.22,7.12,7.12,3.95,3.43,1.53,36.18,Gift Card,63,DRV-234,1,
ORD-100408,2025-10-11,21:08,CUST-1342,Non-Member,Trattoria Bella,Italian,Tigard,Cancelled by Restaurant,1,34.17,4.52,0.0,2.69,3.76,3.59,46.04,Debit Card,,DRV-241,,
ORD-100409,2025-10-12,04:58,CUST-1038,Non-Member,Burger Barn,American,Beaverton,Delivered,6,58.73,5.66,0.0,4.03,6.46,11.35,82.2,Credit Card,36,DRV-291,4,
ORD-100410,2025-10-14,03:05,CUST-1279,Non-Member,Tokyo Bento Box,Japanese,Hillsboro,Delivered,1,28.17,3.94,0.0,2.19,3.1,1.08,36.29,Debit Card,50,DRV-265,4,SUMMER26
ORD-100411,2025-10-15,12:14,CUST-1251,Non-Member,Golden Dragon,Chinese,Gresham,Delivered,7,18.6,4.98,0.0,2.94,2.05,2.01,27.64,Debit Card,26,DRV-257,4,SUMMER26
ORD-100412,2025-10-16,13:44,CUST-1012,Non-Member,Sushi Zen,Japanese,Lake Oswego,Cancelled by Customer,1,55.48,4.49,0.0,2.88,6.1,11.36,77.43,Credit Card,,DRV-284,,NEWUSER
ORD-100413,2025-10-17,13:52,CUST-1343,Non-Member,Bangkok Street Eats,Thai,Lake Oswego,Cancelled by Restaurant,6,72.06,4.65,0.0,2.82,7.93,9.99,94.63,Google Pay,,DRV-227,,
ORD-100414,2025-10-17,22:34,CUST-1125,JET+ Member,Tokyo Bento Box,Japanese,Portland,Delivered,2,69.9,2.92,2.92,2.01,7.69,14.22,91.81,Debit Card,27,DRV-210,3,NEWUSER
ORD-100415,2025-10-18,01:50,CUST-1357,Non-Member,Lotus Thai Cafe,Thai,Lake Oswego,Delivered Late,2,84.02,5.9,0.0,4.28,9.24,6.76,105.92,Gift Card,66,DRV-271,5,
ORD-100416,2025-10-18,03:08,CUST-1028,Non-Member,Smoky Joe's BBQ,BBQ,Beaverton,Delivered,6,22.06,3.82,0.0,2.63,2.43,0.53,28.84,Google Pay,66,DRV-261,5,FREEDEL
ORD-100417,2025-10-18,19:08,CUST-1141,JET+ Member,Pancake Palace,Breakfast,Tigard,Delivered,6,21.04,3.11,3.11,1.97,2.31,0.37,23.72,Apple Pay,21,DRV-291,5,
ORD-100418,2025-10-18,19:56,CUST-1366,Non-Member,El Pollo Feliz,Mexican,Portland,Delivered,3,53.42,4.37,0.0,2.89,5.88,0.84,64.51,Gift Card,73,DRV-231,4,SAVE10
ORD-100419,2025-10-20,12:16,CUST-1060,Non-Member,Pitmaster's Porch,BBQ,Gresham,Delivered,7,72.64,2.3,0.0,1.54,7.99,16.1,99.03,Apple Pay,55,DRV-268,3,SUMMER26
ORD-100420,2025-10-21,14:06,CUST-1384,JET+ Member,Fresh Roots Salads,Healthy,Gresham,Delivered,4,39.08,4.54,4.54,3.42,4.3,4.94,48.32,Apple Pay,59,DRV-245,5,FREEDEL
ORD-100421,2025-10-21,16:59,CUST-1243,JET+ Member,Slice of Napoli,Italian,Beaverton,Delivered,6,24.57,5.25,5.25,3.89,2.7,3.2,30.47,Credit Card,67,DRV-210,4,FREEDEL
ORD-100422,2025-10-22,06:47,CUST-1136,Non-Member,Banh Mi Bros,Vietnamese,Tigard,Delivered,5,31.19,5.48,0.0,4.38,3.43,7.72,47.82,Apple Pay,48,DRV-272,1,
ORD-100423,2025-10-24,19:22,CUST-1136,Non-Member,Banh Mi Bros,Vietnamese,Lake Oswego,Delivered Late,7,33.06,3.07,0.0,2.36,3.64,5.87,45.64,Google Pay,50,DRV-251,4,FREEDEL
ORD-100424,2025-10-25,11:16,CUST-1218,Non-Member,La Taqueria,Mexican,Portland,Cancelled by Customer,5,73.98,3.34,0.0,1.86,8.14,0.71,86.17,Apple Pay,,DRV-257,,SAVE10
ORD-100425,2025-10-26,03:13,CUST-1004,JET+ Member,Stars & Stripes Diner,American,Lake Oswego,Delivered,4,57.71,2.71,2.71,1.53,6.35,2.26,66.32,Credit Card,64,DRV-274,4,SUMMER26
ORD-100426,2025-10-27,04:50,CUST-1100,Non-Member,Smoky Joe's BBQ,BBQ,Tigard,Delivered,3,84.33,2.06,0.0,1.42,9.28,10.8,106.47,Google Pay,64,DRV-266,4,
ORD-100427,2025-10-27,09:31,CUST-1286,Non-Member,Golden Dragon,Chinese,Tigard,Cancelled by Restaurant,5,78.77,6.27,0.0,4.18,8.66,19.19,112.89,Google Pay,,DRV-298,,SUMMER26
ORD-100428,2025-10-28,20:24,CUST-1112,Non-Member,Golden Dragon,Chinese,Gresham,Delivered,6,67.91,6.45,0.0,3.95,7.47,2.73,84.56,Debit Card,38,DRV-233,4,SUMMER26
ORD-100429,2025-10-29,05:23,CUST-1190,Non-Member,Burger Barn,American,Lake Oswego,Delivered,4,27.89,5.52,0.0,3.47,3.07,0.25,36.73,Google Pay,41,DRV-214,5,SAVE10
ORD-100430,2025-10-30,11:25,CUST-1151,Non-Member,Sunrise Skillet,Breakfast,Beaverton,Delivered,6,39.81,5.03,0.0,3.31,4.38,1.08,50.3,Credit Card,26,DRV-296,4,
ORD-100431,2025-10-31,06:27,CUST-1237,Non-Member,Sushi Zen,Japanese,Hillsboro,Delivered,2,28.53,6.9,0.0,4.26,3.14,5.53,44.1,PayPal,36,DRV-270,3,NEWUSER
ORD-100432,2025-11-01,10:51,CUST-1263,Non-Member,Banh Mi Bros,Vietnamese,Portland,Delivered,3,40.1,2.01,0.0,1.44,4.41,0.54,47.06,Google Pay,67,DRV-202,1,SUMMER26
ORD-100433,2025-11-02,02:48,CUST-1055,Non-Member,Ramen Republic,Japanese,Tigard,Cancelled by Restaurant,5,20.36,6.0,0.0,4.01,2.24,2.88,31.48,Gift Card,,DRV-263,,
ORD-100434,2025-11-02,12:49,CUST-1051,Non-Member,Pancake Palace,Breakfast,Gresham,Delivered Late,6,81.26,7.86,0.0,6.08,8.94,2.7,100.76,Apple Pay,68,DRV-210,4,
ORD-100435,2025-11-02,21:52,CUST-1352,Non-Member,Smoky Joe's BBQ,BBQ,Gresham,Refunded,3,27.31,2.54,0.0,1.95,3.0,2.02,34.87,Debit Card,,DRV-295,,SAVE10
ORD-100436,2025-11-03,23:20,CUST-1326,Non-Member,Stars & Stripes Diner,American,Tigard,Delivered Late,3,84.93,4.46,0.0,2.46,9.34,20.23,118.96,Google Pay,19,DRV-235,4,NEWUSER
ORD-100437,2025-11-04,00:17,CUST-1122,Non-Member,Slice of Napoli,Italian,Hillsboro,Delivered,1,57.18,6.55,0.0,3.81,6.29,11.16,81.18,Gift Card,71,DRV-272,5,FREEDEL
ORD-100438,2025-11-04,13:38,CUST-1322,Non-Member,Lucky Panda Wok,Chinese,Beaverton,Delivered,6,44.64,5.3,0.0,3.46,4.91,6.17,61.02,Credit Card,42,DRV-242,1,
ORD-100439,2025-11-05,06:41,CUST-1267,Non-Member,Bao Down,Chinese,Lake Oswego,Cancelled by Customer,4,29.72,5.15,0.0,3.12,3.27,0.28,38.42,Google Pay,,DRV-236,,SUMMER26
ORD-100440,2025-11-05,10:53,CUST-1008,Non-Member,Taj Spice Kitchen,Indian,Tigard,Delivered Late,5,72.32,7.37,0.0,4.31,7.96,10.02,97.67,Apple Pay,24,DRV-267,4,SAVE10
ORD-100441,2025-11-07,12:59,CUST-1099,Non-Member,Pitmaster's Porch,BBQ,Gresham,Delivered,3,17.45,6.06,0.0,4.42,1.92,2.28,27.71,Credit Card,63,DRV-241,5,
ORD-100442,2025-11-08,14:11,CUST-1111,JET+ Member,La Taqueria,Mexican,Lake Oswego,Delivered,2,34.24,4.56,4.56,3.2,3.77,5.43,43.44,Google Pay,41,DRV-240,4,SAVE10
ORD-100443,2025-11-09,11:46,CUST-1298,Non-Member,Noodle & Co Express,Asian Fusion,Beaverton,Delivered,1,37.16,5.33,0.0,3.33,4.09,1.58,48.16,Credit Card,29,DRV-262,2,
ORD-100444,2025-11-11,12:02,CUST-1079,Non-Member,Banh Mi Bros,Vietnamese,Beaverton,Delivered,7,68.81,7.15,0.0,4.37,7.57,11.49,95.02,PayPal,25,DRV-227,4,
ORD-100445,2025-11-11,18:38,CUST-1071,Non-Member,Smoky Joe's BBQ,BBQ,Gresham,Delivered,3,24.98,6.38,0.0,5.04,2.75,1.89,36.0,Credit Card,74,DRV-294,5,NEWUSER
ORD-100446,2025-11-14,04:15,CUST-1375,Non-Member,Burger Barn,American,Gresham,Delivered,7,58.62,7.39,0.0,4.27,6.45,9.13,81.59,Credit Card,66,DRV-233,3,
ORD-100447,2025-11-14,05:42,CUST-1360,Non-Member,Olive & Vine,Mediterranean,Gresham,Delivered,2,76.06,7.75,0.0,4.7,8.37,17.72,109.9,Apple Pay,50,DRV-242,2,NEWUSER
ORD-100448,2025-11-15,22:45,CUST-1071,Non-Member,Ramen Republic,Japanese,Tigard,Delivered,6,80.73,2.71,0.0,2.1,8.88,2.03,94.35,Gift Card,33,DRV-261,4,NEWUSER
ORD-100449,2025-11-16,08:15,CUST-1049,Non-Member,Tokyo Bento Box,Japanese,Tigard,Cancelled by Customer,1,65.61,6.03,0.0,3.82,7.22,13.55,92.41,Debit Card,,DRV-221,,
ORD-100450,2025-11-17,04:26,CUST-1107,Non-Member,Sushi Zen,Japanese,Tigard,Delivered,2,52.34,3.43,0.0,2.22,5.76,8.58,70.11,PayPal,65,DRV-269,5,
ORD-100451,2025-11-18,03:40,CUST-1331,JET+ Member,Lotus Thai Cafe,Thai,Portland,Delivered,5,63.87,2.15,2.15,1.21,7.03,9.61,80.51,Debit Card,45,DRV-226,5,
ORD-100452,2025-11-18,04:03,CUST-1126,JET+ Member,Bangkok Street Eats,Thai,Lake Oswego,Delivered,4,54.75,6.68,6.68,4.3,6.02,0.17,60.94,Apple Pay,47,DRV-200,4,
ORD-100453,2025-11-18,21:37,CUST-1335,JET+ Member,Mama Rosa's Pizzeria,Italian,Tigard,Delivered,1,16.92,7.58,7.58,4.4,1.86,0.84,19.62,PayPal,61,DRV-215,2,SUMMER26
ORD-100454,2025-11-23,13:07,CUST-1383,Non-Member,Ramen Republic,Japanese,Portland,Delivered Late,6,84.67,6.62,0.0,4.16,9.31,14.56,115.16,Debit Card,58,DRV-238,5,
ORD-100455,2025-11-23,13:55,CUST-1088,Non-Member,Pancake Palace,Breakfast,Gresham,Delivered,7,42.42,3.92,0.0,2.89,4.67,8.5,59.51,Credit Card,46,DRV-226,1,NEWUSER
ORD-100456,2025-11-23,23:22,CUST-1022,JET+ Member,Curry Corner,Indian,Gresham,Delivered,4,61.58,2.31,2.31,1.82,6.77,15.1,83.45,Credit Card,60,DRV-224,4,FREEDEL
ORD-100457,2025-11-23,23:33,CUST-1155,JET+ Member,Wok This Way,Asian Fusion,Gresham,Delivered,3,48.38,5.34,5.34,3.19,5.32,1.78,55.48,Apple Pay,56,DRV-207,5,SUMMER26
ORD-100458,2025-11-25,04:21,CUST-1095,JET+ Member,Trattoria Bella,Italian,Beaverton,Refunded,2,66.54,2.77,2.77,2.08,7.32,15.59,89.45,Google Pay,,DRV-271,,
ORD-100459,2025-11-25,22:16,CUST-1261,JET+ Member,Trattoria Bella,Italian,Portland,Delivered,3,36.75,5.92,5.92,3.4,4.04,8.73,49.52,Google Pay,60,DRV-287,5,SAVE10
ORD-100460,2025-11-26,08:49,CUST-1057,Non-Member,The Green Bowl,Healthy,Portland,Delivered,4,76.17,2.57,0.0,1.51,8.38,10.17,97.29,PayPal,21,DRV-205,1,SUMMER26
ORD-100461,2025-11-26,23:21,CUST-1373,JET+ Member,La Taqueria,Mexican,Portland,Delivered,5,78.27,7.94,7.94,4.63,8.61,15.58,102.46,Google Pay,63,DRV-276,5,SUMMER26
ORD-100462,2025-11-28,05:11,CUST-1323,JET+ Member,Falafel House,Mediterranean,Hillsboro,Delivered,1,39.04,3.9,3.9,2.18,4.29,6.06,49.39,Apple Pay,53,DRV-216,5,FREEDEL
ORD-100463,2025-11-28,09:35,CUST-1309,JET+ Member,Banh Mi Bros,Vietnamese,Portland,Delivered Late,3,79.11,6.57,6.57,4.33,8.7,5.41,93.22,Google Pay,46,DRV-232,4,
ORD-100464,2025-11-28,11:02,CUST-1313,JET+ Member,Smoky Joe's BBQ,BBQ,Beaverton,Cancelled by Customer,4,70.04,7.67,7.67,4.7,7.7,10.33,88.07,Google Pay,,DRV-261,,
ORD-100465,2025-11-28,23:41,CUST-1040,JET+ Member,Golden Dragon,Chinese,Gresham,Delivered Late,3,34.54,5.38,5.38,3.02,3.8,0.68,39.02,Apple Pay,57,DRV-207,2,SUMMER26
ORD-100466,2025-11-29,08:47,CUST-1261,JET+ Member,Sushi Zen,Japanese,Gresham,Cancelled by Customer,3,60.21,5.16,5.16,3.27,6.62,2.24,69.07,Gift Card,,DRV-204,,
ORD-100467,2025-11-30,10:05,CUST-1072,JET+ Member,Burger Barn,American,Portland,Delivered,2,81.56,3.74,3.74,2.54,8.97,5.22,95.75,PayPal,71,DRV-253,4,
ORD-100468,2025-12-01,20:38,CUST-1308,Non-Member,Mama Rosa's Pizzeria,Italian,Lake Oswego,Delivered,7,37.57,2.06,0.0,1.2,4.13,5.2,48.96,PayPal,37,DRV-201,4,
ORD-100469,2025-12-01,22:45,CUST-1162,JET+ Member,El Pollo Feliz,Mexican,Gresham,Cancelled by Customer,3,59.39,5.43,5.43,3.2,6.53,6.69,72.61,Debit Card,,DRV-227,,
ORD-100470,2025-12-03,06:56,CUST-1081,Non-Member,The Green Bowl,Healthy,Gresham,Delivered,2,44.09,6.63,0.0,4.73,4.85,7.74,63.31,Credit Card,40,DRV-261,5,SUMMER26
ORD-100471,2025-12-05,08:27,CUST-1132,Non-Member,Bangkok Street Eats,Thai,Hillsboro,Delivered,3,75.51,4.91,0.0,2.98,8.31,5.45,94.18,PayPal,25,DRV-291,4,
ORD-100472,2025-12-06,07:26,CUST-1289,Non-Member,La Taqueria,Mexican,Hillsboro,Delivered,4,18.4,7.96,0.0,6.36,2.02,2.14,30.52,Gift Card,67,DRV-224,5,
ORD-100473,2025-12-06,07:44,CUST-1172,JET+ Member,Trattoria Bella,Italian,Lake Oswego,Delivered,1,46.98,7.05,7.05,5.21,5.17,5.13,57.28,Google Pay,29,DRV-231,5,FREEDEL
ORD-100474,2025-12-07,05:18,CUST-1192,JET+ Member,The Green Bowl,Healthy,Lake Oswego,Delivered,3,42.67,4.29,4.29,3.36,4.69,1.59,48.95,Credit Card,74,DRV-266,5,
ORD-100475,2025-12-07,18:59,CUST-1383,Non-Member,Noodle & Co Express,Asian Fusion,Beaverton,Delivered,3,14.95,6.22,0.0,3.89,1.64,3.37,26.18,Apple Pay,20,DRV-293,2,SUMMER26
ORD-100476,2025-12-07,23:55,CUST-1042,JET+ Member,Smoky Joe's BBQ,BBQ,Portland,Delivered,2,28.48,7.03,7.03,4.56,3.13,2.81,34.42,Debit Card,32,DRV-249,5,SAVE10
ORD-100477,2025-12-08,21:48,CUST-1251,Non-Member,Stars & Stripes Diner,American,Tigard,Delivered,3,13.69,7.87,0.0,5.07,1.51,2.46,25.53,Credit Card,68,DRV-262,4,SAVE10
ORD-100478,2025-12-09,01:15,CUST-1363,Non-Member,The Griddle House,American,Beaverton,Delivered,1,22.44,6.65,0.0,3.99,2.47,5.11,36.67,Credit Card,55,DRV-200,4,
ORD-100479,2025-12-10,22:11,CUST-1290,JET+ Member,Sushi Zen,Japanese,Portland,Cancelled by Customer,7,46.2,2.18,2.18,1.72,5.08,1.71,52.99,Gift Card,,DRV-238,,SUMMER26
ORD-100480,2025-12-11,18:31,CUST-1228,Non-Member,Lucky Panda Wok,Chinese,Lake Oswego,Delivered,4,68.35,4.26,0.0,3.23,7.52,3.64,83.77,PayPal,18,DRV-236,4,
ORD-100481,2025-12-12,00:23,CUST-1342,JET+ Member,Pitmaster's Porch,BBQ,Beaverton,Delivered,2,40.46,5.17,5.17,4.11,4.45,1.89,46.8,Google Pay,35,DRV-203,1,
ORD-100482,2025-12-13,00:33,CUST-1142,Non-Member,Falafel House,Mediterranean,Gresham,Cancelled by Restaurant,4,80.61,7.76,0.0,5.59,8.87,16.48,113.72,Gift Card,,DRV-249,,SUMMER26
ORD-100483,2025-12-13,12:51,CUST-1286,Non-Member,Falafel House,Mediterranean,Tigard,Refunded,7,64.32,7.69,0.0,5.32,7.08,4.74,83.83,Debit Card,,DRV-261,,
ORD-100484,2025-12-14,10:48,CUST-1080,Non-Member,Curry Corner,Indian,Hillsboro,Delivered,2,40.05,2.87,0.0,1.98,4.41,7.3,54.63,Google Pay,38,DRV-216,5,
ORD-100485,2025-12-14,18:11,CUST-1114,JET+ Member,Tokyo Bento Box,Japanese,Hillsboro,Delivered,3,45.07,7.13,7.13,5.22,4.96,5.31,55.34,Debit Card,31,DRV-272,1,FREEDEL
ORD-100486,2025-12-14,18:51,CUST-1287,Non-Member,Pho Saigon,Vietnamese,Portland,Delivered,7,40.92,6.06,0.0,4.43,4.5,5.8,57.28,Apple Pay,61,DRV-214,3,SUMMER26
ORD-100487,2025-12-15,11:30,CUST-1343,JET+ Member,Golden Dragon,Chinese,Lake Oswego,Cancelled by Customer,7,80.1,3.21,3.21,2.19,8.81,16.68,105.59,Debit Card,,DRV-243,,SUMMER26
ORD-100488,2025-12-15,13:34,CUST-1164,Non-Member,Burger Barn,American,Hillsboro,Delivered,4,24.26,6.43,0.0,4.8,2.67,0.83,34.19,Gift Card,40,DRV-289,4,FREEDEL
ORD-100489,2025-12-15,17:27,CUST-1383,JET+ Member,Smoky Joe's BBQ,BBQ,Portland,Delivered,4,47.21,6.69,6.69,3.82,5.19,5.74,58.14,Gift Card,45,DRV-293,5,SAVE10
ORD-100490,2025-12-16,07:53,CUST-1356,JET+ Member,El Pollo Feliz,Mexican,Portland,Delivered,7,51.48,3.7,3.7,2.86,5.66,3.03,60.17,Google Pay,36,DRV-230,5,SAVE10
ORD-100491,2025-12-16,23:09,CUST-1069,Non-Member,La Taqueria,Mexican,Tigard,Delivered,5,48.17,4.13,0.0,2.85,5.3,5.79,63.39,Apple Pay,56,DRV-286,3,SUMMER26
ORD-100492,2025-12-17,00:46,CUST-1338,Non-Member,Noodle & Co Express,Asian Fusion,Portland,Delivered,3,29.25,3.69,0.0,2.42,3.22,2.03,38.19,Gift Card,38,DRV-244,4,
ORD-100493,2025-12-17,11:53,CUST-1082,JET+ Member,Bangkok Street Eats,Thai,Hillsboro,Delivered,1,35.64,4.87,4.87,3.87,3.92,4.23,43.79,PayPal,25,DRV-272,5,SUMMER26
ORD-100494,2025-12-19,08:20,CUST-1386,JET+ Member,Bangkok Street Eats,Thai,Beaverton,Delivered,4,67.21,4.97,4.97,3.33,7.39,0.44,75.04,Google Pay,71,DRV-231,2,FREEDEL
ORD-100495,2025-12-19,21:31,CUST-1159,JET+ Member,Trattoria Bella,Italian,Gresham,Delivered Late,2,31.82,6.64,6.64,4.75,3.5,0.92,36.24,Gift Card,34,DRV-220,3,FREEDEL
ORD-100496,2025-12-20,01:20,CUST-1171,JET+ Member,Sunrise Skillet,Breakfast,Gresham,Delivered,3,31.22,4.5,4.5,2.89,3.43,4.07,38.72,Credit Card,44,DRV-269,3,FREEDEL
ORD-100497,2025-12-20,07:14,CUST-1305,Non-Member,Pancake Palace,Breakfast,Beaverton,Refunded,6,73.63,7.36,0.0,4.85,8.1,14.12,103.21,Google Pay,,DRV-230,,
ORD-100498,2025-12-22,16:25,CUST-1064,JET+ Member,Burger Barn,American,Gresham,Cancelled by Customer,2,73.9,2.06,2.06,1.36,8.13,8.72,90.75,PayPal,,DRV-258,,
ORD-100499,2025-12-22,18:21,CUST-1294,JET+ Member,Stars & Stripes Diner,American,Lake Oswego,Delivered,7,55.15,6.07,6.07,3.94,6.07,4.38,65.6,Gift Card,46,DRV-279,2,
ORD-100500,2025-12-23,10:04,CUST-1378,Non-Member,Burger Barn,American,Beaverton,Delivered,6,31.4,5.01,0.0,2.87,3.45,3.33,43.19,PayPal,71,DRV-250,2,
ORD-100501,2025-12-23,12:45,CUST-1393,JET+ Member,El Pollo Feliz,Mexican,Tigard,Delivered,2,52.41,5.35,5.35,3.35,5.77,0.4,58.58,Gift Card,42,DRV-227,4,FREEDEL
ORD-100502,2025-12-23,13:15,CUST-1278,JET+ Member,Fresh Roots Salads,Healthy,Lake Oswego,Delivered,5,60.61,6.97,6.97,4.32,6.67,5.15,72.43,Google Pay,20,DRV-286,4,
ORD-100503,2025-12-24,22:48,CUST-1297,Non-Member,Lotus Thai Cafe,Thai,Lake Oswego,Delivered,1,63.83,6.29,0.0,4.84,7.02,9.79,86.93,Google Pay,33,DRV-271,3,
ORD-100504,2025-12-25,13:51,CUST-1109,Non-Member,Bao Down,Chinese,Hillsboro,Delivered,4,42.12,4.24,0.0,2.78,4.63,6.86,57.85,Gift Card,67,DRV-253,5,FREEDEL
ORD-100505,2025-12-26,09:43,CUST-1076,JET+ Member,Wok This Way,Asian Fusion,Lake Oswego,Delivered Late,4,76.57,6.57,6.57,4.01,8.42,2.89,87.88,Gift Card,36,DRV-239,5,NEWUSER
ORD-100506,2025-12-27,09:32,CUST-1203,Non-Member,Banh Mi Bros,Vietnamese,Lake Oswego,Delivered,3,34.79,7.81,0.0,5.73,3.83,3.21,49.64,Google Pay,27,DRV-221,5,FREEDEL
ORD-100507,2025-12-28,10:03,CUST-1388,Non-Member,The Griddle House,American,Tigard,Delivered,3,30.05,3.49,0.0,2.04,3.31,6.46,43.31,Credit Card,30,DRV-250,4,NEWUSER
ORD-100508,2025-12-28,12:18,CUST-1215,Non-Member,Golden Dragon,Chinese,Tigard,Delivered,5,30.05,5.33,0.0,3.33,3.31,2.48,41.17,PayPal,71,DRV-290,5,
ORD-100509,2025-12-28,13:13,CUST-1250,JET+ Member,Slice of Napoli,Italian,Portland,Delivered,4,49.99,6.78,6.78,4.17,5.5,10.24,65.73,PayPal,18,DRV-261,4,
ORD-100510,2025-12-29,00:23,CUST-1098,Non-Member,Taj Spice Kitchen,Indian,Tigard,Cancelled by Customer,1,26.52,3.34,0.0,2.38,2.92,2.17,34.95,Gift Card,,DRV-289,,SAVE10
ORD-100511,2025-12-29,08:59,CUST-1014,JET+ Member,Thai Basil Kitchen,Thai,Beaverton,Delivered,5,36.58,6.06,6.06,4.48,4.02,3.0,43.6,Credit Card,64,DRV-281,4,SAVE10
ORD-100512,2025-12-30,10:05,CUST-1063,Non-Member,Banh Mi Bros,Vietnamese,Portland,Delivered,2,45.98,2.27,0.0,1.3,5.06,4.49,57.8,Gift Card,32,DRV-293,4,
ORD-100513,2025-12-30,15:29,CUST-1010,Non-Member,Pho Saigon,Vietnamese,Portland,Delivered,6,79.19,2.6,0.0,2.04,8.71,1.34,91.84,Credit Card,45,DRV-267,5,
ORD-100514,2026-01-02,01:00,CUST-1370,JET+ Member,Thai Basil Kitchen,Thai,Beaverton,Delivered Late,3,28.51,5.14,5.14,4.02,3.14,6.84,38.49,Gift Card,25,DRV-262,2,SUMMER26
ORD-100515,2026-01-03,01:49,CUST-1133,JET+ Member,The Green Bowl,Healthy,Gresham,Delivered,2,60.94,2.89,2.89,2.26,6.7,5.54,73.18,Credit Card,23,DRV-217,4,SUMMER26
ORD-100516,2026-01-03,09:31,CUST-1203,Non-Member,Curry Corner,Indian,Tigard,Delivered,3,74.53,4.22,0.0,2.48,8.2,11.2,98.15,PayPal,24,DRV-250,5,
ORD-100517,2026-01-03,13:58,CUST-1284,JET+ Member,Pitmaster's Porch,BBQ,Lake Oswego,Delivered Late,7,22.98,2.27,2.27,1.33,2.53,5.28,30.79,Credit Card,18,DRV-218,3,SUMMER26
ORD-100518,2026-01-08,18:44,CUST-1391,JET+ Member,La Taqueria,Mexican,Tigard,Delivered,6,48.4,4.95,4.95,3.92,5.32,4.61,58.33,Credit Card,40,DRV-258,5,
ORD-100519,2026-01-11,10:56,CUST-1373,JET+ Member,Curry Corner,Indian,Tigard,Refunded,5,33.54,6.72,6.72,4.63,3.69,5.13,42.36,Credit Card,,DRV-267,,FREEDEL
ORD-100520,2026-01-12,06:04,CUST-1179,JET+ Member,Ramen Republic,Japanese,Lake Oswego,Delivered,4,34.45,5.58,5.58,3.08,3.79,2.39,40.63,Credit Card,58,DRV-263,4,FREEDEL
ORD-100521,2026-01-12,16:24,CUST-1202,JET+ Member,Mama Rosa's Pizzeria,Italian,Hillsboro,Delivered,5,22.46,6.85,6.85,4.97,2.47,2.98,27.91,Apple Pay,39,DRV-209,3,
ORD-100522,2026-01-12,22:26,CUST-1275,Non-Member,The Griddle House,American,Portland,Delivered,2,68.7,2.88,0.0,2.24,7.56,8.89,88.03,Debit Card,37,DRV-252,5,SUMMER26
ORD-100523,2026-01-13,23:28,CUST-1385,JET+ Member,Bangkok Street Eats,Thai,Gresham,Delivered,6,34.75,4.7,4.7,3.09,3.82,7.89,46.46,Google Pay,45,DRV-281,5,SUMMER26
ORD-100524,2026-01-14,07:35,CUST-1101,JET+ Member,Sushi Zen,Japanese,Gresham,Delivered,3,34.26,3.07,3.07,2.16,3.77,1.96,39.99,Apple Pay,51,DRV-254,1,
ORD-100525,2026-01-14,08:54,CUST-1119,JET+ Member,Curry Corner,Indian,Lake Oswego,Delivered,7,67.71,3.46,3.46,1.98,7.45,7.0,82.16,Debit Card,62,DRV-285,5,
ORD-100526,2026-01-15,07:08,CUST-1220,JET+ Member,Smoky Joe's BBQ,BBQ,Lake Oswego,Delivered,7,33.17,7.82,7.82,5.52,3.65,5.56,42.38,Credit Card,43,DRV-228,5,SUMMER26
ORD-100527,2026-01-15,18:25,CUST-1099,JET+ Member,Pitmaster's Porch,BBQ,Gresham,Refunded,4,29.28,6.47,6.47,4.88,3.22,0.77,33.27,Debit Card,,DRV-259,,
ORD-100528,2026-01-16,21:56,CUST-1070,Non-Member,Thai Basil Kitchen,Thai,Beaverton,Cancelled by Restaurant,3,72.18,7.54,0.0,4.53,7.94,16.77,104.43,Credit Card,,DRV-292,,SUMMER26
ORD-100529,2026-01-17,20:02,CUST-1308,JET+ Member,Thai Basil Kitchen,Thai,Lake Oswego,Delivered,4,67.83,4.15,4.15,3.09,7.46,3.5,78.79,Apple Pay,28,DRV-299,3,SUMMER26
ORD-100530,2026-01-19,11:33,CUST-1296,Non-Member,The Green Bowl,Healthy,Hillsboro,Delivered,5,33.39,7.71,0.0,5.0,3.67,6.68,51.45,Gift Card,73,DRV-275,5,SAVE10
ORD-100531,2026-01-21,00:07,CUST-1206,Non-Member,Ramen Republic,Japanese,Gresham,Delivered,4,47.16,7.52,0.0,5.06,5.19,5.52,65.39,PayPal,72,DRV-245,4,
ORD-100532,2026-01-21,06:51,CUST-1234,Non-Member,Mama Rosa's Pizzeria,Italian,Lake Oswego,Cancelled by Customer,6,23.35,7.24,0.0,4.49,2.57,3.28,36.44,Gift Card,,DRV-263,,NEWUSER
ORD-100533,2026-01-21,10:42,CUST-1303,JET+ Member,Slice of Napoli,Italian,Beaverton,Delivered,1,39.23,3.03,3.03,2.11,4.32,4.12,47.67,PayPal,18,DRV-264,2,SAVE10
ORD-100534,2026-01-22,16:57,CUST-1274,Non-Member,Pancake Palace,Breakfast,Tigard,Delivered Late,4,74.52,2.46,0.0,1.82,8.2,5.73,90.91,Credit Card,30,DRV-268,4,FREEDEL
ORD-100535,2026-01-27,21:09,CUST-1130,Non-Member,Banh Mi Bros,Vietnamese,Tigard,Delivered,1,16.67,6.41,0.0,3.69,1.83,0.36,25.27,Credit Card,35,DRV-297,5,SAVE10
ORD-100536,2026-01-28,12:05,CUST-1024,Non-Member,Bangkok Street Eats,Thai,Hillsboro,Delivered Late,2,62.97,3.23,0.0,2.02,6.93,6.2,79.33,PayPal,41,DRV-200,5,SUMMER26
ORD-100537,2026-01-28,18:30,CUST-1003,JET+ Member,Ramen Republic,Japanese,Tigard,Delivered,6,66.52,3.8,3.8,2.62,7.32,2.82,76.66,PayPal,64,DRV-281,5,
ORD-100538,2026-01-29,03:24,CUST-1339,Non-Member,Golden Dragon,Chinese,Hillsboro,Delivered,6,38.23,4.62,0.0,2.75,4.21,7.23,54.29,Debit Card,26,DRV-268,3,
ORD-100539,2026-01-29,08:03,CUST-1121,Non-Member,Casa de Tacos,Mexican,Hillsboro,Delivered,5,47.23,6.6,0.0,5.04,5.2,5.96,64.99,Google Pay,69,DRV-212,2,NEWUSER
ORD-100540,2026-01-30,14:22,CUST-1226,Non-Member,La Taqueria,Mexican,Beaverton,Delivered,7,45.75,7.33,0.0,5.76,5.03,2.51,60.62,PayPal,23,DRV-278,4,SUMMER26
ORD-100541,2026-01-30,19:27,CUST-1106,JET+ Member,Pancake Palace,Breakfast,Lake Oswego,Delivered,7,37.21,5.19,5.19,3.86,4.09,3.52,44.82,PayPal,51,DRV-229,4,SUMMER26
ORD-100542,2026-01-31,00:48,CUST-1266,Non-Member,Olive & Vine,Mediterranean,Tigard,Delivered Late,2,72.19,4.52,0.0,2.95,7.94,5.9,90.55,PayPal,73,DRV-286,4,FREEDEL
ORD-100543,2026-01-31,08:10,CUST-1379,Non-Member,Smoky Joe's BBQ,BBQ,Gresham,Cancelled by Restaurant,4,38.06,7.47,0.0,5.83,4.19,6.19,55.91,Credit Card,,DRV-271,,FREEDEL
ORD-100544,2026-01-31,09:31,CUST-1350,JET+ Member,Lotus Thai Cafe,Thai,Gresham,Delivered,7,72.24,7.15,7.15,4.62,7.95,13.66,93.85,Google Pay,50,DRV-271,4,NEWUSER
ORD-100545,2026-02-01,15:15,CUST-1042,JET+ Member,La Taqueria,Mexican,Beaverton,Delivered,1,15.6,4.23,4.23,2.88,1.72,0.4,17.72,Gift Card,65,DRV-240,4,SUMMER26
ORD-100546,2026-02-02,06:44,CUST-1332,JET+ Member,El Pollo Feliz,Mexican,Hillsboro,Delivered,3,83.24,7.04,7.04,5.53,9.16,2.64,95.04,Credit Card,63,DRV-254,5,
ORD-100547,2026-02-03,04:53,CUST-1283,JET+ Member,Fresh Roots Salads,Healthy,Beaverton,Delivered,6,65.92,3.89,3.89,3.01,7.25,9.79,82.96,Google Pay,25,DRV-214,2,FREEDEL
ORD-100548,2026-02-03,17:52,CUST-1141,JET+ Member,Noodle & Co Express,Asian Fusion,Beaverton,Delivered,7,56.91,3.3,3.3,2.36,6.26,10.91,74.08,Debit Card,27,DRV-204,5,
ORD-100549,2026-02-04,11:52,CUST-1093,JET+ Member,Lucky Panda Wok,Chinese,Gresham,Delivered,4,57.4,7.14,7.14,3.94,6.31,7.38,71.09,Gift Card,56,DRV-202,1,
ORD-100550,2026-02-04,21:52,CUST-1058,JET+ Member,Trattoria Bella,Italian,Gresham,Refunded,4,81.06,3.8,3.8,2.64,8.92,14.18,104.16,Debit Card,,DRV-294,,
ORD-100551,2026-02-06,01:10,CUST-1031,JET+ Member,Smoky Joe's BBQ,BBQ,Hillsboro,Delivered,2,48.97,3.33,3.33,2.62,5.39,3.37,57.73,Apple Pay,19,DRV-245,4,
ORD-100552,2026-02-06,07:32,CUST-1220,Non-Member,Tokyo Bento Box,Japanese,Hillsboro,Delivered,5,73.02,3.67,0.0,2.49,8.03,2.14,86.86,PayPal,68,DRV-217,4,NEWUSER
ORD-100553,2026-02-06,18:45,CUST-1362,JET+ Member,Olive & Vine,Mediterranean,Portland,Delivered,2,42.61,5.87,5.87,3.73,4.69,4.35,51.65,Gift Card,43,DRV-212,2,
ORD-100554,2026-02-07,05:55,CUST-1005,Non-Member,Pitmaster's Porch,BBQ,Hillsboro,Delivered,3,32.48,3.97,0.0,2.46,3.57,6.59,46.61,Credit Card,61,DRV-269,1,SAVE10
ORD-100555,2026-02-07,07:32,CUST-1397,Non-Member,Stars & Stripes Diner,American,Lake Oswego,Delivered,2,54.68,2.75,0.0,2.13,6.01,12.03,75.47,Apple Pay,48,DRV-262,4,NEWUSER
ORD-100556,2026-02-07,12:18,CUST-1252,Non-Member,Wok This Way,Asian Fusion,Tigard,Cancelled by Restaurant,4,59.97,6.98,0.0,4.91,6.6,13.03,86.58,Apple Pay,,DRV-222,,
ORD-100557,2026-02-08,05:49,CUST-1235,JET+ Member,Pitmaster's Porch,BBQ,Tigard,Refunded,1,68.49,4.35,4.35,2.43,7.53,1.99,78.01,Apple Pay,,DRV-232,,
ORD-100558,2026-02-08,14:55,CUST-1348,JET+ Member,Taj Spice Kitchen,Indian,Hillsboro,Delivered,1,23.07,2.69,2.69,2.1,2.54,1.0,26.61,Google Pay,39,DRV-245,4,FREEDEL
ORD-100559,2026-02-10,00:45,CUST-1225,Non-Member,Trattoria Bella,Italian,Portland,Delivered,6,35.28,7.57,0.0,4.79,3.88,7.36,54.09,Debit Card,69,DRV-248,4,
ORD-100560,2026-02-10,02:16,CUST-1011,JET+ Member,Noodle & Co Express,Asian Fusion,Tigard,Delivered,3,20.18,7.17,7.17,3.95,2.22,2.56,24.96,Google Pay,45,DRV-241,3,
ORD-100561,2026-02-10,03:28,CUST-1252,Non-Member,Noodle & Co Express,Asian Fusion,Tigard,Delivered,6,67.34,4.12,0.0,3.27,7.41,15.04,93.91,Google Pay,62,DRV-219,5,
ORD-100562,2026-02-10,15:51,CUST-1388,Non-Member,Casa de Tacos,Mexican,Lake Oswego,Delivered,1,48.55,2.85,0.0,1.58,5.34,2.79,59.53,Credit Card,25,DRV-267,2,
ORD-100563,2026-02-11,13:43,CUST-1266,JET+ Member,Wok This Way,Asian Fusion,Beaverton,Delivered,6,38.89,5.9,5.9,3.76,4.28,4.43,47.6,Apple Pay,44,DRV-204,4,SAVE10
ORD-100564,2026-02-12,05:45,CUST-1061,Non-Member,Olive & Vine,Mediterranean,Lake Oswego,Delivered,2,64.57,5.48,0.0,3.29,7.1,12.27,89.42,Gift Card,47,DRV-265,5,
ORD-100565,2026-02-12,09:37,CUST-1356,JET+ Member,Curry Corner,Indian,Hillsboro,Delivered,3,66.72,7.94,7.94,5.42,7.34,11.01,85.07,Google Pay,35,DRV-294,4,
ORD-100566,2026-02-12,10:52,CUST-1242,JET+ Member,The Griddle House,American,Tigard,Delivered,2,16.84,3.44,3.44,1.94,1.85,2.31,21.0,PayPal,27,DRV-261,4,
ORD-100567,2026-02-14,08:38,CUST-1055,Non-Member,Ramen Republic,Japanese,Tigard,Delivered,7,51.8,5.71,0.0,4.14,5.7,11.12,74.33,Apple Pay,24,DRV-238,4,
ORD-100568,2026-02-14,23:44,CUST-1172,Non-Member,The Griddle House,American,Hillsboro,Delivered,3,27.9,7.19,0.0,4.58,3.07,6.44,44.6,Gift Card,29,DRV-256,3,
ORD-100569,2026-02-14,23:56,CUST-1150,JET+ Member,Slice of Napoli,Italian,Hillsboro,Delivered,3,34.14,3.03,3.03,2.42,3.76,0.54,38.44,PayPal,65,DRV-263,5,FREEDEL
ORD-100570,2026-02-15,03:34,CUST-1049,JET+ Member,Pho Saigon,Vietnamese,Gresham,Delivered,6,19.47,5.36,5.36,3.08,2.14,0.5,22.11,PayPal,45,DRV-244,4,FREEDEL
ORD-100571,2026-02-15,20:37,CUST-1230,JET+ Member,Golden Dragon,Chinese,Hillsboro,Refunded,6,34.15,7.25,7.25,4.28,3.76,3.11,41.02,Gift Card,,DRV-219,,
ORD-100572,2026-02-16,01:36,CUST-1182,Non-Member,El Pollo Feliz,Mexican,Lake Oswego,Delivered,1,79.9,5.36,0.0,3.47,8.79,19.54,113.59,Credit Card,44,DRV-243,5,SAVE10
ORD-100573,2026-02-16,16:16,CUST-1331,JET+ Member,Tokyo Bento Box,Japanese,Portland,Delivered,6,71.99,2.94,2.94,1.69,7.92,9.05,88.96,Apple Pay,56,DRV-213,2,
ORD-100574,2026-02-16,21:56,CUST-1390,Non-Member,Thai Basil Kitchen,Thai,Beaverton,Delivered,6,31.94,2.29,0.0,1.6,3.51,2.35,40.09,Google Pay,55,DRV-218,2,FREEDEL
ORD-100575,2026-02-17,05:38,CUST-1110,JET+ Member,Pitmaster's Porch,BBQ,Gresham,Delivered,5,79.83,2.56,2.56,2.04,8.78,15.37,103.98,Apple Pay,23,DRV-213,4,
ORD-100576,2026-02-17,12:10,CUST-1298,Non-Member,Bao Down,Chinese,Lake Oswego,Delivered,4,28.12,5.93,0.0,3.69,3.09,5.17,42.31,Gift Card,50,DRV-238,2,
ORD-100577,2026-02-19,05:48,CUST-1302,JET+ Member,Ramen Republic,Japanese,Beaverton,Delivered,7,45.96,7.2,7.2,5.28,5.06,11.19,62.21,Apple Pay,68,DRV-225,5,
ORD-100578,2026-02-19,11:47,CUST-1123,JET+ Member,Casa de Tacos,Mexican,Lake Oswego,Cancelled by Restaurant,3,39.16,5.45,5.45,3.77,4.31,8.11,51.58,Google Pay,,DRV-234,,NEWUSER
ORD-100579,2026-02-19,14:10,CUST-1061,Non-Member,The Green Bowl,Healthy,Hillsboro,Delivered,6,17.15,6.09,0.0,3.35,1.89,2.9,28.03,Debit Card,32,DRV-286,4,NEWUSER
ORD-100580,2026-02-20,10:10,CUST-1199,JET+ Member,Wok This Way,Asian Fusion,Lake Oswego,Refunded,1,47.67,5.97,5.97,4.71,5.24,3.41,56.32,Gift Card,,DRV-259,,SUMMER26
ORD-100581,2026-02-21,09:54,CUST-1231,Non-Member,Curry Corner,Indian,Lake Oswego,Delivered,2,18.58,6.29,0.0,3.85,2.04,4.07,30.98,Credit Card,35,DRV-285,5,
ORD-100582,2026-02-21,15:40,CUST-1175,Non-Member,Golden Dragon,Chinese,Gresham,Delivered,4,20.18,5.1,0.0,2.93,2.22,0.83,28.33,Google Pay,25,DRV-295,3,SUMMER26
ORD-100583,2026-02-22,12:29,CUST-1368,JET+ Member,The Green Bowl,Healthy,Tigard,Cancelled by Restaurant,1,84.98,4.72,4.72,3.63,9.35,10.25,104.58,Google Pay,,DRV-289,,NEWUSER
ORD-100584,2026-02-23,07:56,CUST-1022,JET+ Member,Pho Saigon,Vietnamese,Portland,Cancelled by Customer,2,36.14,2.75,2.75,1.64,3.98,7.68,47.8,Credit Card,,DRV-210,,SUMMER26
ORD-100585,2026-02-24,15:26,CUST-1013,Non-Member,Tokyo Bento Box,Japanese,Gresham,Delivered,6,18.99,6.79,0.0,4.57,2.09,1.15,29.02,Apple Pay,37,DRV-268,5,SAVE10
ORD-100586,2026-02-24,17:56,CUST-1197,Non-Member,Sunrise Skillet,Breakfast,Portland,Delivered,4,61.88,3.36,0.0,2.13,6.81,14.39,86.44,Google Pay,20,DRV-286,1,
ORD-100587,2026-02-26,13:28,CUST-1017,Non-Member,Falafel House,Mediterranean,Lake Oswego,Delivered,1,42.34,6.72,0.0,3.95,4.66,4.87,58.59,Apple Pay,74,DRV-250,4,SAVE10
ORD-100588,2026-02-26,15:17,CUST-1260,JET+ Member,Curry Corner,Indian,Beaverton,Delivered,7,19.24,3.23,3.23,2.12,2.12,0.85,22.21,PayPal,25,DRV-218,4,SAVE10
ORD-100589,2026-02-27,03:12,CUST-1201,JET+ Member,Burger Barn,American,Portland,Cancelled by Customer,1,58.73,3.05,3.05,1.71,6.46,11.62,76.81,PayPal,,DRV-225,,
ORD-100590,2026-03-01,04:15,CUST-1211,JET+ Member,Pancake Palace,Breakfast,Tigard,Delivered,3,66.19,5.53,5.53,3.94,7.28,4.95,78.42,Google Pay,31,DRV-232,4,
ORD-100591,2026-03-05,05:49,CUST-1030,Non-Member,Slice of Napoli,Italian,Portland,Delivered,5,14.07,6.43,0.0,5.03,1.55,0.26,22.31,Gift Card,24,DRV-247,2,FREEDEL
ORD-100592,2026-03-05,10:06,CUST-1059,Non-Member,Sushi Zen,Japanese,Hillsboro,Delivered,4,80.23,4.84,0.0,3.43,8.83,10.33,104.23,PayPal,66,DRV-272,5,SUMMER26
ORD-100593,2026-03-06,11:48,CUST-1262,JET+ Member,Lotus Thai Cafe,Thai,Portland,Delivered,7,44.94,5.78,5.78,3.41,4.94,7.56,57.44,Apple Pay,33,DRV-227,5,
ORD-100594,2026-03-06,16:18,CUST-1220,JET+ Member,Bao Down,Chinese,Beaverton,Delivered,5,17.71,7.09,7.09,4.99,1.95,2.72,22.38,Google Pay,41,DRV-257,4,
ORD-100595,2026-03-07,10:27,CUST-1379,Non-Member,Sushi Zen,Japanese,Lake Oswego,Delivered,4,36.94,2.39,0.0,1.5,4.06,2.26,45.65,Gift Card,18,DRV-203,5,SAVE10
ORD-100596,2026-03-07,21:29,CUST-1149,Non-Member,Ramen Republic,Japanese,Tigard,Delivered,5,51.59,2.98,0.0,1.83,5.67,2.07,62.31,Google Pay,66,DRV-252,5,
ORD-100597,2026-03-08,10:33,CUST-1152,JET+ Member,Pho Saigon,Vietnamese,Portland,Delivered,1,64.07,6.63,6.63,5.08,7.05,11.84,82.96,Gift Card,63,DRV-290,4,FREEDEL
ORD-100598,2026-03-08,22:34,CUST-1025,JET+ Member,Lotus Thai Cafe,Thai,Lake Oswego,Delivered,7,78.28,5.42,5.42,3.49,8.61,11.36,98.25,Debit Card,64,DRV-235,1,NEWUSER
ORD-100599,2026-03-10,10:22,CUST-1146,Non-Member,Mama Rosa's Pizzeria,Italian,Beaverton,Refunded,6,25.2,3.29,0.0,1.89,2.77,0.0,31.26,Gift Card,,DRV-253,,SUMMER26
ORD-100600,2026-03-10,13:40,CUST-1114,Non-Member,Trattoria Bella,Italian,Gresham,Delivered,6,62.57,2.14,0.0,1.32,6.88,7.25,78.84,Apple Pay,19,DRV-261,2,NEWUSER
ORD-100601,2026-03-11,01:49,CUST-1204,Non-Member,La Taqueria,Mexican,Tigard,Refunded,3,14.63,4.97,0.0,3.06,1.61,1.25,22.46,Apple Pay,,DRV-249,,
ORD-100602,2026-03-11,15:24,CUST-1166,Non-Member,Golden Dragon,Chinese,Beaverton,Delivered,2,15.04,4.95,0.0,3.13,1.65,0.54,22.18,Apple Pay,23,DRV-258,4,NEWUSER
ORD-100603,2026-03-13,00:02,CUST-1340,Non-Member,Thai Basil Kitchen,Thai,Gresham,Delivered,7,15.17,3.08,0.0,1.88,1.67,0.95,20.87,Credit Card,50,DRV-241,5,
ORD-100604,2026-03-13,14:26,CUST-1255,Non-Member,Sunrise Skillet,Breakfast,Gresham,Delivered,1,50.12,6.27,0.0,4.15,5.51,4.34,66.24,Gift Card,44,DRV-216,4,
ORD-100605,2026-03-14,06:59,CUST-1302,JET+ Member,Stars & Stripes Diner,American,Portland,Refunded,5,47.14,5.42,5.42,3.05,5.19,4.76,57.09,Credit Card,,DRV-234,,NEWUSER
ORD-100606,2026-03-14,09:01,CUST-1191,Non-Member,Bao Down,Chinese,Hillsboro,Cancelled by Customer,2,39.47,7.91,0.0,5.77,4.34,9.39,61.11,Apple Pay,,DRV-285,,SAVE10
ORD-100607,2026-03-14,11:30,CUST-1011,JET+ Member,Golden Dragon,Chinese,Portland,Delivered,1,49.78,6.08,6.08,4.12,5.48,11.71,66.97,Credit Card,42,DRV-222,3,NEWUSER
ORD-100608,2026-03-15,06:57,CUST-1330,JET+ Member,Casa de Tacos,Mexican,Gresham,Delivered,6,33.56,4.74,4.74,3.13,3.69,2.53,39.78,Debit Card,70,DRV-278,4,SAVE10
ORD-100609,2026-03-15,12:46,CUST-1154,JET+ Member,Thai Basil Kitchen,Thai,Gresham,Delivered,1,67.36,4.34,4.34,3.31,7.41,6.97,81.74,PayPal,50,DRV-261,1,FREEDEL
ORD-100610,2026-03-16,06:44,CUST-1374,Non-Member,Lotus Thai Cafe,Thai,Hillsboro,Delivered,7,36.39,3.46,0.0,2.69,4.0,8.4,52.25,Google Pay,66,DRV-202,5,SAVE10
ORD-100611,2026-03-16,22:57,CUST-1064,Non-Member,Fresh Roots Salads,Healthy,Hillsboro,Cancelled by Restaurant,6,44.21,7.25,0.0,4.94,4.86,8.23,64.55,Apple Pay,,DRV-262,,SAVE10
ORD-100612,2026-03-17,00:44,CUST-1146,Non-Member,Wok This Way,Asian Fusion,Lake Oswego,Delivered,2,37.65,5.14,0.0,3.96,4.14,2.75,49.68,Credit Card,47,DRV-234,3,
ORD-100613,2026-03-18,13:11,CUST-1013,Non-Member,Sushi Zen,Japanese,Beaverton,Delivered,6,84.33,7.56,0.0,5.11,9.28,11.21,112.38,Gift Card,35,DRV-206,4,
ORD-100614,2026-03-19,14:14,CUST-1074,JET+ Member,Stars & Stripes Diner,American,Portland,Delivered,1,37.06,3.41,3.41,2.65,4.08,6.91,48.05,Credit Card,56,DRV-234,1,SUMMER26
ORD-100615,2026-03-19,20:26,CUST-1143,Non-Member,Wok This Way,Asian Fusion,Gresham,Delivered,5,17.01,7.13,0.0,4.26,1.87,0.14,26.15,Debit Card,50,DRV-208,5,SAVE10
ORD-100616,2026-03-20,12:47,CUST-1069,Non-Member,Smoky Joe's BBQ,BBQ,Portland,Delivered,1,80.01,5.17,0.0,3.07,8.8,12.92,106.9,PayPal,28,DRV-206,4,
ORD-100617,2026-03-20,14:28,CUST-1140,Non-Member,The Griddle House,American,Tigard,Delivered,7,40.42,3.47,0.0,2.65,4.45,3.0,51.34,Gift Card,29,DRV-230,4,SAVE10
ORD-100618,2026-03-21,08:38,CUST-1276,Non-Member,Bao Down,Chinese,Beaverton,Delivered,5,47.11,3.32,0.0,2.25,5.18,10.47,66.08,Gift Card,63,DRV-249,4,FREEDEL
ORD-100619,2026-03-22,04:07,CUST-1083,Non-Member,Sushi Zen,Japanese,Gresham,Delivered,2,48.02,5.9,0.0,3.37,5.28,5.29,64.49,Google Pay,51,DRV-200,4,
ORD-100620,2026-03-22,22:40,CUST-1388,Non-Member,Trattoria Bella,Italian,Lake Oswego,Delivered,6,59.75,7.81,0.0,6.22,6.57,4.31,78.44,PayPal,59,DRV-263,2,
ORD-100621,2026-03-24,14:13,CUST-1276,Non-Member,Burger Barn,American,Lake Oswego,Delivered,5,21.67,2.68,0.0,1.99,2.38,3.39,30.12,Debit Card,47,DRV-290,2,NEWUSER
ORD-100622,2026-03-25,02:07,CUST-1275,Non-Member,Curry Corner,Indian,Tigard,Refunded,3,70.15,3.55,0.0,2.09,7.72,4.32,85.74,Gift Card,,DRV-295,,
ORD-100623,2026-03-27,02:11,CUST-1059,JET+ Member,Sunrise Skillet,Breakfast,Portland,Delivered,7,39.59,6.73,6.73,3.81,4.35,2.51,46.45,Debit Card,31,DRV-212,5,FREEDEL
ORD-100624,2026-03-29,13:30,CUST-1325,Non-Member,El Pollo Feliz,Mexican,Portland,Delivered,5,35.24,6.79,0.0,4.75,3.88,1.91,47.82,Debit Card,41,DRV-231,3,NEWUSER
ORD-100625,2026-03-30,18:16,CUST-1398,Non-Member,Ramen Republic,Japanese,Lake Oswego,Delivered,6,16.33,6.61,0.0,4.08,1.8,1.59,26.33,PayPal,22,DRV-219,2,NEWUSER
ORD-100626,2026-03-31,07:41,CUST-1367,Non-Member,Bangkok Street Eats,Thai,Tigard,Delivered,2,40.66,2.47,0.0,1.82,4.47,4.41,52.01,Debit Card,44,DRV-230,3,
ORD-100627,2026-04-01,00:52,CUST-1169,JET+ Member,Fresh Roots Salads,Healthy,Beaverton,Delivered,7,15.75,6.02,6.02,3.84,1.73,3.1,20.58,Debit Card,65,DRV-282,1,SUMMER26
ORD-100628,2026-04-01,01:59,CUST-1170,JET+ Member,Golden Dragon,Chinese,Tigard,Delivered Late,4,30.32,4.07,4.07,2.89,3.34,2.62,36.28,Debit Card,40,DRV-204,4,
ORD-100629,2026-04-01,02:39,CUST-1336,Non-Member,Stars & Stripes Diner,American,Portland,Delivered,2,49.87,4.07,0.0,3.09,5.49,9.38,68.81,Google Pay,34,DRV-260,1,SAVE10
ORD-100630,2026-04-01,05:33,CUST-1101,Non-Member,La Taqueria,Mexican,Hillsboro,Delivered,4,69.44,7.47,0.0,4.57,7.64,12.79,97.34,Debit Card,56,DRV-279,4,NEWUSER
ORD-100631,2026-04-01,10:10,CUST-1113,JET+ Member,Pitmaster's Porch,BBQ,Lake Oswego,Delivered,2,69.51,4.29,4.29,3.41,7.65,15.35,92.51,Google Pay,35,DRV-277,2,SAVE10
ORD-100632,2026-04-01,16:33,CUST-1255,JET+ Member,Falafel House,Mediterranean,Lake Oswego,Delivered Late,7,29.94,7.98,7.98,4.85,3.29,6.22,39.45,Gift Card,27,DRV-280,1,SUMMER26
ORD-100633,2026-04-01,17:25,CUST-1340,JET+ Member,Tokyo Bento Box,Japanese,Tigard,Delivered,3,42.23,2.24,2.24,1.48,4.65,2.8,49.68,Debit Card,40,DRV-204,4,
ORD-100634,2026-04-02,03:39,CUST-1148,JET+ Member,Thai Basil Kitchen,Thai,Gresham,Delivered,7,17.24,3.31,3.31,2.21,1.9,4.27,23.41,Apple Pay,74,DRV-297,3,
ORD-100635,2026-04-02,17:16,CUST-1265,JET+ Member,Burger Barn,American,Lake Oswego,Delivered,1,80.11,6.82,6.82,4.55,8.81,15.72,104.64,PayPal,19,DRV-228,2,
ORD-100636,2026-04-02,20:20,CUST-1333,JET+ Member,Noodle & Co Express,Asian Fusion,Hillsboro,Delivered,6,44.62,4.44,4.44,2.54,4.91,2.48,52.01,PayPal,43,DRV-277,4,NEWUSER
ORD-100637,2026-04-03,02:38,CUST-1362,JET+ Member,Pancake Palace,Breakfast,Beaverton,Delivered,4,80.24,6.72,6.72,5.13,8.83,7.96,97.03,Gift Card,64,DRV-204,4,SUMMER26
ORD-100638,2026-04-03,03:58,CUST-1327,Non-Member,Smoky Joe's BBQ,BBQ,Beaverton,Delivered,4,70.35,7.76,0.0,4.75,7.74,12.48,98.33,Debit Card,61,DRV-293,4,FREEDEL
ORD-100639,2026-04-05,09:59,CUST-1100,Non-Member,Golden Dragon,Chinese,Portland,Delivered,4,58.07,2.91,0.0,1.87,6.39,10.52,77.89,Debit Card,54,DRV-218,1,
ORD-100640,2026-04-06,09:51,CUST-1143,JET+ Member,Pitmaster's Porch,BBQ,Hillsboro,Delivered,6,41.83,4.58,4.58,3.24,4.6,9.69,56.12,Gift Card,71,DRV-239,2,
ORD-100641,2026-04-07,04:06,CUST-1041,Non-Member,Falafel House,Mediterranean,Lake Oswego,Delivered Late,4,77.99,7.18,0.0,5.38,8.58,1.95,95.7,Credit Card,29,DRV-274,2,FREEDEL
ORD-100642,2026-04-07,04:42,CUST-1314,JET+ Member,Falafel House,Mediterranean,Gresham,Delivered,4,67.22,4.82,4.82,3.24,7.39,7.33,81.94,Google Pay,36,DRV-256,5,
ORD-100643,2026-04-07,17:22,CUST-1293,Non-Member,Sunrise Skillet,Breakfast,Gresham,Delivered,3,14.35,5.41,0.0,3.18,1.58,3.38,24.72,Credit Card,27,DRV-262,4,FREEDEL
ORD-100644,2026-04-08,01:51,CUST-1176,JET+ Member,Sunrise Skillet,Breakfast,Beaverton,Delivered,5,29.85,7.29,7.29,4.69,3.28,3.33,36.46,Gift Card,41,DRV-218,4,FREEDEL
ORD-100645,2026-04-09,07:21,CUST-1210,Non-Member,Olive & Vine,Mediterranean,Hillsboro,Delivered,5,27.16,6.09,0.0,3.54,2.99,1.42,37.66,PayPal,43,DRV-265,3,
ORD-100646,2026-04-11,07:59,CUST-1181,JET+ Member,Ramen Republic,Japanese,Hillsboro,Delivered,3,51.92,7.5,7.5,5.77,5.71,11.89,69.52,Credit Card,66,DRV-296,4,
ORD-100647,2026-04-11,14:39,CUST-1389,Non-Member,Sushi Zen,Japanese,Beaverton,Delivered,1,22.84,5.04,0.0,3.28,2.51,2.71,33.1,Debit Card,24,DRV-294,5,SAVE10
ORD-100648,2026-04-11,16:03,CUST-1101,Non-Member,Slice of Napoli,Italian,Hillsboro,Delivered,3,63.19,6.73,0.0,4.69,6.95,2.31,79.18,PayPal,60,DRV-261,5,SAVE10
ORD-100649,2026-04-14,06:10,CUST-1238,Non-Member,Pho Saigon,Vietnamese,Portland,Delivered,7,60.83,2.31,0.0,1.82,6.69,5.97,75.8,Google Pay,70,DRV-257,5,
ORD-100650,2026-04-15,09:21,CUST-1340,Non-Member,The Green Bowl,Healthy,Hillsboro,Delivered,7,36.86,4.98,0.0,3.4,4.05,0.97,46.86,Debit Card,40,DRV-291,4,NEWUSER
ORD-100651,2026-04-17,01:25,CUST-1175,Non-Member,Taj Spice Kitchen,Indian,Beaverton,Delivered,1,31.89,5.94,0.0,4.11,3.51,1.71,43.05,Google Pay,58,DRV-264,1,NEWUSER
ORD-100652,2026-04-17,01:46,CUST-1299,Non-Member,Curry Corner,Indian,Lake Oswego,Delivered,7,15.77,7.59,0.0,4.96,1.73,3.09,28.18,Gift Card,41,DRV-283,2,
ORD-100653,2026-04-18,06:30,CUST-1163,Non-Member,Mama Rosa's Pizzeria,Italian,Beaverton,Delivered Late,4,74.3,3.39,0.0,1.91,8.17,5.23,91.09,Credit Card,34,DRV-266,5,NEWUSER
ORD-100654,2026-04-19,14:36,CUST-1314,Non-Member,Ramen Republic,Japanese,Gresham,Delivered,4,74.5,6.61,0.0,3.67,8.2,8.47,97.78,PayPal,53,DRV-200,1,SAVE10
ORD-100655,2026-04-20,13:58,CUST-1206,Non-Member,Golden Dragon,Chinese,Lake Oswego,Delivered,5,42.05,3.86,0.0,2.44,4.63,7.23,57.77,Google Pay,20,DRV-225,4,SAVE10
ORD-100656,2026-04-20,23:08,CUST-1054,JET+ Member,Bao Down,Chinese,Beaverton,Delivered,5,22.1,6.78,6.78,4.52,2.43,4.87,29.4,Google Pay,54,DRV-258,3,
ORD-100657,2026-04-21,07:41,CUST-1075,JET+ Member,Olive & Vine,Mediterranean,Hillsboro,Delivered,5,36.75,6.21,6.21,3.73,4.04,0.86,41.65,Debit Card,68,DRV-276,2,
ORD-100658,2026-04-21,23:35,CUST-1363,Non-Member,La Taqueria,Mexican,Portland,Delivered,5,55.33,3.79,0.0,2.73,6.09,10.24,75.45,Gift Card,36,DRV-282,5,SUMMER26
ORD-100659,2026-04-22,17:48,CUST-1112,JET+ Member,Falafel House,Mediterranean,Hillsboro,Delivered,4,36.39,3.03,3.03,1.9,4.0,6.76,47.15,Apple Pay,18,DRV-282,4,NEWUSER
ORD-100660,2026-04-22,19:44,CUST-1304,Non-Member,Falafel House,Mediterranean,Portland,Cancelled by Customer,2,65.41,2.54,0.0,1.92,7.2,3.34,78.49,Credit Card,,DRV-207,,
ORD-100661,2026-04-24,15:31,CUST-1319,JET+ Member,El Pollo Feliz,Mexican,Tigard,Delivered,5,48.37,7.55,7.55,5.33,5.32,6.22,59.91,Credit Card,58,DRV-250,4,
ORD-100662,2026-04-26,22:11,CUST-1029,Non-Member,Curry Corner,Indian,Hillsboro,Delivered,2,25.0,2.6,0.0,1.93,2.75,5.22,35.57,Debit Card,28,DRV-221,2,FREEDEL
ORD-100663,2026-04-27,17:59,CUST-1138,JET+ Member,Taj Spice Kitchen,Indian,Gresham,Delivered,7,21.04,2.24,2.24,1.67,2.31,2.58,25.93,Apple Pay,74,DRV-246,4,
ORD-100664,2026-04-28,00:55,CUST-1132,Non-Member,El Pollo Feliz,Mexican,Hillsboro,Delivered,1,19.39,3.63,0.0,2.48,2.13,4.23,29.38,Gift Card,56,DRV-239,4,
ORD-100665,2026-04-28,10:44,CUST-1147,Non-Member,Taj Spice Kitchen,Indian,Portland,Delivered,3,30.58,4.31,0.0,2.58,3.36,2.0,40.25,Debit Card,53,DRV-238,1,
ORD-100666,2026-04-28,19:15,CUST-1173,JET+ Member,Pancake Palace,Breakfast,Beaverton,Delivered,5,38.97,2.0,2.0,1.58,4.29,5.35,48.61,Credit Card,52,DRV-204,4,SUMMER26
ORD-100667,2026-04-28,22:08,CUST-1389,Non-Member,Olive & Vine,Mediterranean,Portland,Delivered,7,42.43,5.21,0.0,3.5,4.67,1.14,53.45,Credit Card,31,DRV-252,5,
ORD-100668,2026-04-29,02:25,CUST-1140,Non-Member,Banh Mi Bros,Vietnamese,Beaverton,Delivered,3,30.84,6.81,0.0,5.03,3.39,6.75,47.79,Apple Pay,52,DRV-282,5,NEWUSER
ORD-100669,2026-04-29,09:36,CUST-1357,JET+ Member,Burger Barn,American,Hillsboro,Delivered,3,31.9,2.65,2.65,2.09,3.51,1.23,36.64,Gift Card,29,DRV-229,3,SAVE10
ORD-100670,2026-04-29,18:43,CUST-1080,Non-Member,Casa de Tacos,Mexican,Gresham,Delivered,5,62.72,7.15,0.0,4.17,6.9,9.63,86.4,Debit Card,23,DRV-272,4,NEWUSER
ORD-100671,2026-04-30,06:22,CUST-1358,JET+ Member,Golden Dragon,Chinese,Gresham,Delivered,7,46.72,2.35,2.35,1.78,5.14,7.57,59.43,Gift Card,62,DRV-242,1,
ORD-100672,2026-05-02,02:53,CUST-1134,JET+ Member,Lotus Thai Cafe,Thai,Beaverton,Cancelled by Customer,3,78.5,4.42,4.42,2.93,8.63,7.36,94.49,Credit Card,,DRV-207,,SUMMER26
ORD-100673,2026-05-03,08:50,CUST-1059,JET+ Member,Burger Barn,American,Tigard,Delivered,4,39.23,5.38,5.38,3.32,4.32,1.57,45.12,Google Pay,62,DRV-221,1,
ORD-100674,2026-05-03,21:29,CUST-1373,Non-Member,Bangkok Street Eats,Thai,Portland,Delivered,6,40.14,7.01,0.0,3.99,4.42,7.42,58.99,Apple Pay,74,DRV-284,1,SUMMER26
ORD-100675,2026-05-03,21:42,CUST-1333,JET+ Member,Thai Basil Kitchen,Thai,Hillsboro,Cancelled by Customer,1,42.25,5.14,5.14,3.24,4.65,1.1,48.0,Gift Card,,DRV-284,,SUMMER26
ORD-100676,2026-05-03,22:34,CUST-1242,JET+ Member,Golden Dragon,Chinese,Lake Oswego,Cancelled by Customer,1,44.46,4.65,4.65,2.64,4.89,8.92,58.27,PayPal,,DRV-201,,SAVE10
ORD-100677,2026-05-04,11:39,CUST-1211,JET+ Member,Pancake Palace,Breakfast,Portland,Delivered,1,71.23,5.95,5.95,3.57,7.84,12.96,92.03,Credit Card,59,DRV-226,3,SAVE10
ORD-100678,2026-05-04,21:22,CUST-1327,Non-Member,The Griddle House,American,Tigard,Delivered,2,45.25,2.7,0.0,1.87,4.98,1.77,54.7,Apple Pay,21,DRV-249,1,
ORD-100679,2026-05-07,08:34,CUST-1227,JET+ Member,El Pollo Feliz,Mexican,Portland,Delivered,7,39.84,4.93,4.93,3.4,4.38,0.2,44.42,Credit Card,66,DRV-260,3,
ORD-100680,2026-05-07,21:23,CUST-1235,Non-Member,Fresh Roots Salads,Healthy,Gresham,Delivered,4,52.91,4.05,0.0,2.52,5.82,3.19,65.97,Gift Card,22,DRV-283,2,NEWUSER
ORD-100681,2026-05-08,16:27,CUST-1200,Non-Member,Mama Rosa's Pizzeria,Italian,Tigard,Cancelled by Restaurant,2,21.49,5.0,0.0,3.03,2.36,5.03,33.88,PayPal,,DRV-224,,
ORD-100682,2026-05-09,01:34,CUST-1379,Non-Member,Slice of Napoli,Italian,Gresham,Delivered,4,39.67,5.09,0.0,3.74,4.36,7.25,56.37,Gift Card,62,DRV-244,5,NEWUSER
ORD-100683,2026-05-09,18:11,CUST-1300,Non-Member,Falafel House,Mediterranean,Gresham,Delivered,3,50.65,7.29,0.0,5.4,5.57,8.97,72.48,PayPal,27,DRV-278,2,
ORD-100684,2026-05-09,19:53,CUST-1190,Non-Member,Tokyo Bento Box,Japanese,Beaverton,Delivered,1,44.82,5.83,0.0,3.5,4.93,9.95,65.53,PayPal,64,DRV-234,5,FREEDEL
ORD-100685,2026-05-09,22:14,CUST-1170,Non-Member,Bangkok Street Eats,Thai,Lake Oswego,Cancelled by Customer,6,26.16,5.89,0.0,4.1,2.88,1.01,35.94,Debit Card,,DRV-236,,FREEDEL
ORD-100686,2026-05-11,02:40,CUST-1051,Non-Member,Fresh Roots Salads,Healthy,Lake Oswego,Delivered,7,77.45,2.93,0.0,2.28,8.52,4.19,93.09,PayPal,74,DRV-260,4,
ORD-100687,2026-05-12,06:23,CUST-1125,Non-Member,Lucky Panda Wok,Chinese,Portland,Delivered,5,67.82,4.67,0.0,3.44,7.46,16.54,96.49,Debit Card,44,DRV-268,5,FREEDEL
ORD-100688,2026-05-12,23:46,CUST-1132,JET+ Member,Bangkok Street Eats,Thai,Gresham,Delivered,6,60.11,2.11,2.11,1.68,6.61,3.92,70.64,Google Pay,55,DRV-258,4,
ORD-100689,2026-05-13,18:17,CUST-1285,Non-Member,La Taqueria,Mexican,Beaverton,Cancelled by Customer,3,23.59,2.94,0.0,1.97,2.59,1.44,30.56,Credit Card,,DRV-200,,SUMMER26
ORD-100690,2026-05-15,07:24,CUST-1237,Non-Member,Lotus Thai Cafe,Thai,Hillsboro,Delivered,3,61.4,7.09,0.0,5.23,6.75,10.72,85.96,Google Pay,39,DRV-295,5,NEWUSER
ORD-100691,2026-05-17,08:22,CUST-1082,JET+ Member,Ramen Republic,Japanese,Gresham,Delivered,1,30.68,7.99,7.99,5.83,3.37,0.36,34.41,Credit Card,21,DRV-247,5,SAVE10
ORD-100692,2026-05-17,18:09,CUST-1061,Non-Member,Taj Spice Kitchen,Indian,Portland,Delivered,5,62.19,2.27,0.0,1.41,6.84,2.17,73.47,Google Pay,43,DRV-241,5,
ORD-100693,2026-05-18,09:29,CUST-1360,Non-Member,La Taqueria,Mexican,Gresham,Delivered,1,64.98,2.4,0.0,1.74,7.15,10.26,84.79,Google Pay,61,DRV-282,5,
ORD-100694,2026-05-18,14:57,CUST-1007,JET+ Member,Pancake Palace,Breakfast,Hillsboro,Delivered Late,2,55.49,3.38,3.38,2.6,6.1,3.52,65.11,Google Pay,52,DRV-255,1,
ORD-100695,2026-05-18,20:53,CUST-1088,Non-Member,Fresh Roots Salads,Healthy,Lake Oswego,Delivered,2,78.2,5.43,0.0,3.77,8.6,3.27,95.5,PayPal,73,DRV-247,5,SUMMER26
ORD-100696,2026-05-19,06:23,CUST-1141,Non-Member,Noodle & Co Express,Asian Fusion,Tigard,Delivered,7,67.83,7.25,0.0,5.62,7.46,16.7,99.24,Apple Pay,73,DRV-258,3,SAVE10
ORD-100697,2026-05-20,10:16,CUST-1200,Non-Member,The Griddle House,American,Gresham,Cancelled by Customer,3,67.19,7.09,0.0,5.67,7.39,3.76,85.43,Gift Card,,DRV-225,,SAVE10
ORD-100698,2026-05-21,14:24,CUST-1258,Non-Member,Smoky Joe's BBQ,BBQ,Hillsboro,Delivered,4,49.65,7.25,0.0,4.21,5.46,1.42,63.78,Apple Pay,35,DRV-286,5,
ORD-100699,2026-05-21,23:23,CUST-1168,Non-Member,Pitmaster's Porch,BBQ,Gresham,Delivered,2,31.32,7.47,0.0,4.37,3.45,5.31,47.55,Apple Pay,64,DRV-296,1,NEWUSER
ORD-100700,2026-05-22,01:08,CUST-1399,Non-Member,Ramen Republic,Japanese,Lake Oswego,Delivered,4,46.93,6.83,0.0,5.23,5.16,2.48,61.4,Debit Card,20,DRV-240,4,SAVE10
ORD-100701,2026-05-22,17:02,CUST-1094,Non-Member,Sushi Zen,Japanese,Portland,Delivered,4,48.54,5.23,0.0,3.6,5.34,8.67,67.78,Debit Card,33,DRV-266,3,SUMMER26
ORD-100702,2026-05-22,18:07,CUST-1172,JET+ Member,Pancake Palace,Breakfast,Beaverton,Delivered,7,68.98,7.04,7.04,4.33,7.59,5.56,82.13,Apple Pay,31,DRV-247,5,SAVE10
ORD-100703,2026-05-24,07:07,CUST-1260,JET+ Member,Burger Barn,American,Gresham,Delivered,2,77.28,3.65,3.65,2.61,8.5,1.7,87.48,Credit Card,45,DRV-210,4,
ORD-100704,2026-05-24,20:31,CUST-1142,JET+ Member,The Griddle House,American,Gresham,Delivered,5,44.11,6.1,6.1,3.42,4.85,8.77,57.73,Apple Pay,34,DRV-286,4,
ORD-100705,2026-05-25,02:53,CUST-1182,Non-Member,Noodle & Co Express,Asian Fusion,Hillsboro,Delivered,4,51.68,7.38,0.0,5.85,5.68,9.11,73.85,PayPal,45,DRV-286,5,
ORD-100706,2026-05-27,07:49,CUST-1369,Non-Member,Ramen Republic,Japanese,Beaverton,Cancelled by Customer,2,41.29,3.93,0.0,3.09,4.54,5.95,55.71,Debit Card,,DRV-280,,
ORD-100707,2026-05-27,22:23,CUST-1329,JET+ Member,Noodle & Co Express,Asian Fusion,Beaverton,Delivered,1,69.23,4.24,4.24,2.99,7.62,3.94,80.79,Credit Card,51,DRV-299,4,
ORD-100708,2026-05-28,06:51,CUST-1090,JET+ Member,Thai Basil Kitchen,Thai,Lake Oswego,Delivered,5,53.79,5.38,5.38,3.9,5.92,8.71,68.42,Gift Card,55,DRV-231,3,SUMMER26
ORD-100709,2026-06-01,04:36,CUST-1236,JET+ Member,Slice of Napoli,Italian,Gresham,Delivered,1,25.87,7.38,7.38,4.53,2.85,4.56,33.28,Google Pay,21,DRV-211,5,SAVE10
ORD-100710,2026-06-02,05:00,CUST-1338,Non-Member,Sushi Zen,Japanese,Lake Oswego,Delivered,5,27.42,2.76,0.0,1.78,3.02,3.95,37.15,Apple Pay,38,DRV-273,1,SUMMER26
ORD-100711,2026-06-03,14:30,CUST-1208,Non-Member,Olive & Vine,Mediterranean,Hillsboro,Delivered,4,27.46,2.1,0.0,1.55,3.02,2.98,35.56,PayPal,71,DRV-293,3,
ORD-100712,2026-06-05,01:20,CUST-1006,Non-Member,Bangkok Street Eats,Thai,Tigard,Delivered,4,55.29,3.36,0.0,2.38,6.08,0.7,65.43,Gift Card,73,DRV-249,4,SUMMER26
ORD-100713,2026-06-05,11:31,CUST-1090,JET+ Member,Lucky Panda Wok,Chinese,Hillsboro,Delivered,4,37.7,2.44,2.44,1.6,4.15,6.3,48.15,Gift Card,65,DRV-256,4,
ORD-100714,2026-06-06,11:59,CUST-1051,JET+ Member,Sunrise Skillet,Breakfast,Gresham,Refunded,3,51.3,2.18,2.18,1.59,5.64,6.99,63.93,PayPal,,DRV-280,,
ORD-100715,2026-06-07,02:22,CUST-1065,Non-Member,Pancake Palace,Breakfast,Beaverton,Delivered,3,49.03,4.54,0.0,2.51,5.39,11.22,70.18,Apple Pay,43,DRV-295,1,
ORD-100716,2026-06-07,08:51,CUST-1099,Non-Member,Lotus Thai Cafe,Thai,Beaverton,Delivered,3,16.26,6.73,0.0,4.56,1.79,1.37,26.15,Gift Card,55,DRV-263,1,SUMMER26
ORD-100717,2026-06-07,19:14,CUST-1130,Non-Member,Golden Dragon,Chinese,Portland,Delivered,3,39.04,4.81,0.0,2.87,4.29,1.27,49.41,Gift Card,45,DRV-222,4,SAVE10
ORD-100718,2026-06-07,21:19,CUST-1019,Non-Member,Burger Barn,American,Beaverton,Delivered,7,38.87,5.75,0.0,4.47,4.28,1.47,50.37,Google Pay,70,DRV-294,5,FREEDEL
ORD-100719,2026-06-09,07:12,CUST-1195,Non-Member,Slice of Napoli,Italian,Portland,Delivered,4,41.01,2.02,0.0,1.34,4.51,0.06,47.6,Gift Card,22,DRV-246,3,
ORD-100720,2026-06-10,04:00,CUST-1212,JET+ Member,The Griddle House,American,Lake Oswego,Delivered,4,24.33,7.61,7.61,4.54,2.68,0.65,27.66,PayPal,46,DRV-203,1,FREEDEL
ORD-100721,2026-06-10,20:07,CUST-1038,JET+ Member,Burger Barn,American,Hillsboro,Refunded,1,44.94,2.25,2.25,1.24,4.94,10.47,60.35,Apple Pay,,DRV-256,,SAVE10
ORD-100722,2026-06-10,22:13,CUST-1000,JET+ Member,Stars & Stripes Diner,American,Lake Oswego,Delivered,1,24.43,2.4,2.4,1.76,2.69,1.76,28.88,PayPal,59,DRV-299,2,
ORD-100723,2026-06-11,22:48,CUST-1202,JET+ Member,Taj Spice Kitchen,Indian,Beaverton,Delivered,4,32.76,3.81,3.81,2.93,3.6,0.2,36.56,Apple Pay,47,DRV-243,5,NEWUSER
ORD-100724,2026-06-12,06:10,CUST-1177,Non-Member,Noodle & Co Express,Asian Fusion,Lake Oswego,Delivered,4,80.32,7.11,0.0,4.48,8.84,10.93,107.2,Debit Card,45,DRV-263,2,FREEDEL
ORD-100725,2026-06-14,02:03,CUST-1022,Non-Member,Pancake Palace,Breakfast,Tigard,Delivered,2,27.53,7.44,0.0,5.75,3.03,4.68,42.68,Debit Card,31,DRV-241,5,
ORD-100726,2026-06-14,03:44,CUST-1269,Non-Member,Sushi Zen,Japanese,Gresham,Delivered,7,26.83,3.9,0.0,2.23,2.95,1.06,34.74,PayPal,41,DRV-253,2,NEWUSER
ORD-100727,2026-06-15,10:27,CUST-1144,JET+ Member,Pho Saigon,Vietnamese,Gresham,Cancelled by Customer,6,43.97,4.29,4.29,3.14,4.84,6.08,54.89,PayPal,,DRV-261,,
ORD-100728,2026-06-15,13:11,CUST-1147,Non-Member,Curry Corner,Indian,Lake Oswego,Delivered,7,58.3,4.56,0.0,3.0,6.41,0.52,69.79,Apple Pay,48,DRV-247,2,NEWUSER
ORD-100729,2026-06-17,16:45,CUST-1335,JET+ Member,Olive & Vine,Mediterranean,Gresham,Delivered,7,56.39,4.78,4.78,3.11,6.2,7.5,70.09,PayPal,28,DRV-214,5,
ORD-100730,2026-06-17,18:17,CUST-1166,JET+ Member,La Taqueria,Mexican,Beaverton,Delivered Late,3,45.05,2.52,2.52,1.84,4.96,2.5,52.51,Google Pay,29,DRV-242,4,FREEDEL
ORD-100731,2026-06-18,12:06,CUST-1143,JET+ Member,Trattoria Bella,Italian,Lake Oswego,Delivered,4,84.91,5.67,5.67,4.38,9.34,19.29,113.54,Debit Card,63,DRV-276,5,SUMMER26
ORD-100732,2026-06-21,08:05,CUST-1124,Non-Member,Wok This Way,Asian Fusion,Tigard,Delivered,6,16.69,6.6,0.0,4.25,1.84,1.59,26.72,PayPal,42,DRV-241,4,NEWUSER
ORD-100733,2026-06-21,10:49,CUST-1095,Non-Member,The Green Bowl,Healthy,Tigard,Delivered,4,43.64,4.11,0.0,3.0,4.8,6.32,58.87,Credit Card,46,DRV-201,3,SUMMER26
ORD-100734,2026-06-21,18:45,CUST-1058,JET+ Member,Pancake Palace,Breakfast,Beaverton,Delivered,1,53.62,4.65,4.65,2.85,5.9,5.76,65.28,Gift Card,56,DRV-228,5,SUMMER26
ORD-100735,2026-06-21,19:00,CUST-1327,Non-Member,Wok This Way,Asian Fusion,Gresham,Cancelled by Restaurant,4,66.14,4.8,0.0,2.82,7.28,15.22,93.44,PayPal,,DRV-205,,SAVE10
ORD-100736,2026-06-22,00:18,CUST-1128,Non-Member,Burger Barn,American,Lake Oswego,Delivered,7,37.24,4.26,0.0,2.44,4.1,1.55,47.15,PayPal,59,DRV-238,5,FREEDEL
ORD-100737,2026-06-22,05:49,CUST-1334,JET+ Member,Slice of Napoli,Italian,Beaverton,Delivered,4,84.21,5.33,5.33,4.05,9.26,20.85,114.32,Apple Pay,26,DRV-244,5,
ORD-100738,2026-06-22,11:53,CUST-1134,Non-Member,Curry Corner,Indian,Lake Oswego,Delivered,3,70.71,3.55,0.0,2.49,7.78,7.25,89.29,Credit Card,36,DRV-291,4,SUMMER26
ORD-100739,2026-06-22,11:58,CUST-1245,Non-Member,The Green Bowl,Healthy,Lake Oswego,Delivered,4,28.98,5.99,0.0,3.82,3.19,6.42,44.58,Credit Card,64,DRV-249,4,NEWUSER
ORD-100740,2026-06-22,17:02,CUST-1073,Non-Member,Lotus Thai Cafe,Thai,Beaverton,Delivered,5,28.98,4.2,0.0,2.69,3.19,2.37,38.74,Credit Card,39,DRV-223,3,
ORD-100741,2026-06-23,08:58,CUST-1334,JET+ Member,Slice of Napoli,Italian,Tigard,Delivered,7,43.36,7.79,7.79,6.19,4.77,1.4,49.53,Apple Pay,38,DRV-260,5,
ORD-100742,2026-06-23,22:17,CUST-1185,JET+ Member,El Pollo Feliz,Mexican,Portland,Delivered,6,38.86,3.31,3.31,1.99,4.27,7.3,50.43,Debit Card,24,DRV-208,5,
ORD-100743,2026-06-24,16:23,CUST-1222,JET+ Member,Taj Spice Kitchen,Indian,Gresham,Cancelled by Customer,5,48.01,2.49,2.49,1.52,5.28,10.13,63.42,Credit Card,,DRV-240,,NEWUSER
ORD-100744,2026-06-25,06:08,CUST-1032,JET+ Member,Noodle & Co Express,Asian Fusion,Lake Oswego,Delivered Late,6,13.15,4.85,4.85,3.27,1.45,1.34,15.94,Debit Card,50,DRV-255,5,FREEDEL
ORD-100745,2026-06-25,21:16,CUST-1339,Non-Member,Sunrise Skillet,Breakfast,Portland,Delivered,1,83.63,6.02,0.0,4.47,9.2,10.57,109.42,Debit Card,70,DRV-264,4,
ORD-100746,2026-06-26,12:52,CUST-1163,Non-Member,The Griddle House,American,Beaverton,Cancelled by Customer,4,71.42,6.46,0.0,4.28,7.86,16.55,102.29,Credit Card,,DRV-253,,SAVE10
ORD-100747,2026-06-27,09:44,CUST-1110,JET+ Member,The Green Bowl,Healthy,Gresham,Delivered,6,82.91,5.31,5.31,3.28,9.12,10.14,102.17,Google Pay,20,DRV-208,4,NEWUSER
ORD-100748,2026-06-28,02:19,CUST-1029,JET+ Member,La Taqueria,Mexican,Gresham,Delivered,6,18.19,4.29,4.29,2.64,2.0,4.33,24.52,Credit Card,41,DRV-247,1,
ORD-100749,2026-06-28,08:50,CUST-1002,Non-Member,Pho Saigon,Vietnamese,Beaverton,Delivered,1,55.53,3.57,0.0,2.13,6.11,0.56,65.77,Credit Card,38,DRV-287,1,SUMMER26
ORD-100750,2026-06-28,15:59,CUST-1380,Non-Member,Casa de Tacos,Mexican,Hillsboro,Delivered,1,72.53,3.65,0.0,2.06,7.98,17.05,101.21,PayPal,71,DRV-253,3,
ORD-100751,2026-06-29,03:08,CUST-1209,JET+ Member,Wok This Way,Asian Fusion,Lake Oswego,Delivered,4,23.21,6.43,6.43,3.66,2.55,4.23,29.99,Gift Card,66,DRV-272,2,NEWUSER
ORD-100752,2026-07-01,09:55,CUST-1363,Non-Member,Lotus Thai Cafe,Thai,Lake Oswego,Delivered,7,80.04,5.38,0.0,3.55,8.8,14.11,108.33,Credit Card,65,DRV-256,1,FREEDEL
ORD-100753,2026-07-01,15:20,CUST-1150,JET+ Member,Ramen Republic,Japanese,Beaverton,Delivered,5,59.19,3.11,3.11,2.44,6.51,4.47,70.17,Google Pay,32,DRV-259,4,
ORD-100754,2026-07-02,01:45,CUST-1043,JET+ Member,Falafel House,Mediterranean,Lake Oswego,Cancelled by Customer,1,13.01,3.48,3.48,2.31,1.43,1.28,15.72,Debit Card,,DRV-237,,SUMMER26
ORD-100755,2026-07-03,18:58,CUST-1048,JET+ Member,Pancake Palace,Breakfast,Lake Oswego,Delivered,1,79.74,4.94,4.94,3.37,8.77,12.0,100.51,Apple Pay,60,DRV-240,2,FREEDEL
ORD-100756,2026-07-04,00:47,CUST-1158,JET+ Member,Taj Spice Kitchen,Indian,Lake Oswego,Delivered,2,38.22,2.06,2.06,1.44,4.2,9.47,51.89,Google Pay,32,DRV-250,2,FREEDEL
ORD-100757,2026-07-04,03:54,CUST-1164,Non-Member,Noodle & Co Express,Asian Fusion,Gresham,Delivered Late,3,18.16,2.38,0.0,1.35,2.0,2.68,25.22,Google Pay,64,DRV-220,4,SUMMER26
ORD-100758,2026-07-05,19:26,CUST-1068,JET+ Member,Mama Rosa's Pizzeria,Italian,Beaverton,Delivered,6,49.18,2.11,2.11,1.43,5.41,10.52,65.11,PayPal,58,DRV-263,5,NEWUSER
ORD-100759,2026-07-06,00:34,CUST-1197,JET+ Member,Falafel House,Mediterranean,Tigard,Delivered,4,37.95,3.64,3.64,2.89,4.17,2.39,44.51,Debit Card,59,DRV-228,3,FREEDEL
ORD-100760,2026-07-06,01:28,CUST-1215,JET+ Member,Casa de Tacos,Mexican,Gresham,Cancelled by Restaurant,6,65.41,4.68,4.68,2.59,7.2,15.76,88.37,Debit Card,,DRV-209,,
ORD-100761,2026-07-06,06:44,CUST-1307,JET+ Member,Bao Down,Chinese,Lake Oswego,Delivered,6,60.9,4.61,4.61,3.5,6.7,10.66,78.26,Debit Card,35,DRV-243,4,SUMMER26
ORD-100762,2026-07-06,10:20,CUST-1206,JET+ Member,Mama Rosa's Pizzeria,Italian,Hillsboro,Delivered,5,61.09,5.85,5.85,3.5,6.72,1.62,69.43,Google Pay,73,DRV-277,5,NEWUSER
ORD-100763,2026-07-06,20:53,CUST-1298,Non-Member,Tokyo Bento Box,Japanese,Lake Oswego,Delivered Late,7,21.06,3.98,0.0,2.9,2.32,3.29,30.65,Credit Card,65,DRV-204,3,
ORD-100764,2026-07-06,22:38,CUST-1243,JET+ Member,Wok This Way,Asian Fusion,Beaverton,Delivered,7,58.05,3.06,3.06,1.94,6.39,2.78,67.22,Google Pay,19,DRV-269,4,
ORD-100765,2026-07-07,08:40,CUST-1146,Non-Member,Taj Spice Kitchen,Indian,Gresham,Delivered,4,69.49,5.78,0.0,4.52,7.64,17.04,99.95,Debit Card,20,DRV-295,2,
ORD-100766,2026-07-08,01:15,CUST-1316,Non-Member,Casa de Tacos,Mexican,Tigard,Delivered,1,41.32,6.32,0.0,4.92,4.55,8.27,60.46,Gift Card,40,DRV-248,5,
ORD-100767,2026-07-08,14:22,CUST-1202,JET+ Member,Golden Dragon,Chinese,Gresham,Cancelled by Customer,4,69.45,5.98,5.98,4.34,7.64,13.56,90.65,Debit Card,,DRV-203,,
ORD-100768,2026-07-08,18:49,CUST-1235,JET+ Member,Noodle & Co Express,Asian Fusion,Tigard,Delivered,2,12.18,7.13,7.13,5.01,1.34,0.39,13.91,Debit Card,64,DRV-271,2,
ORD-100769,2026-07-08,23:10,CUST-1140,Non-Member,Mama Rosa's Pizzeria,Italian,Lake Oswego,Delivered,2,78.82,4.97,0.0,2.9,8.67,7.2,99.66,Google Pay,21,DRV-255,4,
ORD-100770,2026-07-10,04:59,CUST-1167,JET+ Member,Pancake Palace,Breakfast,Tigard,Cancelled by Customer,7,49.56,2.06,2.06,1.54,5.45,6.45,61.46,Debit Card,,DRV-209,,SAVE10
ORD-100771,2026-07-10,05:10,CUST-1013,JET+ Member,Pancake Palace,Breakfast,Tigard,Refunded,2,50.24,3.67,3.67,2.81,5.53,4.98,60.75,PayPal,,DRV-271,,
ORD-100772,2026-07-10,17:16,CUST-1281,JET+ Member,Burger Barn,American,Gresham,Cancelled by Restaurant,2,17.71,6.54,6.54,5.17,1.95,0.38,20.04,PayPal,,DRV-293,,
ORD-100773,2026-07-11,08:00,CUST-1283,Non-Member,Noodle & Co Express,Asian Fusion,Portland,Delivered,7,15.44,6.26,0.0,3.89,1.7,2.52,25.92,PayPal,53,DRV-222,5,SUMMER26
ORD-100774,2026-07-12,00:53,CUST-1336,JET+ Member,Thai Basil Kitchen,Thai,Gresham,Delivered,6,63.39,4.46,4.46,2.9,6.97,2.84,73.2,PayPal,41,DRV-278,5,FREEDEL
ORD-100775,2026-07-12,01:16,CUST-1019,Non-Member,Bangkok Street Eats,Thai,Lake Oswego,Delivered,4,69.73,6.92,0.0,4.34,7.67,9.57,93.89,Google Pay,50,DRV-282,2,
ORD-100776,2026-07-12,02:48,CUST-1162,Non-Member,Golden Dragon,Chinese,Beaverton,Delivered,5,18.17,7.61,0.0,4.45,2.0,4.36,32.14,Google Pay,63,DRV-244,4,
ORD-100777,2026-07-12,05:59,CUST-1186,Non-Member,Casa de Tacos,Mexican,Gresham,Delivered,4,21.96,4.46,0.0,2.95,2.42,0.6,29.44,PayPal,70,DRV-259,5,FREEDEL
ORD-100778,2026-07-12,09:04,CUST-1114,Non-Member,Lucky Panda Wok,Chinese,Tigard,Delivered Late,2,65.96,3.42,0.0,2.46,7.26,4.21,80.85,Gift Card,47,DRV-294,5,
ORD-100779,2026-07-12,17:14,CUST-1388,JET+ Member,Bao Down,Chinese,Gresham,Delivered,5,59.84,7.11,7.11,5.3,6.58,12.82,79.24,Apple Pay,61,DRV-292,5,
ORD-100780,2026-07-13,15:18,CUST-1369,JET+ Member,La Taqueria,Mexican,Tigard,Delivered,1,62.6,3.03,3.03,2.05,6.89,15.52,85.01,Debit Card,18,DRV-255,1,NEWUSER
ORD-100781,2026-07-14,00:23,CUST-1289,Non-Member,Sushi Zen,Japanese,Lake Oswego,Delivered,4,75.46,5.76,0.0,4.05,8.3,14.23,103.75,Gift Card,66,DRV-286,5,
ORD-100782,2026-07-14,05:01,CUST-1178,Non-Member,Pho Saigon,Vietnamese,Tigard,Delivered,1,70.47,7.56,0.0,5.62,7.75,12.3,98.08,Gift Card,65,DRV-245,5,
ORD-100783,2026-07-14,06:53,CUST-1223,JET+ Member,Bao Down,Chinese,Beaverton,Delivered,5,63.8,4.8,4.8,3.71,7.02,3.67,74.49,Debit Card,27,DRV-280,4,
ORD-100784,2026-07-14,08:49,CUST-1009,Non-Member,The Griddle House,American,Hillsboro,Delivered,5,56.85,6.94,0.0,4.6,6.25,2.34,72.38,PayPal,34,DRV-250,5,SAVE10
ORD-100785,2026-07-14,11:29,CUST-1152,Non-Member,Lotus Thai Cafe,Thai,Portland,Delivered,4,64.53,5.83,0.0,4.35,7.1,14.47,91.93,Gift Card,56,DRV-206,3,SUMMER26
ORD-100786,2026-07-16,01:02,CUST-1013,JET+ Member,Pitmaster's Porch,BBQ,Portland,Delivered,3,16.89,4.41,4.41,2.51,1.86,1.11,19.86,Gift Card,74,DRV-220,3,FREEDEL
ORD-100787,2026-07-16,04:17,CUST-1052,JET+ Member,Mama Rosa's Pizzeria,Italian,Lake Oswego,Delivered,4,58.6,3.25,3.25,1.97,6.45,11.41,76.46,Gift Card,34,DRV-207,4,
ORD-100788,2026-07-17,01:28,CUST-1381,JET+ Member,Burger Barn,American,Hillsboro,Delivered,5,26.27,7.75,7.75,5.74,2.89,4.21,33.37,Google Pay,56,DRV-233,5,SAVE10
ORD-100789,2026-07-17,09:29,CUST-1154,Non-Member,Trattoria Bella,Italian,Portland,Delivered,6,38.4,4.34,0.0,2.48,4.22,0.74,47.7,Apple Pay,62,DRV-244,4,
ORD-100790,2026-07-18,18:20,CUST-1116,Non-Member,Burger Barn,American,Tigard,Delivered,2,17.88,6.35,0.0,4.86,1.97,0.64,26.84,Google Pay,34,DRV-260,1,FREEDEL
ORD-100791,2026-07-19,04:32,CUST-1362,Non-Member,Lotus Thai Cafe,Thai,Portland,Cancelled by Customer,3,52.12,5.61,0.0,3.16,5.73,2.2,65.66,Debit Card,,DRV-243,,
ORD-100792,2026-07-19,06:43,CUST-1187,Non-Member,Casa de Tacos,Mexican,Beaverton,Delivered,5,55.86,4.61,0.0,3.6,6.14,11.73,78.34,Debit Card,68,DRV-232,5,
ORD-100793,2026-07-19,09:03,CUST-1276,JET+ Member,The Griddle House,American,Beaverton,Delivered,5,19.02,3.12,3.12,1.78,2.09,2.87,23.98,Google Pay,74,DRV-267,4,
ORD-100794,2026-07-20,14:54,CUST-1262,JET+ Member,Pitmaster's Porch,BBQ,Lake Oswego,Delivered,4,27.34,7.87,7.87,4.52,3.01,5.67,36.02,Debit Card,51,DRV-224,4,
ORD-100795,2026-07-20,16:21,CUST-1140,JET+ Member,Mama Rosa's Pizzeria,Italian,Beaverton,Delivered,6,81.21,2.54,2.54,1.6,8.93,4.76,94.9,PayPal,40,DRV-259,5,
ORD-100796,2026-07-21,00:09,CUST-1127,Non-Member,Lucky Panda Wok,Chinese,Tigard,Cancelled by Customer,5,65.01,4.76,0.0,3.4,7.15,9.75,86.67,Gift Card,,DRV-295,,FREEDEL
ORD-100797,2026-07-21,06:47,CUST-1132,JET+ Member,Taj Spice Kitchen,Indian,Gresham,Delivered,1,44.58,7.17,7.17,5.24,4.9,5.79,55.27,Gift Card,38,DRV-278,4,NEWUSER
ORD-100798,2026-07-21,16:49,CUST-1042,Non-Member,Pancake Palace,Breakfast,Beaverton,Delivered,6,83.05,7.17,0.0,4.49,9.14,14.02,113.38,Gift Card,44,DRV-232,4,SUMMER26
ORD-100799,2026-07-22,22:52,CUST-1205,Non-Member,Fresh Roots Salads,Healthy,Beaverton,Delivered,6,37.7,5.21,0.0,3.45,4.15,0.06,47.12,Gift Card,50,DRV-289,4,
ORD-100800,2026-07-23,15:20,CUST-1203,Non-Member,Bangkok Street Eats,Thai,Gresham,Delivered,7,43.88,7.96,0.0,5.35,4.83,5.24,61.91,Apple Pay,42,DRV-206,3,SUMMER26
ORD-100801,2026-07-23,16:23,CUST-1128,JET+ Member,Lotus Thai Cafe,Thai,Gresham,Cancelled by Restaurant,7,73.27,2.34,2.34,1.65,8.06,14.15,95.48,Google Pay,,DRV-296,,FREEDEL
ORD-100802,2026-07-25,07:27,CUST-1347,Non-Member,Thai Basil Kitchen,Thai,Beaverton,Delivered Late,2,78.2,4.01,0.0,2.82,8.6,11.9,102.71,PayPal,33,DRV-222,5,
ORD-100803,2026-07-26,12:08,CUST-1161,JET+ Member,The Green Bowl,Healthy,Beaverton,Delivered,2,76.5,3.4,3.4,2.29,8.42,13.96,98.88,Apple Pay,29,DRV-213,5,NEWUSER
ORD-100804,2026-07-26,16:24,CUST-1243,Non-Member,Falafel House,Mediterranean,Hillsboro,Delivered,5,82.01,4.4,0.0,2.48,9.02,18.93,114.36,PayPal,68,DRV-252,4,
ORD-100805,2026-07-27,06:41,CUST-1247,Non-Member,Pitmaster's Porch,BBQ,Gresham,Refunded,7,56.55,7.91,0.0,4.53,6.22,13.78,84.46,Apple Pay,,DRV-262,,SAVE10
ORD-100806,2026-07-27,06:45,CUST-1163,Non-Member,El Pollo Feliz,Mexican,Gresham,Refunded,7,21.68,6.95,0.0,4.83,2.38,4.2,35.21,PayPal,,DRV-230,,
ORD-100807,2026-07-29,06:34,CUST-1109,JET+ Member,Fresh Roots Salads,Healthy,Hillsboro,Delivered,3,43.32,4.36,4.36,2.73,4.77,1.49,49.58,PayPal,55,DRV-213,5,SUMMER26
ORD-100808,2026-07-29,13:54,CUST-1099,Non-Member,Falafel House,Mediterranean,Gresham,Delivered Late,7,35.82,5.84,0.0,3.81,3.94,6.8,52.4,Credit Card,31,DRV-294,5,
ORD-100809,2026-07-29,23:39,CUST-1080,JET+ Member,La Taqueria,Mexican,Tigard,Delivered,1,21.98,5.75,5.75,3.62,2.42,0.73,25.13,Debit Card,52,DRV-275,5,
ORD-100810,2026-07-31,09:02,CUST-1183,Non-Member,The Griddle House,American,Beaverton,Delivered Late,5,76.85,7.57,0.0,4.35,8.45,2.06,94.93,Apple Pay,24,DRV-240,4,NEWUSER
ORD-100811,2026-07-31,15:24,CUST-1113,JET+ Member,Bangkok Street Eats,Thai,Lake Oswego,Delivered,1,81.57,5.89,5.89,3.41,8.97,18.05,108.59,Credit Card,45,DRV-227,4,
ORD-100812,2026-08-01,01:44,CUST-1205,Non-Member,Ramen Republic,Japanese,Gresham,Cancelled by Restaurant,5,55.05,6.09,0.0,4.24,6.06,5.03,72.23,Apple Pay,,DRV-257,,NEWUSER
ORD-100813,2026-08-01,06:07,CUST-1367,JET+ Member,Golden Dragon,Chinese,Tigard,Cancelled by Customer,7,66.98,3.03,3.03,2.33,7.37,4.62,78.97,Credit Card,,DRV-239,,
ORD-100814,2026-08-01,20:38,CUST-1360,JET+ Member,The Griddle House,American,Lake Oswego,Delivered,5,70.14,7.67,7.67,5.47,7.72,11.62,89.48,Gift Card,45,DRV-290,4,
ORD-100815,2026-08-03,10:53,CUST-1207,JET+ Member,The Green Bowl,Healthy,Portland,Delivered,4,72.76,3.09,3.09,1.75,8.0,11.93,92.69,PayPal,20,DRV-289,5,NEWUSER
ORD-100816,2026-08-03,16:17,CUST-1308,JET+ Member,Tokyo Bento Box,Japanese,Portland,Delivered,7,73.07,2.64,2.64,1.6,8.04,14.49,95.6,Credit Card,66,DRV-266,4,SUMMER26
ORD-100817,2026-08-03,16:30,CUST-1057,Non-Member,Noodle & Co Express,Asian Fusion,Hillsboro,Delivered Late,2,79.3,5.07,0.0,3.58,8.72,7.09,100.18,Debit Card,33,DRV-250,4,SAVE10
ORD-100818,2026-08-03,19:38,CUST-1300,Non-Member,Ramen Republic,Japanese,Portland,Cancelled by Customer,2,25.87,2.36,0.0,1.56,2.85,1.31,32.39,Gift Card,,DRV-235,,
ORD-100819,2026-08-05,08:44,CUST-1345,JET+ Member,Burger Barn,American,Hillsboro,Delivered,1,68.61,3.2,3.2,2.35,7.55,13.82,89.98,Gift Card,25,DRV-212,1,
ORD-100820,2026-08-05,17:13,CUST-1186,JET+ Member,The Green Bowl,Healthy,Lake Oswego,Delivered,4,81.8,3.66,3.66,2.89,9.0,18.15,108.95,Debit Card,34,DRV-281,3,FREEDEL
ORD-100821,2026-08-08,01:22,CUST-1286,Non-Member,Banh Mi Bros,Vietnamese,Portland,Delivered,7,65.95,2.78,0.0,1.62,7.25,15.29,91.27,Google Pay,40,DRV-230,3,
ORD-100822,2026-08-08,05:43,CUST-1128,JET+ Member,Pitmaster's Porch,BBQ,Beaverton,Delivered,2,52.66,6.69,6.69,4.79,5.79,5.35,63.8,Gift Card,64,DRV-233,4,SAVE10
ORD-100823,2026-08-09,11:13,CUST-1203,JET+ Member,Sushi Zen,Japanese,Lake Oswego,Cancelled by Restaurant,6,65.06,6.22,6.22,4.71,7.16,1.02,73.24,PayPal,,DRV-251,,
ORD-100824,2026-08-10,04:41,CUST-1173,Non-Member,Smoky Joe's BBQ,BBQ,Hillsboro,Delivered,5,14.62,7.75,0.0,4.46,1.61,0.15,24.13,Google Pay,32,DRV-206,1,
ORD-100825,2026-08-11,11:37,CUST-1177,JET+ Member,Taj Spice Kitchen,Indian,Portland,Delivered,3,83.88,3.48,3.48,1.98,9.23,11.78,104.89,Credit Card,36,DRV-244,3,FREEDEL
ORD-100826,2026-08-19,10:56,CUST-1131,JET+ Member,Fresh Roots Salads,Healthy,Gresham,Delivered,5,50.1,3.67,3.67,2.05,5.51,7.7,63.31,Google Pay,39,DRV-275,3,SAVE10
ORD-100827,2026-08-19,20:16,CUST-1331,Non-Member,Sunrise Skillet,Breakfast,Hillsboro,Delivered,1,58.08,5.71,0.0,4.05,6.39,10.03,80.21,Debit Card,18,DRV-295,2,
ORD-100828,2026-08-22,06:19,CUST-1174,Non-Member,Pancake Palace,Breakfast,Beaverton,Delivered,4,66.54,4.22,0.0,2.52,7.32,3.25,81.33,Apple Pay,41,DRV-274,5,SUMMER26
ORD-100829,2026-08-22,06:48,CUST-1118,JET+ Member,Bao Down,Chinese,Hillsboro,Cancelled by Customer,4,49.7,2.56,2.56,1.87,5.47,12.14,67.31,Gift Card,,DRV-217,,
ORD-100830,2026-08-22,07:49,CUST-1193,Non-Member,The Green Bowl,Healthy,Portland,Delivered,2,46.17,3.95,0.0,2.28,5.08,11.32,66.52,Credit Card,28,DRV-244,4,FREEDEL
ORD-100831,2026-08-22,09:58,CUST-1175,JET+ Member,El Pollo Feliz,Mexican,Lake Oswego,Delivered,3,35.59,5.54,5.54,3.91,3.91,6.11,45.61,PayPal,69,DRV-258,5,
ORD-100832,2026-08-23,14:18,CUST-1012,Non-Member,La Taqueria,Mexican,Portland,Delivered,6,40.71,7.21,0.0,5.21,4.48,5.42,57.82,Credit Card,40,DRV-281,4,
ORD-100833,2026-08-23,15:12,CUST-1165,Non-Member,Pho Saigon,Vietnamese,Beaverton,Delivered,7,75.2,2.84,0.0,1.82,8.27,0.91,87.22,Debit Card,19,DRV-268,3,SUMMER26
ORD-100834,2026-08-25,15:08,CUST-1399,JET+ Member,Smoky Joe's BBQ,BBQ,Beaverton,Delivered,1,49.66,3.5,3.5,2.37,5.46,1.25,56.37,Apple Pay,55,DRV-254,5,SAVE10
ORD-100835,2026-08-25,20:02,CUST-1092,JET+ Member,Wok This Way,Asian Fusion,Lake Oswego,Delivered,5,14.28,2.65,2.65,1.87,1.57,0.86,16.71,Google Pay,50,DRV-268,4,SUMMER26
ORD-100836,2026-08-26,21:57,CUST-1060,JET+ Member,Noodle & Co Express,Asian Fusion,Tigard,Delivered,7,24.08,5.94,5.94,4.74,2.65,1.42,28.15,Debit Card,69,DRV-227,5,SUMMER26
ORD-100837,2026-08-27,04:46,CUST-1261,JET+ Member,Noodle & Co Express,Asian Fusion,Portland,Delivered Late,4,44.76,4.35,4.35,3.34,4.92,10.92,60.6,Apple Pay,67,DRV-219,1,SAVE10
ORD-100838,2026-08-27,05:07,CUST-1009,JET+ Member,Taj Spice Kitchen,Indian,Beaverton,Delivered,1,84.32,6.23,6.23,3.99,9.28,7.83,101.43,Debit Card,42,DRV-297,5,
ORD-100839,2026-08-27,16:18,CUST-1214,JET+ Member,The Green Bowl,Healthy,Beaverton,Delivered,4,57.47,5.66,5.66,4.3,6.32,1.96,65.75,Debit Card,29,DRV-276,5,NEWUSER
ORD-100840,2026-08-29,02:53,CUST-1355,JET+ Member,Pitmaster's Porch,BBQ,Gresham,Delivered,6,68.75,5.1,5.1,3.43,7.56,9.11,85.42,PayPal,48,DRV-243,1,FREEDEL
ORD-100841,2026-08-30,04:01,CUST-1245,Non-Member,Fresh Roots Salads,Healthy,Tigard,Delivered Late,2,49.42,4.83,0.0,2.9,5.44,4.66,64.35,Debit Card,36,DRV-264,2,
ORD-100842,2026-08-30,07:36,CUST-1221,JET+ Member,Pitmaster's Porch,BBQ,Beaverton,Delivered,1,27.61,7.39,7.39,4.7,3.04,0.27,30.92,PayPal,46,DRV-295,3,SAVE10
ORD-100843,2026-08-30,14:00,CUST-1330,Non-Member,Curry Corner,Indian,Beaverton,Delivered,4,64.09,7.95,0.0,5.05,7.05,2.61,81.7,Apple Pay,47,DRV-278,3,
ORD-100844,2026-08-31,05:42,CUST-1025,Non-Member,Golden Dragon,Chinese,Lake Oswego,Delivered,7,12.27,3.94,0.0,2.75,1.35,1.4,18.96,Gift Card,35,DRV-299,4,SUMMER26
ORD-100845,2026-08-31,19:18,CUST-1237,Non-Member,Bao Down,Chinese,Beaverton,Delivered,2,13.88,2.2,0.0,1.61,1.53,0.73,18.34,Credit Card,55,DRV-274,5,SAVE10
ORD-100846,2026-09-01,03:24,CUST-1351,JET+ Member,Slice of Napoli,Italian,Beaverton,Delivered,1,31.73,7.35,7.35,4.83,3.49,2.6,37.82,Google Pay,46,DRV-241,4,FREEDEL
ORD-100847,2026-09-02,17:23,CUST-1303,Non-Member,Falafel House,Mediterranean,Beaverton,Cancelled by Restaurant,3,84.43,6.52,0.0,4.98,9.29,17.57,117.81,Apple Pay,,DRV-280,,SAVE10
ORD-100848,2026-09-02,23:01,CUST-1257,Non-Member,Lucky Panda Wok,Chinese,Tigard,Delivered,4,64.43,5.39,0.0,3.63,7.09,13.05,89.96,PayPal,56,DRV-227,1,
ORD-100849,2026-09-03,07:25,CUST-1310,JET+ Member,Pitmaster's Porch,BBQ,Gresham,Cancelled by Restaurant,4,20.51,7.03,7.03,4.8,2.26,0.31,23.08,Debit Card,,DRV-202,,NEWUSER
ORD-100850,2026-09-04,01:26,CUST-1370,JET+ Member,Burger Barn,American,Hillsboro,Refunded,4,55.91,6.59,6.59,3.71,6.15,7.07,69.13,Apple Pay,,DRV-230,,SUMMER26
ORD-100851,2026-09-04,09:57,CUST-1080,Non-Member,Trattoria Bella,Italian,Portland,Delivered,1,70.44,5.7,0.0,4.37,7.75,16.71,100.6,Credit Card,37,DRV-209,2,NEWUSER
ORD-100852,2026-09-05,15:58,CUST-1189,JET+ Member,Taj Spice Kitchen,Indian,Hillsboro,Delivered,2,54.4,2.03,2.03,1.58,5.98,0.97,61.35,Debit Card,43,DRV-220,1,NEWUSER
ORD-100853,2026-09-07,04:52,CUST-1334,Non-Member,Pancake Palace,Breakfast,Beaverton,Delivered,2,34.39,6.56,0.0,3.84,3.78,2.64,47.37,Gift Card,43,DRV-232,5,SUMMER26
ORD-100854,2026-09-07,11:14,CUST-1304,JET+ Member,The Griddle House,American,Beaverton,Delivered,6,69.38,2.76,2.76,1.83,7.63,6.43,83.44,PayPal,70,DRV-264,4,FREEDEL
ORD-100855,2026-09-09,02:16,CUST-1280,JET+ Member,Falafel House,Mediterranean,Lake Oswego,Cancelled by Customer,2,58.89,4.77,4.77,3.12,6.48,1.76,67.13,Gift Card,,DRV-231,,SUMMER26
ORD-100856,2026-09-09,09:49,CUST-1264,JET+ Member,La Taqueria,Mexican,Gresham,Delivered,5,16.62,3.16,3.16,2.19,1.83,3.79,22.24,Credit Card,48,DRV-279,4,
ORD-100857,2026-09-09,21:01,CUST-1013,Non-Member,Curry Corner,Indian,Lake Oswego,Delivered,3,28.45,6.33,0.0,4.81,3.13,0.57,38.48,PayPal,68,DRV-279,1,
ORD-100858,2026-09-11,05:20,CUST-1191,JET+ Member,The Griddle House,American,Lake Oswego,Delivered,6,22.76,3.63,3.63,2.28,2.5,0.72,25.98,Apple Pay,49,DRV-270,5,
ORD-100859,2026-09-12,03:41,CUST-1175,JET+ Member,Pho Saigon,Vietnamese,Gresham,Delivered,2,46.77,7.96,7.96,5.72,5.14,9.53,61.44,Debit Card,69,DRV-278,5,
ORD-100860,2026-09-12,03:56,CUST-1080,JET+ Member,Golden Dragon,Chinese,Lake Oswego,Cancelled by Restaurant,4,21.12,5.02,5.02,3.7,2.32,3.33,26.77,Google Pay,,DRV-215,,
ORD-100861,2026-09-12,23:12,CUST-1005,Non-Member,Lotus Thai Cafe,Thai,Hillsboro,Delivered,1,23.36,4.98,0.0,3.13,2.57,4.06,34.97,Google Pay,31,DRV-277,5,
ORD-100862,2026-09-13,09:36,CUST-1112,Non-Member,Pitmaster's Porch,BBQ,Portland,Delivered,3,74.19,7.17,0.0,4.94,8.16,6.38,95.9,Debit Card,47,DRV-203,5,SUMMER26
ORD-100863,2026-09-13,12:16,CUST-1164,Non-Member,La Taqueria,Mexican,Lake Oswego,Delivered,6,19.6,2.79,0.0,1.58,2.16,2.42,26.97,Google Pay,22,DRV-299,4,FREEDEL
ORD-100864,2026-09-14,11:40,CUST-1021,Non-Member,Noodle & Co Express,Asian Fusion,Beaverton,Delivered,3,56.99,2.24,0.0,1.73,6.27,10.11,75.61,Gift Card,27,DRV-209,2,NEWUSER
ORD-100865,2026-09-14,22:36,CUST-1297,Non-Member,Fresh Roots Salads,Healthy,Lake Oswego,Delivered,1,50.72,7.36,0.0,5.1,5.58,7.71,71.37,PayPal,56,DRV-216,4,FREEDEL
ORD-100866,2026-09-15,20:44,CUST-1185,Non-Member,Noodle & Co Express,Asian Fusion,Tigard,Delivered,2,40.11,5.83,0.0,3.59,4.41,1.4,51.75,Debit Card,45,DRV-241,5,FREEDEL
ORD-100867,2026-09-16,13:31,CUST-1039,JET+ Member,Ramen Republic,Japanese,Beaverton,Delivered,4,59.81,7.96,7.96,4.41,6.58,8.34,74.73,Credit Card,60,DRV-282,4,FREEDEL
ORD-100868,2026-09-16,22:50,CUST-1242,Non-Member,Slice of Napoli,Italian,Beaverton,Delivered,3,62.83,4.67,0.0,3.01,6.91,4.74,79.15,Debit Card,53,DRV-295,4,FREEDEL
ORD-100869,2026-09-17,01:26,CUST-1124,JET+ Member,Lotus Thai Cafe,Thai,Beaverton,Delivered,5,25.01,2.11,2.11,1.24,2.75,4.16,31.92,PayPal,53,DRV-293,5,NEWUSER
ORD-100870,2026-09-19,08:02,CUST-1378,Non-Member,Banh Mi Bros,Vietnamese,Gresham,Delivered,2,68.53,2.68,0.0,1.74,7.54,17.11,95.86,Google Pay,28,DRV-202,3,SAVE10
ORD-100871,2026-09-19,19:47,CUST-1175,Non-Member,Lotus Thai Cafe,Thai,Hillsboro,Delivered,2,61.91,6.55,0.0,4.09,6.81,4.41,79.68,Apple Pay,45,DRV-226,3,NEWUSER
ORD-100872,2026-09-19,20:48,CUST-1308,Non-Member,Thai Basil Kitchen,Thai,Portland,Delivered,1,35.15,5.91,0.0,3.96,3.87,4.42,49.35,PayPal,23,DRV-266,4,
ORD-100873,2026-09-20,14:01,CUST-1209,JET+ Member,Golden Dragon,Chinese,Hillsboro,Delivered,7,40.94,7.66,7.66,4.31,4.5,7.67,53.11,Apple Pay,32,DRV-222,4,
ORD-100874,2026-09-21,20:00,CUST-1110,Non-Member,Ramen Republic,Japanese,Gresham,Cancelled by Customer,3,44.15,7.0,0.0,4.91,4.86,0.76,56.77,Apple Pay,,DRV-254,,
ORD-100875,2026-09-21,22:10,CUST-1085,JET+ Member,Falafel House,Mediterranean,Portland,Delivered,3,26.59,3.74,3.74,2.97,2.92,4.71,34.22,PayPal,52,DRV-260,3,
ORD-100876,2026-09-22,04:29,CUST-1254,Non-Member,Lotus Thai Cafe,Thai,Portland,Delivered,3,45.22,5.09,0.0,3.2,4.97,0.58,55.86,Credit Card,24,DRV-277,4,
ORD-100877,2026-09-22,08:11,CUST-1236,JET+ Member,Casa de Tacos,Mexican,Lake Oswego,Refunded,3,28.19,6.39,6.39,4.84,3.1,4.18,35.47,Debit Card,,DRV-233,,SAVE10
ORD-100878,2026-09-23,07:49,CUST-1009,Non-Member,Burger Barn,American,Beaverton,Delivered,4,43.39,7.29,0.0,4.45,4.77,6.23,61.68,Gift Card,57,DRV-206,1,FREEDEL
ORD-100879,2026-09-23,19:54,CUST-1397,Non-Member,El Pollo Feliz,Mexican,Portland,Delivered,2,30.77,5.25,0.0,3.31,3.38,2.18,41.58,Google Pay,50,DRV-225,2,SUMMER26
ORD-100880,2026-09-24,13:41,CUST-1154,Non-Member,Sushi Zen,Japanese,Hillsboro,Delivered,3,13.49,6.74,0.0,4.47,1.48,2.66,24.37,Apple Pay,18,DRV-273,4,NEWUSER
ORD-100881,2026-09-25,21:06,CUST-1295,JET+ Member,Golden Dragon,Chinese,Lake Oswego,Delivered,7,60.02,4.5,4.5,3.35,6.6,10.07,76.69,PayPal,37,DRV-281,3,
ORD-100882,2026-09-26,04:08,CUST-1251,JET+ Member,Fresh Roots Salads,Healthy,Lake Oswego,Delivered,1,64.52,4.58,4.58,3.24,7.1,9.42,81.04,Debit Card,55,DRV-275,4,FREEDEL
ORD-100883,2026-09-26,10:16,CUST-1280,JET+ Member,Ramen Republic,Japanese,Tigard,Delivered,3,66.88,3.87,3.87,2.39,7.36,2.19,76.43,Gift Card,43,DRV-286,5,SAVE10
ORD-100884,2026-09-26,11:45,CUST-1353,Non-Member,Burger Barn,American,Gresham,Delivered,7,13.77,7.64,0.0,4.41,1.51,0.44,23.36,Apple Pay,26,DRV-256,4,NEWUSER
ORD-100885,2026-10-01,00:42,CUST-1245,Non-Member,Tokyo Bento Box,Japanese,Beaverton,Delivered,7,32.53,5.95,0.0,4.35,3.58,6.25,48.31,Debit Card,24,DRV-297,5,
ORD-100886,2026-10-01,13:06,CUST-1045,Non-Member,Banh Mi Bros,Vietnamese,Portland,Cancelled by Restaurant,1,62.65,7.08,0.0,4.31,6.89,2.36,78.98,Google Pay,,DRV-229,,SUMMER26
ORD-100887,2026-10-02,10:36,CUST-1190,Non-Member,The Griddle House,American,Beaverton,Delivered,1,61.52,6.47,0.0,4.39,6.77,9.29,84.05,Gift Card,40,DRV-272,4,FREEDEL
ORD-100888,2026-10-03,07:26,CUST-1295,Non-Member,Casa de Tacos,Mexican,Gresham,Delivered,5,32.74,5.82,0.0,4.59,3.6,5.95,48.11,Google Pay,46,DRV-291,5,SAVE10
ORD-100889,2026-10-03,10:02,CUST-1295,Non-Member,Slice of Napoli,Italian,Lake Oswego,Delivered,3,63.89,7.9,0.0,5.68,7.03,0.64,79.46,Credit Card,67,DRV-269,4,
ORD-100890,2026-10-04,02:54,CUST-1355,JET+ Member,Sushi Zen,Japanese,Lake Oswego,Cancelled by Customer,7,52.02,4.55,4.55,3.41,5.72,6.36,64.1,Debit Card,,DRV-240,,
ORD-100891,2026-10-04,11:18,CUST-1238,JET+ Member,La Taqueria,Mexican,Tigard,Delivered,1,55.99,4.03,4.03,3.08,6.16,11.83,73.98,Apple Pay,24,DRV-269,4,
ORD-100892,2026-10-06,02:23,CUST-1236,Non-Member,Golden Dragon,Chinese,Portland,Delivered,1,66.71,3.74,0.0,2.17,7.34,15.02,92.81,Credit Card,66,DRV-234,5,FREEDEL
ORD-100893,2026-10-07,12:27,CUST-1266,Non-Member,Falafel House,Mediterranean,Lake Oswego,Delivered,7,66.51,4.82,0.0,3.52,7.32,8.49,87.14,Gift Card,58,DRV-222,5,NEWUSER
ORD-100894,2026-10-08,04:23,CUST-1331,Non-Member,El Pollo Feliz,Mexican,Gresham,Delivered,4,16.76,7.58,0.0,5.12,1.84,2.11,28.29,Apple Pay,70,DRV-216,1,SAVE10
ORD-100895,2026-10-08,09:34,CUST-1340,Non-Member,Fresh Roots Salads,Healthy,Beaverton,Delivered,1,84.72,2.63,0.0,1.62,9.32,7.57,104.24,Credit Card,45,DRV-249,1,
ORD-100896,2026-10-09,13:22,CUST-1257,JET+ Member,Smoky Joe's BBQ,BBQ,Hillsboro,Delivered,2,76.33,2.3,2.3,1.82,8.4,13.43,98.16,Debit Card,34,DRV-236,4,NEWUSER
ORD-100897,2026-10-09,22:37,CUST-1138,Non-Member,Banh Mi Bros,Vietnamese,Gresham,Delivered,6,62.99,7.88,0.0,5.17,6.93,6.18,83.98,Debit Card,42,DRV-242,2,NEWUSER
ORD-100898,2026-10-11,21:20,CUST-1111,Non-Member,Tokyo Bento Box,Japanese,Gresham,Delivered,4,14.06,6.05,0.0,3.85,1.55,3.34,25.0,PayPal,36,DRV-200,4,
ORD-100899,2026-10-11,23:24,CUST-1175,Non-Member,Olive & Vine,Mediterranean,Portland,Delivered,3,17.38,2.05,0.0,1.19,1.91,0.68,22.02,Debit Card,68,DRV-264,1,SAVE10
ORD-100900,2026-10-12,08:42,CUST-1329,JET+ Member,Slice of Napoli,Italian,Tigard,Delivered,6,19.1,2.37,2.37,1.75,2.1,2.56,23.76,Gift Card,41,DRV-290,5,
ORD-100901,2026-10-12,20:32,CUST-1024,JET+ Member,Lucky Panda Wok,Chinese,Tigard,Delivered,3,49.29,4.12,4.12,2.93,5.42,6.73,61.44,Gift Card,25,DRV-265,5,SAVE10
ORD-100902,2026-10-16,07:45,CUST-1087,Non-Member,Pancake Palace,Breakfast,Gresham,Delivered,3,49.65,7.61,0.0,6.04,5.46,2.93,65.65,Debit Card,20,DRV-215,5,NEWUSER
ORD-100903,2026-10-17,03:36,CUST-1126,Non-Member,Sushi Zen,Japanese,Lake Oswego,Delivered,6,75.71,5.48,0.0,3.58,8.33,8.8,98.32,PayPal,29,DRV-281,5,SUMMER26
ORD-100904,2026-10-17,04:47,CUST-1307,Non-Member,Banh Mi Bros,Vietnamese,Beaverton,Delivered,5,31.55,5.53,0.0,4.24,3.47,2.51,43.06,Debit Card,45,DRV-295,2,NEWUSER
ORD-100905,2026-10-18,07:44,CUST-1344,Non-Member,Stars & Stripes Diner,American,Beaverton,Delivered,2,58.88,6.13,0.0,4.88,6.48,6.06,77.55,PayPal,40,DRV-292,4,SUMMER26
ORD-100906,2026-10-18,11:04,CUST-1349,JET+ Member,Pancake Palace,Breakfast,Lake Oswego,Delivered,5,25.4,7.87,7.87,5.23,2.79,4.98,33.17,Google Pay,54,DRV-244,4,SUMMER26
ORD-100907,2026-10-18,21:01,CUST-1371,Non-Member,Falafel House,Mediterranean,Beaverton,Delivered,4,13.98,7.74,0.0,5.63,1.54,2.22,25.48,Credit Card,60,DRV-210,5,SAVE10
ORD-100908,2026-10-19,02:16,CUST-1237,Non-Member,Bao Down,Chinese,Beaverton,Delivered,1,18.73,5.25,0.0,3.87,2.06,1.98,28.02,Google Pay,35,DRV-248,1,
ORD-100909,2026-10-21,03:38,CUST-1102,JET+ Member,Banh Mi Bros,Vietnamese,Portland,Delivered,6,50.94,6.03,6.03,4.0,5.6,1.97,58.51,Debit Card,31,DRV-287,5,NEWUSER
ORD-100910,2026-10-21,06:15,CUST-1040,JET+ Member,Falafel House,Mediterranean,Hillsboro,Delivered Late,2,42.02,5.99,5.99,3.98,4.62,7.92,54.56,PayPal,19,DRV-246,5,SUMMER26
ORD-100911,2026-10-21,08:02,CUST-1379,JET+ Member,Stars & Stripes Diner,American,Hillsboro,Refunded,2,41.41,6.99,6.99,5.04,4.56,1.99,47.96,Credit Card,,DRV-281,,NEWUSER
ORD-100912,2026-10-23,18:30,CUST-1344,Non-Member,Fresh Roots Salads,Healthy,Tigard,Delivered,2,24.24,2.04,0.0,1.29,2.67,4.83,33.78,Credit Card,65,DRV-213,5,NEWUSER
ORD-100913,2026-10-25,02:38,CUST-1062,JET+ Member,La Taqueria,Mexican,Hillsboro,Delivered,5,44.83,3.21,3.21,2.47,4.93,7.74,57.5,Debit Card,37,DRV-252,2,SUMMER26
ORD-100914,2026-10-26,03:12,CUST-1200,Non-Member,Casa de Tacos,Mexican,Portland,Delivered,3,80.59,2.74,0.0,1.79,8.86,13.07,105.26,Apple Pay,59,DRV-229,5,
ORD-100915,2026-10-28,06:15,CUST-1301,Non-Member,Curry Corner,Indian,Tigard,Delivered,1,32.81,4.0,0.0,3.05,3.61,4.27,44.69,Apple Pay,66,DRV-244,2,SUMMER26
ORD-100916,2026-10-28,12:54,CUST-1067,JET+ Member,Pancake Palace,Breakfast,Gresham,Delivered,1,27.46,2.53,2.53,1.47,3.02,0.49,30.97,PayPal,74,DRV-207,5,
ORD-100917,2026-10-28,20:09,CUST-1216,Non-Member,Casa de Tacos,Mexican,Lake Oswego,Cancelled by Restaurant,6,60.14,7.86,0.0,5.79,6.62,1.78,76.4,Google Pay,,DRV-258,,
ORD-100918,2026-10-30,15:57,CUST-1223,Non-Member,The Griddle House,American,Gresham,Cancelled by Restaurant,6,68.42,3.62,0.0,2.44,7.53,3.38,82.95,Credit Card,,DRV-291,,NEWUSER
ORD-100919,2026-10-31,06:02,CUST-1009,JET+ Member,Olive & Vine,Mediterranean,Tigard,Delivered,7,18.57,6.32,6.32,4.21,2.04,0.75,21.36,PayPal,46,DRV-215,4,FREEDEL
ORD-100920,2026-11-03,18:23,CUST-1042,Non-Member,Burger Barn,American,Tigard,Delivered,7,40.91,3.88,0.0,2.26,4.5,7.11,56.4,Credit Card,33,DRV-234,4,
ORD-100921,2026-11-04,00:46,CUST-1263,Non-Member,Bao Down,Chinese,Beaverton,Cancelled by Customer,6,17.7,2.17,0.0,1.38,1.95,0.08,21.9,Google Pay,,DRV-284,,SUMMER26
ORD-100922,2026-11-04,08:53,CUST-1288,Non-Member,Noodle & Co Express,Asian Fusion,Lake Oswego,Delivered Late,4,73.14,2.7,0.0,1.53,8.05,15.26,99.15,PayPal,26,DRV-206,3,SAVE10
ORD-100923,2026-11-04,21:34,CUST-1396,JET+ Member,Golden Dragon,Chinese,Portland,Delivered,2,29.86,2.06,2.06,1.64,3.28,1.66,34.8,Credit Card,64,DRV-266,5,NEWUSER
ORD-100924,2026-11-05,20:56,CUST-1388,Non-Member,Falafel House,Mediterranean,Portland,Refunded,7,27.66,5.37,0.0,3.97,3.04,1.78,37.85,Google Pay,,DRV-218,,NEWUSER
ORD-100925,2026-11-07,16:20,CUST-1012,Non-Member,Sunrise Skillet,Breakfast,Tigard,Delivered Late,5,21.35,3.92,0.0,2.35,2.35,0.55,28.17,PayPal,67,DRV-257,2,SUMMER26
ORD-100926,2026-11-08,03:40,CUST-1354,JET+ Member,Slice of Napoli,Italian,Gresham,Delivered,2,28.44,3.97,3.97,2.65,3.13,3.41,34.98,Apple Pay,74,DRV-211,5,NEWUSER
ORD-100927,2026-11-08,04:18,CUST-1017,Non-Member,Tokyo Bento Box,Japanese,Hillsboro,Delivered,5,39.6,7.69,0.0,5.16,4.36,1.07,52.72,Gift Card,57,DRV-296,5,
ORD-100928,2026-11-09,00:55,CUST-1020,Non-Member,Bangkok Street Eats,Thai,Lake Oswego,Delivered,1,79.88,2.43,0.0,1.38,8.79,9.01,100.11,Google Pay,31,DRV-296,4,SAVE10
ORD-100929,2026-11-09,02:42,CUST-1291,Non-Member,The Green Bowl,Healthy,Beaverton,Delivered,3,78.81,3.83,0.0,2.3,8.67,18.81,110.12,Google Pay,64,DRV-247,5,SUMMER26
ORD-100930,2026-11-09,04:30,CUST-1017,JET+ Member,Pitmaster's Porch,BBQ,Beaverton,Cancelled by Restaurant,1,20.07,7.97,7.97,6.14,2.21,1.42,23.7,PayPal,,DRV-266,,SAVE10
ORD-100931,2026-11-09,13:46,CUST-1192,Non-Member,Thai Basil Kitchen,Thai,Lake Oswego,Cancelled by Restaurant,1,82.03,5.91,0.0,3.98,9.02,2.27,99.23,Debit Card,,DRV-229,,
ORD-100932,2026-11-09,18:44,CUST-1093,JET+ Member,Bao Down,Chinese,Tigard,Delivered,7,81.49,2.06,2.06,1.53,8.96,19.77,110.22,Apple Pay,69,DRV-219,1,SUMMER26
ORD-100933,2026-11-09,18:47,CUST-1027,Non-Member,Smoky Joe's BBQ,BBQ,Lake Oswego,Delivered,5,35.05,2.86,0.0,2.29,3.86,0.26,42.03,Apple Pay,52,DRV-252,5,
ORD-100934,2026-11-10,16:01,CUST-1013,JET+ Member,Sunrise Skillet,Breakfast,Hillsboro,Refunded,6,68.22,6.79,6.79,4.76,7.5,14.61,90.33,Apple Pay,,DRV-227,,
ORD-100935,2026-11-12,03:41,CUST-1298,Non-Member,Curry Corner,Indian,Portland,Delivered,7,31.16,7.61,0.0,4.64,3.43,0.96,43.16,Google Pay,65,DRV-215,5,SUMMER26
ORD-100936,2026-11-13,14:30,CUST-1323,JET+ Member,Lucky Panda Wok,Chinese,Beaverton,Delivered,5,25.04,7.41,7.41,5.09,2.75,0.94,28.73,Gift Card,29,DRV-214,4,SAVE10
ORD-100937,2026-11-14,01:22,CUST-1221,Non-Member,Bao Down,Chinese,Tigard,Delivered,1,27.16,3.51,0.0,1.96,2.99,0.81,34.47,Gift Card,70,DRV-232,4,SUMMER26
ORD-100938,2026-11-15,07:39,CUST-1397,Non-Member,Fresh Roots Salads,Healthy,Hillsboro,Cancelled by Restaurant,4,65.53,5.34,0.0,3.9,7.21,11.16,89.24,Google Pay,,DRV-267,,
ORD-100939,2026-11-16,17:25,CUST-1069,Non-Member,Bao Down,Chinese,Lake Oswego,Cancelled by Restaurant,2,21.08,2.11,0.0,1.68,2.32,4.62,30.13,Apple Pay,,DRV-273,,SAVE10
ORD-100940,2026-11-17,22:18,CUST-1116,Non-Member,Stars & Stripes Diner,American,Beaverton,Delivered,5,21.76,7.76,0.0,4.47,2.39,2.88,34.79,Debit Card,33,DRV-226,3,FREEDEL
ORD-100941,2026-11-18,22:00,CUST-1297,Non-Member,La Taqueria,Mexican,Portland,Delivered,7,75.71,5.61,0.0,3.33,8.33,10.54,100.19,Apple Pay,32,DRV-269,5,
ORD-100942,2026-11-19,17:16,CUST-1259,Non-Member,Stars & Stripes Diner,American,Tigard,Delivered,6,17.02,7.0,0.0,4.77,1.87,3.86,29.75,Google Pay,68,DRV-281,5,FREEDEL
ORD-100943,2026-11-20,20:05,CUST-1319,Non-Member,La Taqueria,Mexican,Hillsboro,Delivered,4,66.5,2.11,0.0,1.3,7.32,7.79,83.72,Debit Card,51,DRV-291,3,NEWUSER
ORD-100944,2026-11-20,22:10,CUST-1285,JET+ Member,Sunrise Skillet,Breakfast,Beaverton,Delivered,7,32.8,4.12,4.12,2.6,3.61,7.37,43.78,PayPal,50,DRV-278,3,FREEDEL
ORD-100945,2026-11-21,10:31,CUST-1045,JET+ Member,Olive & Vine,Mediterranean,Gresham,Delivered Late,6,27.73,6.46,6.46,3.76,3.05,1.38,32.16,Apple Pay,53,DRV-222,4,NEWUSER
ORD-100946,2026-11-22,04:10,CUST-1369,JET+ Member,Lucky Panda Wok,Chinese,Gresham,Delivered,3,71.0,7.31,7.31,5.18,7.81,7.16,85.97,Debit Card,26,DRV-282,5,
ORD-100947,2026-11-23,04:06,CUST-1220,JET+ Member,Falafel House,Mediterranean,Portland,Delivered,4,78.46,5.28,5.28,3.64,8.63,1.13,88.22,Apple Pay,52,DRV-229,3,NEWUSER
ORD-100948,2026-11-23,13:27,CUST-1257,Non-Member,Banh Mi Bros,Vietnamese,Portland,Delivered Late,5,59.64,5.64,0.0,4.45,6.56,7.58,79.42,Gift Card,59,DRV-270,5,
ORD-100949,2026-11-23,13:57,CUST-1399,JET+ Member,Casa de Tacos,Mexican,Gresham,Delivered,2,13.89,1.99,1.99,1.27,1.53,1.27,16.69,Google Pay,68,DRV-291,3,
ORD-100950,2026-11-23,23:13,CUST-1002,Non-Member,Trattoria Bella,Italian,Hillsboro,Delivered Late,2,15.77,5.63,0.0,4.22,1.73,0.94,24.07,Google Pay,66,DRV-205,5,SUMMER26
ORD-100951,2026-11-24,18:06,CUST-1118,Non-Member,Stars & Stripes Diner,American,Portland,Delivered,3,75.93,3.74,0.0,2.49,8.35,13.4,101.42,Gift Card,67,DRV-265,5,SAVE10
ORD-100952,2026-11-24,19:20,CUST-1285,Non-Member,Banh Mi Bros,Vietnamese,Lake Oswego,Delivered,5,48.5,2.32,0.0,1.3,5.33,2.76,58.91,PayPal,66,DRV-203,5,
ORD-100953,2026-11-25,05:35,CUST-1334,JET+ Member,Falafel House,Mediterranean,Portland,Delivered,1,21.96,3.91,3.91,2.51,2.42,2.95,27.33,Google Pay,34,DRV-246,5,NEWUSER
ORD-100954,2026-11-25,11:05,CUST-1265,JET+ Member,Ramen Republic,Japanese,Tigard,Refunded,5,43.91,6.53,6.53,5.22,4.83,1.76,50.5,Google Pay,,DRV-253,,
ORD-100955,2026-11-25,13:30,CUST-1366,JET+ Member,Olive & Vine,Mediterranean,Beaverton,Delivered Late,3,42.2,5.44,5.44,3.64,4.64,5.61,52.45,Google Pay,21,DRV-289,1,SUMMER26
ORD-100956,2026-11-25,14:34,CUST-1010,JET+ Member,Trattoria Bella,Italian,Lake Oswego,Delivered,5,52.4,6.19,6.19,4.41,5.76,5.08,63.24,PayPal,49,DRV-209,5,FREEDEL
ORD-100957,2026-11-28,14:29,CUST-1284,Non-Member,Taj Spice Kitchen,Indian,Gresham,Delivered,2,62.48,7.7,0.0,4.84,6.87,7.59,84.64,Google Pay,60,DRV-275,1,NEWUSER
ORD-100958,2026-11-28,21:52,CUST-1311,Non-Member,Wok This Way,Asian Fusion,Tigard,Delivered,5,58.57,7.13,0.0,5.05,6.44,5.09,77.23,Google Pay,55,DRV-292,5,
ORD-100959,2026-11-30,23:36,CUST-1267,Non-Member,Sushi Zen,Japanese,Hillsboro,Delivered,1,42.89,2.47,0.0,1.56,4.72,2.55,52.63,PayPal,18,DRV-284,4,
ORD-100960,2026-12-01,18:11,CUST-1177,Non-Member,Tokyo Bento Box,Japanese,Tigard,Delivered,6,27.77,5.38,0.0,3.16,3.05,3.54,39.74,Credit Card,24,DRV-248,2,
ORD-100961,2026-12-02,09:27,CUST-1379,Non-Member,Lucky Panda Wok,Chinese,Tigard,Delivered,1,45.8,5.77,0.0,3.21,5.04,3.19,59.8,PayPal,46,DRV-288,3,
ORD-100962,2026-12-03,05:29,CUST-1394,JET+ Member,Lucky Panda Wok,Chinese,Gresham,Delivered,4,53.23,2.82,2.82,1.76,5.86,4.07,63.16,Google Pay,32,DRV-286,1,NEWUSER
ORD-100963,2026-12-04,01:26,CUST-1309,JET+ Member,Falafel House,Mediterranean,Gresham,Delivered,7,67.73,2.38,2.38,1.35,7.45,15.05,90.23,Gift Card,63,DRV-276,4,
ORD-100964,2026-12-06,02:34,CUST-1112,Non-Member,Sushi Zen,Japanese,Gresham,Delivered,7,44.73,7.17,0.0,5.14,4.92,8.53,65.35,Debit Card,51,DRV-264,4,NEWUSER
ORD-100965,2026-12-07,03:58,CUST-1369,JET+ Member,Banh Mi Bros,Vietnamese,Lake Oswego,Delivered,7,72.05,2.21,2.21,1.42,7.93,0.88,80.86,Apple Pay,24,DRV-267,1,
ORD-100966,2026-12-08,10:07,CUST-1211,Non-Member,Bangkok Street Eats,Thai,Tigard,Delivered,1,18.19,7.79,0.0,5.43,2.0,2.35,30.33,Google Pay,66,DRV-269,4,FREEDEL
ORD-100967,2026-12-08,18:32,CUST-1274,Non-Member,Lotus Thai Cafe,Thai,Lake Oswego,Delivered,5,78.9,4.72,0.0,2.69,8.68,11.43,103.73,Gift Card,41,DRV-281,4,SAVE10
ORD-100968,2026-12-08,22:27,CUST-1017,JET+ Member,The Green Bowl,Healthy,Beaverton,Delivered,2,43.76,7.94,7.94,6.14,4.81,8.19,56.76,Google Pay,68,DRV-289,2,NEWUSER
ORD-100969,2026-12-10,00:07,CUST-1282,Non-Member,Pitmaster's Porch,BBQ,Lake Oswego,Cancelled by Restaurant,5,15.68,2.07,0.0,1.23,1.72,3.18,22.65,PayPal,,DRV-265,,SAVE10
ORD-100970,2026-12-10,12:31,CUST-1303,JET+ Member,Ramen Republic,Japanese,Hillsboro,Cancelled by Customer,3,25.37,7.71,7.71,6.11,2.79,6.14,34.3,Gift Card,,DRV-229,,
ORD-100971,2026-12-10,16:36,CUST-1285,JET+ Member,Pitmaster's Porch,BBQ,Hillsboro,Delivered,6,39.42,7.24,7.24,4.28,4.34,3.66,47.42,Credit Card,20,DRV-222,5,SUMMER26
ORD-100972,2026-12-11,01:02,CUST-1038,Non-Member,Ramen Republic,Japanese,Lake Oswego,Delivered,1,25.21,4.35,0.0,3.1,2.77,2.64,34.97,Debit Card,27,DRV-281,5,SAVE10
ORD-100973,2026-12-12,11:44,CUST-1074,JET+ Member,Pancake Palace,Breakfast,Hillsboro,Delivered,5,35.6,5.52,5.52,4.03,3.92,3.94,43.46,Credit Card,26,DRV-210,1,
ORD-100974,2026-12-12,21:07,CUST-1187,JET+ Member,Pancake Palace,Breakfast,Portland,Delivered,1,68.89,3.75,3.75,2.82,7.58,5.65,82.12,Credit Card,63,DRV-226,2,
ORD-100975,2026-12-13,00:51,CUST-1384,JET+ Member,Mama Rosa's Pizzeria,Italian,Portland,Delivered,4,69.48,5.28,5.28,3.47,7.64,10.87,87.99,Google Pay,38,DRV-280,2,
ORD-100976,2026-12-13,11:25,CUST-1369,JET+ Member,Slice of Napoli,Italian,Tigard,Delivered,5,19.24,7.05,7.05,5.47,2.12,4.71,26.07,Google Pay,63,DRV-277,5,NEWUSER
ORD-100977,2026-12-14,19:49,CUST-1049,JET+ Member,Olive & Vine,Mediterranean,Gresham,Cancelled by Customer,4,33.56,7.47,7.47,4.27,3.69,3.41,40.66,Gift Card,,DRV-295,,SAVE10
ORD-100978,2026-12-15,21:47,CUST-1268,JET+ Member,Curry Corner,Indian,Tigard,Delivered,7,67.69,2.34,2.34,1.5,7.45,9.13,84.27,Debit Card,37,DRV-284,2,SAVE10
ORD-100979,2026-12-15,23:29,CUST-1364,Non-Member,Sunrise Skillet,Breakfast,Lake Oswego,Delivered,4,73.17,6.87,0.0,4.17,8.05,2.8,90.89,PayPal,57,DRV-246,4,
ORD-100980,2026-12-16,00:08,CUST-1297,Non-Member,Golden Dragon,Chinese,Portland,Delivered,5,67.82,6.57,0.0,4.4,7.46,7.74,89.59,Apple Pay,31,DRV-264,5,FREEDEL
ORD-100981,2026-12-16,10:05,CUST-1294,Non-Member,Bao Down,Chinese,Lake Oswego,Cancelled by Restaurant,5,81.64,7.19,0.0,4.68,8.98,12.39,110.2,PayPal,,DRV-256,,SAVE10
ORD-100982,2026-12-16,11:33,CUST-1329,Non-Member,Sunrise Skillet,Breakfast,Gresham,Refunded,2,30.74,7.81,0.0,5.83,3.38,7.44,49.37,Debit Card,,DRV-214,,
ORD-100983,2026-12-16,14:29,CUST-1274,Non-Member,Thai Basil Kitchen,Thai,Lake Oswego,Delivered,7,19.6,3.18,0.0,2.41,2.16,4.88,29.82,Debit Card,23,DRV-210,5,
ORD-100984,2026-12-16,19:26,CUST-1385,JET+ Member,Pancake Palace,Breakfast,Gresham,Delivered,5,69.09,7.19,7.19,4.16,7.6,12.65,89.34,Debit Card,43,DRV-255,5,SAVE10
ORD-100985,2026-12-18,14:38,CUST-1078,JET+ Member,Casa de Tacos,Mexican,Beaverton,Delivered,4,68.16,7.34,7.34,5.04,7.5,1.8,77.46,PayPal,48,DRV-285,3,SUMMER26
ORD-100986,2026-12-19,00:32,CUST-1181,Non-Member,Pitmaster's Porch,BBQ,Hillsboro,Delivered,7,53.5,3.4,0.0,2.49,5.88,12.7,75.48,Debit Card,61,DRV-272,4,NEWUSER
ORD-100987,2026-12-23,08:27,CUST-1174,Non-Member,Wok This Way,Asian Fusion,Gresham,Delivered,4,36.8,3.49,0.0,2.38,4.05,3.45,47.79,PayPal,73,DRV-217,5,NEWUSER
ORD-100988,2026-12-23,10:55,CUST-1041,JET+ Member,Olive & Vine,Mediterranean,Portland,Delivered Late,2,16.74,2.32,2.32,1.61,1.84,0.09,18.67,Credit Card,66,DRV-251,4,
ORD-100989,2026-12-24,02:01,CUST-1367,Non-Member,Lucky Panda Wok,Chinese,Gresham,Refunded,4,80.82,5.04,0.0,3.37,8.89,7.04,101.79,PayPal,,DRV-243,,SUMMER26
ORD-100990,2026-12-24,13:36,CUST-1134,Non-Member,Stars & Stripes Diner,American,Hillsboro,Delivered,7,54.32,5.75,0.0,3.67,5.98,9.23,75.28,PayPal,61,DRV-200,5,
ORD-100991,2026-12-26,08:21,CUST-1182,JET+ Member,Smoky Joe's BBQ,BBQ,Hillsboro,Delivered,2,36.59,5.63,5.63,4.02,4.02,7.59,48.2,Debit Card,19,DRV-291,1,
ORD-100992,2026-12-26,17:20,CUST-1366,Non-Member,Wok This Way,Asian Fusion,Lake Oswego,Delivered,3,83.29,3.79,0.0,2.25,9.16,4.57,100.81,Google Pay,45,DRV-287,5,
ORD-100993,2026-12-28,17:17,CUST-1247,Non-Member,Pho Saigon,Vietnamese,Gresham,Delivered,3,16.3,3.2,0.0,2.2,1.79,0.24,21.53,Debit Card,60,DRV-284,4,
ORD-100994,2026-12-28,18:51,CUST-1349,Non-Member,Casa de Tacos,Mexican,Gresham,Delivered,5,76.96,3.88,0.0,2.52,8.47,5.16,94.47,Apple Pay,52,DRV-293,5,SUMMER26
ORD-100995,2026-12-28,21:09,CUST-1000,JET+ Member,Taj Spice Kitchen,Indian,Lake Oswego,Refunded,4,50.3,3.16,3.16,2.31,5.53,12.1,67.93,PayPal,,DRV-264,,
ORD-100996,2026-12-29,03:51,CUST-1220,Non-Member,Trattoria Bella,Italian,Gresham,Cancelled by Restaurant,3,30.79,5.01,0.0,2.95,3.39,2.71,41.9,Apple Pay,,DRV-248,,NEWUSER
ORD-100997,2026-12-29,07:53,CUST-1154,Non-Member,Olive & Vine,Mediterranean,Beaverton,Delivered,1,21.62,7.17,0.0,3.94,2.38,0.3,31.47,Credit Card,38,DRV-268,4,SUMMER26
ORD-100998,2026-12-30,06:59,CUST-1330,JET+ Member,Olive & Vine,Mediterranean,Tigard,Delivered,3,54.24,2.84,2.84,2.25,5.97,12.24,72.45,Apple Pay,70,DRV-282,5,NEWUSER
ORD-100999,2026-12-31,02:26,CUST-1239,Non-Member,El Pollo Feliz,Mexican,Lake Oswego,Delivered,4,25.45,7.07,0.0,4.91,2.8,2.56,37.88,PayPal,32,DRV-243,4,